ISO-10303-21;
HEADER;
FILE_DESCRIPTION(('Open CASCADE Model'),'2;1');
FILE_NAME('Open CASCADE Shape Model','2026-08-03T13:12:05',('Author'),(
    'Open CASCADE'),'Open CASCADE STEP processor 7.9','build123d',
  'Unknown');
FILE_SCHEMA(('AUTOMOTIVE_DESIGN { 1 0 10303 214 1 1 1 1 }'));
ENDSEC;
DATA;
#1 = APPLICATION_PROTOCOL_DEFINITION('international standard',
  'automotive_design',2000,#2);
#2 = APPLICATION_CONTEXT(
  'core data for automotive mechanical design processes');
#3 = SHAPE_DEFINITION_REPRESENTATION(#4,#10);
#4 = PRODUCT_DEFINITION_SHAPE('','',#5);
#5 = PRODUCT_DEFINITION('design','',#6,#9);
#6 = PRODUCT_DEFINITION_FORMATION('','',#7);
#7 = PRODUCT('COMPOUND','COMPOUND','',(#8));
#8 = PRODUCT_CONTEXT('',#2,'mechanical');
#9 = PRODUCT_DEFINITION_CONTEXT('part definition',#2,'design');
#10 = SHAPE_REPRESENTATION('',(#11,#15,#19,#23,#27),#31);
#11 = AXIS2_PLACEMENT_3D('',#12,#13,#14);
#12 = CARTESIAN_POINT('',(0.,0.,0.));
#13 = DIRECTION('',(0.,0.,1.));
#14 = DIRECTION('',(1.,0.,-0.));
#15 = AXIS2_PLACEMENT_3D('',#16,#17,#18);
#16 = CARTESIAN_POINT('',(0.,0.,0.));
#17 = DIRECTION('',(0.,0.,1.));
#18 = DIRECTION('',(1.,0.,-0.));
#19 = AXIS2_PLACEMENT_3D('',#20,#21,#22);
#20 = CARTESIAN_POINT('',(0.,0.,0.));
#21 = DIRECTION('',(0.,0.,1.));
#22 = DIRECTION('',(1.,0.,-0.));
#23 = AXIS2_PLACEMENT_3D('',#24,#25,#26);
#24 = CARTESIAN_POINT('',(0.,0.,0.));
#25 = DIRECTION('',(0.,0.,1.));
#26 = DIRECTION('',(1.,0.,-0.));
#27 = AXIS2_PLACEMENT_3D('',#28,#29,#30);
#28 = CARTESIAN_POINT('',(0.,0.,0.));
#29 = DIRECTION('',(0.,0.,1.));
#30 = DIRECTION('',(1.,0.,-0.));
#31 = ( GEOMETRIC_REPRESENTATION_CONTEXT(3) 
GLOBAL_UNCERTAINTY_ASSIGNED_CONTEXT((#35)) GLOBAL_UNIT_ASSIGNED_CONTEXT(
(#32,#33,#34)) REPRESENTATION_CONTEXT('Context #1',
  '3D Context with UNIT and UNCERTAINTY') );
#32 = ( LENGTH_UNIT() NAMED_UNIT(*) SI_UNIT(.MILLI.,.METRE.) );
#33 = ( NAMED_UNIT(*) PLANE_ANGLE_UNIT() SI_UNIT($,.RADIAN.) );
#34 = ( NAMED_UNIT(*) SI_UNIT($,.STERADIAN.) SOLID_ANGLE_UNIT() );
#35 = UNCERTAINTY_MEASURE_WITH_UNIT(LENGTH_MEASURE(1.E-06),#32,
  'distance_accuracy_value','confusion accuracy');
#36 = PRODUCT_RELATED_PRODUCT_CATEGORY('part',$,(#7));
#37 = SHAPE_DEFINITION_REPRESENTATION(#38,#44);
#38 = PRODUCT_DEFINITION_SHAPE('','',#39);
#39 = PRODUCT_DEFINITION('design','',#40,#43);
#40 = PRODUCT_DEFINITION_FORMATION('','',#41);
#41 = PRODUCT('front_frame','front_frame','',(#42));
#42 = PRODUCT_CONTEXT('',#2,'mechanical');
#43 = PRODUCT_DEFINITION_CONTEXT('part definition',#2,'design');
#44 = SHAPE_REPRESENTATION('',(#11,#45),#49);
#45 = AXIS2_PLACEMENT_3D('',#46,#47,#48);
#46 = CARTESIAN_POINT('',(0.,0.,0.));
#47 = DIRECTION('',(0.,0.,1.));
#48 = DIRECTION('',(1.,0.,-0.));
#49 = ( GEOMETRIC_REPRESENTATION_CONTEXT(3) 
GLOBAL_UNCERTAINTY_ASSIGNED_CONTEXT((#53)) GLOBAL_UNIT_ASSIGNED_CONTEXT(
(#50,#51,#52)) REPRESENTATION_CONTEXT('Context #1',
  '3D Context with UNIT and UNCERTAINTY') );
#50 = ( LENGTH_UNIT() NAMED_UNIT(*) SI_UNIT(.MILLI.,.METRE.) );
#51 = ( NAMED_UNIT(*) PLANE_ANGLE_UNIT() SI_UNIT($,.RADIAN.) );
#52 = ( NAMED_UNIT(*) SI_UNIT($,.STERADIAN.) SOLID_ANGLE_UNIT() );
#53 = UNCERTAINTY_MEASURE_WITH_UNIT(LENGTH_MEASURE(5.E-06),#50,
  'distance_accuracy_value','confusion accuracy');
#54 = CONTEXT_DEPENDENT_SHAPE_REPRESENTATION(#55,#57);
#55 = ( REPRESENTATION_RELATIONSHIP('','',#44,#10) 
REPRESENTATION_RELATIONSHIP_WITH_TRANSFORMATION(#56) 
SHAPE_REPRESENTATION_RELATIONSHIP() );
#56 = ITEM_DEFINED_TRANSFORMATION('','',#11,#15);
#57 = PRODUCT_DEFINITION_SHAPE('Placement','Placement of an item',#58);
#58 = NEXT_ASSEMBLY_USAGE_OCCURRENCE('2','front_frame','',#5,#39,$);
#59 = PRODUCT_RELATED_PRODUCT_CATEGORY('part',$,(#41));
#60 = SHAPE_DEFINITION_REPRESENTATION(#61,#67);
#61 = PRODUCT_DEFINITION_SHAPE('','',#62);
#62 = PRODUCT_DEFINITION('design','',#63,#66);
#63 = PRODUCT_DEFINITION_FORMATION('','',#64);
#64 = PRODUCT('COMPOUND','COMPOUND','',(#65));
#65 = PRODUCT_CONTEXT('',#2,'mechanical');
#66 = PRODUCT_DEFINITION_CONTEXT('part definition',#2,'design');
#67 = ADVANCED_BREP_SHAPE_REPRESENTATION('',(#11,#68),#6737);
#68 = MANIFOLD_SOLID_BREP('',#69);
#69 = CLOSED_SHELL('',(#70,#190,#273,#350,#727,#777,#834,#1372,#1662,
    #1687,#2160,#2210,#2259,#2287,#2387,#2436,#2485,#2534,#2583,#2630,
    #2698,#2723,#2770,#2817,#2864,#2909,#2934,#3003,#3050,#3097,#3122,
    #3191,#3238,#3285,#3310,#3379,#3426,#3473,#3498,#3523,#3548,#3573,
    #3580,#3656,#3710,#3764,#3796,#3870,#3917,#3964,#3989,#4058,#4105,
    #4152,#4177,#4246,#4293,#4340,#4365,#4434,#4481,#4528,#4553,#5170,
    #5272,#5342,#5390,#5438,#5464,#5559,#5724,#5751,#5798,#5847,#5971,
    #6018,#6068,#6095,#6150,#6205,#6260,#6315,#6370,#6425,#6480,#6535,
    #6590,#6607,#6635,#6640,#6697,#6701,#6705,#6709,#6713,#6717,#6721,
    #6725,#6729,#6733));
#70 = ADVANCED_FACE('',(#71),#85,.F.);
#71 = FACE_BOUND('',#72,.F.);
#72 = EDGE_LOOP('',(#73,#108,#136,#164));
#73 = ORIENTED_EDGE('',*,*,#74,.F.);
#74 = EDGE_CURVE('',#75,#77,#79,.T.);
#75 = VERTEX_POINT('',#76);
#76 = CARTESIAN_POINT('',(-156.,-118.2,1.));
#77 = VERTEX_POINT('',#78);
#78 = CARTESIAN_POINT('',(-156.,-118.2,44.6));
#79 = SURFACE_CURVE('',#80,(#84,#96),.PCURVE_S1.);
#80 = LINE('',#81,#82);
#81 = CARTESIAN_POINT('',(-156.,-118.2,0.));
#82 = VECTOR('',#83,1.);
#83 = DIRECTION('',(0.,0.,1.));
#84 = PCURVE('',#85,#90);
#85 = PLANE('',#86);
#86 = AXIS2_PLACEMENT_3D('',#87,#88,#89);
#87 = CARTESIAN_POINT('',(-156.,-121.2,0.));
#88 = DIRECTION('',(1.,0.,-0.));
#89 = DIRECTION('',(0.,0.,1.));
#90 = DEFINITIONAL_REPRESENTATION('',(#91),#95);
#91 = LINE('',#92,#93);
#92 = CARTESIAN_POINT('',(0.,-3.));
#93 = VECTOR('',#94,1.);
#94 = DIRECTION('',(1.,0.));
#95 = ( GEOMETRIC_REPRESENTATION_CONTEXT(2) 
PARAMETRIC_REPRESENTATION_CONTEXT() REPRESENTATION_CONTEXT('2D SPACE',''
  ) );
#96 = PCURVE('',#97,#102);
#97 = CYLINDRICAL_SURFACE('',#98,3.);
#98 = AXIS2_PLACEMENT_3D('',#99,#100,#101);
#99 = CARTESIAN_POINT('',(-153.,-118.2,0.));
#100 = DIRECTION('',(0.,0.,1.));
#101 = DIRECTION('',(-1.,-0.,0.));
#102 = DEFINITIONAL_REPRESENTATION('',(#103),#107);
#103 = LINE('',#104,#105);
#104 = CARTESIAN_POINT('',(0.,0.));
#105 = VECTOR('',#106,1.);
#106 = DIRECTION('',(0.,1.));
#107 = ( GEOMETRIC_REPRESENTATION_CONTEXT(2) 
PARAMETRIC_REPRESENTATION_CONTEXT() REPRESENTATION_CONTEXT('2D SPACE',''
  ) );
#108 = ORIENTED_EDGE('',*,*,#109,.T.);
#109 = EDGE_CURVE('',#75,#110,#112,.T.);
#110 = VERTEX_POINT('',#111);
#111 = CARTESIAN_POINT('',(-156.,118.2,1.));
#112 = SURFACE_CURVE('',#113,(#117,#124),.PCURVE_S1.);
#113 = LINE('',#114,#115);
#114 = CARTESIAN_POINT('',(-156.,-118.2,1.));
#115 = VECTOR('',#116,1.);
#116 = DIRECTION('',(-0.,1.,0.));
#117 = PCURVE('',#85,#118);
#118 = DEFINITIONAL_REPRESENTATION('',(#119),#123);
#119 = LINE('',#120,#121);
#120 = CARTESIAN_POINT('',(1.,-3.));
#121 = VECTOR('',#122,1.);
#122 = DIRECTION('',(0.,-1.));
#123 = ( GEOMETRIC_REPRESENTATION_CONTEXT(2) 
PARAMETRIC_REPRESENTATION_CONTEXT() REPRESENTATION_CONTEXT('2D SPACE',''
  ) );
#124 = PCURVE('',#125,#130);
#125 = PLANE('',#126);
#126 = AXIS2_PLACEMENT_3D('',#127,#128,#129);
#127 = CARTESIAN_POINT('',(-155.5,-118.2,0.5));
#128 = DIRECTION('',(-0.707106781187,4.915631806973E-18,-0.707106781187)
  );
#129 = DIRECTION('',(3.475876584527E-18,1.,3.475876584527E-18));
#130 = DEFINITIONAL_REPRESENTATION('',(#131),#135);
#131 = LINE('',#132,#133);
#132 = CARTESIAN_POINT('',(0.,-0.707106781187));
#133 = VECTOR('',#134,1.);
#134 = DIRECTION('',(1.,0.));
#135 = ( GEOMETRIC_REPRESENTATION_CONTEXT(2) 
PARAMETRIC_REPRESENTATION_CONTEXT() REPRESENTATION_CONTEXT('2D SPACE',''
  ) );
#136 = ORIENTED_EDGE('',*,*,#137,.T.);
#137 = EDGE_CURVE('',#110,#138,#140,.T.);
#138 = VERTEX_POINT('',#139);
#139 = CARTESIAN_POINT('',(-156.,118.2,44.6));
#140 = SURFACE_CURVE('',#141,(#145,#152),.PCURVE_S1.);
#141 = LINE('',#142,#143);
#142 = CARTESIAN_POINT('',(-156.,118.2,0.));
#143 = VECTOR('',#144,1.);
#144 = DIRECTION('',(0.,0.,1.));
#145 = PCURVE('',#85,#146);
#146 = DEFINITIONAL_REPRESENTATION('',(#147),#151);
#147 = LINE('',#148,#149);
#148 = CARTESIAN_POINT('',(0.,-239.4));
#149 = VECTOR('',#150,1.);
#150 = DIRECTION('',(1.,0.));
#151 = ( GEOMETRIC_REPRESENTATION_CONTEXT(2) 
PARAMETRIC_REPRESENTATION_CONTEXT() REPRESENTATION_CONTEXT('2D SPACE',''
  ) );
#152 = PCURVE('',#153,#158);
#153 = CYLINDRICAL_SURFACE('',#154,3.);
#154 = AXIS2_PLACEMENT_3D('',#155,#156,#157);
#155 = CARTESIAN_POINT('',(-153.,118.2,0.));
#156 = DIRECTION('',(0.,0.,1.));
#157 = DIRECTION('',(-1.,-0.,0.));
#158 = DEFINITIONAL_REPRESENTATION('',(#159),#163);
#159 = LINE('',#160,#161);
#160 = CARTESIAN_POINT('',(-0.,0.));
#161 = VECTOR('',#162,1.);
#162 = DIRECTION('',(-0.,1.));
#163 = ( GEOMETRIC_REPRESENTATION_CONTEXT(2) 
PARAMETRIC_REPRESENTATION_CONTEXT() REPRESENTATION_CONTEXT('2D SPACE',''
  ) );
#164 = ORIENTED_EDGE('',*,*,#165,.F.);
#165 = EDGE_CURVE('',#77,#138,#166,.T.);
#166 = SURFACE_CURVE('',#167,(#171,#178),.PCURVE_S1.);
#167 = LINE('',#168,#169);
#168 = CARTESIAN_POINT('',(-156.,-121.2,44.6));
#169 = VECTOR('',#170,1.);
#170 = DIRECTION('',(-0.,1.,0.));
#171 = PCURVE('',#85,#172);
#172 = DEFINITIONAL_REPRESENTATION('',(#173),#177);
#173 = LINE('',#174,#175);
#174 = CARTESIAN_POINT('',(44.6,0.));
#175 = VECTOR('',#176,1.);
#176 = DIRECTION('',(0.,-1.));
#177 = ( GEOMETRIC_REPRESENTATION_CONTEXT(2) 
PARAMETRIC_REPRESENTATION_CONTEXT() REPRESENTATION_CONTEXT('2D SPACE',''
  ) );
#178 = PCURVE('',#179,#184);
#179 = PLANE('',#180);
#180 = AXIS2_PLACEMENT_3D('',#181,#182,#183);
#181 = CARTESIAN_POINT('',(-156.,-121.2,44.6));
#182 = DIRECTION('',(0.,0.,1.));
#183 = DIRECTION('',(1.,0.,-0.));
#184 = DEFINITIONAL_REPRESENTATION('',(#185),#189);
#185 = LINE('',#186,#187);
#186 = CARTESIAN_POINT('',(0.,0.));
#187 = VECTOR('',#188,1.);
#188 = DIRECTION('',(0.,1.));
#189 = ( GEOMETRIC_REPRESENTATION_CONTEXT(2) 
PARAMETRIC_REPRESENTATION_CONTEXT() REPRESENTATION_CONTEXT('2D SPACE',''
  ) );
#190 = ADVANCED_FACE('',(#191),#97,.T.);
#191 = FACE_BOUND('',#192,.T.);
#192 = EDGE_LOOP('',(#193,#194,#223,#251));
#193 = ORIENTED_EDGE('',*,*,#74,.F.);
#194 = ORIENTED_EDGE('',*,*,#195,.F.);
#195 = EDGE_CURVE('',#196,#75,#198,.T.);
#196 = VERTEX_POINT('',#197);
#197 = CARTESIAN_POINT('',(-153.,-121.2,1.));
#198 = SURFACE_CURVE('',#199,(#204,#211),.PCURVE_S1.);
#199 = CIRCLE('',#200,3.);
#200 = AXIS2_PLACEMENT_3D('',#201,#202,#203);
#201 = CARTESIAN_POINT('',(-153.,-118.2,1.));
#202 = DIRECTION('',(-0.,-0.,-1.));
#203 = DIRECTION('',(0.,-1.,0.));
#204 = PCURVE('',#97,#205);
#205 = DEFINITIONAL_REPRESENTATION('',(#206),#210);
#206 = LINE('',#207,#208);
#207 = CARTESIAN_POINT('',(1.570796326795,1.));
#208 = VECTOR('',#209,1.);
#209 = DIRECTION('',(-1.,-0.));
#210 = ( GEOMETRIC_REPRESENTATION_CONTEXT(2) 
PARAMETRIC_REPRESENTATION_CONTEXT() REPRESENTATION_CONTEXT('2D SPACE',''
  ) );
#211 = PCURVE('',#212,#217);
#212 = CONICAL_SURFACE('',#213,3.,0.785398163397);
#213 = AXIS2_PLACEMENT_3D('',#214,#215,#216);
#214 = CARTESIAN_POINT('',(-153.,-118.2,1.));
#215 = DIRECTION('',(0.,0.,1.));
#216 = DIRECTION('',(0.,-1.,0.));
#217 = DEFINITIONAL_REPRESENTATION('',(#218),#222);
#218 = LINE('',#219,#220);
#219 = CARTESIAN_POINT('',(-0.,-0.));
#220 = VECTOR('',#221,1.);
#221 = DIRECTION('',(-1.,-0.));
#222 = ( GEOMETRIC_REPRESENTATION_CONTEXT(2) 
PARAMETRIC_REPRESENTATION_CONTEXT() REPRESENTATION_CONTEXT('2D SPACE',''
  ) );
#223 = ORIENTED_EDGE('',*,*,#224,.T.);
#224 = EDGE_CURVE('',#196,#225,#227,.T.);
#225 = VERTEX_POINT('',#226);
#226 = CARTESIAN_POINT('',(-153.,-121.2,44.6));
#227 = SURFACE_CURVE('',#228,(#232,#239),.PCURVE_S1.);
#228 = LINE('',#229,#230);
#229 = CARTESIAN_POINT('',(-153.,-121.2,0.));
#230 = VECTOR('',#231,1.);
#231 = DIRECTION('',(0.,0.,1.));
#232 = PCURVE('',#97,#233);
#233 = DEFINITIONAL_REPRESENTATION('',(#234),#238);
#234 = LINE('',#235,#236);
#235 = CARTESIAN_POINT('',(1.570796326795,0.));
#236 = VECTOR('',#237,1.);
#237 = DIRECTION('',(0.,1.));
#238 = ( GEOMETRIC_REPRESENTATION_CONTEXT(2) 
PARAMETRIC_REPRESENTATION_CONTEXT() REPRESENTATION_CONTEXT('2D SPACE',''
  ) );
#239 = PCURVE('',#240,#245);
#240 = PLANE('',#241);
#241 = AXIS2_PLACEMENT_3D('',#242,#243,#244);
#242 = CARTESIAN_POINT('',(-156.,-121.2,0.));
#243 = DIRECTION('',(-0.,1.,0.));
#244 = DIRECTION('',(0.,0.,1.));
#245 = DEFINITIONAL_REPRESENTATION('',(#246),#250);
#246 = LINE('',#247,#248);
#247 = CARTESIAN_POINT('',(0.,3.));
#248 = VECTOR('',#249,1.);
#249 = DIRECTION('',(1.,0.));
#250 = ( GEOMETRIC_REPRESENTATION_CONTEXT(2) 
PARAMETRIC_REPRESENTATION_CONTEXT() REPRESENTATION_CONTEXT('2D SPACE',''
  ) );
#251 = ORIENTED_EDGE('',*,*,#252,.F.);
#252 = EDGE_CURVE('',#77,#225,#253,.T.);
#253 = SURFACE_CURVE('',#254,(#259,#266),.PCURVE_S1.);
#254 = CIRCLE('',#255,3.);
#255 = AXIS2_PLACEMENT_3D('',#256,#257,#258);
#256 = CARTESIAN_POINT('',(-153.,-118.2,44.6));
#257 = DIRECTION('',(0.,0.,1.));
#258 = DIRECTION('',(0.,-1.,0.));
#259 = PCURVE('',#97,#260);
#260 = DEFINITIONAL_REPRESENTATION('',(#261),#265);
#261 = LINE('',#262,#263);
#262 = CARTESIAN_POINT('',(-4.712388980385,44.6));
#263 = VECTOR('',#264,1.);
#264 = DIRECTION('',(1.,0.));
#265 = ( GEOMETRIC_REPRESENTATION_CONTEXT(2) 
PARAMETRIC_REPRESENTATION_CONTEXT() REPRESENTATION_CONTEXT('2D SPACE',''
  ) );
#266 = PCURVE('',#179,#267);
#267 = DEFINITIONAL_REPRESENTATION('',(#268),#272);
#268 = CIRCLE('',#269,3.);
#269 = AXIS2_PLACEMENT_2D('',#270,#271);
#270 = CARTESIAN_POINT('',(3.,3.));
#271 = DIRECTION('',(0.,-1.));
#272 = ( GEOMETRIC_REPRESENTATION_CONTEXT(2) 
PARAMETRIC_REPRESENTATION_CONTEXT() REPRESENTATION_CONTEXT('2D SPACE',''
  ) );
#273 = ADVANCED_FACE('',(#274),#125,.T.);
#274 = FACE_BOUND('',#275,.T.);
#275 = EDGE_LOOP('',(#276,#297,#298,#324));
#276 = ORIENTED_EDGE('',*,*,#277,.F.);
#277 = EDGE_CURVE('',#75,#278,#280,.T.);
#278 = VERTEX_POINT('',#279);
#279 = CARTESIAN_POINT('',(-155.,-118.2,-4.107825191113E-15));
#280 = SURFACE_CURVE('',#281,(#285,#291),.PCURVE_S1.);
#281 = LINE('',#282,#283);
#282 = CARTESIAN_POINT('',(-155.5,-118.2,0.5));
#283 = VECTOR('',#284,1.);
#284 = DIRECTION('',(0.707106781187,2.633238874993E-35,-0.707106781187)
  );
#285 = PCURVE('',#125,#286);
#286 = DEFINITIONAL_REPRESENTATION('',(#287),#290);
#287 = B_SPLINE_CURVE_WITH_KNOTS('',1,(#288,#289),.UNSPECIFIED.,.F.,.F.,
  (2,2),(-0.707106781187,0.707106781187),.PIECEWISE_BEZIER_KNOTS.);
#288 = CARTESIAN_POINT('',(0.,-0.707106781187));
#289 = CARTESIAN_POINT('',(0.,0.707106781187));
#290 = ( GEOMETRIC_REPRESENTATION_CONTEXT(2) 
PARAMETRIC_REPRESENTATION_CONTEXT() REPRESENTATION_CONTEXT('2D SPACE',''
  ) );
#291 = PCURVE('',#212,#292);
#292 = DEFINITIONAL_REPRESENTATION('',(#293),#296);
#293 = B_SPLINE_CURVE_WITH_KNOTS('',1,(#294,#295),.UNSPECIFIED.,.F.,.F.,
  (2,2),(-0.707106781187,0.707106781187),.PIECEWISE_BEZIER_KNOTS.);
#294 = CARTESIAN_POINT('',(-1.570796326795,0.));
#295 = CARTESIAN_POINT('',(-1.570796326795,-1.));
#296 = ( GEOMETRIC_REPRESENTATION_CONTEXT(2) 
PARAMETRIC_REPRESENTATION_CONTEXT() REPRESENTATION_CONTEXT('2D SPACE',''
  ) );
#297 = ORIENTED_EDGE('',*,*,#109,.T.);
#298 = ORIENTED_EDGE('',*,*,#299,.T.);
#299 = EDGE_CURVE('',#110,#300,#302,.T.);
#300 = VERTEX_POINT('',#301);
#301 = CARTESIAN_POINT('',(-155.,118.2,-3.330669073875E-15));
#302 = SURFACE_CURVE('',#303,(#307,#313),.PCURVE_S1.);
#303 = LINE('',#304,#305);
#304 = CARTESIAN_POINT('',(-155.5,118.2,0.5));
#305 = VECTOR('',#306,1.);
#306 = DIRECTION('',(0.707106781187,2.633238874993E-35,-0.707106781187)
  );
#307 = PCURVE('',#125,#308);
#308 = DEFINITIONAL_REPRESENTATION('',(#309),#312);
#309 = B_SPLINE_CURVE_WITH_KNOTS('',1,(#310,#311),.UNSPECIFIED.,.F.,.F.,
  (2,2),(-0.707106781187,0.707106781187),.PIECEWISE_BEZIER_KNOTS.);
#310 = CARTESIAN_POINT('',(236.4,-0.707106781187));
#311 = CARTESIAN_POINT('',(236.4,0.707106781187));
#312 = ( GEOMETRIC_REPRESENTATION_CONTEXT(2) 
PARAMETRIC_REPRESENTATION_CONTEXT() REPRESENTATION_CONTEXT('2D SPACE',''
  ) );
#313 = PCURVE('',#314,#319);
#314 = CONICAL_SURFACE('',#315,3.,0.785398163397);
#315 = AXIS2_PLACEMENT_3D('',#316,#317,#318);
#316 = CARTESIAN_POINT('',(-153.,118.2,1.));
#317 = DIRECTION('',(0.,0.,1.));
#318 = DIRECTION('',(-1.,0.,0.));
#319 = DEFINITIONAL_REPRESENTATION('',(#320),#323);
#320 = B_SPLINE_CURVE_WITH_KNOTS('',1,(#321,#322),.UNSPECIFIED.,.F.,.F.,
  (2,2),(-0.707106781187,0.707106781187),.PIECEWISE_BEZIER_KNOTS.);
#321 = CARTESIAN_POINT('',(0.,0.));
#322 = CARTESIAN_POINT('',(0.,-1.));
#323 = ( GEOMETRIC_REPRESENTATION_CONTEXT(2) 
PARAMETRIC_REPRESENTATION_CONTEXT() REPRESENTATION_CONTEXT('2D SPACE',''
  ) );
#324 = ORIENTED_EDGE('',*,*,#325,.F.);
#325 = EDGE_CURVE('',#278,#300,#326,.T.);
#326 = SURFACE_CURVE('',#327,(#331,#338),.PCURVE_S1.);
#327 = LINE('',#328,#329);
#328 = CARTESIAN_POINT('',(-155.,-118.2,0.));
#329 = VECTOR('',#330,1.);
#330 = DIRECTION('',(-0.,1.,0.));
#331 = PCURVE('',#125,#332);
#332 = DEFINITIONAL_REPRESENTATION('',(#333),#337);
#333 = LINE('',#334,#335);
#334 = CARTESIAN_POINT('',(0.,0.707106781187));
#335 = VECTOR('',#336,1.);
#336 = DIRECTION('',(1.,0.));
#337 = ( GEOMETRIC_REPRESENTATION_CONTEXT(2) 
PARAMETRIC_REPRESENTATION_CONTEXT() REPRESENTATION_CONTEXT('2D SPACE',''
  ) );
#338 = PCURVE('',#339,#344);
#339 = PLANE('',#340);
#340 = AXIS2_PLACEMENT_3D('',#341,#342,#343);
#341 = CARTESIAN_POINT('',(-156.,-121.2,0.));
#342 = DIRECTION('',(0.,0.,1.));
#343 = DIRECTION('',(1.,0.,-0.));
#344 = DEFINITIONAL_REPRESENTATION('',(#345),#349);
#345 = LINE('',#346,#347);
#346 = CARTESIAN_POINT('',(1.,3.));
#347 = VECTOR('',#348,1.);
#348 = DIRECTION('',(0.,1.));
#349 = ( GEOMETRIC_REPRESENTATION_CONTEXT(2) 
PARAMETRIC_REPRESENTATION_CONTEXT() REPRESENTATION_CONTEXT('2D SPACE',''
  ) );
#350 = ADVANCED_FACE('',(#351),#179,.T.);
#351 = FACE_BOUND('',#352,.T.);
#352 = EDGE_LOOP('',(#353,#354,#355,#378,#404,#430,#456,#482,#508,#534,
    #560,#583,#616,#644,#673,#701));
#353 = ORIENTED_EDGE('',*,*,#165,.F.);
#354 = ORIENTED_EDGE('',*,*,#252,.T.);
#355 = ORIENTED_EDGE('',*,*,#356,.T.);
#356 = EDGE_CURVE('',#225,#357,#359,.T.);
#357 = VERTEX_POINT('',#358);
#358 = CARTESIAN_POINT('',(-22.,-121.2,44.6));
#359 = SURFACE_CURVE('',#360,(#364,#371),.PCURVE_S1.);
#360 = LINE('',#361,#362);
#361 = CARTESIAN_POINT('',(-156.,-121.2,44.6));
#362 = VECTOR('',#363,1.);
#363 = DIRECTION('',(1.,0.,-0.));
#364 = PCURVE('',#179,#365);
#365 = DEFINITIONAL_REPRESENTATION('',(#366),#370);
#366 = LINE('',#367,#368);
#367 = CARTESIAN_POINT('',(0.,0.));
#368 = VECTOR('',#369,1.);
#369 = DIRECTION('',(1.,0.));
#370 = ( GEOMETRIC_REPRESENTATION_CONTEXT(2) 
PARAMETRIC_REPRESENTATION_CONTEXT() REPRESENTATION_CONTEXT('2D SPACE',''
  ) );
#371 = PCURVE('',#240,#372);
#372 = DEFINITIONAL_REPRESENTATION('',(#373),#377);
#373 = LINE('',#374,#375);
#374 = CARTESIAN_POINT('',(44.6,0.));
#375 = VECTOR('',#376,1.);
#376 = DIRECTION('',(0.,1.));
#377 = ( GEOMETRIC_REPRESENTATION_CONTEXT(2) 
PARAMETRIC_REPRESENTATION_CONTEXT() REPRESENTATION_CONTEXT('2D SPACE',''
  ) );
#378 = ORIENTED_EDGE('',*,*,#379,.T.);
#379 = EDGE_CURVE('',#357,#380,#382,.T.);
#380 = VERTEX_POINT('',#381);
#381 = CARTESIAN_POINT('',(-22.,-118.7,44.6));
#382 = SURFACE_CURVE('',#383,(#387,#393),.PCURVE_S1.);
#383 = LINE('',#384,#385);
#384 = CARTESIAN_POINT('',(-22.,-124.7,44.6));
#385 = VECTOR('',#386,1.);
#386 = DIRECTION('',(-0.,1.,0.));
#387 = PCURVE('',#179,#388);
#388 = DEFINITIONAL_REPRESENTATION('',(#389),#392);
#389 = B_SPLINE_CURVE_WITH_KNOTS('',1,(#390,#391),.UNSPECIFIED.,.F.,.F.,
  (2,2),(3.5,26.5),.PIECEWISE_BEZIER_KNOTS.);
#390 = CARTESIAN_POINT('',(134.,0.));
#391 = CARTESIAN_POINT('',(134.,23.));
#392 = ( GEOMETRIC_REPRESENTATION_CONTEXT(2) 
PARAMETRIC_REPRESENTATION_CONTEXT() REPRESENTATION_CONTEXT('2D SPACE',''
  ) );
#393 = PCURVE('',#394,#399);
#394 = PLANE('',#395);
#395 = AXIS2_PLACEMENT_3D('',#396,#397,#398);
#396 = CARTESIAN_POINT('',(-22.,-128.2,33.6));
#397 = DIRECTION('',(1.,0.,-0.));
#398 = DIRECTION('',(0.,0.,1.));
#399 = DEFINITIONAL_REPRESENTATION('',(#400),#403);
#400 = B_SPLINE_CURVE_WITH_KNOTS('',1,(#401,#402),.UNSPECIFIED.,.F.,.F.,
  (2,2),(3.5,26.5),.PIECEWISE_BEZIER_KNOTS.);
#401 = CARTESIAN_POINT('',(11.,-7.));
#402 = CARTESIAN_POINT('',(11.,-30.));
#403 = ( GEOMETRIC_REPRESENTATION_CONTEXT(2) 
PARAMETRIC_REPRESENTATION_CONTEXT() REPRESENTATION_CONTEXT('2D SPACE',''
  ) );
#404 = ORIENTED_EDGE('',*,*,#405,.T.);
#405 = EDGE_CURVE('',#380,#406,#408,.T.);
#406 = VERTEX_POINT('',#407);
#407 = CARTESIAN_POINT('',(-153.5,-118.7,44.6));
#408 = SURFACE_CURVE('',#409,(#413,#419),.PCURVE_S1.);
#409 = LINE('',#410,#411);
#410 = CARTESIAN_POINT('',(-154.75,-118.7,44.6));
#411 = VECTOR('',#412,1.);
#412 = DIRECTION('',(-1.,-0.,0.));
#413 = PCURVE('',#179,#414);
#414 = DEFINITIONAL_REPRESENTATION('',(#415),#418);
#415 = B_SPLINE_CURVE_WITH_KNOTS('',1,(#416,#417),.UNSPECIFIED.,.F.,.F.,
  (2,2),(-308.25,-1.25),.PIECEWISE_BEZIER_KNOTS.);
#416 = CARTESIAN_POINT('',(309.5,2.5));
#417 = CARTESIAN_POINT('',(2.5,2.5));
#418 = ( GEOMETRIC_REPRESENTATION_CONTEXT(2) 
PARAMETRIC_REPRESENTATION_CONTEXT() REPRESENTATION_CONTEXT('2D SPACE',''
  ) );
#419 = PCURVE('',#420,#425);
#420 = PLANE('',#421);
#421 = AXIS2_PLACEMENT_3D('',#422,#423,#424);
#422 = CARTESIAN_POINT('',(-153.5,-118.7,42.));
#423 = DIRECTION('',(-0.,1.,0.));
#424 = DIRECTION('',(0.,0.,1.));
#425 = DEFINITIONAL_REPRESENTATION('',(#426),#429);
#426 = B_SPLINE_CURVE_WITH_KNOTS('',1,(#427,#428),.UNSPECIFIED.,.F.,.F.,
  (2,2),(-308.25,-1.25),.PIECEWISE_BEZIER_KNOTS.);
#427 = CARTESIAN_POINT('',(2.6,307.));
#428 = CARTESIAN_POINT('',(2.6,0.));
#429 = ( GEOMETRIC_REPRESENTATION_CONTEXT(2) 
PARAMETRIC_REPRESENTATION_CONTEXT() REPRESENTATION_CONTEXT('2D SPACE',''
  ) );
#430 = ORIENTED_EDGE('',*,*,#431,.T.);
#431 = EDGE_CURVE('',#406,#432,#434,.T.);
#432 = VERTEX_POINT('',#433);
#433 = CARTESIAN_POINT('',(-153.5,118.7,44.6));
#434 = SURFACE_CURVE('',#435,(#439,#445),.PCURVE_S1.);
#435 = LINE('',#436,#437);
#436 = CARTESIAN_POINT('',(-153.5,-119.95,44.6));
#437 = VECTOR('',#438,1.);
#438 = DIRECTION('',(-0.,1.,0.));
#439 = PCURVE('',#179,#440);
#440 = DEFINITIONAL_REPRESENTATION('',(#441),#444);
#441 = B_SPLINE_CURVE_WITH_KNOTS('',1,(#442,#443),.UNSPECIFIED.,.F.,.F.,
  (2,2),(1.25,238.65),.PIECEWISE_BEZIER_KNOTS.);
#442 = CARTESIAN_POINT('',(2.5,2.5));
#443 = CARTESIAN_POINT('',(2.5,239.9));
#444 = ( GEOMETRIC_REPRESENTATION_CONTEXT(2) 
PARAMETRIC_REPRESENTATION_CONTEXT() REPRESENTATION_CONTEXT('2D SPACE',''
  ) );
#445 = PCURVE('',#446,#451);
#446 = PLANE('',#447);
#447 = AXIS2_PLACEMENT_3D('',#448,#449,#450);
#448 = CARTESIAN_POINT('',(-153.5,-118.7,42.));
#449 = DIRECTION('',(1.,0.,-0.));
#450 = DIRECTION('',(0.,0.,1.));
#451 = DEFINITIONAL_REPRESENTATION('',(#452),#455);
#452 = B_SPLINE_CURVE_WITH_KNOTS('',1,(#453,#454),.UNSPECIFIED.,.F.,.F.,
  (2,2),(1.25,238.65),.PIECEWISE_BEZIER_KNOTS.);
#453 = CARTESIAN_POINT('',(2.6,0.));
#454 = CARTESIAN_POINT('',(2.6,-237.4));
#455 = ( GEOMETRIC_REPRESENTATION_CONTEXT(2) 
PARAMETRIC_REPRESENTATION_CONTEXT() REPRESENTATION_CONTEXT('2D SPACE',''
  ) );
#456 = ORIENTED_EDGE('',*,*,#457,.F.);
#457 = EDGE_CURVE('',#458,#432,#460,.T.);
#458 = VERTEX_POINT('',#459);
#459 = CARTESIAN_POINT('',(153.5,118.7,44.6));
#460 = SURFACE_CURVE('',#461,(#465,#471),.PCURVE_S1.);
#461 = LINE('',#462,#463);
#462 = CARTESIAN_POINT('',(-154.75,118.7,44.6));
#463 = VECTOR('',#464,1.);
#464 = DIRECTION('',(-1.,-0.,0.));
#465 = PCURVE('',#179,#466);
#466 = DEFINITIONAL_REPRESENTATION('',(#467),#470);
#467 = B_SPLINE_CURVE_WITH_KNOTS('',1,(#468,#469),.UNSPECIFIED.,.F.,.F.,
  (2,2),(-308.25,-1.25),.PIECEWISE_BEZIER_KNOTS.);
#468 = CARTESIAN_POINT('',(309.5,239.9));
#469 = CARTESIAN_POINT('',(2.5,239.9));
#470 = ( GEOMETRIC_REPRESENTATION_CONTEXT(2) 
PARAMETRIC_REPRESENTATION_CONTEXT() REPRESENTATION_CONTEXT('2D SPACE',''
  ) );
#471 = PCURVE('',#472,#477);
#472 = PLANE('',#473);
#473 = AXIS2_PLACEMENT_3D('',#474,#475,#476);
#474 = CARTESIAN_POINT('',(-153.5,118.7,42.));
#475 = DIRECTION('',(-0.,1.,0.));
#476 = DIRECTION('',(0.,0.,1.));
#477 = DEFINITIONAL_REPRESENTATION('',(#478),#481);
#478 = B_SPLINE_CURVE_WITH_KNOTS('',1,(#479,#480),.UNSPECIFIED.,.F.,.F.,
  (2,2),(-308.25,-1.25),.PIECEWISE_BEZIER_KNOTS.);
#479 = CARTESIAN_POINT('',(2.6,307.));
#480 = CARTESIAN_POINT('',(2.6,0.));
#481 = ( GEOMETRIC_REPRESENTATION_CONTEXT(2) 
PARAMETRIC_REPRESENTATION_CONTEXT() REPRESENTATION_CONTEXT('2D SPACE',''
  ) );
#482 = ORIENTED_EDGE('',*,*,#483,.F.);
#483 = EDGE_CURVE('',#484,#458,#486,.T.);
#484 = VERTEX_POINT('',#485);
#485 = CARTESIAN_POINT('',(153.5,-118.7,44.6));
#486 = SURFACE_CURVE('',#487,(#491,#497),.PCURVE_S1.);
#487 = LINE('',#488,#489);
#488 = CARTESIAN_POINT('',(153.5,-119.95,44.6));
#489 = VECTOR('',#490,1.);
#490 = DIRECTION('',(-0.,1.,0.));
#491 = PCURVE('',#179,#492);
#492 = DEFINITIONAL_REPRESENTATION('',(#493),#496);
#493 = B_SPLINE_CURVE_WITH_KNOTS('',1,(#494,#495),.UNSPECIFIED.,.F.,.F.,
  (2,2),(1.25,238.65),.PIECEWISE_BEZIER_KNOTS.);
#494 = CARTESIAN_POINT('',(309.5,2.5));
#495 = CARTESIAN_POINT('',(309.5,239.9));
#496 = ( GEOMETRIC_REPRESENTATION_CONTEXT(2) 
PARAMETRIC_REPRESENTATION_CONTEXT() REPRESENTATION_CONTEXT('2D SPACE',''
  ) );
#497 = PCURVE('',#498,#503);
#498 = PLANE('',#499);
#499 = AXIS2_PLACEMENT_3D('',#500,#501,#502);
#500 = CARTESIAN_POINT('',(153.5,-118.7,42.));
#501 = DIRECTION('',(1.,0.,-0.));
#502 = DIRECTION('',(0.,0.,1.));
#503 = DEFINITIONAL_REPRESENTATION('',(#504),#507);
#504 = B_SPLINE_CURVE_WITH_KNOTS('',1,(#505,#506),.UNSPECIFIED.,.F.,.F.,
  (2,2),(1.25,238.65),.PIECEWISE_BEZIER_KNOTS.);
#505 = CARTESIAN_POINT('',(2.6,0.));
#506 = CARTESIAN_POINT('',(2.6,-237.4));
#507 = ( GEOMETRIC_REPRESENTATION_CONTEXT(2) 
PARAMETRIC_REPRESENTATION_CONTEXT() REPRESENTATION_CONTEXT('2D SPACE',''
  ) );
#508 = ORIENTED_EDGE('',*,*,#509,.T.);
#509 = EDGE_CURVE('',#484,#510,#512,.T.);
#510 = VERTEX_POINT('',#511);
#511 = CARTESIAN_POINT('',(8.,-118.7,44.6));
#512 = SURFACE_CURVE('',#513,(#517,#523),.PCURVE_S1.);
#513 = LINE('',#514,#515);
#514 = CARTESIAN_POINT('',(-154.75,-118.7,44.6));
#515 = VECTOR('',#516,1.);
#516 = DIRECTION('',(-1.,-0.,0.));
#517 = PCURVE('',#179,#518);
#518 = DEFINITIONAL_REPRESENTATION('',(#519),#522);
#519 = B_SPLINE_CURVE_WITH_KNOTS('',1,(#520,#521),.UNSPECIFIED.,.F.,.F.,
  (2,2),(-308.25,-1.25),.PIECEWISE_BEZIER_KNOTS.);
#520 = CARTESIAN_POINT('',(309.5,2.5));
#521 = CARTESIAN_POINT('',(2.5,2.5));
#522 = ( GEOMETRIC_REPRESENTATION_CONTEXT(2) 
PARAMETRIC_REPRESENTATION_CONTEXT() REPRESENTATION_CONTEXT('2D SPACE',''
  ) );
#523 = PCURVE('',#524,#529);
#524 = PLANE('',#525);
#525 = AXIS2_PLACEMENT_3D('',#526,#527,#528);
#526 = CARTESIAN_POINT('',(-153.5,-118.7,42.));
#527 = DIRECTION('',(-0.,1.,0.));
#528 = DIRECTION('',(0.,0.,1.));
#529 = DEFINITIONAL_REPRESENTATION('',(#530),#533);
#530 = B_SPLINE_CURVE_WITH_KNOTS('',1,(#531,#532),.UNSPECIFIED.,.F.,.F.,
  (2,2),(-308.25,-1.25),.PIECEWISE_BEZIER_KNOTS.);
#531 = CARTESIAN_POINT('',(2.6,307.));
#532 = CARTESIAN_POINT('',(2.6,0.));
#533 = ( GEOMETRIC_REPRESENTATION_CONTEXT(2) 
PARAMETRIC_REPRESENTATION_CONTEXT() REPRESENTATION_CONTEXT('2D SPACE',''
  ) );
#534 = ORIENTED_EDGE('',*,*,#535,.F.);
#535 = EDGE_CURVE('',#536,#510,#538,.T.);
#536 = VERTEX_POINT('',#537);
#537 = CARTESIAN_POINT('',(8.,-121.2,44.6));
#538 = SURFACE_CURVE('',#539,(#543,#549),.PCURVE_S1.);
#539 = LINE('',#540,#541);
#540 = CARTESIAN_POINT('',(8.,-124.7,44.6));
#541 = VECTOR('',#542,1.);
#542 = DIRECTION('',(-0.,1.,0.));
#543 = PCURVE('',#179,#544);
#544 = DEFINITIONAL_REPRESENTATION('',(#545),#548);
#545 = B_SPLINE_CURVE_WITH_KNOTS('',1,(#546,#547),.UNSPECIFIED.,.F.,.F.,
  (2,2),(3.5,26.5),.PIECEWISE_BEZIER_KNOTS.);
#546 = CARTESIAN_POINT('',(164.,0.));
#547 = CARTESIAN_POINT('',(164.,23.));
#548 = ( GEOMETRIC_REPRESENTATION_CONTEXT(2) 
PARAMETRIC_REPRESENTATION_CONTEXT() REPRESENTATION_CONTEXT('2D SPACE',''
  ) );
#549 = PCURVE('',#550,#555);
#550 = PLANE('',#551);
#551 = AXIS2_PLACEMENT_3D('',#552,#553,#554);
#552 = CARTESIAN_POINT('',(8.,-128.2,33.6));
#553 = DIRECTION('',(1.,0.,-0.));
#554 = DIRECTION('',(0.,0.,1.));
#555 = DEFINITIONAL_REPRESENTATION('',(#556),#559);
#556 = B_SPLINE_CURVE_WITH_KNOTS('',1,(#557,#558),.UNSPECIFIED.,.F.,.F.,
  (2,2),(3.5,26.5),.PIECEWISE_BEZIER_KNOTS.);
#557 = CARTESIAN_POINT('',(11.,-7.));
#558 = CARTESIAN_POINT('',(11.,-30.));
#559 = ( GEOMETRIC_REPRESENTATION_CONTEXT(2) 
PARAMETRIC_REPRESENTATION_CONTEXT() REPRESENTATION_CONTEXT('2D SPACE',''
  ) );
#560 = ORIENTED_EDGE('',*,*,#561,.T.);
#561 = EDGE_CURVE('',#536,#562,#564,.T.);
#562 = VERTEX_POINT('',#563);
#563 = CARTESIAN_POINT('',(153.,-121.2,44.6));
#564 = SURFACE_CURVE('',#565,(#569,#576),.PCURVE_S1.);
#565 = LINE('',#566,#567);
#566 = CARTESIAN_POINT('',(-156.,-121.2,44.6));
#567 = VECTOR('',#568,1.);
#568 = DIRECTION('',(1.,0.,-0.));
#569 = PCURVE('',#179,#570);
#570 = DEFINITIONAL_REPRESENTATION('',(#571),#575);
#571 = LINE('',#572,#573);
#572 = CARTESIAN_POINT('',(0.,0.));
#573 = VECTOR('',#574,1.);
#574 = DIRECTION('',(1.,0.));
#575 = ( GEOMETRIC_REPRESENTATION_CONTEXT(2) 
PARAMETRIC_REPRESENTATION_CONTEXT() REPRESENTATION_CONTEXT('2D SPACE',''
  ) );
#576 = PCURVE('',#240,#577);
#577 = DEFINITIONAL_REPRESENTATION('',(#578),#582);
#578 = LINE('',#579,#580);
#579 = CARTESIAN_POINT('',(44.6,0.));
#580 = VECTOR('',#581,1.);
#581 = DIRECTION('',(0.,1.));
#582 = ( GEOMETRIC_REPRESENTATION_CONTEXT(2) 
PARAMETRIC_REPRESENTATION_CONTEXT() REPRESENTATION_CONTEXT('2D SPACE',''
  ) );
#583 = ORIENTED_EDGE('',*,*,#584,.F.);
#584 = EDGE_CURVE('',#585,#562,#587,.T.);
#585 = VERTEX_POINT('',#586);
#586 = CARTESIAN_POINT('',(156.,-118.2,44.6));
#587 = SURFACE_CURVE('',#588,(#593,#604),.PCURVE_S1.);
#588 = CIRCLE('',#589,3.);
#589 = AXIS2_PLACEMENT_3D('',#590,#591,#592);
#590 = CARTESIAN_POINT('',(153.,-118.2,44.6));
#591 = DIRECTION('',(-0.,-0.,-1.));
#592 = DIRECTION('',(0.,-1.,0.));
#593 = PCURVE('',#179,#594);
#594 = DEFINITIONAL_REPRESENTATION('',(#595),#603);
#595 = ( BOUNDED_CURVE() B_SPLINE_CURVE(2,(#596,#597,#598,#599,#600,#601
,#602),.UNSPECIFIED.,.T.,.F.) B_SPLINE_CURVE_WITH_KNOTS((1,2,2,2,2,1),(
    -2.094395102393,0.,2.094395102393,4.188790204786,6.28318530718,
8.377580409573),.UNSPECIFIED.) CURVE() GEOMETRIC_REPRESENTATION_ITEM() 
RATIONAL_B_SPLINE_CURVE((1.,0.5,1.,0.5,1.,0.5,1.)) REPRESENTATION_ITEM(
  '') );
#596 = CARTESIAN_POINT('',(309.,0.));
#597 = CARTESIAN_POINT('',(303.80384757729,0.));
#598 = CARTESIAN_POINT('',(306.40192378864,4.5));
#599 = CARTESIAN_POINT('',(309.,9.));
#600 = CARTESIAN_POINT('',(311.59807621135,4.5));
#601 = CARTESIAN_POINT('',(314.1961524227,4.440892098501E-15));
#602 = CARTESIAN_POINT('',(309.,0.));
#603 = ( GEOMETRIC_REPRESENTATION_CONTEXT(2) 
PARAMETRIC_REPRESENTATION_CONTEXT() REPRESENTATION_CONTEXT('2D SPACE',''
  ) );
#604 = PCURVE('',#605,#610);
#605 = CYLINDRICAL_SURFACE('',#606,3.);
#606 = AXIS2_PLACEMENT_3D('',#607,#608,#609);
#607 = CARTESIAN_POINT('',(153.,-118.2,0.));
#608 = DIRECTION('',(0.,0.,1.));
#609 = DIRECTION('',(1.,0.,-0.));
#610 = DEFINITIONAL_REPRESENTATION('',(#611),#615);
#611 = LINE('',#612,#613);
#612 = CARTESIAN_POINT('',(4.712388980385,44.6));
#613 = VECTOR('',#614,1.);
#614 = DIRECTION('',(-1.,0.));
#615 = ( GEOMETRIC_REPRESENTATION_CONTEXT(2) 
PARAMETRIC_REPRESENTATION_CONTEXT() REPRESENTATION_CONTEXT('2D SPACE',''
  ) );
#616 = ORIENTED_EDGE('',*,*,#617,.T.);
#617 = EDGE_CURVE('',#585,#618,#620,.T.);
#618 = VERTEX_POINT('',#619);
#619 = CARTESIAN_POINT('',(156.,118.2,44.6));
#620 = SURFACE_CURVE('',#621,(#625,#632),.PCURVE_S1.);
#621 = LINE('',#622,#623);
#622 = CARTESIAN_POINT('',(156.,-121.2,44.6));
#623 = VECTOR('',#624,1.);
#624 = DIRECTION('',(-0.,1.,0.));
#625 = PCURVE('',#179,#626);
#626 = DEFINITIONAL_REPRESENTATION('',(#627),#631);
#627 = LINE('',#628,#629);
#628 = CARTESIAN_POINT('',(312.,0.));
#629 = VECTOR('',#630,1.);
#630 = DIRECTION('',(0.,1.));
#631 = ( GEOMETRIC_REPRESENTATION_CONTEXT(2) 
PARAMETRIC_REPRESENTATION_CONTEXT() REPRESENTATION_CONTEXT('2D SPACE',''
  ) );
#632 = PCURVE('',#633,#638);
#633 = PLANE('',#634);
#634 = AXIS2_PLACEMENT_3D('',#635,#636,#637);
#635 = CARTESIAN_POINT('',(156.,-121.2,0.));
#636 = DIRECTION('',(1.,0.,-0.));
#637 = DIRECTION('',(0.,0.,1.));
#638 = DEFINITIONAL_REPRESENTATION('',(#639),#643);
#639 = LINE('',#640,#641);
#640 = CARTESIAN_POINT('',(44.6,0.));
#641 = VECTOR('',#642,1.);
#642 = DIRECTION('',(0.,-1.));
#643 = ( GEOMETRIC_REPRESENTATION_CONTEXT(2) 
PARAMETRIC_REPRESENTATION_CONTEXT() REPRESENTATION_CONTEXT('2D SPACE',''
  ) );
#644 = ORIENTED_EDGE('',*,*,#645,.T.);
#645 = EDGE_CURVE('',#618,#646,#648,.T.);
#646 = VERTEX_POINT('',#647);
#647 = CARTESIAN_POINT('',(153.,121.2,44.6));
#648 = SURFACE_CURVE('',#649,(#654,#661),.PCURVE_S1.);
#649 = CIRCLE('',#650,3.);
#650 = AXIS2_PLACEMENT_3D('',#651,#652,#653);
#651 = CARTESIAN_POINT('',(153.,118.2,44.6));
#652 = DIRECTION('',(0.,0.,1.));
#653 = DIRECTION('',(0.,-1.,0.));
#654 = PCURVE('',#179,#655);
#655 = DEFINITIONAL_REPRESENTATION('',(#656),#660);
#656 = CIRCLE('',#657,3.);
#657 = AXIS2_PLACEMENT_2D('',#658,#659);
#658 = CARTESIAN_POINT('',(309.,239.4));
#659 = DIRECTION('',(0.,-1.));
#660 = ( GEOMETRIC_REPRESENTATION_CONTEXT(2) 
PARAMETRIC_REPRESENTATION_CONTEXT() REPRESENTATION_CONTEXT('2D SPACE',''
  ) );
#661 = PCURVE('',#662,#667);
#662 = CYLINDRICAL_SURFACE('',#663,3.);
#663 = AXIS2_PLACEMENT_3D('',#664,#665,#666);
#664 = CARTESIAN_POINT('',(153.,118.2,0.));
#665 = DIRECTION('',(0.,0.,1.));
#666 = DIRECTION('',(1.,0.,-0.));
#667 = DEFINITIONAL_REPRESENTATION('',(#668),#672);
#668 = LINE('',#669,#670);
#669 = CARTESIAN_POINT('',(-1.570796326795,44.6));
#670 = VECTOR('',#671,1.);
#671 = DIRECTION('',(1.,0.));
#672 = ( GEOMETRIC_REPRESENTATION_CONTEXT(2) 
PARAMETRIC_REPRESENTATION_CONTEXT() REPRESENTATION_CONTEXT('2D SPACE',''
  ) );
#673 = ORIENTED_EDGE('',*,*,#674,.F.);
#674 = EDGE_CURVE('',#675,#646,#677,.T.);
#675 = VERTEX_POINT('',#676);
#676 = CARTESIAN_POINT('',(-153.,121.2,44.6));
#677 = SURFACE_CURVE('',#678,(#682,#689),.PCURVE_S1.);
#678 = LINE('',#679,#680);
#679 = CARTESIAN_POINT('',(-156.,121.2,44.6));
#680 = VECTOR('',#681,1.);
#681 = DIRECTION('',(1.,0.,-0.));
#682 = PCURVE('',#179,#683);
#683 = DEFINITIONAL_REPRESENTATION('',(#684),#688);
#684 = LINE('',#685,#686);
#685 = CARTESIAN_POINT('',(0.,242.4));
#686 = VECTOR('',#687,1.);
#687 = DIRECTION('',(1.,0.));
#688 = ( GEOMETRIC_REPRESENTATION_CONTEXT(2) 
PARAMETRIC_REPRESENTATION_CONTEXT() REPRESENTATION_CONTEXT('2D SPACE',''
  ) );
#689 = PCURVE('',#690,#695);
#690 = PLANE('',#691);
#691 = AXIS2_PLACEMENT_3D('',#692,#693,#694);
#692 = CARTESIAN_POINT('',(-156.,121.2,0.));
#693 = DIRECTION('',(-0.,1.,0.));
#694 = DIRECTION('',(0.,0.,1.));
#695 = DEFINITIONAL_REPRESENTATION('',(#696),#700);
#696 = LINE('',#697,#698);
#697 = CARTESIAN_POINT('',(44.6,0.));
#698 = VECTOR('',#699,1.);
#699 = DIRECTION('',(0.,1.));
#700 = ( GEOMETRIC_REPRESENTATION_CONTEXT(2) 
PARAMETRIC_REPRESENTATION_CONTEXT() REPRESENTATION_CONTEXT('2D SPACE',''
  ) );
#701 = ORIENTED_EDGE('',*,*,#702,.F.);
#702 = EDGE_CURVE('',#138,#675,#703,.T.);
#703 = SURFACE_CURVE('',#704,(#709,#720),.PCURVE_S1.);
#704 = CIRCLE('',#705,3.);
#705 = AXIS2_PLACEMENT_3D('',#706,#707,#708);
#706 = CARTESIAN_POINT('',(-153.,118.2,44.6));
#707 = DIRECTION('',(-0.,-0.,-1.));
#708 = DIRECTION('',(0.,-1.,0.));
#709 = PCURVE('',#179,#710);
#710 = DEFINITIONAL_REPRESENTATION('',(#711),#719);
#711 = ( BOUNDED_CURVE() B_SPLINE_CURVE(2,(#712,#713,#714,#715,#716,#717
,#718),.UNSPECIFIED.,.T.,.F.) B_SPLINE_CURVE_WITH_KNOTS((1,2,2,2,2,1),(
    -2.094395102393,0.,2.094395102393,4.188790204786,6.28318530718,
8.377580409573),.UNSPECIFIED.) CURVE() GEOMETRIC_REPRESENTATION_ITEM() 
RATIONAL_B_SPLINE_CURVE((1.,0.5,1.,0.5,1.,0.5,1.)) REPRESENTATION_ITEM(
  '') );
#712 = CARTESIAN_POINT('',(3.,236.4));
#713 = CARTESIAN_POINT('',(-2.196152422707,236.4));
#714 = CARTESIAN_POINT('',(0.401923788647,240.9));
#715 = CARTESIAN_POINT('',(3.,245.4));
#716 = CARTESIAN_POINT('',(5.598076211353,240.9));
#717 = CARTESIAN_POINT('',(8.196152422707,236.4));
#718 = CARTESIAN_POINT('',(3.,236.4));
#719 = ( GEOMETRIC_REPRESENTATION_CONTEXT(2) 
PARAMETRIC_REPRESENTATION_CONTEXT() REPRESENTATION_CONTEXT('2D SPACE',''
  ) );
#720 = PCURVE('',#153,#721);
#721 = DEFINITIONAL_REPRESENTATION('',(#722),#726);
#722 = LINE('',#723,#724);
#723 = CARTESIAN_POINT('',(1.570796326795,44.6));
#724 = VECTOR('',#725,1.);
#725 = DIRECTION('',(-1.,0.));
#726 = ( GEOMETRIC_REPRESENTATION_CONTEXT(2) 
PARAMETRIC_REPRESENTATION_CONTEXT() REPRESENTATION_CONTEXT('2D SPACE',''
  ) );
#727 = ADVANCED_FACE('',(#728),#153,.T.);
#728 = FACE_BOUND('',#729,.F.);
#729 = EDGE_LOOP('',(#730,#731,#755,#776));
#730 = ORIENTED_EDGE('',*,*,#137,.F.);
#731 = ORIENTED_EDGE('',*,*,#732,.T.);
#732 = EDGE_CURVE('',#110,#733,#735,.T.);
#733 = VERTEX_POINT('',#734);
#734 = CARTESIAN_POINT('',(-153.,121.2,1.));
#735 = SURFACE_CURVE('',#736,(#741,#748),.PCURVE_S1.);
#736 = CIRCLE('',#737,3.);
#737 = AXIS2_PLACEMENT_3D('',#738,#739,#740);
#738 = CARTESIAN_POINT('',(-153.,118.2,1.));
#739 = DIRECTION('',(-0.,0.,-1.));
#740 = DIRECTION('',(-1.,0.,0.));
#741 = PCURVE('',#153,#742);
#742 = DEFINITIONAL_REPRESENTATION('',(#743),#747);
#743 = LINE('',#744,#745);
#744 = CARTESIAN_POINT('',(-0.,1.));
#745 = VECTOR('',#746,1.);
#746 = DIRECTION('',(-1.,0.));
#747 = ( GEOMETRIC_REPRESENTATION_CONTEXT(2) 
PARAMETRIC_REPRESENTATION_CONTEXT() REPRESENTATION_CONTEXT('2D SPACE',''
  ) );
#748 = PCURVE('',#314,#749);
#749 = DEFINITIONAL_REPRESENTATION('',(#750),#754);
#750 = LINE('',#751,#752);
#751 = CARTESIAN_POINT('',(-0.,-0.));
#752 = VECTOR('',#753,1.);
#753 = DIRECTION('',(-1.,-0.));
#754 = ( GEOMETRIC_REPRESENTATION_CONTEXT(2) 
PARAMETRIC_REPRESENTATION_CONTEXT() REPRESENTATION_CONTEXT('2D SPACE',''
  ) );
#755 = ORIENTED_EDGE('',*,*,#756,.T.);
#756 = EDGE_CURVE('',#733,#675,#757,.T.);
#757 = SURFACE_CURVE('',#758,(#762,#769),.PCURVE_S1.);
#758 = LINE('',#759,#760);
#759 = CARTESIAN_POINT('',(-153.,121.2,0.));
#760 = VECTOR('',#761,1.);
#761 = DIRECTION('',(0.,0.,1.));
#762 = PCURVE('',#153,#763);
#763 = DEFINITIONAL_REPRESENTATION('',(#764),#768);
#764 = LINE('',#765,#766);
#765 = CARTESIAN_POINT('',(-1.570796326795,0.));
#766 = VECTOR('',#767,1.);
#767 = DIRECTION('',(-0.,1.));
#768 = ( GEOMETRIC_REPRESENTATION_CONTEXT(2) 
PARAMETRIC_REPRESENTATION_CONTEXT() REPRESENTATION_CONTEXT('2D SPACE',''
  ) );
#769 = PCURVE('',#690,#770);
#770 = DEFINITIONAL_REPRESENTATION('',(#771),#775);
#771 = LINE('',#772,#773);
#772 = CARTESIAN_POINT('',(0.,3.));
#773 = VECTOR('',#774,1.);
#774 = DIRECTION('',(1.,0.));
#775 = ( GEOMETRIC_REPRESENTATION_CONTEXT(2) 
PARAMETRIC_REPRESENTATION_CONTEXT() REPRESENTATION_CONTEXT('2D SPACE',''
  ) );
#776 = ORIENTED_EDGE('',*,*,#702,.F.);
#777 = ADVANCED_FACE('',(#778),#212,.T.);
#778 = FACE_BOUND('',#779,.T.);
#779 = EDGE_LOOP('',(#780,#806,#807,#808));
#780 = ORIENTED_EDGE('',*,*,#781,.F.);
#781 = EDGE_CURVE('',#196,#782,#784,.T.);
#782 = VERTEX_POINT('',#783);
#783 = CARTESIAN_POINT('',(-153.,-120.2,-5.440092820663E-15));
#784 = SURFACE_CURVE('',#785,(#789,#795),.PCURVE_S1.);
#785 = LINE('',#786,#787);
#786 = CARTESIAN_POINT('',(-153.,-120.7,0.5));
#787 = VECTOR('',#788,1.);
#788 = DIRECTION('',(-4.054583578972E-35,0.707106781187,-0.707106781187)
  );
#789 = PCURVE('',#212,#790);
#790 = DEFINITIONAL_REPRESENTATION('',(#791),#794);
#791 = B_SPLINE_CURVE_WITH_KNOTS('',1,(#792,#793),.UNSPECIFIED.,.F.,.F.,
  (2,2),(-0.707106781187,0.707106781187),.PIECEWISE_BEZIER_KNOTS.);
#792 = CARTESIAN_POINT('',(0.,0.));
#793 = CARTESIAN_POINT('',(0.,-1.));
#794 = ( GEOMETRIC_REPRESENTATION_CONTEXT(2) 
PARAMETRIC_REPRESENTATION_CONTEXT() REPRESENTATION_CONTEXT('2D SPACE',''
  ) );
#795 = PCURVE('',#796,#801);
#796 = PLANE('',#797);
#797 = AXIS2_PLACEMENT_3D('',#798,#799,#800);
#798 = CARTESIAN_POINT('',(153.,-120.7,0.5));
#799 = DIRECTION('',(5.911709633991E-18,-0.707106781187,-0.707106781187)
  );
#800 = DIRECTION('',(-1.,-4.180209970601E-18,-4.180209970601E-18));
#801 = DEFINITIONAL_REPRESENTATION('',(#802),#805);
#802 = B_SPLINE_CURVE_WITH_KNOTS('',1,(#803,#804),.UNSPECIFIED.,.F.,.F.,
  (2,2),(-0.707106781187,0.707106781187),.PIECEWISE_BEZIER_KNOTS.);
#803 = CARTESIAN_POINT('',(306.,-0.707106781187));
#804 = CARTESIAN_POINT('',(306.,0.707106781187));
#805 = ( GEOMETRIC_REPRESENTATION_CONTEXT(2) 
PARAMETRIC_REPRESENTATION_CONTEXT() REPRESENTATION_CONTEXT('2D SPACE',''
  ) );
#806 = ORIENTED_EDGE('',*,*,#195,.T.);
#807 = ORIENTED_EDGE('',*,*,#277,.T.);
#808 = ORIENTED_EDGE('',*,*,#809,.F.);
#809 = EDGE_CURVE('',#782,#278,#810,.T.);
#810 = SURFACE_CURVE('',#811,(#816,#823),.PCURVE_S1.);
#811 = CIRCLE('',#812,2.);
#812 = AXIS2_PLACEMENT_3D('',#813,#814,#815);
#813 = CARTESIAN_POINT('',(-153.,-118.2,0.));
#814 = DIRECTION('',(-0.,-0.,-1.));
#815 = DIRECTION('',(0.,-1.,0.));
#816 = PCURVE('',#212,#817);
#817 = DEFINITIONAL_REPRESENTATION('',(#818),#822);
#818 = LINE('',#819,#820);
#819 = CARTESIAN_POINT('',(-0.,-1.));
#820 = VECTOR('',#821,1.);
#821 = DIRECTION('',(-1.,-0.));
#822 = ( GEOMETRIC_REPRESENTATION_CONTEXT(2) 
PARAMETRIC_REPRESENTATION_CONTEXT() REPRESENTATION_CONTEXT('2D SPACE',''
  ) );
#823 = PCURVE('',#339,#824);
#824 = DEFINITIONAL_REPRESENTATION('',(#825),#833);
#825 = ( BOUNDED_CURVE() B_SPLINE_CURVE(2,(#826,#827,#828,#829,#830,#831
,#832),.UNSPECIFIED.,.T.,.F.) B_SPLINE_CURVE_WITH_KNOTS((1,2,2,2,2,1),(
    -2.094395102393,0.,2.094395102393,4.188790204786,6.28318530718,
8.377580409573),.UNSPECIFIED.) CURVE() GEOMETRIC_REPRESENTATION_ITEM() 
RATIONAL_B_SPLINE_CURVE((1.,0.5,1.,0.5,1.,0.5,1.)) REPRESENTATION_ITEM(
  '') );
#826 = CARTESIAN_POINT('',(3.,1.));
#827 = CARTESIAN_POINT('',(-0.464101615138,1.));
#828 = CARTESIAN_POINT('',(1.267949192431,4.));
#829 = CARTESIAN_POINT('',(3.,7.));
#830 = CARTESIAN_POINT('',(4.732050807569,4.));
#831 = CARTESIAN_POINT('',(6.464101615138,1.));
#832 = CARTESIAN_POINT('',(3.,1.));
#833 = ( GEOMETRIC_REPRESENTATION_CONTEXT(2) 
PARAMETRIC_REPRESENTATION_CONTEXT() REPRESENTATION_CONTEXT('2D SPACE',''
  ) );
#834 = ADVANCED_FACE('',(#835,#1054,#1160,#1266),#240,.F.);
#835 = FACE_BOUND('',#836,.F.);
#836 = EDGE_LOOP('',(#837,#838,#839,#860,#886,#912,#938,#964,#990,#1009,
    #1010,#1033));
#837 = ORIENTED_EDGE('',*,*,#224,.T.);
#838 = ORIENTED_EDGE('',*,*,#356,.T.);
#839 = ORIENTED_EDGE('',*,*,#840,.T.);
#840 = EDGE_CURVE('',#357,#841,#843,.T.);
#841 = VERTEX_POINT('',#842);
#842 = CARTESIAN_POINT('',(-22.,-121.2,39.6));
#843 = SURFACE_CURVE('',#844,(#848,#854),.PCURVE_S1.);
#844 = LINE('',#845,#846);
#845 = CARTESIAN_POINT('',(-22.,-121.2,16.8));
#846 = VECTOR('',#847,1.);
#847 = DIRECTION('',(-0.,0.,-1.));
#848 = PCURVE('',#240,#849);
#849 = DEFINITIONAL_REPRESENTATION('',(#850),#853);
#850 = B_SPLINE_CURVE_WITH_KNOTS('',1,(#851,#852),.UNSPECIFIED.,.F.,.F.,
  (2,2),(-27.8,-16.8),.PIECEWISE_BEZIER_KNOTS.);
#851 = CARTESIAN_POINT('',(44.6,134.));
#852 = CARTESIAN_POINT('',(33.6,134.));
#853 = ( GEOMETRIC_REPRESENTATION_CONTEXT(2) 
PARAMETRIC_REPRESENTATION_CONTEXT() REPRESENTATION_CONTEXT('2D SPACE',''
  ) );
#854 = PCURVE('',#394,#855);
#855 = DEFINITIONAL_REPRESENTATION('',(#856),#859);
#856 = B_SPLINE_CURVE_WITH_KNOTS('',1,(#857,#858),.UNSPECIFIED.,.F.,.F.,
  (2,2),(-27.8,-16.8),.PIECEWISE_BEZIER_KNOTS.);
#857 = CARTESIAN_POINT('',(11.,-7.));
#858 = CARTESIAN_POINT('',(0.,-7.));
#859 = ( GEOMETRIC_REPRESENTATION_CONTEXT(2) 
PARAMETRIC_REPRESENTATION_CONTEXT() REPRESENTATION_CONTEXT('2D SPACE',''
  ) );
#860 = ORIENTED_EDGE('',*,*,#861,.F.);
#861 = EDGE_CURVE('',#862,#841,#864,.T.);
#862 = VERTEX_POINT('',#863);
#863 = CARTESIAN_POINT('',(-40.,-121.2,39.6));
#864 = SURFACE_CURVE('',#865,(#869,#875),.PCURVE_S1.);
#865 = LINE('',#866,#867);
#866 = CARTESIAN_POINT('',(-98.,-121.2,39.6));
#867 = VECTOR('',#868,1.);
#868 = DIRECTION('',(1.,0.,-0.));
#869 = PCURVE('',#240,#870);
#870 = DEFINITIONAL_REPRESENTATION('',(#871),#874);
#871 = B_SPLINE_CURVE_WITH_KNOTS('',1,(#872,#873),.UNSPECIFIED.,.F.,.F.,
  (2,2),(58.,78.),.PIECEWISE_BEZIER_KNOTS.);
#872 = CARTESIAN_POINT('',(39.6,116.));
#873 = CARTESIAN_POINT('',(39.6,136.));
#874 = ( GEOMETRIC_REPRESENTATION_CONTEXT(2) 
PARAMETRIC_REPRESENTATION_CONTEXT() REPRESENTATION_CONTEXT('2D SPACE',''
  ) );
#875 = PCURVE('',#876,#881);
#876 = PLANE('',#877);
#877 = AXIS2_PLACEMENT_3D('',#878,#879,#880);
#878 = CARTESIAN_POINT('',(-40.,-128.2,39.6));
#879 = DIRECTION('',(0.,0.,1.));
#880 = DIRECTION('',(1.,0.,-0.));
#881 = DEFINITIONAL_REPRESENTATION('',(#882),#885);
#882 = B_SPLINE_CURVE_WITH_KNOTS('',1,(#883,#884),.UNSPECIFIED.,.F.,.F.,
  (2,2),(58.,78.),.PIECEWISE_BEZIER_KNOTS.);
#883 = CARTESIAN_POINT('',(0.,7.));
#884 = CARTESIAN_POINT('',(20.,7.));
#885 = ( GEOMETRIC_REPRESENTATION_CONTEXT(2) 
PARAMETRIC_REPRESENTATION_CONTEXT() REPRESENTATION_CONTEXT('2D SPACE',''
  ) );
#886 = ORIENTED_EDGE('',*,*,#887,.T.);
#887 = EDGE_CURVE('',#862,#888,#890,.T.);
#888 = VERTEX_POINT('',#889);
#889 = CARTESIAN_POINT('',(-40.,-121.2,34.6));
#890 = SURFACE_CURVE('',#891,(#895,#901),.PCURVE_S1.);
#891 = LINE('',#892,#893);
#892 = CARTESIAN_POINT('',(-40.,-121.2,17.3));
#893 = VECTOR('',#894,1.);
#894 = DIRECTION('',(-0.,0.,-1.));
#895 = PCURVE('',#240,#896);
#896 = DEFINITIONAL_REPRESENTATION('',(#897),#900);
#897 = B_SPLINE_CURVE_WITH_KNOTS('',1,(#898,#899),.UNSPECIFIED.,.F.,.F.,
  (2,2),(-22.3,-17.3),.PIECEWISE_BEZIER_KNOTS.);
#898 = CARTESIAN_POINT('',(39.6,116.));
#899 = CARTESIAN_POINT('',(34.6,116.));
#900 = ( GEOMETRIC_REPRESENTATION_CONTEXT(2) 
PARAMETRIC_REPRESENTATION_CONTEXT() REPRESENTATION_CONTEXT('2D SPACE',''
  ) );
#901 = PCURVE('',#902,#907);
#902 = PLANE('',#903);
#903 = AXIS2_PLACEMENT_3D('',#904,#905,#906);
#904 = CARTESIAN_POINT('',(-40.,-128.2,34.6));
#905 = DIRECTION('',(1.,0.,-0.));
#906 = DIRECTION('',(0.,0.,1.));
#907 = DEFINITIONAL_REPRESENTATION('',(#908),#911);
#908 = B_SPLINE_CURVE_WITH_KNOTS('',1,(#909,#910),.UNSPECIFIED.,.F.,.F.,
  (2,2),(-22.3,-17.3),.PIECEWISE_BEZIER_KNOTS.);
#909 = CARTESIAN_POINT('',(5.,-7.));
#910 = CARTESIAN_POINT('',(0.,-7.));
#911 = ( GEOMETRIC_REPRESENTATION_CONTEXT(2) 
PARAMETRIC_REPRESENTATION_CONTEXT() REPRESENTATION_CONTEXT('2D SPACE',''
  ) );
#912 = ORIENTED_EDGE('',*,*,#913,.T.);
#913 = EDGE_CURVE('',#888,#914,#916,.T.);
#914 = VERTEX_POINT('',#915);
#915 = CARTESIAN_POINT('',(-22.,-121.2,34.6));
#916 = SURFACE_CURVE('',#917,(#921,#927),.PCURVE_S1.);
#917 = LINE('',#918,#919);
#918 = CARTESIAN_POINT('',(-98.,-121.2,34.6));
#919 = VECTOR('',#920,1.);
#920 = DIRECTION('',(1.,0.,-0.));
#921 = PCURVE('',#240,#922);
#922 = DEFINITIONAL_REPRESENTATION('',(#923),#926);
#923 = B_SPLINE_CURVE_WITH_KNOTS('',1,(#924,#925),.UNSPECIFIED.,.F.,.F.,
  (2,2),(58.,78.),.PIECEWISE_BEZIER_KNOTS.);
#924 = CARTESIAN_POINT('',(34.6,116.));
#925 = CARTESIAN_POINT('',(34.6,136.));
#926 = ( GEOMETRIC_REPRESENTATION_CONTEXT(2) 
PARAMETRIC_REPRESENTATION_CONTEXT() REPRESENTATION_CONTEXT('2D SPACE',''
  ) );
#927 = PCURVE('',#928,#933);
#928 = PLANE('',#929);
#929 = AXIS2_PLACEMENT_3D('',#930,#931,#932);
#930 = CARTESIAN_POINT('',(-40.,-128.2,34.6));
#931 = DIRECTION('',(0.,0.,1.));
#932 = DIRECTION('',(1.,0.,-0.));
#933 = DEFINITIONAL_REPRESENTATION('',(#934),#937);
#934 = B_SPLINE_CURVE_WITH_KNOTS('',1,(#935,#936),.UNSPECIFIED.,.F.,.F.,
  (2,2),(58.,78.),.PIECEWISE_BEZIER_KNOTS.);
#935 = CARTESIAN_POINT('',(0.,7.));
#936 = CARTESIAN_POINT('',(20.,7.));
#937 = ( GEOMETRIC_REPRESENTATION_CONTEXT(2) 
PARAMETRIC_REPRESENTATION_CONTEXT() REPRESENTATION_CONTEXT('2D SPACE',''
  ) );
#938 = ORIENTED_EDGE('',*,*,#939,.T.);
#939 = EDGE_CURVE('',#914,#940,#942,.T.);
#940 = VERTEX_POINT('',#941);
#941 = CARTESIAN_POINT('',(-22.,-121.2,33.6));
#942 = SURFACE_CURVE('',#943,(#947,#953),.PCURVE_S1.);
#943 = LINE('',#944,#945);
#944 = CARTESIAN_POINT('',(-22.,-121.2,16.8));
#945 = VECTOR('',#946,1.);
#946 = DIRECTION('',(-0.,0.,-1.));
#947 = PCURVE('',#240,#948);
#948 = DEFINITIONAL_REPRESENTATION('',(#949),#952);
#949 = B_SPLINE_CURVE_WITH_KNOTS('',1,(#950,#951),.UNSPECIFIED.,.F.,.F.,
  (2,2),(-27.8,-16.8),.PIECEWISE_BEZIER_KNOTS.);
#950 = CARTESIAN_POINT('',(44.6,134.));
#951 = CARTESIAN_POINT('',(33.6,134.));
#952 = ( GEOMETRIC_REPRESENTATION_CONTEXT(2) 
PARAMETRIC_REPRESENTATION_CONTEXT() REPRESENTATION_CONTEXT('2D SPACE',''
  ) );
#953 = PCURVE('',#954,#959);
#954 = PLANE('',#955);
#955 = AXIS2_PLACEMENT_3D('',#956,#957,#958);
#956 = CARTESIAN_POINT('',(-22.,-128.2,33.6));
#957 = DIRECTION('',(1.,0.,-0.));
#958 = DIRECTION('',(0.,0.,1.));
#959 = DEFINITIONAL_REPRESENTATION('',(#960),#963);
#960 = B_SPLINE_CURVE_WITH_KNOTS('',1,(#961,#962),.UNSPECIFIED.,.F.,.F.,
  (2,2),(-27.8,-16.8),.PIECEWISE_BEZIER_KNOTS.);
#961 = CARTESIAN_POINT('',(11.,-7.));
#962 = CARTESIAN_POINT('',(0.,-7.));
#963 = ( GEOMETRIC_REPRESENTATION_CONTEXT(2) 
PARAMETRIC_REPRESENTATION_CONTEXT() REPRESENTATION_CONTEXT('2D SPACE',''
  ) );
#964 = ORIENTED_EDGE('',*,*,#965,.T.);
#965 = EDGE_CURVE('',#940,#966,#968,.T.);
#966 = VERTEX_POINT('',#967);
#967 = CARTESIAN_POINT('',(8.,-121.2,33.6));
#968 = SURFACE_CURVE('',#969,(#973,#979),.PCURVE_S1.);
#969 = LINE('',#970,#971);
#970 = CARTESIAN_POINT('',(-89.,-121.2,33.6));
#971 = VECTOR('',#972,1.);
#972 = DIRECTION('',(1.,0.,-0.));
#973 = PCURVE('',#240,#974);
#974 = DEFINITIONAL_REPRESENTATION('',(#975),#978);
#975 = B_SPLINE_CURVE_WITH_KNOTS('',1,(#976,#977),.UNSPECIFIED.,.F.,.F.,
  (2,2),(67.,97.),.PIECEWISE_BEZIER_KNOTS.);
#976 = CARTESIAN_POINT('',(33.6,134.));
#977 = CARTESIAN_POINT('',(33.6,164.));
#978 = ( GEOMETRIC_REPRESENTATION_CONTEXT(2) 
PARAMETRIC_REPRESENTATION_CONTEXT() REPRESENTATION_CONTEXT('2D SPACE',''
  ) );
#979 = PCURVE('',#980,#985);
#980 = PLANE('',#981);
#981 = AXIS2_PLACEMENT_3D('',#982,#983,#984);
#982 = CARTESIAN_POINT('',(-22.,-128.2,33.6));
#983 = DIRECTION('',(0.,0.,1.));
#984 = DIRECTION('',(1.,0.,-0.));
#985 = DEFINITIONAL_REPRESENTATION('',(#986),#989);
#986 = B_SPLINE_CURVE_WITH_KNOTS('',1,(#987,#988),.UNSPECIFIED.,.F.,.F.,
  (2,2),(67.,97.),.PIECEWISE_BEZIER_KNOTS.);
#987 = CARTESIAN_POINT('',(0.,7.));
#988 = CARTESIAN_POINT('',(30.,7.));
#989 = ( GEOMETRIC_REPRESENTATION_CONTEXT(2) 
PARAMETRIC_REPRESENTATION_CONTEXT() REPRESENTATION_CONTEXT('2D SPACE',''
  ) );
#990 = ORIENTED_EDGE('',*,*,#991,.F.);
#991 = EDGE_CURVE('',#536,#966,#992,.T.);
#992 = SURFACE_CURVE('',#993,(#997,#1003),.PCURVE_S1.);
#993 = LINE('',#994,#995);
#994 = CARTESIAN_POINT('',(8.,-121.2,16.8));
#995 = VECTOR('',#996,1.);
#996 = DIRECTION('',(-0.,0.,-1.));
#997 = PCURVE('',#240,#998);
#998 = DEFINITIONAL_REPRESENTATION('',(#999),#1002);
#999 = B_SPLINE_CURVE_WITH_KNOTS('',1,(#1000,#1001),.UNSPECIFIED.,.F.,
  .F.,(2,2),(-27.8,-16.8),.PIECEWISE_BEZIER_KNOTS.);
#1000 = CARTESIAN_POINT('',(44.6,164.));
#1001 = CARTESIAN_POINT('',(33.6,164.));
#1002 = ( GEOMETRIC_REPRESENTATION_CONTEXT(2) 
PARAMETRIC_REPRESENTATION_CONTEXT() REPRESENTATION_CONTEXT('2D SPACE',''
  ) );
#1003 = PCURVE('',#550,#1004);
#1004 = DEFINITIONAL_REPRESENTATION('',(#1005),#1008);
#1005 = B_SPLINE_CURVE_WITH_KNOTS('',1,(#1006,#1007),.UNSPECIFIED.,.F.,
  .F.,(2,2),(-27.8,-16.8),.PIECEWISE_BEZIER_KNOTS.);
#1006 = CARTESIAN_POINT('',(11.,-7.));
#1007 = CARTESIAN_POINT('',(0.,-7.));
#1008 = ( GEOMETRIC_REPRESENTATION_CONTEXT(2) 
PARAMETRIC_REPRESENTATION_CONTEXT() REPRESENTATION_CONTEXT('2D SPACE',''
  ) );
#1009 = ORIENTED_EDGE('',*,*,#561,.T.);
#1010 = ORIENTED_EDGE('',*,*,#1011,.F.);
#1011 = EDGE_CURVE('',#1012,#562,#1014,.T.);
#1012 = VERTEX_POINT('',#1013);
#1013 = CARTESIAN_POINT('',(153.,-121.2,1.));
#1014 = SURFACE_CURVE('',#1015,(#1019,#1026),.PCURVE_S1.);
#1015 = LINE('',#1016,#1017);
#1016 = CARTESIAN_POINT('',(153.,-121.2,0.));
#1017 = VECTOR('',#1018,1.);
#1018 = DIRECTION('',(0.,0.,1.));
#1019 = PCURVE('',#240,#1020);
#1020 = DEFINITIONAL_REPRESENTATION('',(#1021),#1025);
#1021 = LINE('',#1022,#1023);
#1022 = CARTESIAN_POINT('',(0.,309.));
#1023 = VECTOR('',#1024,1.);
#1024 = DIRECTION('',(1.,0.));
#1025 = ( GEOMETRIC_REPRESENTATION_CONTEXT(2) 
PARAMETRIC_REPRESENTATION_CONTEXT() REPRESENTATION_CONTEXT('2D SPACE',''
  ) );
#1026 = PCURVE('',#605,#1027);
#1027 = DEFINITIONAL_REPRESENTATION('',(#1028),#1032);
#1028 = LINE('',#1029,#1030);
#1029 = CARTESIAN_POINT('',(-1.570796326795,0.));
#1030 = VECTOR('',#1031,1.);
#1031 = DIRECTION('',(-0.,1.));
#1032 = ( GEOMETRIC_REPRESENTATION_CONTEXT(2) 
PARAMETRIC_REPRESENTATION_CONTEXT() REPRESENTATION_CONTEXT('2D SPACE',''
  ) );
#1033 = ORIENTED_EDGE('',*,*,#1034,.T.);
#1034 = EDGE_CURVE('',#1012,#196,#1035,.T.);
#1035 = SURFACE_CURVE('',#1036,(#1040,#1047),.PCURVE_S1.);
#1036 = LINE('',#1037,#1038);
#1037 = CARTESIAN_POINT('',(153.,-121.2,1.));
#1038 = VECTOR('',#1039,1.);
#1039 = DIRECTION('',(-1.,-0.,0.));
#1040 = PCURVE('',#240,#1041);
#1041 = DEFINITIONAL_REPRESENTATION('',(#1042),#1046);
#1042 = LINE('',#1043,#1044);
#1043 = CARTESIAN_POINT('',(1.,309.));
#1044 = VECTOR('',#1045,1.);
#1045 = DIRECTION('',(0.,-1.));
#1046 = ( GEOMETRIC_REPRESENTATION_CONTEXT(2) 
PARAMETRIC_REPRESENTATION_CONTEXT() REPRESENTATION_CONTEXT('2D SPACE',''
  ) );
#1047 = PCURVE('',#796,#1048);
#1048 = DEFINITIONAL_REPRESENTATION('',(#1049),#1053);
#1049 = LINE('',#1050,#1051);
#1050 = CARTESIAN_POINT('',(0.,-0.707106781187));
#1051 = VECTOR('',#1052,1.);
#1052 = DIRECTION('',(1.,0.));
#1053 = ( GEOMETRIC_REPRESENTATION_CONTEXT(2) 
PARAMETRIC_REPRESENTATION_CONTEXT() REPRESENTATION_CONTEXT('2D SPACE',''
  ) );
#1054 = FACE_BOUND('',#1055,.F.);
#1055 = EDGE_LOOP('',(#1056,#1084,#1110,#1136));
#1056 = ORIENTED_EDGE('',*,*,#1057,.F.);
#1057 = EDGE_CURVE('',#1058,#1060,#1062,.T.);
#1058 = VERTEX_POINT('',#1059);
#1059 = CARTESIAN_POINT('',(-70.,-121.2,39.6));
#1060 = VERTEX_POINT('',#1061);
#1061 = CARTESIAN_POINT('',(-50.,-121.2,39.6));
#1062 = SURFACE_CURVE('',#1063,(#1067,#1073),.PCURVE_S1.);
#1063 = LINE('',#1064,#1065);
#1064 = CARTESIAN_POINT('',(-113.,-121.2,39.6));
#1065 = VECTOR('',#1066,1.);
#1066 = DIRECTION('',(1.,0.,-0.));
#1067 = PCURVE('',#240,#1068);
#1068 = DEFINITIONAL_REPRESENTATION('',(#1069),#1072);
#1069 = B_SPLINE_CURVE_WITH_KNOTS('',1,(#1070,#1071),.UNSPECIFIED.,.F.,
  .F.,(2,2),(43.,63.),.PIECEWISE_BEZIER_KNOTS.);
#1070 = CARTESIAN_POINT('',(39.6,86.));
#1071 = CARTESIAN_POINT('',(39.6,106.));
#1072 = ( GEOMETRIC_REPRESENTATION_CONTEXT(2) 
PARAMETRIC_REPRESENTATION_CONTEXT() REPRESENTATION_CONTEXT('2D SPACE',''
  ) );
#1073 = PCURVE('',#1074,#1079);
#1074 = PLANE('',#1075);
#1075 = AXIS2_PLACEMENT_3D('',#1076,#1077,#1078);
#1076 = CARTESIAN_POINT('',(-70.,-128.2,39.6));
#1077 = DIRECTION('',(0.,0.,1.));
#1078 = DIRECTION('',(1.,0.,-0.));
#1079 = DEFINITIONAL_REPRESENTATION('',(#1080),#1083);
#1080 = B_SPLINE_CURVE_WITH_KNOTS('',1,(#1081,#1082),.UNSPECIFIED.,.F.,
  .F.,(2,2),(43.,63.),.PIECEWISE_BEZIER_KNOTS.);
#1081 = CARTESIAN_POINT('',(0.,7.));
#1082 = CARTESIAN_POINT('',(20.,7.));
#1083 = ( GEOMETRIC_REPRESENTATION_CONTEXT(2) 
PARAMETRIC_REPRESENTATION_CONTEXT() REPRESENTATION_CONTEXT('2D SPACE',''
  ) );
#1084 = ORIENTED_EDGE('',*,*,#1085,.T.);
#1085 = EDGE_CURVE('',#1058,#1086,#1088,.T.);
#1086 = VERTEX_POINT('',#1087);
#1087 = CARTESIAN_POINT('',(-70.,-121.2,34.6));
#1088 = SURFACE_CURVE('',#1089,(#1093,#1099),.PCURVE_S1.);
#1089 = LINE('',#1090,#1091);
#1090 = CARTESIAN_POINT('',(-70.,-121.2,17.3));
#1091 = VECTOR('',#1092,1.);
#1092 = DIRECTION('',(-0.,0.,-1.));
#1093 = PCURVE('',#240,#1094);
#1094 = DEFINITIONAL_REPRESENTATION('',(#1095),#1098);
#1095 = B_SPLINE_CURVE_WITH_KNOTS('',1,(#1096,#1097),.UNSPECIFIED.,.F.,
  .F.,(2,2),(-22.3,-17.3),.PIECEWISE_BEZIER_KNOTS.);
#1096 = CARTESIAN_POINT('',(39.6,86.));
#1097 = CARTESIAN_POINT('',(34.6,86.));
#1098 = ( GEOMETRIC_REPRESENTATION_CONTEXT(2) 
PARAMETRIC_REPRESENTATION_CONTEXT() REPRESENTATION_CONTEXT('2D SPACE',''
  ) );
#1099 = PCURVE('',#1100,#1105);
#1100 = PLANE('',#1101);
#1101 = AXIS2_PLACEMENT_3D('',#1102,#1103,#1104);
#1102 = CARTESIAN_POINT('',(-70.,-128.2,34.6));
#1103 = DIRECTION('',(1.,0.,-0.));
#1104 = DIRECTION('',(0.,0.,1.));
#1105 = DEFINITIONAL_REPRESENTATION('',(#1106),#1109);
#1106 = B_SPLINE_CURVE_WITH_KNOTS('',1,(#1107,#1108),.UNSPECIFIED.,.F.,
  .F.,(2,2),(-22.3,-17.3),.PIECEWISE_BEZIER_KNOTS.);
#1107 = CARTESIAN_POINT('',(5.,-7.));
#1108 = CARTESIAN_POINT('',(0.,-7.));
#1109 = ( GEOMETRIC_REPRESENTATION_CONTEXT(2) 
PARAMETRIC_REPRESENTATION_CONTEXT() REPRESENTATION_CONTEXT('2D SPACE',''
  ) );
#1110 = ORIENTED_EDGE('',*,*,#1111,.T.);
#1111 = EDGE_CURVE('',#1086,#1112,#1114,.T.);
#1112 = VERTEX_POINT('',#1113);
#1113 = CARTESIAN_POINT('',(-50.,-121.2,34.6));
#1114 = SURFACE_CURVE('',#1115,(#1119,#1125),.PCURVE_S1.);
#1115 = LINE('',#1116,#1117);
#1116 = CARTESIAN_POINT('',(-113.,-121.2,34.6));
#1117 = VECTOR('',#1118,1.);
#1118 = DIRECTION('',(1.,0.,-0.));
#1119 = PCURVE('',#240,#1120);
#1120 = DEFINITIONAL_REPRESENTATION('',(#1121),#1124);
#1121 = B_SPLINE_CURVE_WITH_KNOTS('',1,(#1122,#1123),.UNSPECIFIED.,.F.,
  .F.,(2,2),(43.,63.),.PIECEWISE_BEZIER_KNOTS.);
#1122 = CARTESIAN_POINT('',(34.6,86.));
#1123 = CARTESIAN_POINT('',(34.6,106.));
#1124 = ( GEOMETRIC_REPRESENTATION_CONTEXT(2) 
PARAMETRIC_REPRESENTATION_CONTEXT() REPRESENTATION_CONTEXT('2D SPACE',''
  ) );
#1125 = PCURVE('',#1126,#1131);
#1126 = PLANE('',#1127);
#1127 = AXIS2_PLACEMENT_3D('',#1128,#1129,#1130);
#1128 = CARTESIAN_POINT('',(-70.,-128.2,34.6));
#1129 = DIRECTION('',(0.,0.,1.));
#1130 = DIRECTION('',(1.,0.,-0.));
#1131 = DEFINITIONAL_REPRESENTATION('',(#1132),#1135);
#1132 = B_SPLINE_CURVE_WITH_KNOTS('',1,(#1133,#1134),.UNSPECIFIED.,.F.,
  .F.,(2,2),(43.,63.),.PIECEWISE_BEZIER_KNOTS.);
#1133 = CARTESIAN_POINT('',(0.,7.));
#1134 = CARTESIAN_POINT('',(20.,7.));
#1135 = ( GEOMETRIC_REPRESENTATION_CONTEXT(2) 
PARAMETRIC_REPRESENTATION_CONTEXT() REPRESENTATION_CONTEXT('2D SPACE',''
  ) );
#1136 = ORIENTED_EDGE('',*,*,#1137,.F.);
#1137 = EDGE_CURVE('',#1060,#1112,#1138,.T.);
#1138 = SURFACE_CURVE('',#1139,(#1143,#1149),.PCURVE_S1.);
#1139 = LINE('',#1140,#1141);
#1140 = CARTESIAN_POINT('',(-50.,-121.2,17.3));
#1141 = VECTOR('',#1142,1.);
#1142 = DIRECTION('',(-0.,0.,-1.));
#1143 = PCURVE('',#240,#1144);
#1144 = DEFINITIONAL_REPRESENTATION('',(#1145),#1148);
#1145 = B_SPLINE_CURVE_WITH_KNOTS('',1,(#1146,#1147),.UNSPECIFIED.,.F.,
  .F.,(2,2),(-22.3,-17.3),.PIECEWISE_BEZIER_KNOTS.);
#1146 = CARTESIAN_POINT('',(39.6,106.));
#1147 = CARTESIAN_POINT('',(34.6,106.));
#1148 = ( GEOMETRIC_REPRESENTATION_CONTEXT(2) 
PARAMETRIC_REPRESENTATION_CONTEXT() REPRESENTATION_CONTEXT('2D SPACE',''
  ) );
#1149 = PCURVE('',#1150,#1155);
#1150 = PLANE('',#1151);
#1151 = AXIS2_PLACEMENT_3D('',#1152,#1153,#1154);
#1152 = CARTESIAN_POINT('',(-50.,-128.2,34.6));
#1153 = DIRECTION('',(1.,0.,-0.));
#1154 = DIRECTION('',(0.,0.,1.));
#1155 = DEFINITIONAL_REPRESENTATION('',(#1156),#1159);
#1156 = B_SPLINE_CURVE_WITH_KNOTS('',1,(#1157,#1158),.UNSPECIFIED.,.F.,
  .F.,(2,2),(-22.3,-17.3),.PIECEWISE_BEZIER_KNOTS.);
#1157 = CARTESIAN_POINT('',(5.,-7.));
#1158 = CARTESIAN_POINT('',(0.,-7.));
#1159 = ( GEOMETRIC_REPRESENTATION_CONTEXT(2) 
PARAMETRIC_REPRESENTATION_CONTEXT() REPRESENTATION_CONTEXT('2D SPACE',''
  ) );
#1160 = FACE_BOUND('',#1161,.F.);
#1161 = EDGE_LOOP('',(#1162,#1190,#1216,#1242));
#1162 = ORIENTED_EDGE('',*,*,#1163,.F.);
#1163 = EDGE_CURVE('',#1164,#1166,#1168,.T.);
#1164 = VERTEX_POINT('',#1165);
#1165 = CARTESIAN_POINT('',(20.,-121.2,39.6));
#1166 = VERTEX_POINT('',#1167);
#1167 = CARTESIAN_POINT('',(40.,-121.2,39.6));
#1168 = SURFACE_CURVE('',#1169,(#1173,#1179),.PCURVE_S1.);
#1169 = LINE('',#1170,#1171);
#1170 = CARTESIAN_POINT('',(-68.,-121.2,39.6));
#1171 = VECTOR('',#1172,1.);
#1172 = DIRECTION('',(1.,0.,-0.));
#1173 = PCURVE('',#240,#1174);
#1174 = DEFINITIONAL_REPRESENTATION('',(#1175),#1178);
#1175 = B_SPLINE_CURVE_WITH_KNOTS('',1,(#1176,#1177),.UNSPECIFIED.,.F.,
  .F.,(2,2),(88.,108.),.PIECEWISE_BEZIER_KNOTS.);
#1176 = CARTESIAN_POINT('',(39.6,176.));
#1177 = CARTESIAN_POINT('',(39.6,196.));
#1178 = ( GEOMETRIC_REPRESENTATION_CONTEXT(2) 
PARAMETRIC_REPRESENTATION_CONTEXT() REPRESENTATION_CONTEXT('2D SPACE',''
  ) );
#1179 = PCURVE('',#1180,#1185);
#1180 = PLANE('',#1181);
#1181 = AXIS2_PLACEMENT_3D('',#1182,#1183,#1184);
#1182 = CARTESIAN_POINT('',(20.,-128.2,39.6));
#1183 = DIRECTION('',(0.,0.,1.));
#1184 = DIRECTION('',(1.,0.,-0.));
#1185 = DEFINITIONAL_REPRESENTATION('',(#1186),#1189);
#1186 = B_SPLINE_CURVE_WITH_KNOTS('',1,(#1187,#1188),.UNSPECIFIED.,.F.,
  .F.,(2,2),(88.,108.),.PIECEWISE_BEZIER_KNOTS.);
#1187 = CARTESIAN_POINT('',(0.,7.));
#1188 = CARTESIAN_POINT('',(20.,7.));
#1189 = ( GEOMETRIC_REPRESENTATION_CONTEXT(2) 
PARAMETRIC_REPRESENTATION_CONTEXT() REPRESENTATION_CONTEXT('2D SPACE',''
  ) );
#1190 = ORIENTED_EDGE('',*,*,#1191,.T.);
#1191 = EDGE_CURVE('',#1164,#1192,#1194,.T.);
#1192 = VERTEX_POINT('',#1193);
#1193 = CARTESIAN_POINT('',(20.,-121.2,34.6));
#1194 = SURFACE_CURVE('',#1195,(#1199,#1205),.PCURVE_S1.);
#1195 = LINE('',#1196,#1197);
#1196 = CARTESIAN_POINT('',(20.,-121.2,17.3));
#1197 = VECTOR('',#1198,1.);
#1198 = DIRECTION('',(-0.,0.,-1.));
#1199 = PCURVE('',#240,#1200);
#1200 = DEFINITIONAL_REPRESENTATION('',(#1201),#1204);
#1201 = B_SPLINE_CURVE_WITH_KNOTS('',1,(#1202,#1203),.UNSPECIFIED.,.F.,
  .F.,(2,2),(-22.3,-17.3),.PIECEWISE_BEZIER_KNOTS.);
#1202 = CARTESIAN_POINT('',(39.6,176.));
#1203 = CARTESIAN_POINT('',(34.6,176.));
#1204 = ( GEOMETRIC_REPRESENTATION_CONTEXT(2) 
PARAMETRIC_REPRESENTATION_CONTEXT() REPRESENTATION_CONTEXT('2D SPACE',''
  ) );
#1205 = PCURVE('',#1206,#1211);
#1206 = PLANE('',#1207);
#1207 = AXIS2_PLACEMENT_3D('',#1208,#1209,#1210);
#1208 = CARTESIAN_POINT('',(20.,-128.2,34.6));
#1209 = DIRECTION('',(1.,0.,-0.));
#1210 = DIRECTION('',(0.,0.,1.));
#1211 = DEFINITIONAL_REPRESENTATION('',(#1212),#1215);
#1212 = B_SPLINE_CURVE_WITH_KNOTS('',1,(#1213,#1214),.UNSPECIFIED.,.F.,
  .F.,(2,2),(-22.3,-17.3),.PIECEWISE_BEZIER_KNOTS.);
#1213 = CARTESIAN_POINT('',(5.,-7.));
#1214 = CARTESIAN_POINT('',(0.,-7.));
#1215 = ( GEOMETRIC_REPRESENTATION_CONTEXT(2) 
PARAMETRIC_REPRESENTATION_CONTEXT() REPRESENTATION_CONTEXT('2D SPACE',''
  ) );
#1216 = ORIENTED_EDGE('',*,*,#1217,.T.);
#1217 = EDGE_CURVE('',#1192,#1218,#1220,.T.);
#1218 = VERTEX_POINT('',#1219);
#1219 = CARTESIAN_POINT('',(40.,-121.2,34.6));
#1220 = SURFACE_CURVE('',#1221,(#1225,#1231),.PCURVE_S1.);
#1221 = LINE('',#1222,#1223);
#1222 = CARTESIAN_POINT('',(-68.,-121.2,34.6));
#1223 = VECTOR('',#1224,1.);
#1224 = DIRECTION('',(1.,0.,-0.));
#1225 = PCURVE('',#240,#1226);
#1226 = DEFINITIONAL_REPRESENTATION('',(#1227),#1230);
#1227 = B_SPLINE_CURVE_WITH_KNOTS('',1,(#1228,#1229),.UNSPECIFIED.,.F.,
  .F.,(2,2),(88.,108.),.PIECEWISE_BEZIER_KNOTS.);
#1228 = CARTESIAN_POINT('',(34.6,176.));
#1229 = CARTESIAN_POINT('',(34.6,196.));
#1230 = ( GEOMETRIC_REPRESENTATION_CONTEXT(2) 
PARAMETRIC_REPRESENTATION_CONTEXT() REPRESENTATION_CONTEXT('2D SPACE',''
  ) );
#1231 = PCURVE('',#1232,#1237);
#1232 = PLANE('',#1233);
#1233 = AXIS2_PLACEMENT_3D('',#1234,#1235,#1236);
#1234 = CARTESIAN_POINT('',(20.,-128.2,34.6));
#1235 = DIRECTION('',(0.,0.,1.));
#1236 = DIRECTION('',(1.,0.,-0.));
#1237 = DEFINITIONAL_REPRESENTATION('',(#1238),#1241);
#1238 = B_SPLINE_CURVE_WITH_KNOTS('',1,(#1239,#1240),.UNSPECIFIED.,.F.,
  .F.,(2,2),(88.,108.),.PIECEWISE_BEZIER_KNOTS.);
#1239 = CARTESIAN_POINT('',(0.,7.));
#1240 = CARTESIAN_POINT('',(20.,7.));
#1241 = ( GEOMETRIC_REPRESENTATION_CONTEXT(2) 
PARAMETRIC_REPRESENTATION_CONTEXT() REPRESENTATION_CONTEXT('2D SPACE',''
  ) );
#1242 = ORIENTED_EDGE('',*,*,#1243,.F.);
#1243 = EDGE_CURVE('',#1166,#1218,#1244,.T.);
#1244 = SURFACE_CURVE('',#1245,(#1249,#1255),.PCURVE_S1.);
#1245 = LINE('',#1246,#1247);
#1246 = CARTESIAN_POINT('',(40.,-121.2,17.3));
#1247 = VECTOR('',#1248,1.);
#1248 = DIRECTION('',(-0.,0.,-1.));
#1249 = PCURVE('',#240,#1250);
#1250 = DEFINITIONAL_REPRESENTATION('',(#1251),#1254);
#1251 = B_SPLINE_CURVE_WITH_KNOTS('',1,(#1252,#1253),.UNSPECIFIED.,.F.,
  .F.,(2,2),(-22.3,-17.3),.PIECEWISE_BEZIER_KNOTS.);
#1252 = CARTESIAN_POINT('',(39.6,196.));
#1253 = CARTESIAN_POINT('',(34.6,196.));
#1254 = ( GEOMETRIC_REPRESENTATION_CONTEXT(2) 
PARAMETRIC_REPRESENTATION_CONTEXT() REPRESENTATION_CONTEXT('2D SPACE',''
  ) );
#1255 = PCURVE('',#1256,#1261);
#1256 = PLANE('',#1257);
#1257 = AXIS2_PLACEMENT_3D('',#1258,#1259,#1260);
#1258 = CARTESIAN_POINT('',(40.,-128.2,34.6));
#1259 = DIRECTION('',(1.,0.,-0.));
#1260 = DIRECTION('',(0.,0.,1.));
#1261 = DEFINITIONAL_REPRESENTATION('',(#1262),#1265);
#1262 = B_SPLINE_CURVE_WITH_KNOTS('',1,(#1263,#1264),.UNSPECIFIED.,.F.,
  .F.,(2,2),(-22.3,-17.3),.PIECEWISE_BEZIER_KNOTS.);
#1263 = CARTESIAN_POINT('',(5.,-7.));
#1264 = CARTESIAN_POINT('',(0.,-7.));
#1265 = ( GEOMETRIC_REPRESENTATION_CONTEXT(2) 
PARAMETRIC_REPRESENTATION_CONTEXT() REPRESENTATION_CONTEXT('2D SPACE',''
  ) );
#1266 = FACE_BOUND('',#1267,.F.);
#1267 = EDGE_LOOP('',(#1268,#1296,#1322,#1348));
#1268 = ORIENTED_EDGE('',*,*,#1269,.F.);
#1269 = EDGE_CURVE('',#1270,#1272,#1274,.T.);
#1270 = VERTEX_POINT('',#1271);
#1271 = CARTESIAN_POINT('',(50.,-121.2,39.6));
#1272 = VERTEX_POINT('',#1273);
#1273 = CARTESIAN_POINT('',(70.,-121.2,39.6));
#1274 = SURFACE_CURVE('',#1275,(#1279,#1285),.PCURVE_S1.);
#1275 = LINE('',#1276,#1277);
#1276 = CARTESIAN_POINT('',(-53.,-121.2,39.6));
#1277 = VECTOR('',#1278,1.);
#1278 = DIRECTION('',(1.,0.,-0.));
#1279 = PCURVE('',#240,#1280);
#1280 = DEFINITIONAL_REPRESENTATION('',(#1281),#1284);
#1281 = B_SPLINE_CURVE_WITH_KNOTS('',1,(#1282,#1283),.UNSPECIFIED.,.F.,
  .F.,(2,2),(103.,123.),.PIECEWISE_BEZIER_KNOTS.);
#1282 = CARTESIAN_POINT('',(39.6,206.));
#1283 = CARTESIAN_POINT('',(39.6,226.));
#1284 = ( GEOMETRIC_REPRESENTATION_CONTEXT(2) 
PARAMETRIC_REPRESENTATION_CONTEXT() REPRESENTATION_CONTEXT('2D SPACE',''
  ) );
#1285 = PCURVE('',#1286,#1291);
#1286 = PLANE('',#1287);
#1287 = AXIS2_PLACEMENT_3D('',#1288,#1289,#1290);
#1288 = CARTESIAN_POINT('',(50.,-128.2,39.6));
#1289 = DIRECTION('',(0.,0.,1.));
#1290 = DIRECTION('',(1.,0.,-0.));
#1291 = DEFINITIONAL_REPRESENTATION('',(#1292),#1295);
#1292 = B_SPLINE_CURVE_WITH_KNOTS('',1,(#1293,#1294),.UNSPECIFIED.,.F.,
  .F.,(2,2),(103.,123.),.PIECEWISE_BEZIER_KNOTS.);
#1293 = CARTESIAN_POINT('',(0.,7.));
#1294 = CARTESIAN_POINT('',(20.,7.));
#1295 = ( GEOMETRIC_REPRESENTATION_CONTEXT(2) 
PARAMETRIC_REPRESENTATION_CONTEXT() REPRESENTATION_CONTEXT('2D SPACE',''
  ) );
#1296 = ORIENTED_EDGE('',*,*,#1297,.T.);
#1297 = EDGE_CURVE('',#1270,#1298,#1300,.T.);
#1298 = VERTEX_POINT('',#1299);
#1299 = CARTESIAN_POINT('',(50.,-121.2,34.6));
#1300 = SURFACE_CURVE('',#1301,(#1305,#1311),.PCURVE_S1.);
#1301 = LINE('',#1302,#1303);
#1302 = CARTESIAN_POINT('',(50.,-121.2,17.3));
#1303 = VECTOR('',#1304,1.);
#1304 = DIRECTION('',(-0.,0.,-1.));
#1305 = PCURVE('',#240,#1306);
#1306 = DEFINITIONAL_REPRESENTATION('',(#1307),#1310);
#1307 = B_SPLINE_CURVE_WITH_KNOTS('',1,(#1308,#1309),.UNSPECIFIED.,.F.,
  .F.,(2,2),(-22.3,-17.3),.PIECEWISE_BEZIER_KNOTS.);
#1308 = CARTESIAN_POINT('',(39.6,206.));
#1309 = CARTESIAN_POINT('',(34.6,206.));
#1310 = ( GEOMETRIC_REPRESENTATION_CONTEXT(2) 
PARAMETRIC_REPRESENTATION_CONTEXT() REPRESENTATION_CONTEXT('2D SPACE',''
  ) );
#1311 = PCURVE('',#1312,#1317);
#1312 = PLANE('',#1313);
#1313 = AXIS2_PLACEMENT_3D('',#1314,#1315,#1316);
#1314 = CARTESIAN_POINT('',(50.,-128.2,34.6));
#1315 = DIRECTION('',(1.,0.,-0.));
#1316 = DIRECTION('',(0.,0.,1.));
#1317 = DEFINITIONAL_REPRESENTATION('',(#1318),#1321);
#1318 = B_SPLINE_CURVE_WITH_KNOTS('',1,(#1319,#1320),.UNSPECIFIED.,.F.,
  .F.,(2,2),(-22.3,-17.3),.PIECEWISE_BEZIER_KNOTS.);
#1319 = CARTESIAN_POINT('',(5.,-7.));
#1320 = CARTESIAN_POINT('',(0.,-7.));
#1321 = ( GEOMETRIC_REPRESENTATION_CONTEXT(2) 
PARAMETRIC_REPRESENTATION_CONTEXT() REPRESENTATION_CONTEXT('2D SPACE',''
  ) );
#1322 = ORIENTED_EDGE('',*,*,#1323,.T.);
#1323 = EDGE_CURVE('',#1298,#1324,#1326,.T.);
#1324 = VERTEX_POINT('',#1325);
#1325 = CARTESIAN_POINT('',(70.,-121.2,34.6));
#1326 = SURFACE_CURVE('',#1327,(#1331,#1337),.PCURVE_S1.);
#1327 = LINE('',#1328,#1329);
#1328 = CARTESIAN_POINT('',(-53.,-121.2,34.6));
#1329 = VECTOR('',#1330,1.);
#1330 = DIRECTION('',(1.,0.,-0.));
#1331 = PCURVE('',#240,#1332);
#1332 = DEFINITIONAL_REPRESENTATION('',(#1333),#1336);
#1333 = B_SPLINE_CURVE_WITH_KNOTS('',1,(#1334,#1335),.UNSPECIFIED.,.F.,
  .F.,(2,2),(103.,123.),.PIECEWISE_BEZIER_KNOTS.);
#1334 = CARTESIAN_POINT('',(34.6,206.));
#1335 = CARTESIAN_POINT('',(34.6,226.));
#1336 = ( GEOMETRIC_REPRESENTATION_CONTEXT(2) 
PARAMETRIC_REPRESENTATION_CONTEXT() REPRESENTATION_CONTEXT('2D SPACE',''
  ) );
#1337 = PCURVE('',#1338,#1343);
#1338 = PLANE('',#1339);
#1339 = AXIS2_PLACEMENT_3D('',#1340,#1341,#1342);
#1340 = CARTESIAN_POINT('',(50.,-128.2,34.6));
#1341 = DIRECTION('',(0.,0.,1.));
#1342 = DIRECTION('',(1.,0.,-0.));
#1343 = DEFINITIONAL_REPRESENTATION('',(#1344),#1347);
#1344 = B_SPLINE_CURVE_WITH_KNOTS('',1,(#1345,#1346),.UNSPECIFIED.,.F.,
  .F.,(2,2),(103.,123.),.PIECEWISE_BEZIER_KNOTS.);
#1345 = CARTESIAN_POINT('',(0.,7.));
#1346 = CARTESIAN_POINT('',(20.,7.));
#1347 = ( GEOMETRIC_REPRESENTATION_CONTEXT(2) 
PARAMETRIC_REPRESENTATION_CONTEXT() REPRESENTATION_CONTEXT('2D SPACE',''
  ) );
#1348 = ORIENTED_EDGE('',*,*,#1349,.F.);
#1349 = EDGE_CURVE('',#1272,#1324,#1350,.T.);
#1350 = SURFACE_CURVE('',#1351,(#1355,#1361),.PCURVE_S1.);
#1351 = LINE('',#1352,#1353);
#1352 = CARTESIAN_POINT('',(70.,-121.2,17.3));
#1353 = VECTOR('',#1354,1.);
#1354 = DIRECTION('',(-0.,0.,-1.));
#1355 = PCURVE('',#240,#1356);
#1356 = DEFINITIONAL_REPRESENTATION('',(#1357),#1360);
#1357 = B_SPLINE_CURVE_WITH_KNOTS('',1,(#1358,#1359),.UNSPECIFIED.,.F.,
  .F.,(2,2),(-22.3,-17.3),.PIECEWISE_BEZIER_KNOTS.);
#1358 = CARTESIAN_POINT('',(39.6,226.));
#1359 = CARTESIAN_POINT('',(34.6,226.));
#1360 = ( GEOMETRIC_REPRESENTATION_CONTEXT(2) 
PARAMETRIC_REPRESENTATION_CONTEXT() REPRESENTATION_CONTEXT('2D SPACE',''
  ) );
#1361 = PCURVE('',#1362,#1367);
#1362 = PLANE('',#1363);
#1363 = AXIS2_PLACEMENT_3D('',#1364,#1365,#1366);
#1364 = CARTESIAN_POINT('',(70.,-128.2,34.6));
#1365 = DIRECTION('',(1.,0.,-0.));
#1366 = DIRECTION('',(0.,0.,1.));
#1367 = DEFINITIONAL_REPRESENTATION('',(#1368),#1371);
#1368 = B_SPLINE_CURVE_WITH_KNOTS('',1,(#1369,#1370),.UNSPECIFIED.,.F.,
  .F.,(2,2),(-22.3,-17.3),.PIECEWISE_BEZIER_KNOTS.);
#1369 = CARTESIAN_POINT('',(5.,-7.));
#1370 = CARTESIAN_POINT('',(0.,-7.));
#1371 = ( GEOMETRIC_REPRESENTATION_CONTEXT(2) 
PARAMETRIC_REPRESENTATION_CONTEXT() REPRESENTATION_CONTEXT('2D SPACE',''
  ) );
#1372 = ADVANCED_FACE('',(#1373,#1548),#339,.F.);
#1373 = FACE_BOUND('',#1374,.F.);
#1374 = EDGE_LOOP('',(#1375,#1376,#1377,#1400,#1433,#1461,#1494,#1522));
#1375 = ORIENTED_EDGE('',*,*,#325,.F.);
#1376 = ORIENTED_EDGE('',*,*,#809,.F.);
#1377 = ORIENTED_EDGE('',*,*,#1378,.F.);
#1378 = EDGE_CURVE('',#1379,#782,#1381,.T.);
#1379 = VERTEX_POINT('',#1380);
#1380 = CARTESIAN_POINT('',(153.,-120.2,0.));
#1381 = SURFACE_CURVE('',#1382,(#1386,#1393),.PCURVE_S1.);
#1382 = LINE('',#1383,#1384);
#1383 = CARTESIAN_POINT('',(153.,-120.2,0.));
#1384 = VECTOR('',#1385,1.);
#1385 = DIRECTION('',(-1.,-0.,0.));
#1386 = PCURVE('',#339,#1387);
#1387 = DEFINITIONAL_REPRESENTATION('',(#1388),#1392);
#1388 = LINE('',#1389,#1390);
#1389 = CARTESIAN_POINT('',(309.,1.));
#1390 = VECTOR('',#1391,1.);
#1391 = DIRECTION('',(-1.,0.));
#1392 = ( GEOMETRIC_REPRESENTATION_CONTEXT(2) 
PARAMETRIC_REPRESENTATION_CONTEXT() REPRESENTATION_CONTEXT('2D SPACE',''
  ) );
#1393 = PCURVE('',#796,#1394);
#1394 = DEFINITIONAL_REPRESENTATION('',(#1395),#1399);
#1395 = LINE('',#1396,#1397);
#1396 = CARTESIAN_POINT('',(0.,0.707106781187));
#1397 = VECTOR('',#1398,1.);
#1398 = DIRECTION('',(1.,0.));
#1399 = ( GEOMETRIC_REPRESENTATION_CONTEXT(2) 
PARAMETRIC_REPRESENTATION_CONTEXT() REPRESENTATION_CONTEXT('2D SPACE',''
  ) );
#1400 = ORIENTED_EDGE('',*,*,#1401,.F.);
#1401 = EDGE_CURVE('',#1402,#1379,#1404,.T.);
#1402 = VERTEX_POINT('',#1403);
#1403 = CARTESIAN_POINT('',(155.,-118.2,-5.107025913276E-15));
#1404 = SURFACE_CURVE('',#1405,(#1410,#1421),.PCURVE_S1.);
#1405 = CIRCLE('',#1406,2.);
#1406 = AXIS2_PLACEMENT_3D('',#1407,#1408,#1409);
#1407 = CARTESIAN_POINT('',(153.,-118.2,0.));
#1408 = DIRECTION('',(0.,-0.,-1.));
#1409 = DIRECTION('',(1.,0.,-0.));
#1410 = PCURVE('',#339,#1411);
#1411 = DEFINITIONAL_REPRESENTATION('',(#1412),#1420);
#1412 = ( BOUNDED_CURVE() B_SPLINE_CURVE(2,(#1413,#1414,#1415,#1416,
#1417,#1418,#1419),.UNSPECIFIED.,.T.,.F.) B_SPLINE_CURVE_WITH_KNOTS((1,2
    ,2,2,2,1),(-2.094395102393,0.,2.094395102393,4.188790204786,
6.28318530718,8.377580409573),.UNSPECIFIED.) CURVE() 
GEOMETRIC_REPRESENTATION_ITEM() RATIONAL_B_SPLINE_CURVE((1.,0.5,1.,0.5,
1.,0.5,1.)) REPRESENTATION_ITEM('') );
#1413 = CARTESIAN_POINT('',(311.,3.));
#1414 = CARTESIAN_POINT('',(311.,-0.464101615138));
#1415 = CARTESIAN_POINT('',(308.,1.267949192431));
#1416 = CARTESIAN_POINT('',(305.,3.));
#1417 = CARTESIAN_POINT('',(308.,4.732050807569));
#1418 = CARTESIAN_POINT('',(311.,6.464101615138));
#1419 = CARTESIAN_POINT('',(311.,3.));
#1420 = ( GEOMETRIC_REPRESENTATION_CONTEXT(2) 
PARAMETRIC_REPRESENTATION_CONTEXT() REPRESENTATION_CONTEXT('2D SPACE',''
  ) );
#1421 = PCURVE('',#1422,#1427);
#1422 = CONICAL_SURFACE('',#1423,3.,0.785398163397);
#1423 = AXIS2_PLACEMENT_3D('',#1424,#1425,#1426);
#1424 = CARTESIAN_POINT('',(153.,-118.2,1.));
#1425 = DIRECTION('',(0.,0.,1.));
#1426 = DIRECTION('',(1.,0.,-0.));
#1427 = DEFINITIONAL_REPRESENTATION('',(#1428),#1432);
#1428 = LINE('',#1429,#1430);
#1429 = CARTESIAN_POINT('',(-0.,-1.));
#1430 = VECTOR('',#1431,1.);
#1431 = DIRECTION('',(-1.,-0.));
#1432 = ( GEOMETRIC_REPRESENTATION_CONTEXT(2) 
PARAMETRIC_REPRESENTATION_CONTEXT() REPRESENTATION_CONTEXT('2D SPACE',''
  ) );
#1433 = ORIENTED_EDGE('',*,*,#1434,.F.);
#1434 = EDGE_CURVE('',#1435,#1402,#1437,.T.);
#1435 = VERTEX_POINT('',#1436);
#1436 = CARTESIAN_POINT('',(155.,118.2,0.));
#1437 = SURFACE_CURVE('',#1438,(#1442,#1449),.PCURVE_S1.);
#1438 = LINE('',#1439,#1440);
#1439 = CARTESIAN_POINT('',(155.,118.2,0.));
#1440 = VECTOR('',#1441,1.);
#1441 = DIRECTION('',(0.,-1.,-0.));
#1442 = PCURVE('',#339,#1443);
#1443 = DEFINITIONAL_REPRESENTATION('',(#1444),#1448);
#1444 = LINE('',#1445,#1446);
#1445 = CARTESIAN_POINT('',(311.,239.4));
#1446 = VECTOR('',#1447,1.);
#1447 = DIRECTION('',(0.,-1.));
#1448 = ( GEOMETRIC_REPRESENTATION_CONTEXT(2) 
PARAMETRIC_REPRESENTATION_CONTEXT() REPRESENTATION_CONTEXT('2D SPACE',''
  ) );
#1449 = PCURVE('',#1450,#1455);
#1450 = PLANE('',#1451);
#1451 = AXIS2_PLACEMENT_3D('',#1452,#1453,#1454);
#1452 = CARTESIAN_POINT('',(155.5,118.2,0.5));
#1453 = DIRECTION('',(-0.707106781187,-5.911709633991E-18,0.707106781187
    ));
#1454 = DIRECTION('',(-4.180209970601E-18,1.,4.180209970601E-18));
#1455 = DEFINITIONAL_REPRESENTATION('',(#1456),#1460);
#1456 = LINE('',#1457,#1458);
#1457 = CARTESIAN_POINT('',(-0.,0.707106781187));
#1458 = VECTOR('',#1459,1.);
#1459 = DIRECTION('',(-1.,0.));
#1460 = ( GEOMETRIC_REPRESENTATION_CONTEXT(2) 
PARAMETRIC_REPRESENTATION_CONTEXT() REPRESENTATION_CONTEXT('2D SPACE',''
  ) );
#1461 = ORIENTED_EDGE('',*,*,#1462,.F.);
#1462 = EDGE_CURVE('',#1463,#1435,#1465,.T.);
#1463 = VERTEX_POINT('',#1464);
#1464 = CARTESIAN_POINT('',(153.,120.2,-2.775557561563E-15));
#1465 = SURFACE_CURVE('',#1466,(#1471,#1482),.PCURVE_S1.);
#1466 = CIRCLE('',#1467,2.);
#1467 = AXIS2_PLACEMENT_3D('',#1468,#1469,#1470);
#1468 = CARTESIAN_POINT('',(153.,118.2,0.));
#1469 = DIRECTION('',(0.,-0.,-1.));
#1470 = DIRECTION('',(0.,1.,-0.));
#1471 = PCURVE('',#339,#1472);
#1472 = DEFINITIONAL_REPRESENTATION('',(#1473),#1481);
#1473 = ( BOUNDED_CURVE() B_SPLINE_CURVE(2,(#1474,#1475,#1476,#1477,
#1478,#1479,#1480),.UNSPECIFIED.,.T.,.F.) B_SPLINE_CURVE_WITH_KNOTS((1,2
    ,2,2,2,1),(-2.094395102393,0.,2.094395102393,4.188790204786,
6.28318530718,8.377580409573),.UNSPECIFIED.) CURVE() 
GEOMETRIC_REPRESENTATION_ITEM() RATIONAL_B_SPLINE_CURVE((1.,0.5,1.,0.5,
1.,0.5,1.)) REPRESENTATION_ITEM('') );
#1474 = CARTESIAN_POINT('',(309.,241.4));
#1475 = CARTESIAN_POINT('',(312.46410161513,241.4));
#1476 = CARTESIAN_POINT('',(310.73205080756,238.4));
#1477 = CARTESIAN_POINT('',(309.,235.4));
#1478 = CARTESIAN_POINT('',(307.26794919243,238.4));
#1479 = CARTESIAN_POINT('',(305.53589838486,241.4));
#1480 = CARTESIAN_POINT('',(309.,241.4));
#1481 = ( GEOMETRIC_REPRESENTATION_CONTEXT(2) 
PARAMETRIC_REPRESENTATION_CONTEXT() REPRESENTATION_CONTEXT('2D SPACE',''
  ) );
#1482 = PCURVE('',#1483,#1488);
#1483 = CONICAL_SURFACE('',#1484,3.,0.785398163397);
#1484 = AXIS2_PLACEMENT_3D('',#1485,#1486,#1487);
#1485 = CARTESIAN_POINT('',(153.,118.2,1.));
#1486 = DIRECTION('',(0.,0.,1.));
#1487 = DIRECTION('',(0.,1.,0.));
#1488 = DEFINITIONAL_REPRESENTATION('',(#1489),#1493);
#1489 = LINE('',#1490,#1491);
#1490 = CARTESIAN_POINT('',(-0.,-1.));
#1491 = VECTOR('',#1492,1.);
#1492 = DIRECTION('',(-1.,-0.));
#1493 = ( GEOMETRIC_REPRESENTATION_CONTEXT(2) 
PARAMETRIC_REPRESENTATION_CONTEXT() REPRESENTATION_CONTEXT('2D SPACE',''
  ) );
#1494 = ORIENTED_EDGE('',*,*,#1495,.F.);
#1495 = EDGE_CURVE('',#1496,#1463,#1498,.T.);
#1496 = VERTEX_POINT('',#1497);
#1497 = CARTESIAN_POINT('',(-153.,120.2,0.));
#1498 = SURFACE_CURVE('',#1499,(#1503,#1510),.PCURVE_S1.);
#1499 = LINE('',#1500,#1501);
#1500 = CARTESIAN_POINT('',(-153.,120.2,0.));
#1501 = VECTOR('',#1502,1.);
#1502 = DIRECTION('',(1.,0.,-0.));
#1503 = PCURVE('',#339,#1504);
#1504 = DEFINITIONAL_REPRESENTATION('',(#1505),#1509);
#1505 = LINE('',#1506,#1507);
#1506 = CARTESIAN_POINT('',(3.,241.4));
#1507 = VECTOR('',#1508,1.);
#1508 = DIRECTION('',(1.,0.));
#1509 = ( GEOMETRIC_REPRESENTATION_CONTEXT(2) 
PARAMETRIC_REPRESENTATION_CONTEXT() REPRESENTATION_CONTEXT('2D SPACE',''
  ) );
#1510 = PCURVE('',#1511,#1516);
#1511 = PLANE('',#1512);
#1512 = AXIS2_PLACEMENT_3D('',#1513,#1514,#1515);
#1513 = CARTESIAN_POINT('',(-153.,120.7,0.5));
#1514 = DIRECTION('',(-5.911709633991E-18,-0.707106781187,0.707106781187
    ));
#1515 = DIRECTION('',(-1.,4.180209970601E-18,-4.180209970601E-18));
#1516 = DEFINITIONAL_REPRESENTATION('',(#1517),#1521);
#1517 = LINE('',#1518,#1519);
#1518 = CARTESIAN_POINT('',(-0.,0.707106781187));
#1519 = VECTOR('',#1520,1.);
#1520 = DIRECTION('',(-1.,0.));
#1521 = ( GEOMETRIC_REPRESENTATION_CONTEXT(2) 
PARAMETRIC_REPRESENTATION_CONTEXT() REPRESENTATION_CONTEXT('2D SPACE',''
  ) );
#1522 = ORIENTED_EDGE('',*,*,#1523,.F.);
#1523 = EDGE_CURVE('',#300,#1496,#1524,.T.);
#1524 = SURFACE_CURVE('',#1525,(#1530,#1541),.PCURVE_S1.);
#1525 = CIRCLE('',#1526,2.);
#1526 = AXIS2_PLACEMENT_3D('',#1527,#1528,#1529);
#1527 = CARTESIAN_POINT('',(-153.,118.2,0.));
#1528 = DIRECTION('',(-0.,0.,-1.));
#1529 = DIRECTION('',(-1.,0.,0.));
#1530 = PCURVE('',#339,#1531);
#1531 = DEFINITIONAL_REPRESENTATION('',(#1532),#1540);
#1532 = ( BOUNDED_CURVE() B_SPLINE_CURVE(2,(#1533,#1534,#1535,#1536,
#1537,#1538,#1539),.UNSPECIFIED.,.T.,.F.) B_SPLINE_CURVE_WITH_KNOTS((1,2
    ,2,2,2,1),(-2.094395102393,0.,2.094395102393,4.188790204786,
6.28318530718,8.377580409573),.UNSPECIFIED.) CURVE() 
GEOMETRIC_REPRESENTATION_ITEM() RATIONAL_B_SPLINE_CURVE((1.,0.5,1.,0.5,
1.,0.5,1.)) REPRESENTATION_ITEM('') );
#1533 = CARTESIAN_POINT('',(1.,239.4));
#1534 = CARTESIAN_POINT('',(1.,242.86410161513));
#1535 = CARTESIAN_POINT('',(4.,241.13205080756));
#1536 = CARTESIAN_POINT('',(7.,239.4));
#1537 = CARTESIAN_POINT('',(4.,237.66794919243));
#1538 = CARTESIAN_POINT('',(1.,235.93589838486));
#1539 = CARTESIAN_POINT('',(1.,239.4));
#1540 = ( GEOMETRIC_REPRESENTATION_CONTEXT(2) 
PARAMETRIC_REPRESENTATION_CONTEXT() REPRESENTATION_CONTEXT('2D SPACE',''
  ) );
#1541 = PCURVE('',#314,#1542);
#1542 = DEFINITIONAL_REPRESENTATION('',(#1543),#1547);
#1543 = LINE('',#1544,#1545);
#1544 = CARTESIAN_POINT('',(-0.,-1.));
#1545 = VECTOR('',#1546,1.);
#1546 = DIRECTION('',(-1.,-0.));
#1547 = ( GEOMETRIC_REPRESENTATION_CONTEXT(2) 
PARAMETRIC_REPRESENTATION_CONTEXT() REPRESENTATION_CONTEXT('2D SPACE',''
  ) );
#1548 = FACE_BOUND('',#1549,.F.);
#1549 = EDGE_LOOP('',(#1550,#1580,#1608,#1636));
#1550 = ORIENTED_EDGE('',*,*,#1551,.T.);
#1551 = EDGE_CURVE('',#1552,#1554,#1556,.T.);
#1552 = VERTEX_POINT('',#1553);
#1553 = CARTESIAN_POINT('',(137.,-103.2,-4.107825191113E-15));
#1554 = VERTEX_POINT('',#1555);
#1555 = CARTESIAN_POINT('',(-137.,-103.2,-5.218048215738E-15));
#1556 = SURFACE_CURVE('',#1557,(#1561,#1568),.PCURVE_S1.);
#1557 = LINE('',#1558,#1559);
#1558 = CARTESIAN_POINT('',(136.,-103.2,0.));
#1559 = VECTOR('',#1560,1.);
#1560 = DIRECTION('',(-1.,-0.,0.));
#1561 = PCURVE('',#339,#1562);
#1562 = DEFINITIONAL_REPRESENTATION('',(#1563),#1567);
#1563 = LINE('',#1564,#1565);
#1564 = CARTESIAN_POINT('',(292.,18.));
#1565 = VECTOR('',#1566,1.);
#1566 = DIRECTION('',(-1.,0.));
#1567 = ( GEOMETRIC_REPRESENTATION_CONTEXT(2) 
PARAMETRIC_REPRESENTATION_CONTEXT() REPRESENTATION_CONTEXT('2D SPACE',''
  ) );
#1568 = PCURVE('',#1569,#1574);
#1569 = PLANE('',#1570);
#1570 = AXIS2_PLACEMENT_3D('',#1571,#1572,#1573);
#1571 = CARTESIAN_POINT('',(136.,-102.7,0.5));
#1572 = DIRECTION('',(-5.911709633991E-18,-0.707106781187,0.707106781187
    ));
#1573 = DIRECTION('',(1.,-4.180209970601E-18,4.180209970601E-18));
#1574 = DEFINITIONAL_REPRESENTATION('',(#1575),#1579);
#1575 = LINE('',#1576,#1577);
#1576 = CARTESIAN_POINT('',(-0.,-0.707106781187));
#1577 = VECTOR('',#1578,1.);
#1578 = DIRECTION('',(-1.,0.));
#1579 = ( GEOMETRIC_REPRESENTATION_CONTEXT(2) 
PARAMETRIC_REPRESENTATION_CONTEXT() REPRESENTATION_CONTEXT('2D SPACE',''
  ) );
#1580 = ORIENTED_EDGE('',*,*,#1581,.T.);
#1581 = EDGE_CURVE('',#1554,#1582,#1584,.T.);
#1582 = VERTEX_POINT('',#1583);
#1583 = CARTESIAN_POINT('',(-137.,103.2,-5.218048215738E-15));
#1584 = SURFACE_CURVE('',#1585,(#1589,#1596),.PCURVE_S1.);
#1585 = LINE('',#1586,#1587);
#1586 = CARTESIAN_POINT('',(-137.,-102.2,0.));
#1587 = VECTOR('',#1588,1.);
#1588 = DIRECTION('',(-0.,1.,0.));
#1589 = PCURVE('',#339,#1590);
#1590 = DEFINITIONAL_REPRESENTATION('',(#1591),#1595);
#1591 = LINE('',#1592,#1593);
#1592 = CARTESIAN_POINT('',(19.,19.));
#1593 = VECTOR('',#1594,1.);
#1594 = DIRECTION('',(0.,1.));
#1595 = ( GEOMETRIC_REPRESENTATION_CONTEXT(2) 
PARAMETRIC_REPRESENTATION_CONTEXT() REPRESENTATION_CONTEXT('2D SPACE',''
  ) );
#1596 = PCURVE('',#1597,#1602);
#1597 = PLANE('',#1598);
#1598 = AXIS2_PLACEMENT_3D('',#1599,#1600,#1601);
#1599 = CARTESIAN_POINT('',(-136.5,-102.2,0.5));
#1600 = DIRECTION('',(-0.707106781187,-5.911709633991E-18,0.707106781187
    ));
#1601 = DIRECTION('',(4.180209970601E-18,-1.,-4.180209970601E-18));
#1602 = DEFINITIONAL_REPRESENTATION('',(#1603),#1607);
#1603 = LINE('',#1604,#1605);
#1604 = CARTESIAN_POINT('',(-0.,-0.707106781187));
#1605 = VECTOR('',#1606,1.);
#1606 = DIRECTION('',(-1.,0.));
#1607 = ( GEOMETRIC_REPRESENTATION_CONTEXT(2) 
PARAMETRIC_REPRESENTATION_CONTEXT() REPRESENTATION_CONTEXT('2D SPACE',''
  ) );
#1608 = ORIENTED_EDGE('',*,*,#1609,.F.);
#1609 = EDGE_CURVE('',#1610,#1582,#1612,.T.);
#1610 = VERTEX_POINT('',#1611);
#1611 = CARTESIAN_POINT('',(137.,103.2,6.827871601445E-15));
#1612 = SURFACE_CURVE('',#1613,(#1617,#1624),.PCURVE_S1.);
#1613 = LINE('',#1614,#1615);
#1614 = CARTESIAN_POINT('',(136.,103.2,0.));
#1615 = VECTOR('',#1616,1.);
#1616 = DIRECTION('',(-1.,-0.,0.));
#1617 = PCURVE('',#339,#1618);
#1618 = DEFINITIONAL_REPRESENTATION('',(#1619),#1623);
#1619 = LINE('',#1620,#1621);
#1620 = CARTESIAN_POINT('',(292.,224.4));
#1621 = VECTOR('',#1622,1.);
#1622 = DIRECTION('',(-1.,0.));
#1623 = ( GEOMETRIC_REPRESENTATION_CONTEXT(2) 
PARAMETRIC_REPRESENTATION_CONTEXT() REPRESENTATION_CONTEXT('2D SPACE',''
  ) );
#1624 = PCURVE('',#1625,#1630);
#1625 = PLANE('',#1626);
#1626 = AXIS2_PLACEMENT_3D('',#1627,#1628,#1629);
#1627 = CARTESIAN_POINT('',(136.,102.7,0.5));
#1628 = DIRECTION('',(5.911709633991E-18,-0.707106781187,-0.707106781187
    ));
#1629 = DIRECTION('',(1.,4.180209970601E-18,4.180209970601E-18));
#1630 = DEFINITIONAL_REPRESENTATION('',(#1631),#1635);
#1631 = LINE('',#1632,#1633);
#1632 = CARTESIAN_POINT('',(-0.,-0.707106781187));
#1633 = VECTOR('',#1634,1.);
#1634 = DIRECTION('',(-1.,0.));
#1635 = ( GEOMETRIC_REPRESENTATION_CONTEXT(2) 
PARAMETRIC_REPRESENTATION_CONTEXT() REPRESENTATION_CONTEXT('2D SPACE',''
  ) );
#1636 = ORIENTED_EDGE('',*,*,#1637,.F.);
#1637 = EDGE_CURVE('',#1552,#1610,#1638,.T.);
#1638 = SURFACE_CURVE('',#1639,(#1643,#1650),.PCURVE_S1.);
#1639 = LINE('',#1640,#1641);
#1640 = CARTESIAN_POINT('',(137.,-102.2,0.));
#1641 = VECTOR('',#1642,1.);
#1642 = DIRECTION('',(-0.,1.,0.));
#1643 = PCURVE('',#339,#1644);
#1644 = DEFINITIONAL_REPRESENTATION('',(#1645),#1649);
#1645 = LINE('',#1646,#1647);
#1646 = CARTESIAN_POINT('',(293.,19.));
#1647 = VECTOR('',#1648,1.);
#1648 = DIRECTION('',(0.,1.));
#1649 = ( GEOMETRIC_REPRESENTATION_CONTEXT(2) 
PARAMETRIC_REPRESENTATION_CONTEXT() REPRESENTATION_CONTEXT('2D SPACE',''
  ) );
#1650 = PCURVE('',#1651,#1656);
#1651 = PLANE('',#1652);
#1652 = AXIS2_PLACEMENT_3D('',#1653,#1654,#1655);
#1653 = CARTESIAN_POINT('',(136.5,-102.2,0.5));
#1654 = DIRECTION('',(-0.707106781187,5.911709633991E-18,-0.707106781187
    ));
#1655 = DIRECTION('',(-4.180209970601E-18,-1.,-4.180209970601E-18));
#1656 = DEFINITIONAL_REPRESENTATION('',(#1657),#1661);
#1657 = LINE('',#1658,#1659);
#1658 = CARTESIAN_POINT('',(-0.,-0.707106781187));
#1659 = VECTOR('',#1660,1.);
#1660 = DIRECTION('',(-1.,0.));
#1661 = ( GEOMETRIC_REPRESENTATION_CONTEXT(2) 
PARAMETRIC_REPRESENTATION_CONTEXT() REPRESENTATION_CONTEXT('2D SPACE',''
  ) );
#1662 = ADVANCED_FACE('',(#1663),#314,.T.);
#1663 = FACE_BOUND('',#1664,.T.);
#1664 = EDGE_LOOP('',(#1665,#1666,#1667,#1686));
#1665 = ORIENTED_EDGE('',*,*,#299,.F.);
#1666 = ORIENTED_EDGE('',*,*,#732,.T.);
#1667 = ORIENTED_EDGE('',*,*,#1668,.T.);
#1668 = EDGE_CURVE('',#733,#1496,#1669,.T.);
#1669 = SURFACE_CURVE('',#1670,(#1674,#1680),.PCURVE_S1.);
#1670 = LINE('',#1671,#1672);
#1671 = CARTESIAN_POINT('',(-153.,121.2,1.));
#1672 = VECTOR('',#1673,1.);
#1673 = DIRECTION('',(4.329780281177E-17,-0.707106781187,-0.707106781187
    ));
#1674 = PCURVE('',#314,#1675);
#1675 = DEFINITIONAL_REPRESENTATION('',(#1676),#1679);
#1676 = B_SPLINE_CURVE_WITH_KNOTS('',1,(#1677,#1678),.UNSPECIFIED.,.F.,
  .F.,(2,2),(0.,1.414213562373),.PIECEWISE_BEZIER_KNOTS.);
#1677 = CARTESIAN_POINT('',(-1.570796326795,0.));
#1678 = CARTESIAN_POINT('',(-1.570796326795,-1.));
#1679 = ( GEOMETRIC_REPRESENTATION_CONTEXT(2) 
PARAMETRIC_REPRESENTATION_CONTEXT() REPRESENTATION_CONTEXT('2D SPACE',''
  ) );
#1680 = PCURVE('',#1511,#1681);
#1681 = DEFINITIONAL_REPRESENTATION('',(#1682),#1685);
#1682 = B_SPLINE_CURVE_WITH_KNOTS('',1,(#1683,#1684),.UNSPECIFIED.,.F.,
  .F.,(2,2),(0.,1.414213562373),.PIECEWISE_BEZIER_KNOTS.);
#1683 = CARTESIAN_POINT('',(0.,-0.707106781187));
#1684 = CARTESIAN_POINT('',(0.,0.707106781187));
#1685 = ( GEOMETRIC_REPRESENTATION_CONTEXT(2) 
PARAMETRIC_REPRESENTATION_CONTEXT() REPRESENTATION_CONTEXT('2D SPACE',''
  ) );
#1686 = ORIENTED_EDGE('',*,*,#1523,.F.);
#1687 = ADVANCED_FACE('',(#1688,#1736,#1842,#1948,#2054),#690,.T.);
#1688 = FACE_BOUND('',#1689,.T.);
#1689 = EDGE_LOOP('',(#1690,#1691,#1692,#1715));
#1690 = ORIENTED_EDGE('',*,*,#756,.T.);
#1691 = ORIENTED_EDGE('',*,*,#674,.T.);
#1692 = ORIENTED_EDGE('',*,*,#1693,.F.);
#1693 = EDGE_CURVE('',#1694,#646,#1696,.T.);
#1694 = VERTEX_POINT('',#1695);
#1695 = CARTESIAN_POINT('',(153.,121.2,1.));
#1696 = SURFACE_CURVE('',#1697,(#1701,#1708),.PCURVE_S1.);
#1697 = LINE('',#1698,#1699);
#1698 = CARTESIAN_POINT('',(153.,121.2,0.));
#1699 = VECTOR('',#1700,1.);
#1700 = DIRECTION('',(0.,0.,1.));
#1701 = PCURVE('',#690,#1702);
#1702 = DEFINITIONAL_REPRESENTATION('',(#1703),#1707);
#1703 = LINE('',#1704,#1705);
#1704 = CARTESIAN_POINT('',(0.,309.));
#1705 = VECTOR('',#1706,1.);
#1706 = DIRECTION('',(1.,0.));
#1707 = ( GEOMETRIC_REPRESENTATION_CONTEXT(2) 
PARAMETRIC_REPRESENTATION_CONTEXT() REPRESENTATION_CONTEXT('2D SPACE',''
  ) );
#1708 = PCURVE('',#662,#1709);
#1709 = DEFINITIONAL_REPRESENTATION('',(#1710),#1714);
#1710 = LINE('',#1711,#1712);
#1711 = CARTESIAN_POINT('',(1.570796326795,0.));
#1712 = VECTOR('',#1713,1.);
#1713 = DIRECTION('',(0.,1.));
#1714 = ( GEOMETRIC_REPRESENTATION_CONTEXT(2) 
PARAMETRIC_REPRESENTATION_CONTEXT() REPRESENTATION_CONTEXT('2D SPACE',''
  ) );
#1715 = ORIENTED_EDGE('',*,*,#1716,.F.);
#1716 = EDGE_CURVE('',#733,#1694,#1717,.T.);
#1717 = SURFACE_CURVE('',#1718,(#1722,#1729),.PCURVE_S1.);
#1718 = LINE('',#1719,#1720);
#1719 = CARTESIAN_POINT('',(-153.,121.2,1.));
#1720 = VECTOR('',#1721,1.);
#1721 = DIRECTION('',(1.,0.,-0.));
#1722 = PCURVE('',#690,#1723);
#1723 = DEFINITIONAL_REPRESENTATION('',(#1724),#1728);
#1724 = LINE('',#1725,#1726);
#1725 = CARTESIAN_POINT('',(1.,3.));
#1726 = VECTOR('',#1727,1.);
#1727 = DIRECTION('',(0.,1.));
#1728 = ( GEOMETRIC_REPRESENTATION_CONTEXT(2) 
PARAMETRIC_REPRESENTATION_CONTEXT() REPRESENTATION_CONTEXT('2D SPACE',''
  ) );
#1729 = PCURVE('',#1511,#1730);
#1730 = DEFINITIONAL_REPRESENTATION('',(#1731),#1735);
#1731 = LINE('',#1732,#1733);
#1732 = CARTESIAN_POINT('',(-0.,-0.707106781187));
#1733 = VECTOR('',#1734,1.);
#1734 = DIRECTION('',(-1.,0.));
#1735 = ( GEOMETRIC_REPRESENTATION_CONTEXT(2) 
PARAMETRIC_REPRESENTATION_CONTEXT() REPRESENTATION_CONTEXT('2D SPACE',''
  ) );
#1736 = FACE_BOUND('',#1737,.T.);
#1737 = EDGE_LOOP('',(#1738,#1766,#1792,#1818));
#1738 = ORIENTED_EDGE('',*,*,#1739,.F.);
#1739 = EDGE_CURVE('',#1740,#1742,#1744,.T.);
#1740 = VERTEX_POINT('',#1741);
#1741 = CARTESIAN_POINT('',(-65.,121.2,39.6));
#1742 = VERTEX_POINT('',#1743);
#1743 = CARTESIAN_POINT('',(-45.,121.2,39.6));
#1744 = SURFACE_CURVE('',#1745,(#1749,#1755),.PCURVE_S1.);
#1745 = LINE('',#1746,#1747);
#1746 = CARTESIAN_POINT('',(-110.5,121.2,39.6));
#1747 = VECTOR('',#1748,1.);
#1748 = DIRECTION('',(1.,0.,-0.));
#1749 = PCURVE('',#690,#1750);
#1750 = DEFINITIONAL_REPRESENTATION('',(#1751),#1754);
#1751 = B_SPLINE_CURVE_WITH_KNOTS('',1,(#1752,#1753),.UNSPECIFIED.,.F.,
  .F.,(2,2),(45.5,65.5),.PIECEWISE_BEZIER_KNOTS.);
#1752 = CARTESIAN_POINT('',(39.6,91.));
#1753 = CARTESIAN_POINT('',(39.6,111.));
#1754 = ( GEOMETRIC_REPRESENTATION_CONTEXT(2) 
PARAMETRIC_REPRESENTATION_CONTEXT() REPRESENTATION_CONTEXT('2D SPACE',''
  ) );
#1755 = PCURVE('',#1756,#1761);
#1756 = PLANE('',#1757);
#1757 = AXIS2_PLACEMENT_3D('',#1758,#1759,#1760);
#1758 = CARTESIAN_POINT('',(-65.,98.2,39.6));
#1759 = DIRECTION('',(0.,0.,1.));
#1760 = DIRECTION('',(1.,0.,-0.));
#1761 = DEFINITIONAL_REPRESENTATION('',(#1762),#1765);
#1762 = B_SPLINE_CURVE_WITH_KNOTS('',1,(#1763,#1764),.UNSPECIFIED.,.F.,
  .F.,(2,2),(45.5,65.5),.PIECEWISE_BEZIER_KNOTS.);
#1763 = CARTESIAN_POINT('',(0.,23.));
#1764 = CARTESIAN_POINT('',(20.,23.));
#1765 = ( GEOMETRIC_REPRESENTATION_CONTEXT(2) 
PARAMETRIC_REPRESENTATION_CONTEXT() REPRESENTATION_CONTEXT('2D SPACE',''
  ) );
#1766 = ORIENTED_EDGE('',*,*,#1767,.T.);
#1767 = EDGE_CURVE('',#1740,#1768,#1770,.T.);
#1768 = VERTEX_POINT('',#1769);
#1769 = CARTESIAN_POINT('',(-65.,121.2,34.6));
#1770 = SURFACE_CURVE('',#1771,(#1775,#1781),.PCURVE_S1.);
#1771 = LINE('',#1772,#1773);
#1772 = CARTESIAN_POINT('',(-65.,121.2,17.3));
#1773 = VECTOR('',#1774,1.);
#1774 = DIRECTION('',(-0.,0.,-1.));
#1775 = PCURVE('',#690,#1776);
#1776 = DEFINITIONAL_REPRESENTATION('',(#1777),#1780);
#1777 = B_SPLINE_CURVE_WITH_KNOTS('',1,(#1778,#1779),.UNSPECIFIED.,.F.,
  .F.,(2,2),(-22.3,-17.3),.PIECEWISE_BEZIER_KNOTS.);
#1778 = CARTESIAN_POINT('',(39.6,91.));
#1779 = CARTESIAN_POINT('',(34.6,91.));
#1780 = ( GEOMETRIC_REPRESENTATION_CONTEXT(2) 
PARAMETRIC_REPRESENTATION_CONTEXT() REPRESENTATION_CONTEXT('2D SPACE',''
  ) );
#1781 = PCURVE('',#1782,#1787);
#1782 = PLANE('',#1783);
#1783 = AXIS2_PLACEMENT_3D('',#1784,#1785,#1786);
#1784 = CARTESIAN_POINT('',(-65.,98.2,34.6));
#1785 = DIRECTION('',(1.,0.,-0.));
#1786 = DIRECTION('',(0.,0.,1.));
#1787 = DEFINITIONAL_REPRESENTATION('',(#1788),#1791);
#1788 = B_SPLINE_CURVE_WITH_KNOTS('',1,(#1789,#1790),.UNSPECIFIED.,.F.,
  .F.,(2,2),(-22.3,-17.3),.PIECEWISE_BEZIER_KNOTS.);
#1789 = CARTESIAN_POINT('',(5.,-23.));
#1790 = CARTESIAN_POINT('',(0.,-23.));
#1791 = ( GEOMETRIC_REPRESENTATION_CONTEXT(2) 
PARAMETRIC_REPRESENTATION_CONTEXT() REPRESENTATION_CONTEXT('2D SPACE',''
  ) );
#1792 = ORIENTED_EDGE('',*,*,#1793,.T.);
#1793 = EDGE_CURVE('',#1768,#1794,#1796,.T.);
#1794 = VERTEX_POINT('',#1795);
#1795 = CARTESIAN_POINT('',(-45.,121.2,34.6));
#1796 = SURFACE_CURVE('',#1797,(#1801,#1807),.PCURVE_S1.);
#1797 = LINE('',#1798,#1799);
#1798 = CARTESIAN_POINT('',(-110.5,121.2,34.6));
#1799 = VECTOR('',#1800,1.);
#1800 = DIRECTION('',(1.,0.,-0.));
#1801 = PCURVE('',#690,#1802);
#1802 = DEFINITIONAL_REPRESENTATION('',(#1803),#1806);
#1803 = B_SPLINE_CURVE_WITH_KNOTS('',1,(#1804,#1805),.UNSPECIFIED.,.F.,
  .F.,(2,2),(45.5,65.5),.PIECEWISE_BEZIER_KNOTS.);
#1804 = CARTESIAN_POINT('',(34.6,91.));
#1805 = CARTESIAN_POINT('',(34.6,111.));
#1806 = ( GEOMETRIC_REPRESENTATION_CONTEXT(2) 
PARAMETRIC_REPRESENTATION_CONTEXT() REPRESENTATION_CONTEXT('2D SPACE',''
  ) );
#1807 = PCURVE('',#1808,#1813);
#1808 = PLANE('',#1809);
#1809 = AXIS2_PLACEMENT_3D('',#1810,#1811,#1812);
#1810 = CARTESIAN_POINT('',(-65.,98.2,34.6));
#1811 = DIRECTION('',(0.,0.,1.));
#1812 = DIRECTION('',(1.,0.,-0.));
#1813 = DEFINITIONAL_REPRESENTATION('',(#1814),#1817);
#1814 = B_SPLINE_CURVE_WITH_KNOTS('',1,(#1815,#1816),.UNSPECIFIED.,.F.,
  .F.,(2,2),(45.5,65.5),.PIECEWISE_BEZIER_KNOTS.);
#1815 = CARTESIAN_POINT('',(0.,23.));
#1816 = CARTESIAN_POINT('',(20.,23.));
#1817 = ( GEOMETRIC_REPRESENTATION_CONTEXT(2) 
PARAMETRIC_REPRESENTATION_CONTEXT() REPRESENTATION_CONTEXT('2D SPACE',''
  ) );
#1818 = ORIENTED_EDGE('',*,*,#1819,.F.);
#1819 = EDGE_CURVE('',#1742,#1794,#1820,.T.);
#1820 = SURFACE_CURVE('',#1821,(#1825,#1831),.PCURVE_S1.);
#1821 = LINE('',#1822,#1823);
#1822 = CARTESIAN_POINT('',(-45.,121.2,17.3));
#1823 = VECTOR('',#1824,1.);
#1824 = DIRECTION('',(-0.,0.,-1.));
#1825 = PCURVE('',#690,#1826);
#1826 = DEFINITIONAL_REPRESENTATION('',(#1827),#1830);
#1827 = B_SPLINE_CURVE_WITH_KNOTS('',1,(#1828,#1829),.UNSPECIFIED.,.F.,
  .F.,(2,2),(-22.3,-17.3),.PIECEWISE_BEZIER_KNOTS.);
#1828 = CARTESIAN_POINT('',(39.6,111.));
#1829 = CARTESIAN_POINT('',(34.6,111.));
#1830 = ( GEOMETRIC_REPRESENTATION_CONTEXT(2) 
PARAMETRIC_REPRESENTATION_CONTEXT() REPRESENTATION_CONTEXT('2D SPACE',''
  ) );
#1831 = PCURVE('',#1832,#1837);
#1832 = PLANE('',#1833);
#1833 = AXIS2_PLACEMENT_3D('',#1834,#1835,#1836);
#1834 = CARTESIAN_POINT('',(-45.,98.2,34.6));
#1835 = DIRECTION('',(1.,0.,-0.));
#1836 = DIRECTION('',(0.,0.,1.));
#1837 = DEFINITIONAL_REPRESENTATION('',(#1838),#1841);
#1838 = B_SPLINE_CURVE_WITH_KNOTS('',1,(#1839,#1840),.UNSPECIFIED.,.F.,
  .F.,(2,2),(-22.3,-17.3),.PIECEWISE_BEZIER_KNOTS.);
#1839 = CARTESIAN_POINT('',(5.,-23.));
#1840 = CARTESIAN_POINT('',(0.,-23.));
#1841 = ( GEOMETRIC_REPRESENTATION_CONTEXT(2) 
PARAMETRIC_REPRESENTATION_CONTEXT() REPRESENTATION_CONTEXT('2D SPACE',''
  ) );
#1842 = FACE_BOUND('',#1843,.T.);
#1843 = EDGE_LOOP('',(#1844,#1872,#1898,#1924));
#1844 = ORIENTED_EDGE('',*,*,#1845,.F.);
#1845 = EDGE_CURVE('',#1846,#1848,#1850,.T.);
#1846 = VERTEX_POINT('',#1847);
#1847 = CARTESIAN_POINT('',(-35.,121.2,39.6));
#1848 = VERTEX_POINT('',#1849);
#1849 = CARTESIAN_POINT('',(-15.,121.2,39.6));
#1850 = SURFACE_CURVE('',#1851,(#1855,#1861),.PCURVE_S1.);
#1851 = LINE('',#1852,#1853);
#1852 = CARTESIAN_POINT('',(-95.5,121.2,39.6));
#1853 = VECTOR('',#1854,1.);
#1854 = DIRECTION('',(1.,0.,-0.));
#1855 = PCURVE('',#690,#1856);
#1856 = DEFINITIONAL_REPRESENTATION('',(#1857),#1860);
#1857 = B_SPLINE_CURVE_WITH_KNOTS('',1,(#1858,#1859),.UNSPECIFIED.,.F.,
  .F.,(2,2),(60.5,80.5),.PIECEWISE_BEZIER_KNOTS.);
#1858 = CARTESIAN_POINT('',(39.6,121.));
#1859 = CARTESIAN_POINT('',(39.6,141.));
#1860 = ( GEOMETRIC_REPRESENTATION_CONTEXT(2) 
PARAMETRIC_REPRESENTATION_CONTEXT() REPRESENTATION_CONTEXT('2D SPACE',''
  ) );
#1861 = PCURVE('',#1862,#1867);
#1862 = PLANE('',#1863);
#1863 = AXIS2_PLACEMENT_3D('',#1864,#1865,#1866);
#1864 = CARTESIAN_POINT('',(-35.,98.2,39.6));
#1865 = DIRECTION('',(0.,0.,1.));
#1866 = DIRECTION('',(1.,0.,-0.));
#1867 = DEFINITIONAL_REPRESENTATION('',(#1868),#1871);
#1868 = B_SPLINE_CURVE_WITH_KNOTS('',1,(#1869,#1870),.UNSPECIFIED.,.F.,
  .F.,(2,2),(60.5,80.5),.PIECEWISE_BEZIER_KNOTS.);
#1869 = CARTESIAN_POINT('',(0.,23.));
#1870 = CARTESIAN_POINT('',(20.,23.));
#1871 = ( GEOMETRIC_REPRESENTATION_CONTEXT(2) 
PARAMETRIC_REPRESENTATION_CONTEXT() REPRESENTATION_CONTEXT('2D SPACE',''
  ) );
#1872 = ORIENTED_EDGE('',*,*,#1873,.T.);
#1873 = EDGE_CURVE('',#1846,#1874,#1876,.T.);
#1874 = VERTEX_POINT('',#1875);
#1875 = CARTESIAN_POINT('',(-35.,121.2,34.6));
#1876 = SURFACE_CURVE('',#1877,(#1881,#1887),.PCURVE_S1.);
#1877 = LINE('',#1878,#1879);
#1878 = CARTESIAN_POINT('',(-35.,121.2,17.3));
#1879 = VECTOR('',#1880,1.);
#1880 = DIRECTION('',(-0.,0.,-1.));
#1881 = PCURVE('',#690,#1882);
#1882 = DEFINITIONAL_REPRESENTATION('',(#1883),#1886);
#1883 = B_SPLINE_CURVE_WITH_KNOTS('',1,(#1884,#1885),.UNSPECIFIED.,.F.,
  .F.,(2,2),(-22.3,-17.3),.PIECEWISE_BEZIER_KNOTS.);
#1884 = CARTESIAN_POINT('',(39.6,121.));
#1885 = CARTESIAN_POINT('',(34.6,121.));
#1886 = ( GEOMETRIC_REPRESENTATION_CONTEXT(2) 
PARAMETRIC_REPRESENTATION_CONTEXT() REPRESENTATION_CONTEXT('2D SPACE',''
  ) );
#1887 = PCURVE('',#1888,#1893);
#1888 = PLANE('',#1889);
#1889 = AXIS2_PLACEMENT_3D('',#1890,#1891,#1892);
#1890 = CARTESIAN_POINT('',(-35.,98.2,34.6));
#1891 = DIRECTION('',(1.,0.,-0.));
#1892 = DIRECTION('',(0.,0.,1.));
#1893 = DEFINITIONAL_REPRESENTATION('',(#1894),#1897);
#1894 = B_SPLINE_CURVE_WITH_KNOTS('',1,(#1895,#1896),.UNSPECIFIED.,.F.,
  .F.,(2,2),(-22.3,-17.3),.PIECEWISE_BEZIER_KNOTS.);
#1895 = CARTESIAN_POINT('',(5.,-23.));
#1896 = CARTESIAN_POINT('',(0.,-23.));
#1897 = ( GEOMETRIC_REPRESENTATION_CONTEXT(2) 
PARAMETRIC_REPRESENTATION_CONTEXT() REPRESENTATION_CONTEXT('2D SPACE',''
  ) );
#1898 = ORIENTED_EDGE('',*,*,#1899,.T.);
#1899 = EDGE_CURVE('',#1874,#1900,#1902,.T.);
#1900 = VERTEX_POINT('',#1901);
#1901 = CARTESIAN_POINT('',(-15.,121.2,34.6));
#1902 = SURFACE_CURVE('',#1903,(#1907,#1913),.PCURVE_S1.);
#1903 = LINE('',#1904,#1905);
#1904 = CARTESIAN_POINT('',(-95.5,121.2,34.6));
#1905 = VECTOR('',#1906,1.);
#1906 = DIRECTION('',(1.,0.,-0.));
#1907 = PCURVE('',#690,#1908);
#1908 = DEFINITIONAL_REPRESENTATION('',(#1909),#1912);
#1909 = B_SPLINE_CURVE_WITH_KNOTS('',1,(#1910,#1911),.UNSPECIFIED.,.F.,
  .F.,(2,2),(60.5,80.5),.PIECEWISE_BEZIER_KNOTS.);
#1910 = CARTESIAN_POINT('',(34.6,121.));
#1911 = CARTESIAN_POINT('',(34.6,141.));
#1912 = ( GEOMETRIC_REPRESENTATION_CONTEXT(2) 
PARAMETRIC_REPRESENTATION_CONTEXT() REPRESENTATION_CONTEXT('2D SPACE',''
  ) );
#1913 = PCURVE('',#1914,#1919);
#1914 = PLANE('',#1915);
#1915 = AXIS2_PLACEMENT_3D('',#1916,#1917,#1918);
#1916 = CARTESIAN_POINT('',(-35.,98.2,34.6));
#1917 = DIRECTION('',(0.,0.,1.));
#1918 = DIRECTION('',(1.,0.,-0.));
#1919 = DEFINITIONAL_REPRESENTATION('',(#1920),#1923);
#1920 = B_SPLINE_CURVE_WITH_KNOTS('',1,(#1921,#1922),.UNSPECIFIED.,.F.,
  .F.,(2,2),(60.5,80.5),.PIECEWISE_BEZIER_KNOTS.);
#1921 = CARTESIAN_POINT('',(0.,23.));
#1922 = CARTESIAN_POINT('',(20.,23.));
#1923 = ( GEOMETRIC_REPRESENTATION_CONTEXT(2) 
PARAMETRIC_REPRESENTATION_CONTEXT() REPRESENTATION_CONTEXT('2D SPACE',''
  ) );
#1924 = ORIENTED_EDGE('',*,*,#1925,.F.);
#1925 = EDGE_CURVE('',#1848,#1900,#1926,.T.);
#1926 = SURFACE_CURVE('',#1927,(#1931,#1937),.PCURVE_S1.);
#1927 = LINE('',#1928,#1929);
#1928 = CARTESIAN_POINT('',(-15.,121.2,17.3));
#1929 = VECTOR('',#1930,1.);
#1930 = DIRECTION('',(-0.,0.,-1.));
#1931 = PCURVE('',#690,#1932);
#1932 = DEFINITIONAL_REPRESENTATION('',(#1933),#1936);
#1933 = B_SPLINE_CURVE_WITH_KNOTS('',1,(#1934,#1935),.UNSPECIFIED.,.F.,
  .F.,(2,2),(-22.3,-17.3),.PIECEWISE_BEZIER_KNOTS.);
#1934 = CARTESIAN_POINT('',(39.6,141.));
#1935 = CARTESIAN_POINT('',(34.6,141.));
#1936 = ( GEOMETRIC_REPRESENTATION_CONTEXT(2) 
PARAMETRIC_REPRESENTATION_CONTEXT() REPRESENTATION_CONTEXT('2D SPACE',''
  ) );
#1937 = PCURVE('',#1938,#1943);
#1938 = PLANE('',#1939);
#1939 = AXIS2_PLACEMENT_3D('',#1940,#1941,#1942);
#1940 = CARTESIAN_POINT('',(-15.,98.2,34.6));
#1941 = DIRECTION('',(1.,0.,-0.));
#1942 = DIRECTION('',(0.,0.,1.));
#1943 = DEFINITIONAL_REPRESENTATION('',(#1944),#1947);
#1944 = B_SPLINE_CURVE_WITH_KNOTS('',1,(#1945,#1946),.UNSPECIFIED.,.F.,
  .F.,(2,2),(-22.3,-17.3),.PIECEWISE_BEZIER_KNOTS.);
#1945 = CARTESIAN_POINT('',(5.,-23.));
#1946 = CARTESIAN_POINT('',(0.,-23.));
#1947 = ( GEOMETRIC_REPRESENTATION_CONTEXT(2) 
PARAMETRIC_REPRESENTATION_CONTEXT() REPRESENTATION_CONTEXT('2D SPACE',''
  ) );
#1948 = FACE_BOUND('',#1949,.T.);
#1949 = EDGE_LOOP('',(#1950,#1978,#2004,#2030));
#1950 = ORIENTED_EDGE('',*,*,#1951,.F.);
#1951 = EDGE_CURVE('',#1952,#1954,#1956,.T.);
#1952 = VERTEX_POINT('',#1953);
#1953 = CARTESIAN_POINT('',(15.,121.2,39.6));
#1954 = VERTEX_POINT('',#1955);
#1955 = CARTESIAN_POINT('',(35.,121.2,39.6));
#1956 = SURFACE_CURVE('',#1957,(#1961,#1967),.PCURVE_S1.);
#1957 = LINE('',#1958,#1959);
#1958 = CARTESIAN_POINT('',(-70.5,121.2,39.6));
#1959 = VECTOR('',#1960,1.);
#1960 = DIRECTION('',(1.,0.,-0.));
#1961 = PCURVE('',#690,#1962);
#1962 = DEFINITIONAL_REPRESENTATION('',(#1963),#1966);
#1963 = B_SPLINE_CURVE_WITH_KNOTS('',1,(#1964,#1965),.UNSPECIFIED.,.F.,
  .F.,(2,2),(85.5,105.5),.PIECEWISE_BEZIER_KNOTS.);
#1964 = CARTESIAN_POINT('',(39.6,171.));
#1965 = CARTESIAN_POINT('',(39.6,191.));
#1966 = ( GEOMETRIC_REPRESENTATION_CONTEXT(2) 
PARAMETRIC_REPRESENTATION_CONTEXT() REPRESENTATION_CONTEXT('2D SPACE',''
  ) );
#1967 = PCURVE('',#1968,#1973);
#1968 = PLANE('',#1969);
#1969 = AXIS2_PLACEMENT_3D('',#1970,#1971,#1972);
#1970 = CARTESIAN_POINT('',(15.,98.2,39.6));
#1971 = DIRECTION('',(0.,0.,1.));
#1972 = DIRECTION('',(1.,0.,-0.));
#1973 = DEFINITIONAL_REPRESENTATION('',(#1974),#1977);
#1974 = B_SPLINE_CURVE_WITH_KNOTS('',1,(#1975,#1976),.UNSPECIFIED.,.F.,
  .F.,(2,2),(85.5,105.5),.PIECEWISE_BEZIER_KNOTS.);
#1975 = CARTESIAN_POINT('',(0.,23.));
#1976 = CARTESIAN_POINT('',(20.,23.));
#1977 = ( GEOMETRIC_REPRESENTATION_CONTEXT(2) 
PARAMETRIC_REPRESENTATION_CONTEXT() REPRESENTATION_CONTEXT('2D SPACE',''
  ) );
#1978 = ORIENTED_EDGE('',*,*,#1979,.T.);
#1979 = EDGE_CURVE('',#1952,#1980,#1982,.T.);
#1980 = VERTEX_POINT('',#1981);
#1981 = CARTESIAN_POINT('',(15.,121.2,34.6));
#1982 = SURFACE_CURVE('',#1983,(#1987,#1993),.PCURVE_S1.);
#1983 = LINE('',#1984,#1985);
#1984 = CARTESIAN_POINT('',(15.,121.2,17.3));
#1985 = VECTOR('',#1986,1.);
#1986 = DIRECTION('',(-0.,0.,-1.));
#1987 = PCURVE('',#690,#1988);
#1988 = DEFINITIONAL_REPRESENTATION('',(#1989),#1992);
#1989 = B_SPLINE_CURVE_WITH_KNOTS('',1,(#1990,#1991),.UNSPECIFIED.,.F.,
  .F.,(2,2),(-22.3,-17.3),.PIECEWISE_BEZIER_KNOTS.);
#1990 = CARTESIAN_POINT('',(39.6,171.));
#1991 = CARTESIAN_POINT('',(34.6,171.));
#1992 = ( GEOMETRIC_REPRESENTATION_CONTEXT(2) 
PARAMETRIC_REPRESENTATION_CONTEXT() REPRESENTATION_CONTEXT('2D SPACE',''
  ) );
#1993 = PCURVE('',#1994,#1999);
#1994 = PLANE('',#1995);
#1995 = AXIS2_PLACEMENT_3D('',#1996,#1997,#1998);
#1996 = CARTESIAN_POINT('',(15.,98.2,34.6));
#1997 = DIRECTION('',(1.,0.,-0.));
#1998 = DIRECTION('',(0.,0.,1.));
#1999 = DEFINITIONAL_REPRESENTATION('',(#2000),#2003);
#2000 = B_SPLINE_CURVE_WITH_KNOTS('',1,(#2001,#2002),.UNSPECIFIED.,.F.,
  .F.,(2,2),(-22.3,-17.3),.PIECEWISE_BEZIER_KNOTS.);
#2001 = CARTESIAN_POINT('',(5.,-23.));
#2002 = CARTESIAN_POINT('',(0.,-23.));
#2003 = ( GEOMETRIC_REPRESENTATION_CONTEXT(2) 
PARAMETRIC_REPRESENTATION_CONTEXT() REPRESENTATION_CONTEXT('2D SPACE',''
  ) );
#2004 = ORIENTED_EDGE('',*,*,#2005,.T.);
#2005 = EDGE_CURVE('',#1980,#2006,#2008,.T.);
#2006 = VERTEX_POINT('',#2007);
#2007 = CARTESIAN_POINT('',(35.,121.2,34.6));
#2008 = SURFACE_CURVE('',#2009,(#2013,#2019),.PCURVE_S1.);
#2009 = LINE('',#2010,#2011);
#2010 = CARTESIAN_POINT('',(-70.5,121.2,34.6));
#2011 = VECTOR('',#2012,1.);
#2012 = DIRECTION('',(1.,0.,-0.));
#2013 = PCURVE('',#690,#2014);
#2014 = DEFINITIONAL_REPRESENTATION('',(#2015),#2018);
#2015 = B_SPLINE_CURVE_WITH_KNOTS('',1,(#2016,#2017),.UNSPECIFIED.,.F.,
  .F.,(2,2),(85.5,105.5),.PIECEWISE_BEZIER_KNOTS.);
#2016 = CARTESIAN_POINT('',(34.6,171.));
#2017 = CARTESIAN_POINT('',(34.6,191.));
#2018 = ( GEOMETRIC_REPRESENTATION_CONTEXT(2) 
PARAMETRIC_REPRESENTATION_CONTEXT() REPRESENTATION_CONTEXT('2D SPACE',''
  ) );
#2019 = PCURVE('',#2020,#2025);
#2020 = PLANE('',#2021);
#2021 = AXIS2_PLACEMENT_3D('',#2022,#2023,#2024);
#2022 = CARTESIAN_POINT('',(15.,98.2,34.6));
#2023 = DIRECTION('',(0.,0.,1.));
#2024 = DIRECTION('',(1.,0.,-0.));
#2025 = DEFINITIONAL_REPRESENTATION('',(#2026),#2029);
#2026 = B_SPLINE_CURVE_WITH_KNOTS('',1,(#2027,#2028),.UNSPECIFIED.,.F.,
  .F.,(2,2),(85.5,105.5),.PIECEWISE_BEZIER_KNOTS.);
#2027 = CARTESIAN_POINT('',(0.,23.));
#2028 = CARTESIAN_POINT('',(20.,23.));
#2029 = ( GEOMETRIC_REPRESENTATION_CONTEXT(2) 
PARAMETRIC_REPRESENTATION_CONTEXT() REPRESENTATION_CONTEXT('2D SPACE',''
  ) );
#2030 = ORIENTED_EDGE('',*,*,#2031,.F.);
#2031 = EDGE_CURVE('',#1954,#2006,#2032,.T.);
#2032 = SURFACE_CURVE('',#2033,(#2037,#2043),.PCURVE_S1.);
#2033 = LINE('',#2034,#2035);
#2034 = CARTESIAN_POINT('',(35.,121.2,17.3));
#2035 = VECTOR('',#2036,1.);
#2036 = DIRECTION('',(-0.,0.,-1.));
#2037 = PCURVE('',#690,#2038);
#2038 = DEFINITIONAL_REPRESENTATION('',(#2039),#2042);
#2039 = B_SPLINE_CURVE_WITH_KNOTS('',1,(#2040,#2041),.UNSPECIFIED.,.F.,
  .F.,(2,2),(-22.3,-17.3),.PIECEWISE_BEZIER_KNOTS.);
#2040 = CARTESIAN_POINT('',(39.6,191.));
#2041 = CARTESIAN_POINT('',(34.6,191.));
#2042 = ( GEOMETRIC_REPRESENTATION_CONTEXT(2) 
PARAMETRIC_REPRESENTATION_CONTEXT() REPRESENTATION_CONTEXT('2D SPACE',''
  ) );
#2043 = PCURVE('',#2044,#2049);
#2044 = PLANE('',#2045);
#2045 = AXIS2_PLACEMENT_3D('',#2046,#2047,#2048);
#2046 = CARTESIAN_POINT('',(35.,98.2,34.6));
#2047 = DIRECTION('',(1.,0.,-0.));
#2048 = DIRECTION('',(0.,0.,1.));
#2049 = DEFINITIONAL_REPRESENTATION('',(#2050),#2053);
#2050 = B_SPLINE_CURVE_WITH_KNOTS('',1,(#2051,#2052),.UNSPECIFIED.,.F.,
  .F.,(2,2),(-22.3,-17.3),.PIECEWISE_BEZIER_KNOTS.);
#2051 = CARTESIAN_POINT('',(5.,-23.));
#2052 = CARTESIAN_POINT('',(0.,-23.));
#2053 = ( GEOMETRIC_REPRESENTATION_CONTEXT(2) 
PARAMETRIC_REPRESENTATION_CONTEXT() REPRESENTATION_CONTEXT('2D SPACE',''
  ) );
#2054 = FACE_BOUND('',#2055,.T.);
#2055 = EDGE_LOOP('',(#2056,#2084,#2110,#2136));
#2056 = ORIENTED_EDGE('',*,*,#2057,.F.);
#2057 = EDGE_CURVE('',#2058,#2060,#2062,.T.);
#2058 = VERTEX_POINT('',#2059);
#2059 = CARTESIAN_POINT('',(45.,121.2,39.6));
#2060 = VERTEX_POINT('',#2061);
#2061 = CARTESIAN_POINT('',(65.,121.2,39.6));
#2062 = SURFACE_CURVE('',#2063,(#2067,#2073),.PCURVE_S1.);
#2063 = LINE('',#2064,#2065);
#2064 = CARTESIAN_POINT('',(-55.5,121.2,39.6));
#2065 = VECTOR('',#2066,1.);
#2066 = DIRECTION('',(1.,0.,-0.));
#2067 = PCURVE('',#690,#2068);
#2068 = DEFINITIONAL_REPRESENTATION('',(#2069),#2072);
#2069 = B_SPLINE_CURVE_WITH_KNOTS('',1,(#2070,#2071),.UNSPECIFIED.,.F.,
  .F.,(2,2),(100.5,120.5),.PIECEWISE_BEZIER_KNOTS.);
#2070 = CARTESIAN_POINT('',(39.6,201.));
#2071 = CARTESIAN_POINT('',(39.6,221.));
#2072 = ( GEOMETRIC_REPRESENTATION_CONTEXT(2) 
PARAMETRIC_REPRESENTATION_CONTEXT() REPRESENTATION_CONTEXT('2D SPACE',''
  ) );
#2073 = PCURVE('',#2074,#2079);
#2074 = PLANE('',#2075);
#2075 = AXIS2_PLACEMENT_3D('',#2076,#2077,#2078);
#2076 = CARTESIAN_POINT('',(45.,98.2,39.6));
#2077 = DIRECTION('',(0.,0.,1.));
#2078 = DIRECTION('',(1.,0.,-0.));
#2079 = DEFINITIONAL_REPRESENTATION('',(#2080),#2083);
#2080 = B_SPLINE_CURVE_WITH_KNOTS('',1,(#2081,#2082),.UNSPECIFIED.,.F.,
  .F.,(2,2),(100.5,120.5),.PIECEWISE_BEZIER_KNOTS.);
#2081 = CARTESIAN_POINT('',(0.,23.));
#2082 = CARTESIAN_POINT('',(20.,23.));
#2083 = ( GEOMETRIC_REPRESENTATION_CONTEXT(2) 
PARAMETRIC_REPRESENTATION_CONTEXT() REPRESENTATION_CONTEXT('2D SPACE',''
  ) );
#2084 = ORIENTED_EDGE('',*,*,#2085,.T.);
#2085 = EDGE_CURVE('',#2058,#2086,#2088,.T.);
#2086 = VERTEX_POINT('',#2087);
#2087 = CARTESIAN_POINT('',(45.,121.2,34.6));
#2088 = SURFACE_CURVE('',#2089,(#2093,#2099),.PCURVE_S1.);
#2089 = LINE('',#2090,#2091);
#2090 = CARTESIAN_POINT('',(45.,121.2,17.3));
#2091 = VECTOR('',#2092,1.);
#2092 = DIRECTION('',(-0.,0.,-1.));
#2093 = PCURVE('',#690,#2094);
#2094 = DEFINITIONAL_REPRESENTATION('',(#2095),#2098);
#2095 = B_SPLINE_CURVE_WITH_KNOTS('',1,(#2096,#2097),.UNSPECIFIED.,.F.,
  .F.,(2,2),(-22.3,-17.3),.PIECEWISE_BEZIER_KNOTS.);
#2096 = CARTESIAN_POINT('',(39.6,201.));
#2097 = CARTESIAN_POINT('',(34.6,201.));
#2098 = ( GEOMETRIC_REPRESENTATION_CONTEXT(2) 
PARAMETRIC_REPRESENTATION_CONTEXT() REPRESENTATION_CONTEXT('2D SPACE',''
  ) );
#2099 = PCURVE('',#2100,#2105);
#2100 = PLANE('',#2101);
#2101 = AXIS2_PLACEMENT_3D('',#2102,#2103,#2104);
#2102 = CARTESIAN_POINT('',(45.,98.2,34.6));
#2103 = DIRECTION('',(1.,0.,-0.));
#2104 = DIRECTION('',(0.,0.,1.));
#2105 = DEFINITIONAL_REPRESENTATION('',(#2106),#2109);
#2106 = B_SPLINE_CURVE_WITH_KNOTS('',1,(#2107,#2108),.UNSPECIFIED.,.F.,
  .F.,(2,2),(-22.3,-17.3),.PIECEWISE_BEZIER_KNOTS.);
#2107 = CARTESIAN_POINT('',(5.,-23.));
#2108 = CARTESIAN_POINT('',(0.,-23.));
#2109 = ( GEOMETRIC_REPRESENTATION_CONTEXT(2) 
PARAMETRIC_REPRESENTATION_CONTEXT() REPRESENTATION_CONTEXT('2D SPACE',''
  ) );
#2110 = ORIENTED_EDGE('',*,*,#2111,.T.);
#2111 = EDGE_CURVE('',#2086,#2112,#2114,.T.);
#2112 = VERTEX_POINT('',#2113);
#2113 = CARTESIAN_POINT('',(65.,121.2,34.6));
#2114 = SURFACE_CURVE('',#2115,(#2119,#2125),.PCURVE_S1.);
#2115 = LINE('',#2116,#2117);
#2116 = CARTESIAN_POINT('',(-55.5,121.2,34.6));
#2117 = VECTOR('',#2118,1.);
#2118 = DIRECTION('',(1.,0.,-0.));
#2119 = PCURVE('',#690,#2120);
#2120 = DEFINITIONAL_REPRESENTATION('',(#2121),#2124);
#2121 = B_SPLINE_CURVE_WITH_KNOTS('',1,(#2122,#2123),.UNSPECIFIED.,.F.,
  .F.,(2,2),(100.5,120.5),.PIECEWISE_BEZIER_KNOTS.);
#2122 = CARTESIAN_POINT('',(34.6,201.));
#2123 = CARTESIAN_POINT('',(34.6,221.));
#2124 = ( GEOMETRIC_REPRESENTATION_CONTEXT(2) 
PARAMETRIC_REPRESENTATION_CONTEXT() REPRESENTATION_CONTEXT('2D SPACE',''
  ) );
#2125 = PCURVE('',#2126,#2131);
#2126 = PLANE('',#2127);
#2127 = AXIS2_PLACEMENT_3D('',#2128,#2129,#2130);
#2128 = CARTESIAN_POINT('',(45.,98.2,34.6));
#2129 = DIRECTION('',(0.,0.,1.));
#2130 = DIRECTION('',(1.,0.,-0.));
#2131 = DEFINITIONAL_REPRESENTATION('',(#2132),#2135);
#2132 = B_SPLINE_CURVE_WITH_KNOTS('',1,(#2133,#2134),.UNSPECIFIED.,.F.,
  .F.,(2,2),(100.5,120.5),.PIECEWISE_BEZIER_KNOTS.);
#2133 = CARTESIAN_POINT('',(0.,23.));
#2134 = CARTESIAN_POINT('',(20.,23.));
#2135 = ( GEOMETRIC_REPRESENTATION_CONTEXT(2) 
PARAMETRIC_REPRESENTATION_CONTEXT() REPRESENTATION_CONTEXT('2D SPACE',''
  ) );
#2136 = ORIENTED_EDGE('',*,*,#2137,.F.);
#2137 = EDGE_CURVE('',#2060,#2112,#2138,.T.);
#2138 = SURFACE_CURVE('',#2139,(#2143,#2149),.PCURVE_S1.);
#2139 = LINE('',#2140,#2141);
#2140 = CARTESIAN_POINT('',(65.,121.2,17.3));
#2141 = VECTOR('',#2142,1.);
#2142 = DIRECTION('',(-0.,0.,-1.));
#2143 = PCURVE('',#690,#2144);
#2144 = DEFINITIONAL_REPRESENTATION('',(#2145),#2148);
#2145 = B_SPLINE_CURVE_WITH_KNOTS('',1,(#2146,#2147),.UNSPECIFIED.,.F.,
  .F.,(2,2),(-22.3,-17.3),.PIECEWISE_BEZIER_KNOTS.);
#2146 = CARTESIAN_POINT('',(39.6,221.));
#2147 = CARTESIAN_POINT('',(34.6,221.));
#2148 = ( GEOMETRIC_REPRESENTATION_CONTEXT(2) 
PARAMETRIC_REPRESENTATION_CONTEXT() REPRESENTATION_CONTEXT('2D SPACE',''
  ) );
#2149 = PCURVE('',#2150,#2155);
#2150 = PLANE('',#2151);
#2151 = AXIS2_PLACEMENT_3D('',#2152,#2153,#2154);
#2152 = CARTESIAN_POINT('',(65.,98.2,34.6));
#2153 = DIRECTION('',(1.,0.,-0.));
#2154 = DIRECTION('',(0.,0.,1.));
#2155 = DEFINITIONAL_REPRESENTATION('',(#2156),#2159);
#2156 = B_SPLINE_CURVE_WITH_KNOTS('',1,(#2157,#2158),.UNSPECIFIED.,.F.,
  .F.,(2,2),(-22.3,-17.3),.PIECEWISE_BEZIER_KNOTS.);
#2157 = CARTESIAN_POINT('',(5.,-23.));
#2158 = CARTESIAN_POINT('',(0.,-23.));
#2159 = ( GEOMETRIC_REPRESENTATION_CONTEXT(2) 
PARAMETRIC_REPRESENTATION_CONTEXT() REPRESENTATION_CONTEXT('2D SPACE',''
  ) );
#2160 = ADVANCED_FACE('',(#2161),#662,.T.);
#2161 = FACE_BOUND('',#2162,.T.);
#2162 = EDGE_LOOP('',(#2163,#2186,#2208,#2209));
#2163 = ORIENTED_EDGE('',*,*,#2164,.F.);
#2164 = EDGE_CURVE('',#2165,#618,#2167,.T.);
#2165 = VERTEX_POINT('',#2166);
#2166 = CARTESIAN_POINT('',(156.,118.2,1.));
#2167 = SURFACE_CURVE('',#2168,(#2172,#2179),.PCURVE_S1.);
#2168 = LINE('',#2169,#2170);
#2169 = CARTESIAN_POINT('',(156.,118.2,0.));
#2170 = VECTOR('',#2171,1.);
#2171 = DIRECTION('',(0.,0.,1.));
#2172 = PCURVE('',#662,#2173);
#2173 = DEFINITIONAL_REPRESENTATION('',(#2174),#2178);
#2174 = LINE('',#2175,#2176);
#2175 = CARTESIAN_POINT('',(0.,0.));
#2176 = VECTOR('',#2177,1.);
#2177 = DIRECTION('',(0.,1.));
#2178 = ( GEOMETRIC_REPRESENTATION_CONTEXT(2) 
PARAMETRIC_REPRESENTATION_CONTEXT() REPRESENTATION_CONTEXT('2D SPACE',''
  ) );
#2179 = PCURVE('',#633,#2180);
#2180 = DEFINITIONAL_REPRESENTATION('',(#2181),#2185);
#2181 = LINE('',#2182,#2183);
#2182 = CARTESIAN_POINT('',(0.,-239.4));
#2183 = VECTOR('',#2184,1.);
#2184 = DIRECTION('',(1.,0.));
#2185 = ( GEOMETRIC_REPRESENTATION_CONTEXT(2) 
PARAMETRIC_REPRESENTATION_CONTEXT() REPRESENTATION_CONTEXT('2D SPACE',''
  ) );
#2186 = ORIENTED_EDGE('',*,*,#2187,.F.);
#2187 = EDGE_CURVE('',#1694,#2165,#2188,.T.);
#2188 = SURFACE_CURVE('',#2189,(#2194,#2201),.PCURVE_S1.);
#2189 = CIRCLE('',#2190,3.);
#2190 = AXIS2_PLACEMENT_3D('',#2191,#2192,#2193);
#2191 = CARTESIAN_POINT('',(153.,118.2,1.));
#2192 = DIRECTION('',(0.,-0.,-1.));
#2193 = DIRECTION('',(0.,1.,-0.));
#2194 = PCURVE('',#662,#2195);
#2195 = DEFINITIONAL_REPRESENTATION('',(#2196),#2200);
#2196 = LINE('',#2197,#2198);
#2197 = CARTESIAN_POINT('',(1.570796326795,1.));
#2198 = VECTOR('',#2199,1.);
#2199 = DIRECTION('',(-1.,-0.));
#2200 = ( GEOMETRIC_REPRESENTATION_CONTEXT(2) 
PARAMETRIC_REPRESENTATION_CONTEXT() REPRESENTATION_CONTEXT('2D SPACE',''
  ) );
#2201 = PCURVE('',#1483,#2202);
#2202 = DEFINITIONAL_REPRESENTATION('',(#2203),#2207);
#2203 = LINE('',#2204,#2205);
#2204 = CARTESIAN_POINT('',(-0.,-0.));
#2205 = VECTOR('',#2206,1.);
#2206 = DIRECTION('',(-1.,-0.));
#2207 = ( GEOMETRIC_REPRESENTATION_CONTEXT(2) 
PARAMETRIC_REPRESENTATION_CONTEXT() REPRESENTATION_CONTEXT('2D SPACE',''
  ) );
#2208 = ORIENTED_EDGE('',*,*,#1693,.T.);
#2209 = ORIENTED_EDGE('',*,*,#645,.F.);
#2210 = ADVANCED_FACE('',(#2211),#633,.T.);
#2211 = FACE_BOUND('',#2212,.T.);
#2212 = EDGE_LOOP('',(#2213,#2236,#2257,#2258));
#2213 = ORIENTED_EDGE('',*,*,#2214,.F.);
#2214 = EDGE_CURVE('',#2215,#585,#2217,.T.);
#2215 = VERTEX_POINT('',#2216);
#2216 = CARTESIAN_POINT('',(156.,-118.2,1.));
#2217 = SURFACE_CURVE('',#2218,(#2222,#2229),.PCURVE_S1.);
#2218 = LINE('',#2219,#2220);
#2219 = CARTESIAN_POINT('',(156.,-118.2,0.));
#2220 = VECTOR('',#2221,1.);
#2221 = DIRECTION('',(0.,0.,1.));
#2222 = PCURVE('',#633,#2223);
#2223 = DEFINITIONAL_REPRESENTATION('',(#2224),#2228);
#2224 = LINE('',#2225,#2226);
#2225 = CARTESIAN_POINT('',(0.,-3.));
#2226 = VECTOR('',#2227,1.);
#2227 = DIRECTION('',(1.,0.));
#2228 = ( GEOMETRIC_REPRESENTATION_CONTEXT(2) 
PARAMETRIC_REPRESENTATION_CONTEXT() REPRESENTATION_CONTEXT('2D SPACE',''
  ) );
#2229 = PCURVE('',#605,#2230);
#2230 = DEFINITIONAL_REPRESENTATION('',(#2231),#2235);
#2231 = LINE('',#2232,#2233);
#2232 = CARTESIAN_POINT('',(-0.,0.));
#2233 = VECTOR('',#2234,1.);
#2234 = DIRECTION('',(-0.,1.));
#2235 = ( GEOMETRIC_REPRESENTATION_CONTEXT(2) 
PARAMETRIC_REPRESENTATION_CONTEXT() REPRESENTATION_CONTEXT('2D SPACE',''
  ) );
#2236 = ORIENTED_EDGE('',*,*,#2237,.F.);
#2237 = EDGE_CURVE('',#2165,#2215,#2238,.T.);
#2238 = SURFACE_CURVE('',#2239,(#2243,#2250),.PCURVE_S1.);
#2239 = LINE('',#2240,#2241);
#2240 = CARTESIAN_POINT('',(156.,118.2,1.));
#2241 = VECTOR('',#2242,1.);
#2242 = DIRECTION('',(0.,-1.,-0.));
#2243 = PCURVE('',#633,#2244);
#2244 = DEFINITIONAL_REPRESENTATION('',(#2245),#2249);
#2245 = LINE('',#2246,#2247);
#2246 = CARTESIAN_POINT('',(1.,-239.4));
#2247 = VECTOR('',#2248,1.);
#2248 = DIRECTION('',(0.,1.));
#2249 = ( GEOMETRIC_REPRESENTATION_CONTEXT(2) 
PARAMETRIC_REPRESENTATION_CONTEXT() REPRESENTATION_CONTEXT('2D SPACE',''
  ) );
#2250 = PCURVE('',#1450,#2251);
#2251 = DEFINITIONAL_REPRESENTATION('',(#2252),#2256);
#2252 = LINE('',#2253,#2254);
#2253 = CARTESIAN_POINT('',(-0.,-0.707106781187));
#2254 = VECTOR('',#2255,1.);
#2255 = DIRECTION('',(-1.,0.));
#2256 = ( GEOMETRIC_REPRESENTATION_CONTEXT(2) 
PARAMETRIC_REPRESENTATION_CONTEXT() REPRESENTATION_CONTEXT('2D SPACE',''
  ) );
#2257 = ORIENTED_EDGE('',*,*,#2164,.T.);
#2258 = ORIENTED_EDGE('',*,*,#617,.F.);
#2259 = ADVANCED_FACE('',(#2260),#605,.T.);
#2260 = FACE_BOUND('',#2261,.F.);
#2261 = EDGE_LOOP('',(#2262,#2263,#2285,#2286));
#2262 = ORIENTED_EDGE('',*,*,#2214,.F.);
#2263 = ORIENTED_EDGE('',*,*,#2264,.T.);
#2264 = EDGE_CURVE('',#2215,#1012,#2265,.T.);
#2265 = SURFACE_CURVE('',#2266,(#2271,#2278),.PCURVE_S1.);
#2266 = CIRCLE('',#2267,3.);
#2267 = AXIS2_PLACEMENT_3D('',#2268,#2269,#2270);
#2268 = CARTESIAN_POINT('',(153.,-118.2,1.));
#2269 = DIRECTION('',(0.,-0.,-1.));
#2270 = DIRECTION('',(1.,0.,-0.));
#2271 = PCURVE('',#605,#2272);
#2272 = DEFINITIONAL_REPRESENTATION('',(#2273),#2277);
#2273 = LINE('',#2274,#2275);
#2274 = CARTESIAN_POINT('',(-0.,1.));
#2275 = VECTOR('',#2276,1.);
#2276 = DIRECTION('',(-1.,0.));
#2277 = ( GEOMETRIC_REPRESENTATION_CONTEXT(2) 
PARAMETRIC_REPRESENTATION_CONTEXT() REPRESENTATION_CONTEXT('2D SPACE',''
  ) );
#2278 = PCURVE('',#1422,#2279);
#2279 = DEFINITIONAL_REPRESENTATION('',(#2280),#2284);
#2280 = LINE('',#2281,#2282);
#2281 = CARTESIAN_POINT('',(-0.,-0.));
#2282 = VECTOR('',#2283,1.);
#2283 = DIRECTION('',(-1.,-0.));
#2284 = ( GEOMETRIC_REPRESENTATION_CONTEXT(2) 
PARAMETRIC_REPRESENTATION_CONTEXT() REPRESENTATION_CONTEXT('2D SPACE',''
  ) );
#2285 = ORIENTED_EDGE('',*,*,#1011,.T.);
#2286 = ORIENTED_EDGE('',*,*,#584,.F.);
#2287 = ADVANCED_FACE('',(#2288),#550,.F.);
#2288 = FACE_BOUND('',#2289,.F.);
#2289 = EDGE_LOOP('',(#2290,#2291,#2314,#2340,#2367,#2386));
#2290 = ORIENTED_EDGE('',*,*,#991,.T.);
#2291 = ORIENTED_EDGE('',*,*,#2292,.T.);
#2292 = EDGE_CURVE('',#966,#2293,#2295,.T.);
#2293 = VERTEX_POINT('',#2294);
#2294 = CARTESIAN_POINT('',(8.,-105.35,33.6));
#2295 = SURFACE_CURVE('',#2296,(#2300,#2307),.PCURVE_S1.);
#2296 = LINE('',#2297,#2298);
#2297 = CARTESIAN_POINT('',(8.,-128.2,33.6));
#2298 = VECTOR('',#2299,1.);
#2299 = DIRECTION('',(-0.,1.,0.));
#2300 = PCURVE('',#550,#2301);
#2301 = DEFINITIONAL_REPRESENTATION('',(#2302),#2306);
#2302 = LINE('',#2303,#2304);
#2303 = CARTESIAN_POINT('',(0.,0.));
#2304 = VECTOR('',#2305,1.);
#2305 = DIRECTION('',(0.,-1.));
#2306 = ( GEOMETRIC_REPRESENTATION_CONTEXT(2) 
PARAMETRIC_REPRESENTATION_CONTEXT() REPRESENTATION_CONTEXT('2D SPACE',''
  ) );
#2307 = PCURVE('',#980,#2308);
#2308 = DEFINITIONAL_REPRESENTATION('',(#2309),#2313);
#2309 = LINE('',#2310,#2311);
#2310 = CARTESIAN_POINT('',(30.,0.));
#2311 = VECTOR('',#2312,1.);
#2312 = DIRECTION('',(0.,1.));
#2313 = ( GEOMETRIC_REPRESENTATION_CONTEXT(2) 
PARAMETRIC_REPRESENTATION_CONTEXT() REPRESENTATION_CONTEXT('2D SPACE',''
  ) );
#2314 = ORIENTED_EDGE('',*,*,#2315,.F.);
#2315 = EDGE_CURVE('',#2316,#2293,#2318,.T.);
#2316 = VERTEX_POINT('',#2317);
#2317 = CARTESIAN_POINT('',(8.,-105.35,42.));
#2318 = SURFACE_CURVE('',#2319,(#2323,#2329),.PCURVE_S1.);
#2319 = LINE('',#2320,#2321);
#2320 = CARTESIAN_POINT('',(8.,-105.35,18.4));
#2321 = VECTOR('',#2322,1.);
#2322 = DIRECTION('',(-0.,0.,-1.));
#2323 = PCURVE('',#550,#2324);
#2324 = DEFINITIONAL_REPRESENTATION('',(#2325),#2328);
#2325 = B_SPLINE_CURVE_WITH_KNOTS('',1,(#2326,#2327),.UNSPECIFIED.,.F.,
  .F.,(2,2),(-23.6,-15.2),.PIECEWISE_BEZIER_KNOTS.);
#2326 = CARTESIAN_POINT('',(8.4,-22.85));
#2327 = CARTESIAN_POINT('',(0.,-22.85));
#2328 = ( GEOMETRIC_REPRESENTATION_CONTEXT(2) 
PARAMETRIC_REPRESENTATION_CONTEXT() REPRESENTATION_CONTEXT('2D SPACE',''
  ) );
#2329 = PCURVE('',#2330,#2335);
#2330 = PLANE('',#2331);
#2331 = AXIS2_PLACEMENT_3D('',#2332,#2333,#2334);
#2332 = CARTESIAN_POINT('',(-148.7,-105.35,3.2));
#2333 = DIRECTION('',(-0.,1.,0.));
#2334 = DIRECTION('',(0.,0.,1.));
#2335 = DEFINITIONAL_REPRESENTATION('',(#2336),#2339);
#2336 = B_SPLINE_CURVE_WITH_KNOTS('',1,(#2337,#2338),.UNSPECIFIED.,.F.,
  .F.,(2,2),(-23.6,-15.2),.PIECEWISE_BEZIER_KNOTS.);
#2337 = CARTESIAN_POINT('',(38.8,156.7));
#2338 = CARTESIAN_POINT('',(30.4,156.7));
#2339 = ( GEOMETRIC_REPRESENTATION_CONTEXT(2) 
PARAMETRIC_REPRESENTATION_CONTEXT() REPRESENTATION_CONTEXT('2D SPACE',''
  ) );
#2340 = ORIENTED_EDGE('',*,*,#2341,.F.);
#2341 = EDGE_CURVE('',#2342,#2316,#2344,.T.);
#2342 = VERTEX_POINT('',#2343);
#2343 = CARTESIAN_POINT('',(8.,-118.7,42.));
#2344 = SURFACE_CURVE('',#2345,(#2349,#2355),.PCURVE_S1.);
#2345 = LINE('',#2346,#2347);
#2346 = CARTESIAN_POINT('',(8.,-123.45,42.));
#2347 = VECTOR('',#2348,1.);
#2348 = DIRECTION('',(-0.,1.,0.));
#2349 = PCURVE('',#550,#2350);
#2350 = DEFINITIONAL_REPRESENTATION('',(#2351),#2354);
#2351 = B_SPLINE_CURVE_WITH_KNOTS('',1,(#2352,#2353),.UNSPECIFIED.,.F.,
  .F.,(2,2),(4.75,25.25),.PIECEWISE_BEZIER_KNOTS.);
#2352 = CARTESIAN_POINT('',(8.4,-9.5));
#2353 = CARTESIAN_POINT('',(8.4,-30.));
#2354 = ( GEOMETRIC_REPRESENTATION_CONTEXT(2) 
PARAMETRIC_REPRESENTATION_CONTEXT() REPRESENTATION_CONTEXT('2D SPACE',''
  ) );
#2355 = PCURVE('',#2356,#2361);
#2356 = PLANE('',#2357);
#2357 = AXIS2_PLACEMENT_3D('',#2358,#2359,#2360);
#2358 = CARTESIAN_POINT('',(-153.5,-118.7,42.));
#2359 = DIRECTION('',(0.,0.,1.));
#2360 = DIRECTION('',(1.,0.,-0.));
#2361 = DEFINITIONAL_REPRESENTATION('',(#2362),#2366);
#2362 = LINE('',#2363,#2364);
#2363 = CARTESIAN_POINT('',(161.5,-4.75));
#2364 = VECTOR('',#2365,1.);
#2365 = DIRECTION('',(0.,1.));
#2366 = ( GEOMETRIC_REPRESENTATION_CONTEXT(2) 
PARAMETRIC_REPRESENTATION_CONTEXT() REPRESENTATION_CONTEXT('2D SPACE',''
  ) );
#2367 = ORIENTED_EDGE('',*,*,#2368,.F.);
#2368 = EDGE_CURVE('',#510,#2342,#2369,.T.);
#2369 = SURFACE_CURVE('',#2370,(#2374,#2380),.PCURVE_S1.);
#2370 = LINE('',#2371,#2372);
#2371 = CARTESIAN_POINT('',(8.,-118.7,37.8));
#2372 = VECTOR('',#2373,1.);
#2373 = DIRECTION('',(-0.,0.,-1.));
#2374 = PCURVE('',#550,#2375);
#2375 = DEFINITIONAL_REPRESENTATION('',(#2376),#2379);
#2376 = B_SPLINE_CURVE_WITH_KNOTS('',1,(#2377,#2378),.UNSPECIFIED.,.F.,
  .F.,(2,2),(-6.8,-4.2),.PIECEWISE_BEZIER_KNOTS.);
#2377 = CARTESIAN_POINT('',(11.,-9.5));
#2378 = CARTESIAN_POINT('',(8.4,-9.5));
#2379 = ( GEOMETRIC_REPRESENTATION_CONTEXT(2) 
PARAMETRIC_REPRESENTATION_CONTEXT() REPRESENTATION_CONTEXT('2D SPACE',''
  ) );
#2380 = PCURVE('',#524,#2381);
#2381 = DEFINITIONAL_REPRESENTATION('',(#2382),#2385);
#2382 = B_SPLINE_CURVE_WITH_KNOTS('',1,(#2383,#2384),.UNSPECIFIED.,.F.,
  .F.,(2,2),(-6.8,-4.2),.PIECEWISE_BEZIER_KNOTS.);
#2383 = CARTESIAN_POINT('',(2.6,161.5));
#2384 = CARTESIAN_POINT('',(0.,161.5));
#2385 = ( GEOMETRIC_REPRESENTATION_CONTEXT(2) 
PARAMETRIC_REPRESENTATION_CONTEXT() REPRESENTATION_CONTEXT('2D SPACE',''
  ) );
#2386 = ORIENTED_EDGE('',*,*,#535,.F.);
#2387 = ADVANCED_FACE('',(#2388),#524,.T.);
#2388 = FACE_BOUND('',#2389,.T.);
#2389 = EDGE_LOOP('',(#2390,#2413,#2434,#2435));
#2390 = ORIENTED_EDGE('',*,*,#2391,.F.);
#2391 = EDGE_CURVE('',#2392,#484,#2394,.T.);
#2392 = VERTEX_POINT('',#2393);
#2393 = CARTESIAN_POINT('',(153.5,-118.7,42.));
#2394 = SURFACE_CURVE('',#2395,(#2399,#2406),.PCURVE_S1.);
#2395 = LINE('',#2396,#2397);
#2396 = CARTESIAN_POINT('',(153.5,-118.7,42.));
#2397 = VECTOR('',#2398,1.);
#2398 = DIRECTION('',(0.,0.,1.));
#2399 = PCURVE('',#524,#2400);
#2400 = DEFINITIONAL_REPRESENTATION('',(#2401),#2405);
#2401 = LINE('',#2402,#2403);
#2402 = CARTESIAN_POINT('',(0.,307.));
#2403 = VECTOR('',#2404,1.);
#2404 = DIRECTION('',(1.,0.));
#2405 = ( GEOMETRIC_REPRESENTATION_CONTEXT(2) 
PARAMETRIC_REPRESENTATION_CONTEXT() REPRESENTATION_CONTEXT('2D SPACE',''
  ) );
#2406 = PCURVE('',#498,#2407);
#2407 = DEFINITIONAL_REPRESENTATION('',(#2408),#2412);
#2408 = LINE('',#2409,#2410);
#2409 = CARTESIAN_POINT('',(0.,0.));
#2410 = VECTOR('',#2411,1.);
#2411 = DIRECTION('',(1.,0.));
#2412 = ( GEOMETRIC_REPRESENTATION_CONTEXT(2) 
PARAMETRIC_REPRESENTATION_CONTEXT() REPRESENTATION_CONTEXT('2D SPACE',''
  ) );
#2413 = ORIENTED_EDGE('',*,*,#2414,.F.);
#2414 = EDGE_CURVE('',#2342,#2392,#2415,.T.);
#2415 = SURFACE_CURVE('',#2416,(#2420,#2427),.PCURVE_S1.);
#2416 = LINE('',#2417,#2418);
#2417 = CARTESIAN_POINT('',(-153.5,-118.7,42.));
#2418 = VECTOR('',#2419,1.);
#2419 = DIRECTION('',(1.,0.,-0.));
#2420 = PCURVE('',#524,#2421);
#2421 = DEFINITIONAL_REPRESENTATION('',(#2422),#2426);
#2422 = LINE('',#2423,#2424);
#2423 = CARTESIAN_POINT('',(0.,0.));
#2424 = VECTOR('',#2425,1.);
#2425 = DIRECTION('',(0.,1.));
#2426 = ( GEOMETRIC_REPRESENTATION_CONTEXT(2) 
PARAMETRIC_REPRESENTATION_CONTEXT() REPRESENTATION_CONTEXT('2D SPACE',''
  ) );
#2427 = PCURVE('',#2356,#2428);
#2428 = DEFINITIONAL_REPRESENTATION('',(#2429),#2433);
#2429 = LINE('',#2430,#2431);
#2430 = CARTESIAN_POINT('',(0.,0.));
#2431 = VECTOR('',#2432,1.);
#2432 = DIRECTION('',(1.,0.));
#2433 = ( GEOMETRIC_REPRESENTATION_CONTEXT(2) 
PARAMETRIC_REPRESENTATION_CONTEXT() REPRESENTATION_CONTEXT('2D SPACE',''
  ) );
#2434 = ORIENTED_EDGE('',*,*,#2368,.F.);
#2435 = ORIENTED_EDGE('',*,*,#509,.F.);
#2436 = ADVANCED_FACE('',(#2437),#498,.F.);
#2437 = FACE_BOUND('',#2438,.F.);
#2438 = EDGE_LOOP('',(#2439,#2440,#2463,#2484));
#2439 = ORIENTED_EDGE('',*,*,#2391,.F.);
#2440 = ORIENTED_EDGE('',*,*,#2441,.T.);
#2441 = EDGE_CURVE('',#2392,#2442,#2444,.T.);
#2442 = VERTEX_POINT('',#2443);
#2443 = CARTESIAN_POINT('',(153.5,118.7,42.));
#2444 = SURFACE_CURVE('',#2445,(#2449,#2456),.PCURVE_S1.);
#2445 = LINE('',#2446,#2447);
#2446 = CARTESIAN_POINT('',(153.5,-118.7,42.));
#2447 = VECTOR('',#2448,1.);
#2448 = DIRECTION('',(-0.,1.,0.));
#2449 = PCURVE('',#498,#2450);
#2450 = DEFINITIONAL_REPRESENTATION('',(#2451),#2455);
#2451 = LINE('',#2452,#2453);
#2452 = CARTESIAN_POINT('',(0.,0.));
#2453 = VECTOR('',#2454,1.);
#2454 = DIRECTION('',(0.,-1.));
#2455 = ( GEOMETRIC_REPRESENTATION_CONTEXT(2) 
PARAMETRIC_REPRESENTATION_CONTEXT() REPRESENTATION_CONTEXT('2D SPACE',''
  ) );
#2456 = PCURVE('',#2356,#2457);
#2457 = DEFINITIONAL_REPRESENTATION('',(#2458),#2462);
#2458 = LINE('',#2459,#2460);
#2459 = CARTESIAN_POINT('',(307.,0.));
#2460 = VECTOR('',#2461,1.);
#2461 = DIRECTION('',(0.,1.));
#2462 = ( GEOMETRIC_REPRESENTATION_CONTEXT(2) 
PARAMETRIC_REPRESENTATION_CONTEXT() REPRESENTATION_CONTEXT('2D SPACE',''
  ) );
#2463 = ORIENTED_EDGE('',*,*,#2464,.T.);
#2464 = EDGE_CURVE('',#2442,#458,#2465,.T.);
#2465 = SURFACE_CURVE('',#2466,(#2470,#2477),.PCURVE_S1.);
#2466 = LINE('',#2467,#2468);
#2467 = CARTESIAN_POINT('',(153.5,118.7,42.));
#2468 = VECTOR('',#2469,1.);
#2469 = DIRECTION('',(0.,0.,1.));
#2470 = PCURVE('',#498,#2471);
#2471 = DEFINITIONAL_REPRESENTATION('',(#2472),#2476);
#2472 = LINE('',#2473,#2474);
#2473 = CARTESIAN_POINT('',(0.,-237.4));
#2474 = VECTOR('',#2475,1.);
#2475 = DIRECTION('',(1.,0.));
#2476 = ( GEOMETRIC_REPRESENTATION_CONTEXT(2) 
PARAMETRIC_REPRESENTATION_CONTEXT() REPRESENTATION_CONTEXT('2D SPACE',''
  ) );
#2477 = PCURVE('',#472,#2478);
#2478 = DEFINITIONAL_REPRESENTATION('',(#2479),#2483);
#2479 = LINE('',#2480,#2481);
#2480 = CARTESIAN_POINT('',(0.,307.));
#2481 = VECTOR('',#2482,1.);
#2482 = DIRECTION('',(1.,0.));
#2483 = ( GEOMETRIC_REPRESENTATION_CONTEXT(2) 
PARAMETRIC_REPRESENTATION_CONTEXT() REPRESENTATION_CONTEXT('2D SPACE',''
  ) );
#2484 = ORIENTED_EDGE('',*,*,#483,.F.);
#2485 = ADVANCED_FACE('',(#2486),#472,.F.);
#2486 = FACE_BOUND('',#2487,.F.);
#2487 = EDGE_LOOP('',(#2488,#2489,#2512,#2533));
#2488 = ORIENTED_EDGE('',*,*,#2464,.F.);
#2489 = ORIENTED_EDGE('',*,*,#2490,.F.);
#2490 = EDGE_CURVE('',#2491,#2442,#2493,.T.);
#2491 = VERTEX_POINT('',#2492);
#2492 = CARTESIAN_POINT('',(-153.5,118.7,42.));
#2493 = SURFACE_CURVE('',#2494,(#2498,#2505),.PCURVE_S1.);
#2494 = LINE('',#2495,#2496);
#2495 = CARTESIAN_POINT('',(-153.5,118.7,42.));
#2496 = VECTOR('',#2497,1.);
#2497 = DIRECTION('',(1.,0.,-0.));
#2498 = PCURVE('',#472,#2499);
#2499 = DEFINITIONAL_REPRESENTATION('',(#2500),#2504);
#2500 = LINE('',#2501,#2502);
#2501 = CARTESIAN_POINT('',(0.,0.));
#2502 = VECTOR('',#2503,1.);
#2503 = DIRECTION('',(0.,1.));
#2504 = ( GEOMETRIC_REPRESENTATION_CONTEXT(2) 
PARAMETRIC_REPRESENTATION_CONTEXT() REPRESENTATION_CONTEXT('2D SPACE',''
  ) );
#2505 = PCURVE('',#2356,#2506);
#2506 = DEFINITIONAL_REPRESENTATION('',(#2507),#2511);
#2507 = LINE('',#2508,#2509);
#2508 = CARTESIAN_POINT('',(0.,237.4));
#2509 = VECTOR('',#2510,1.);
#2510 = DIRECTION('',(1.,0.));
#2511 = ( GEOMETRIC_REPRESENTATION_CONTEXT(2) 
PARAMETRIC_REPRESENTATION_CONTEXT() REPRESENTATION_CONTEXT('2D SPACE',''
  ) );
#2512 = ORIENTED_EDGE('',*,*,#2513,.T.);
#2513 = EDGE_CURVE('',#2491,#432,#2514,.T.);
#2514 = SURFACE_CURVE('',#2515,(#2519,#2526),.PCURVE_S1.);
#2515 = LINE('',#2516,#2517);
#2516 = CARTESIAN_POINT('',(-153.5,118.7,42.));
#2517 = VECTOR('',#2518,1.);
#2518 = DIRECTION('',(0.,0.,1.));
#2519 = PCURVE('',#472,#2520);
#2520 = DEFINITIONAL_REPRESENTATION('',(#2521),#2525);
#2521 = LINE('',#2522,#2523);
#2522 = CARTESIAN_POINT('',(0.,0.));
#2523 = VECTOR('',#2524,1.);
#2524 = DIRECTION('',(1.,0.));
#2525 = ( GEOMETRIC_REPRESENTATION_CONTEXT(2) 
PARAMETRIC_REPRESENTATION_CONTEXT() REPRESENTATION_CONTEXT('2D SPACE',''
  ) );
#2526 = PCURVE('',#446,#2527);
#2527 = DEFINITIONAL_REPRESENTATION('',(#2528),#2532);
#2528 = LINE('',#2529,#2530);
#2529 = CARTESIAN_POINT('',(0.,-237.4));
#2530 = VECTOR('',#2531,1.);
#2531 = DIRECTION('',(1.,0.));
#2532 = ( GEOMETRIC_REPRESENTATION_CONTEXT(2) 
PARAMETRIC_REPRESENTATION_CONTEXT() REPRESENTATION_CONTEXT('2D SPACE',''
  ) );
#2533 = ORIENTED_EDGE('',*,*,#457,.F.);
#2534 = ADVANCED_FACE('',(#2535),#446,.T.);
#2535 = FACE_BOUND('',#2536,.T.);
#2536 = EDGE_LOOP('',(#2537,#2560,#2581,#2582));
#2537 = ORIENTED_EDGE('',*,*,#2538,.F.);
#2538 = EDGE_CURVE('',#2539,#406,#2541,.T.);
#2539 = VERTEX_POINT('',#2540);
#2540 = CARTESIAN_POINT('',(-153.5,-118.7,42.));
#2541 = SURFACE_CURVE('',#2542,(#2546,#2553),.PCURVE_S1.);
#2542 = LINE('',#2543,#2544);
#2543 = CARTESIAN_POINT('',(-153.5,-118.7,42.));
#2544 = VECTOR('',#2545,1.);
#2545 = DIRECTION('',(0.,0.,1.));
#2546 = PCURVE('',#446,#2547);
#2547 = DEFINITIONAL_REPRESENTATION('',(#2548),#2552);
#2548 = LINE('',#2549,#2550);
#2549 = CARTESIAN_POINT('',(0.,0.));
#2550 = VECTOR('',#2551,1.);
#2551 = DIRECTION('',(1.,0.));
#2552 = ( GEOMETRIC_REPRESENTATION_CONTEXT(2) 
PARAMETRIC_REPRESENTATION_CONTEXT() REPRESENTATION_CONTEXT('2D SPACE',''
  ) );
#2553 = PCURVE('',#420,#2554);
#2554 = DEFINITIONAL_REPRESENTATION('',(#2555),#2559);
#2555 = LINE('',#2556,#2557);
#2556 = CARTESIAN_POINT('',(0.,0.));
#2557 = VECTOR('',#2558,1.);
#2558 = DIRECTION('',(1.,0.));
#2559 = ( GEOMETRIC_REPRESENTATION_CONTEXT(2) 
PARAMETRIC_REPRESENTATION_CONTEXT() REPRESENTATION_CONTEXT('2D SPACE',''
  ) );
#2560 = ORIENTED_EDGE('',*,*,#2561,.T.);
#2561 = EDGE_CURVE('',#2539,#2491,#2562,.T.);
#2562 = SURFACE_CURVE('',#2563,(#2567,#2574),.PCURVE_S1.);
#2563 = LINE('',#2564,#2565);
#2564 = CARTESIAN_POINT('',(-153.5,-118.7,42.));
#2565 = VECTOR('',#2566,1.);
#2566 = DIRECTION('',(-0.,1.,0.));
#2567 = PCURVE('',#446,#2568);
#2568 = DEFINITIONAL_REPRESENTATION('',(#2569),#2573);
#2569 = LINE('',#2570,#2571);
#2570 = CARTESIAN_POINT('',(0.,0.));
#2571 = VECTOR('',#2572,1.);
#2572 = DIRECTION('',(0.,-1.));
#2573 = ( GEOMETRIC_REPRESENTATION_CONTEXT(2) 
PARAMETRIC_REPRESENTATION_CONTEXT() REPRESENTATION_CONTEXT('2D SPACE',''
  ) );
#2574 = PCURVE('',#2356,#2575);
#2575 = DEFINITIONAL_REPRESENTATION('',(#2576),#2580);
#2576 = LINE('',#2577,#2578);
#2577 = CARTESIAN_POINT('',(0.,0.));
#2578 = VECTOR('',#2579,1.);
#2579 = DIRECTION('',(0.,1.));
#2580 = ( GEOMETRIC_REPRESENTATION_CONTEXT(2) 
PARAMETRIC_REPRESENTATION_CONTEXT() REPRESENTATION_CONTEXT('2D SPACE',''
  ) );
#2581 = ORIENTED_EDGE('',*,*,#2513,.T.);
#2582 = ORIENTED_EDGE('',*,*,#431,.F.);
#2583 = ADVANCED_FACE('',(#2584),#420,.T.);
#2584 = FACE_BOUND('',#2585,.T.);
#2585 = EDGE_LOOP('',(#2586,#2607,#2628,#2629));
#2586 = ORIENTED_EDGE('',*,*,#2587,.T.);
#2587 = EDGE_CURVE('',#380,#2588,#2590,.T.);
#2588 = VERTEX_POINT('',#2589);
#2589 = CARTESIAN_POINT('',(-22.,-118.7,42.));
#2590 = SURFACE_CURVE('',#2591,(#2595,#2601),.PCURVE_S1.);
#2591 = LINE('',#2592,#2593);
#2592 = CARTESIAN_POINT('',(-22.,-118.7,37.8));
#2593 = VECTOR('',#2594,1.);
#2594 = DIRECTION('',(-0.,0.,-1.));
#2595 = PCURVE('',#420,#2596);
#2596 = DEFINITIONAL_REPRESENTATION('',(#2597),#2600);
#2597 = B_SPLINE_CURVE_WITH_KNOTS('',1,(#2598,#2599),.UNSPECIFIED.,.F.,
  .F.,(2,2),(-6.8,-4.2),.PIECEWISE_BEZIER_KNOTS.);
#2598 = CARTESIAN_POINT('',(2.6,131.5));
#2599 = CARTESIAN_POINT('',(0.,131.5));
#2600 = ( GEOMETRIC_REPRESENTATION_CONTEXT(2) 
PARAMETRIC_REPRESENTATION_CONTEXT() REPRESENTATION_CONTEXT('2D SPACE',''
  ) );
#2601 = PCURVE('',#394,#2602);
#2602 = DEFINITIONAL_REPRESENTATION('',(#2603),#2606);
#2603 = B_SPLINE_CURVE_WITH_KNOTS('',1,(#2604,#2605),.UNSPECIFIED.,.F.,
  .F.,(2,2),(-6.8,-4.2),.PIECEWISE_BEZIER_KNOTS.);
#2604 = CARTESIAN_POINT('',(11.,-9.5));
#2605 = CARTESIAN_POINT('',(8.4,-9.5));
#2606 = ( GEOMETRIC_REPRESENTATION_CONTEXT(2) 
PARAMETRIC_REPRESENTATION_CONTEXT() REPRESENTATION_CONTEXT('2D SPACE',''
  ) );
#2607 = ORIENTED_EDGE('',*,*,#2608,.F.);
#2608 = EDGE_CURVE('',#2539,#2588,#2609,.T.);
#2609 = SURFACE_CURVE('',#2610,(#2614,#2621),.PCURVE_S1.);
#2610 = LINE('',#2611,#2612);
#2611 = CARTESIAN_POINT('',(-153.5,-118.7,42.));
#2612 = VECTOR('',#2613,1.);
#2613 = DIRECTION('',(1.,0.,-0.));
#2614 = PCURVE('',#420,#2615);
#2615 = DEFINITIONAL_REPRESENTATION('',(#2616),#2620);
#2616 = LINE('',#2617,#2618);
#2617 = CARTESIAN_POINT('',(0.,0.));
#2618 = VECTOR('',#2619,1.);
#2619 = DIRECTION('',(0.,1.));
#2620 = ( GEOMETRIC_REPRESENTATION_CONTEXT(2) 
PARAMETRIC_REPRESENTATION_CONTEXT() REPRESENTATION_CONTEXT('2D SPACE',''
  ) );
#2621 = PCURVE('',#2356,#2622);
#2622 = DEFINITIONAL_REPRESENTATION('',(#2623),#2627);
#2623 = LINE('',#2624,#2625);
#2624 = CARTESIAN_POINT('',(0.,0.));
#2625 = VECTOR('',#2626,1.);
#2626 = DIRECTION('',(1.,0.));
#2627 = ( GEOMETRIC_REPRESENTATION_CONTEXT(2) 
PARAMETRIC_REPRESENTATION_CONTEXT() REPRESENTATION_CONTEXT('2D SPACE',''
  ) );
#2628 = ORIENTED_EDGE('',*,*,#2538,.T.);
#2629 = ORIENTED_EDGE('',*,*,#405,.F.);
#2630 = ADVANCED_FACE('',(#2631),#394,.T.);
#2631 = FACE_BOUND('',#2632,.T.);
#2632 = EDGE_LOOP('',(#2633,#2634,#2635,#2656,#2677,#2697));
#2633 = ORIENTED_EDGE('',*,*,#379,.F.);
#2634 = ORIENTED_EDGE('',*,*,#840,.T.);
#2635 = ORIENTED_EDGE('',*,*,#2636,.F.);
#2636 = EDGE_CURVE('',#2637,#841,#2639,.T.);
#2637 = VERTEX_POINT('',#2638);
#2638 = CARTESIAN_POINT('',(-22.,-105.35,39.6));
#2639 = SURFACE_CURVE('',#2640,(#2644,#2650),.PCURVE_S1.);
#2640 = LINE('',#2641,#2642);
#2641 = CARTESIAN_POINT('',(-22.,-128.2,39.6));
#2642 = VECTOR('',#2643,1.);
#2643 = DIRECTION('',(0.,-1.,0.));
#2644 = PCURVE('',#394,#2645);
#2645 = DEFINITIONAL_REPRESENTATION('',(#2646),#2649);
#2646 = B_SPLINE_CURVE_WITH_KNOTS('',1,(#2647,#2648),.UNSPECIFIED.,.F.,
  .F.,(2,2),(-22.85,-7.),.PIECEWISE_BEZIER_KNOTS.);
#2647 = CARTESIAN_POINT('',(6.,-22.85));
#2648 = CARTESIAN_POINT('',(6.,-7.));
#2649 = ( GEOMETRIC_REPRESENTATION_CONTEXT(2) 
PARAMETRIC_REPRESENTATION_CONTEXT() REPRESENTATION_CONTEXT('2D SPACE',''
  ) );
#2650 = PCURVE('',#876,#2651);
#2651 = DEFINITIONAL_REPRESENTATION('',(#2652),#2655);
#2652 = B_SPLINE_CURVE_WITH_KNOTS('',1,(#2653,#2654),.UNSPECIFIED.,.F.,
  .F.,(2,2),(-22.85,-7.),.PIECEWISE_BEZIER_KNOTS.);
#2653 = CARTESIAN_POINT('',(18.,22.85));
#2654 = CARTESIAN_POINT('',(18.,7.));
#2655 = ( GEOMETRIC_REPRESENTATION_CONTEXT(2) 
PARAMETRIC_REPRESENTATION_CONTEXT() REPRESENTATION_CONTEXT('2D SPACE',''
  ) );
#2656 = ORIENTED_EDGE('',*,*,#2657,.F.);
#2657 = EDGE_CURVE('',#2658,#2637,#2660,.T.);
#2658 = VERTEX_POINT('',#2659);
#2659 = CARTESIAN_POINT('',(-22.,-105.35,42.));
#2660 = SURFACE_CURVE('',#2661,(#2665,#2671),.PCURVE_S1.);
#2661 = LINE('',#2662,#2663);
#2662 = CARTESIAN_POINT('',(-22.,-105.35,18.4));
#2663 = VECTOR('',#2664,1.);
#2664 = DIRECTION('',(-0.,0.,-1.));
#2665 = PCURVE('',#394,#2666);
#2666 = DEFINITIONAL_REPRESENTATION('',(#2667),#2670);
#2667 = B_SPLINE_CURVE_WITH_KNOTS('',1,(#2668,#2669),.UNSPECIFIED.,.F.,
  .F.,(2,2),(-23.6,-15.2),.PIECEWISE_BEZIER_KNOTS.);
#2668 = CARTESIAN_POINT('',(8.4,-22.85));
#2669 = CARTESIAN_POINT('',(0.,-22.85));
#2670 = ( GEOMETRIC_REPRESENTATION_CONTEXT(2) 
PARAMETRIC_REPRESENTATION_CONTEXT() REPRESENTATION_CONTEXT('2D SPACE',''
  ) );
#2671 = PCURVE('',#2330,#2672);
#2672 = DEFINITIONAL_REPRESENTATION('',(#2673),#2676);
#2673 = B_SPLINE_CURVE_WITH_KNOTS('',1,(#2674,#2675),.UNSPECIFIED.,.F.,
  .F.,(2,2),(-23.6,-15.2),.PIECEWISE_BEZIER_KNOTS.);
#2674 = CARTESIAN_POINT('',(38.8,126.7));
#2675 = CARTESIAN_POINT('',(30.4,126.7));
#2676 = ( GEOMETRIC_REPRESENTATION_CONTEXT(2) 
PARAMETRIC_REPRESENTATION_CONTEXT() REPRESENTATION_CONTEXT('2D SPACE',''
  ) );
#2677 = ORIENTED_EDGE('',*,*,#2678,.F.);
#2678 = EDGE_CURVE('',#2588,#2658,#2679,.T.);
#2679 = SURFACE_CURVE('',#2680,(#2684,#2690),.PCURVE_S1.);
#2680 = LINE('',#2681,#2682);
#2681 = CARTESIAN_POINT('',(-22.,-123.45,42.));
#2682 = VECTOR('',#2683,1.);
#2683 = DIRECTION('',(-0.,1.,0.));
#2684 = PCURVE('',#394,#2685);
#2685 = DEFINITIONAL_REPRESENTATION('',(#2686),#2689);
#2686 = B_SPLINE_CURVE_WITH_KNOTS('',1,(#2687,#2688),.UNSPECIFIED.,.F.,
  .F.,(2,2),(4.75,25.25),.PIECEWISE_BEZIER_KNOTS.);
#2687 = CARTESIAN_POINT('',(8.4,-9.5));
#2688 = CARTESIAN_POINT('',(8.4,-30.));
#2689 = ( GEOMETRIC_REPRESENTATION_CONTEXT(2) 
PARAMETRIC_REPRESENTATION_CONTEXT() REPRESENTATION_CONTEXT('2D SPACE',''
  ) );
#2690 = PCURVE('',#2356,#2691);
#2691 = DEFINITIONAL_REPRESENTATION('',(#2692),#2696);
#2692 = LINE('',#2693,#2694);
#2693 = CARTESIAN_POINT('',(131.5,-4.75));
#2694 = VECTOR('',#2695,1.);
#2695 = DIRECTION('',(0.,1.));
#2696 = ( GEOMETRIC_REPRESENTATION_CONTEXT(2) 
PARAMETRIC_REPRESENTATION_CONTEXT() REPRESENTATION_CONTEXT('2D SPACE',''
  ) );
#2697 = ORIENTED_EDGE('',*,*,#2587,.F.);
#2698 = ADVANCED_FACE('',(#2699),#796,.T.);
#2699 = FACE_BOUND('',#2700,.T.);
#2700 = EDGE_LOOP('',(#2701,#2720,#2721,#2722));
#2701 = ORIENTED_EDGE('',*,*,#2702,.F.);
#2702 = EDGE_CURVE('',#1012,#1379,#2703,.T.);
#2703 = SURFACE_CURVE('',#2704,(#2708,#2714),.PCURVE_S1.);
#2704 = LINE('',#2705,#2706);
#2705 = CARTESIAN_POINT('',(153.,-121.2,1.));
#2706 = VECTOR('',#2707,1.);
#2707 = DIRECTION('',(-4.329780281177E-17,0.707106781187,-0.707106781187
    ));
#2708 = PCURVE('',#796,#2709);
#2709 = DEFINITIONAL_REPRESENTATION('',(#2710),#2713);
#2710 = B_SPLINE_CURVE_WITH_KNOTS('',1,(#2711,#2712),.UNSPECIFIED.,.F.,
  .F.,(2,2),(0.,1.414213562373),.PIECEWISE_BEZIER_KNOTS.);
#2711 = CARTESIAN_POINT('',(0.,-0.707106781187));
#2712 = CARTESIAN_POINT('',(0.,0.707106781187));
#2713 = ( GEOMETRIC_REPRESENTATION_CONTEXT(2) 
PARAMETRIC_REPRESENTATION_CONTEXT() REPRESENTATION_CONTEXT('2D SPACE',''
  ) );
#2714 = PCURVE('',#1422,#2715);
#2715 = DEFINITIONAL_REPRESENTATION('',(#2716),#2719);
#2716 = B_SPLINE_CURVE_WITH_KNOTS('',1,(#2717,#2718),.UNSPECIFIED.,.F.,
  .F.,(2,2),(0.,1.414213562373),.PIECEWISE_BEZIER_KNOTS.);
#2717 = CARTESIAN_POINT('',(-1.570796326795,0.));
#2718 = CARTESIAN_POINT('',(-1.570796326795,-1.));
#2719 = ( GEOMETRIC_REPRESENTATION_CONTEXT(2) 
PARAMETRIC_REPRESENTATION_CONTEXT() REPRESENTATION_CONTEXT('2D SPACE',''
  ) );
#2720 = ORIENTED_EDGE('',*,*,#1034,.T.);
#2721 = ORIENTED_EDGE('',*,*,#781,.T.);
#2722 = ORIENTED_EDGE('',*,*,#1378,.F.);
#2723 = ADVANCED_FACE('',(#2724),#876,.F.);
#2724 = FACE_BOUND('',#2725,.F.);
#2725 = EDGE_LOOP('',(#2726,#2749,#2750,#2751));
#2726 = ORIENTED_EDGE('',*,*,#2727,.F.);
#2727 = EDGE_CURVE('',#862,#2728,#2730,.T.);
#2728 = VERTEX_POINT('',#2729);
#2729 = CARTESIAN_POINT('',(-40.,-105.35,39.6));
#2730 = SURFACE_CURVE('',#2731,(#2735,#2742),.PCURVE_S1.);
#2731 = LINE('',#2732,#2733);
#2732 = CARTESIAN_POINT('',(-40.,-128.2,39.6));
#2733 = VECTOR('',#2734,1.);
#2734 = DIRECTION('',(-0.,1.,0.));
#2735 = PCURVE('',#876,#2736);
#2736 = DEFINITIONAL_REPRESENTATION('',(#2737),#2741);
#2737 = LINE('',#2738,#2739);
#2738 = CARTESIAN_POINT('',(0.,0.));
#2739 = VECTOR('',#2740,1.);
#2740 = DIRECTION('',(0.,1.));
#2741 = ( GEOMETRIC_REPRESENTATION_CONTEXT(2) 
PARAMETRIC_REPRESENTATION_CONTEXT() REPRESENTATION_CONTEXT('2D SPACE',''
  ) );
#2742 = PCURVE('',#902,#2743);
#2743 = DEFINITIONAL_REPRESENTATION('',(#2744),#2748);
#2744 = LINE('',#2745,#2746);
#2745 = CARTESIAN_POINT('',(5.,0.));
#2746 = VECTOR('',#2747,1.);
#2747 = DIRECTION('',(0.,-1.));
#2748 = ( GEOMETRIC_REPRESENTATION_CONTEXT(2) 
PARAMETRIC_REPRESENTATION_CONTEXT() REPRESENTATION_CONTEXT('2D SPACE',''
  ) );
#2749 = ORIENTED_EDGE('',*,*,#861,.T.);
#2750 = ORIENTED_EDGE('',*,*,#2636,.F.);
#2751 = ORIENTED_EDGE('',*,*,#2752,.F.);
#2752 = EDGE_CURVE('',#2728,#2637,#2753,.T.);
#2753 = SURFACE_CURVE('',#2754,(#2758,#2764),.PCURVE_S1.);
#2754 = LINE('',#2755,#2756);
#2755 = CARTESIAN_POINT('',(-94.35,-105.35,39.6));
#2756 = VECTOR('',#2757,1.);
#2757 = DIRECTION('',(1.,0.,-0.));
#2758 = PCURVE('',#876,#2759);
#2759 = DEFINITIONAL_REPRESENTATION('',(#2760),#2763);
#2760 = B_SPLINE_CURVE_WITH_KNOTS('',1,(#2761,#2762),.UNSPECIFIED.,.F.,
  .F.,(2,2),(54.35,74.35),.PIECEWISE_BEZIER_KNOTS.);
#2761 = CARTESIAN_POINT('',(0.,22.85));
#2762 = CARTESIAN_POINT('',(20.,22.85));
#2763 = ( GEOMETRIC_REPRESENTATION_CONTEXT(2) 
PARAMETRIC_REPRESENTATION_CONTEXT() REPRESENTATION_CONTEXT('2D SPACE',''
  ) );
#2764 = PCURVE('',#2330,#2765);
#2765 = DEFINITIONAL_REPRESENTATION('',(#2766),#2769);
#2766 = B_SPLINE_CURVE_WITH_KNOTS('',1,(#2767,#2768),.UNSPECIFIED.,.F.,
  .F.,(2,2),(54.35,74.35),.PIECEWISE_BEZIER_KNOTS.);
#2767 = CARTESIAN_POINT('',(36.4,108.7));
#2768 = CARTESIAN_POINT('',(36.4,128.7));
#2769 = ( GEOMETRIC_REPRESENTATION_CONTEXT(2) 
PARAMETRIC_REPRESENTATION_CONTEXT() REPRESENTATION_CONTEXT('2D SPACE',''
  ) );
#2770 = ADVANCED_FACE('',(#2771),#902,.T.);
#2771 = FACE_BOUND('',#2772,.T.);
#2772 = EDGE_LOOP('',(#2773,#2774,#2775,#2798));
#2773 = ORIENTED_EDGE('',*,*,#2727,.F.);
#2774 = ORIENTED_EDGE('',*,*,#887,.T.);
#2775 = ORIENTED_EDGE('',*,*,#2776,.T.);
#2776 = EDGE_CURVE('',#888,#2777,#2779,.T.);
#2777 = VERTEX_POINT('',#2778);
#2778 = CARTESIAN_POINT('',(-40.,-105.35,34.6));
#2779 = SURFACE_CURVE('',#2780,(#2784,#2791),.PCURVE_S1.);
#2780 = LINE('',#2781,#2782);
#2781 = CARTESIAN_POINT('',(-40.,-128.2,34.6));
#2782 = VECTOR('',#2783,1.);
#2783 = DIRECTION('',(-0.,1.,0.));
#2784 = PCURVE('',#902,#2785);
#2785 = DEFINITIONAL_REPRESENTATION('',(#2786),#2790);
#2786 = LINE('',#2787,#2788);
#2787 = CARTESIAN_POINT('',(0.,0.));
#2788 = VECTOR('',#2789,1.);
#2789 = DIRECTION('',(0.,-1.));
#2790 = ( GEOMETRIC_REPRESENTATION_CONTEXT(2) 
PARAMETRIC_REPRESENTATION_CONTEXT() REPRESENTATION_CONTEXT('2D SPACE',''
  ) );
#2791 = PCURVE('',#928,#2792);
#2792 = DEFINITIONAL_REPRESENTATION('',(#2793),#2797);
#2793 = LINE('',#2794,#2795);
#2794 = CARTESIAN_POINT('',(0.,0.));
#2795 = VECTOR('',#2796,1.);
#2796 = DIRECTION('',(0.,1.));
#2797 = ( GEOMETRIC_REPRESENTATION_CONTEXT(2) 
PARAMETRIC_REPRESENTATION_CONTEXT() REPRESENTATION_CONTEXT('2D SPACE',''
  ) );
#2798 = ORIENTED_EDGE('',*,*,#2799,.F.);
#2799 = EDGE_CURVE('',#2728,#2777,#2800,.T.);
#2800 = SURFACE_CURVE('',#2801,(#2805,#2811),.PCURVE_S1.);
#2801 = LINE('',#2802,#2803);
#2802 = CARTESIAN_POINT('',(-40.,-105.35,18.9));
#2803 = VECTOR('',#2804,1.);
#2804 = DIRECTION('',(-0.,0.,-1.));
#2805 = PCURVE('',#902,#2806);
#2806 = DEFINITIONAL_REPRESENTATION('',(#2807),#2810);
#2807 = B_SPLINE_CURVE_WITH_KNOTS('',1,(#2808,#2809),.UNSPECIFIED.,.F.,
  .F.,(2,2),(-20.7,-15.7),.PIECEWISE_BEZIER_KNOTS.);
#2808 = CARTESIAN_POINT('',(5.,-22.85));
#2809 = CARTESIAN_POINT('',(0.,-22.85));
#2810 = ( GEOMETRIC_REPRESENTATION_CONTEXT(2) 
PARAMETRIC_REPRESENTATION_CONTEXT() REPRESENTATION_CONTEXT('2D SPACE',''
  ) );
#2811 = PCURVE('',#2330,#2812);
#2812 = DEFINITIONAL_REPRESENTATION('',(#2813),#2816);
#2813 = B_SPLINE_CURVE_WITH_KNOTS('',1,(#2814,#2815),.UNSPECIFIED.,.F.,
  .F.,(2,2),(-20.7,-15.7),.PIECEWISE_BEZIER_KNOTS.);
#2814 = CARTESIAN_POINT('',(36.4,108.7));
#2815 = CARTESIAN_POINT('',(31.4,108.7));
#2816 = ( GEOMETRIC_REPRESENTATION_CONTEXT(2) 
PARAMETRIC_REPRESENTATION_CONTEXT() REPRESENTATION_CONTEXT('2D SPACE',''
  ) );
#2817 = ADVANCED_FACE('',(#2818),#980,.T.);
#2818 = FACE_BOUND('',#2819,.T.);
#2819 = EDGE_LOOP('',(#2820,#2843,#2844,#2845));
#2820 = ORIENTED_EDGE('',*,*,#2821,.F.);
#2821 = EDGE_CURVE('',#940,#2822,#2824,.T.);
#2822 = VERTEX_POINT('',#2823);
#2823 = CARTESIAN_POINT('',(-22.,-105.35,33.6));
#2824 = SURFACE_CURVE('',#2825,(#2829,#2836),.PCURVE_S1.);
#2825 = LINE('',#2826,#2827);
#2826 = CARTESIAN_POINT('',(-22.,-128.2,33.6));
#2827 = VECTOR('',#2828,1.);
#2828 = DIRECTION('',(-0.,1.,0.));
#2829 = PCURVE('',#980,#2830);
#2830 = DEFINITIONAL_REPRESENTATION('',(#2831),#2835);
#2831 = LINE('',#2832,#2833);
#2832 = CARTESIAN_POINT('',(0.,0.));
#2833 = VECTOR('',#2834,1.);
#2834 = DIRECTION('',(0.,1.));
#2835 = ( GEOMETRIC_REPRESENTATION_CONTEXT(2) 
PARAMETRIC_REPRESENTATION_CONTEXT() REPRESENTATION_CONTEXT('2D SPACE',''
  ) );
#2836 = PCURVE('',#954,#2837);
#2837 = DEFINITIONAL_REPRESENTATION('',(#2838),#2842);
#2838 = LINE('',#2839,#2840);
#2839 = CARTESIAN_POINT('',(0.,0.));
#2840 = VECTOR('',#2841,1.);
#2841 = DIRECTION('',(0.,-1.));
#2842 = ( GEOMETRIC_REPRESENTATION_CONTEXT(2) 
PARAMETRIC_REPRESENTATION_CONTEXT() REPRESENTATION_CONTEXT('2D SPACE',''
  ) );
#2843 = ORIENTED_EDGE('',*,*,#965,.T.);
#2844 = ORIENTED_EDGE('',*,*,#2292,.T.);
#2845 = ORIENTED_EDGE('',*,*,#2846,.F.);
#2846 = EDGE_CURVE('',#2822,#2293,#2847,.T.);
#2847 = SURFACE_CURVE('',#2848,(#2852,#2858),.PCURVE_S1.);
#2848 = LINE('',#2849,#2850);
#2849 = CARTESIAN_POINT('',(-85.35,-105.35,33.6));
#2850 = VECTOR('',#2851,1.);
#2851 = DIRECTION('',(1.,0.,-0.));
#2852 = PCURVE('',#980,#2853);
#2853 = DEFINITIONAL_REPRESENTATION('',(#2854),#2857);
#2854 = B_SPLINE_CURVE_WITH_KNOTS('',1,(#2855,#2856),.UNSPECIFIED.,.F.,
  .F.,(2,2),(63.35,93.35),.PIECEWISE_BEZIER_KNOTS.);
#2855 = CARTESIAN_POINT('',(0.,22.85));
#2856 = CARTESIAN_POINT('',(30.,22.85));
#2857 = ( GEOMETRIC_REPRESENTATION_CONTEXT(2) 
PARAMETRIC_REPRESENTATION_CONTEXT() REPRESENTATION_CONTEXT('2D SPACE',''
  ) );
#2858 = PCURVE('',#2330,#2859);
#2859 = DEFINITIONAL_REPRESENTATION('',(#2860),#2863);
#2860 = B_SPLINE_CURVE_WITH_KNOTS('',1,(#2861,#2862),.UNSPECIFIED.,.F.,
  .F.,(2,2),(63.35,93.35),.PIECEWISE_BEZIER_KNOTS.);
#2861 = CARTESIAN_POINT('',(30.4,126.7));
#2862 = CARTESIAN_POINT('',(30.4,156.7));
#2863 = ( GEOMETRIC_REPRESENTATION_CONTEXT(2) 
PARAMETRIC_REPRESENTATION_CONTEXT() REPRESENTATION_CONTEXT('2D SPACE',''
  ) );
#2864 = ADVANCED_FACE('',(#2865),#928,.T.);
#2865 = FACE_BOUND('',#2866,.T.);
#2866 = EDGE_LOOP('',(#2867,#2868,#2869,#2890));
#2867 = ORIENTED_EDGE('',*,*,#2776,.F.);
#2868 = ORIENTED_EDGE('',*,*,#913,.T.);
#2869 = ORIENTED_EDGE('',*,*,#2870,.F.);
#2870 = EDGE_CURVE('',#2871,#914,#2873,.T.);
#2871 = VERTEX_POINT('',#2872);
#2872 = CARTESIAN_POINT('',(-22.,-105.35,34.6));
#2873 = SURFACE_CURVE('',#2874,(#2878,#2884),.PCURVE_S1.);
#2874 = LINE('',#2875,#2876);
#2875 = CARTESIAN_POINT('',(-22.,-128.2,34.6));
#2876 = VECTOR('',#2877,1.);
#2877 = DIRECTION('',(0.,-1.,0.));
#2878 = PCURVE('',#928,#2879);
#2879 = DEFINITIONAL_REPRESENTATION('',(#2880),#2883);
#2880 = B_SPLINE_CURVE_WITH_KNOTS('',1,(#2881,#2882),.UNSPECIFIED.,.F.,
  .F.,(2,2),(-22.85,-7.),.PIECEWISE_BEZIER_KNOTS.);
#2881 = CARTESIAN_POINT('',(18.,22.85));
#2882 = CARTESIAN_POINT('',(18.,7.));
#2883 = ( GEOMETRIC_REPRESENTATION_CONTEXT(2) 
PARAMETRIC_REPRESENTATION_CONTEXT() REPRESENTATION_CONTEXT('2D SPACE',''
  ) );
#2884 = PCURVE('',#954,#2885);
#2885 = DEFINITIONAL_REPRESENTATION('',(#2886),#2889);
#2886 = B_SPLINE_CURVE_WITH_KNOTS('',1,(#2887,#2888),.UNSPECIFIED.,.F.,
  .F.,(2,2),(-22.85,-7.),.PIECEWISE_BEZIER_KNOTS.);
#2887 = CARTESIAN_POINT('',(1.,-22.85));
#2888 = CARTESIAN_POINT('',(1.,-7.));
#2889 = ( GEOMETRIC_REPRESENTATION_CONTEXT(2) 
PARAMETRIC_REPRESENTATION_CONTEXT() REPRESENTATION_CONTEXT('2D SPACE',''
  ) );
#2890 = ORIENTED_EDGE('',*,*,#2891,.F.);
#2891 = EDGE_CURVE('',#2777,#2871,#2892,.T.);
#2892 = SURFACE_CURVE('',#2893,(#2897,#2903),.PCURVE_S1.);
#2893 = LINE('',#2894,#2895);
#2894 = CARTESIAN_POINT('',(-94.35,-105.35,34.6));
#2895 = VECTOR('',#2896,1.);
#2896 = DIRECTION('',(1.,0.,-0.));
#2897 = PCURVE('',#928,#2898);
#2898 = DEFINITIONAL_REPRESENTATION('',(#2899),#2902);
#2899 = B_SPLINE_CURVE_WITH_KNOTS('',1,(#2900,#2901),.UNSPECIFIED.,.F.,
  .F.,(2,2),(54.35,74.35),.PIECEWISE_BEZIER_KNOTS.);
#2900 = CARTESIAN_POINT('',(0.,22.85));
#2901 = CARTESIAN_POINT('',(20.,22.85));
#2902 = ( GEOMETRIC_REPRESENTATION_CONTEXT(2) 
PARAMETRIC_REPRESENTATION_CONTEXT() REPRESENTATION_CONTEXT('2D SPACE',''
  ) );
#2903 = PCURVE('',#2330,#2904);
#2904 = DEFINITIONAL_REPRESENTATION('',(#2905),#2908);
#2905 = B_SPLINE_CURVE_WITH_KNOTS('',1,(#2906,#2907),.UNSPECIFIED.,.F.,
  .F.,(2,2),(54.35,74.35),.PIECEWISE_BEZIER_KNOTS.);
#2906 = CARTESIAN_POINT('',(31.4,108.7));
#2907 = CARTESIAN_POINT('',(31.4,128.7));
#2908 = ( GEOMETRIC_REPRESENTATION_CONTEXT(2) 
PARAMETRIC_REPRESENTATION_CONTEXT() REPRESENTATION_CONTEXT('2D SPACE',''
  ) );
#2909 = ADVANCED_FACE('',(#2910),#954,.T.);
#2910 = FACE_BOUND('',#2911,.T.);
#2911 = EDGE_LOOP('',(#2912,#2913,#2914,#2915));
#2912 = ORIENTED_EDGE('',*,*,#2870,.T.);
#2913 = ORIENTED_EDGE('',*,*,#939,.T.);
#2914 = ORIENTED_EDGE('',*,*,#2821,.T.);
#2915 = ORIENTED_EDGE('',*,*,#2916,.F.);
#2916 = EDGE_CURVE('',#2871,#2822,#2917,.T.);
#2917 = SURFACE_CURVE('',#2918,(#2922,#2928),.PCURVE_S1.);
#2918 = LINE('',#2919,#2920);
#2919 = CARTESIAN_POINT('',(-22.,-105.35,18.4));
#2920 = VECTOR('',#2921,1.);
#2921 = DIRECTION('',(-0.,0.,-1.));
#2922 = PCURVE('',#954,#2923);
#2923 = DEFINITIONAL_REPRESENTATION('',(#2924),#2927);
#2924 = B_SPLINE_CURVE_WITH_KNOTS('',1,(#2925,#2926),.UNSPECIFIED.,.F.,
  .F.,(2,2),(-23.6,-15.2),.PIECEWISE_BEZIER_KNOTS.);
#2925 = CARTESIAN_POINT('',(8.4,-22.85));
#2926 = CARTESIAN_POINT('',(0.,-22.85));
#2927 = ( GEOMETRIC_REPRESENTATION_CONTEXT(2) 
PARAMETRIC_REPRESENTATION_CONTEXT() REPRESENTATION_CONTEXT('2D SPACE',''
  ) );
#2928 = PCURVE('',#2330,#2929);
#2929 = DEFINITIONAL_REPRESENTATION('',(#2930),#2933);
#2930 = B_SPLINE_CURVE_WITH_KNOTS('',1,(#2931,#2932),.UNSPECIFIED.,.F.,
  .F.,(2,2),(-23.6,-15.2),.PIECEWISE_BEZIER_KNOTS.);
#2931 = CARTESIAN_POINT('',(38.8,126.7));
#2932 = CARTESIAN_POINT('',(30.4,126.7));
#2933 = ( GEOMETRIC_REPRESENTATION_CONTEXT(2) 
PARAMETRIC_REPRESENTATION_CONTEXT() REPRESENTATION_CONTEXT('2D SPACE',''
  ) );
#2934 = ADVANCED_FACE('',(#2935),#1074,.F.);
#2935 = FACE_BOUND('',#2936,.F.);
#2936 = EDGE_LOOP('',(#2937,#2960,#2961,#2984));
#2937 = ORIENTED_EDGE('',*,*,#2938,.F.);
#2938 = EDGE_CURVE('',#1058,#2939,#2941,.T.);
#2939 = VERTEX_POINT('',#2940);
#2940 = CARTESIAN_POINT('',(-70.,-105.35,39.6));
#2941 = SURFACE_CURVE('',#2942,(#2946,#2953),.PCURVE_S1.);
#2942 = LINE('',#2943,#2944);
#2943 = CARTESIAN_POINT('',(-70.,-128.2,39.6));
#2944 = VECTOR('',#2945,1.);
#2945 = DIRECTION('',(-0.,1.,0.));
#2946 = PCURVE('',#1074,#2947);
#2947 = DEFINITIONAL_REPRESENTATION('',(#2948),#2952);
#2948 = LINE('',#2949,#2950);
#2949 = CARTESIAN_POINT('',(0.,0.));
#2950 = VECTOR('',#2951,1.);
#2951 = DIRECTION('',(0.,1.));
#2952 = ( GEOMETRIC_REPRESENTATION_CONTEXT(2) 
PARAMETRIC_REPRESENTATION_CONTEXT() REPRESENTATION_CONTEXT('2D SPACE',''
  ) );
#2953 = PCURVE('',#1100,#2954);
#2954 = DEFINITIONAL_REPRESENTATION('',(#2955),#2959);
#2955 = LINE('',#2956,#2957);
#2956 = CARTESIAN_POINT('',(5.,0.));
#2957 = VECTOR('',#2958,1.);
#2958 = DIRECTION('',(0.,-1.));
#2959 = ( GEOMETRIC_REPRESENTATION_CONTEXT(2) 
PARAMETRIC_REPRESENTATION_CONTEXT() REPRESENTATION_CONTEXT('2D SPACE',''
  ) );
#2960 = ORIENTED_EDGE('',*,*,#1057,.T.);
#2961 = ORIENTED_EDGE('',*,*,#2962,.T.);
#2962 = EDGE_CURVE('',#1060,#2963,#2965,.T.);
#2963 = VERTEX_POINT('',#2964);
#2964 = CARTESIAN_POINT('',(-50.,-105.35,39.6));
#2965 = SURFACE_CURVE('',#2966,(#2970,#2977),.PCURVE_S1.);
#2966 = LINE('',#2967,#2968);
#2967 = CARTESIAN_POINT('',(-50.,-128.2,39.6));
#2968 = VECTOR('',#2969,1.);
#2969 = DIRECTION('',(-0.,1.,0.));
#2970 = PCURVE('',#1074,#2971);
#2971 = DEFINITIONAL_REPRESENTATION('',(#2972),#2976);
#2972 = LINE('',#2973,#2974);
#2973 = CARTESIAN_POINT('',(20.,0.));
#2974 = VECTOR('',#2975,1.);
#2975 = DIRECTION('',(0.,1.));
#2976 = ( GEOMETRIC_REPRESENTATION_CONTEXT(2) 
PARAMETRIC_REPRESENTATION_CONTEXT() REPRESENTATION_CONTEXT('2D SPACE',''
  ) );
#2977 = PCURVE('',#1150,#2978);
#2978 = DEFINITIONAL_REPRESENTATION('',(#2979),#2983);
#2979 = LINE('',#2980,#2981);
#2980 = CARTESIAN_POINT('',(5.,0.));
#2981 = VECTOR('',#2982,1.);
#2982 = DIRECTION('',(0.,-1.));
#2983 = ( GEOMETRIC_REPRESENTATION_CONTEXT(2) 
PARAMETRIC_REPRESENTATION_CONTEXT() REPRESENTATION_CONTEXT('2D SPACE',''
  ) );
#2984 = ORIENTED_EDGE('',*,*,#2985,.F.);
#2985 = EDGE_CURVE('',#2939,#2963,#2986,.T.);
#2986 = SURFACE_CURVE('',#2987,(#2991,#2997),.PCURVE_S1.);
#2987 = LINE('',#2988,#2989);
#2988 = CARTESIAN_POINT('',(-109.35,-105.35,39.6));
#2989 = VECTOR('',#2990,1.);
#2990 = DIRECTION('',(1.,0.,-0.));
#2991 = PCURVE('',#1074,#2992);
#2992 = DEFINITIONAL_REPRESENTATION('',(#2993),#2996);
#2993 = B_SPLINE_CURVE_WITH_KNOTS('',1,(#2994,#2995),.UNSPECIFIED.,.F.,
  .F.,(2,2),(39.35,59.35),.PIECEWISE_BEZIER_KNOTS.);
#2994 = CARTESIAN_POINT('',(0.,22.85));
#2995 = CARTESIAN_POINT('',(20.,22.85));
#2996 = ( GEOMETRIC_REPRESENTATION_CONTEXT(2) 
PARAMETRIC_REPRESENTATION_CONTEXT() REPRESENTATION_CONTEXT('2D SPACE',''
  ) );
#2997 = PCURVE('',#2330,#2998);
#2998 = DEFINITIONAL_REPRESENTATION('',(#2999),#3002);
#2999 = B_SPLINE_CURVE_WITH_KNOTS('',1,(#3000,#3001),.UNSPECIFIED.,.F.,
  .F.,(2,2),(39.35,59.35),.PIECEWISE_BEZIER_KNOTS.);
#3000 = CARTESIAN_POINT('',(36.4,78.7));
#3001 = CARTESIAN_POINT('',(36.4,98.7));
#3002 = ( GEOMETRIC_REPRESENTATION_CONTEXT(2) 
PARAMETRIC_REPRESENTATION_CONTEXT() REPRESENTATION_CONTEXT('2D SPACE',''
  ) );
#3003 = ADVANCED_FACE('',(#3004),#1100,.T.);
#3004 = FACE_BOUND('',#3005,.T.);
#3005 = EDGE_LOOP('',(#3006,#3007,#3008,#3031));
#3006 = ORIENTED_EDGE('',*,*,#2938,.F.);
#3007 = ORIENTED_EDGE('',*,*,#1085,.T.);
#3008 = ORIENTED_EDGE('',*,*,#3009,.T.);
#3009 = EDGE_CURVE('',#1086,#3010,#3012,.T.);
#3010 = VERTEX_POINT('',#3011);
#3011 = CARTESIAN_POINT('',(-70.,-105.35,34.6));
#3012 = SURFACE_CURVE('',#3013,(#3017,#3024),.PCURVE_S1.);
#3013 = LINE('',#3014,#3015);
#3014 = CARTESIAN_POINT('',(-70.,-128.2,34.6));
#3015 = VECTOR('',#3016,1.);
#3016 = DIRECTION('',(-0.,1.,0.));
#3017 = PCURVE('',#1100,#3018);
#3018 = DEFINITIONAL_REPRESENTATION('',(#3019),#3023);
#3019 = LINE('',#3020,#3021);
#3020 = CARTESIAN_POINT('',(0.,0.));
#3021 = VECTOR('',#3022,1.);
#3022 = DIRECTION('',(0.,-1.));
#3023 = ( GEOMETRIC_REPRESENTATION_CONTEXT(2) 
PARAMETRIC_REPRESENTATION_CONTEXT() REPRESENTATION_CONTEXT('2D SPACE',''
  ) );
#3024 = PCURVE('',#1126,#3025);
#3025 = DEFINITIONAL_REPRESENTATION('',(#3026),#3030);
#3026 = LINE('',#3027,#3028);
#3027 = CARTESIAN_POINT('',(0.,0.));
#3028 = VECTOR('',#3029,1.);
#3029 = DIRECTION('',(0.,1.));
#3030 = ( GEOMETRIC_REPRESENTATION_CONTEXT(2) 
PARAMETRIC_REPRESENTATION_CONTEXT() REPRESENTATION_CONTEXT('2D SPACE',''
  ) );
#3031 = ORIENTED_EDGE('',*,*,#3032,.F.);
#3032 = EDGE_CURVE('',#2939,#3010,#3033,.T.);
#3033 = SURFACE_CURVE('',#3034,(#3038,#3044),.PCURVE_S1.);
#3034 = LINE('',#3035,#3036);
#3035 = CARTESIAN_POINT('',(-70.,-105.35,18.9));
#3036 = VECTOR('',#3037,1.);
#3037 = DIRECTION('',(-0.,0.,-1.));
#3038 = PCURVE('',#1100,#3039);
#3039 = DEFINITIONAL_REPRESENTATION('',(#3040),#3043);
#3040 = B_SPLINE_CURVE_WITH_KNOTS('',1,(#3041,#3042),.UNSPECIFIED.,.F.,
  .F.,(2,2),(-20.7,-15.7),.PIECEWISE_BEZIER_KNOTS.);
#3041 = CARTESIAN_POINT('',(5.,-22.85));
#3042 = CARTESIAN_POINT('',(0.,-22.85));
#3043 = ( GEOMETRIC_REPRESENTATION_CONTEXT(2) 
PARAMETRIC_REPRESENTATION_CONTEXT() REPRESENTATION_CONTEXT('2D SPACE',''
  ) );
#3044 = PCURVE('',#2330,#3045);
#3045 = DEFINITIONAL_REPRESENTATION('',(#3046),#3049);
#3046 = B_SPLINE_CURVE_WITH_KNOTS('',1,(#3047,#3048),.UNSPECIFIED.,.F.,
  .F.,(2,2),(-20.7,-15.7),.PIECEWISE_BEZIER_KNOTS.);
#3047 = CARTESIAN_POINT('',(36.4,78.7));
#3048 = CARTESIAN_POINT('',(31.4,78.7));
#3049 = ( GEOMETRIC_REPRESENTATION_CONTEXT(2) 
PARAMETRIC_REPRESENTATION_CONTEXT() REPRESENTATION_CONTEXT('2D SPACE',''
  ) );
#3050 = ADVANCED_FACE('',(#3051),#1150,.F.);
#3051 = FACE_BOUND('',#3052,.F.);
#3052 = EDGE_LOOP('',(#3053,#3054,#3055,#3078));
#3053 = ORIENTED_EDGE('',*,*,#2962,.F.);
#3054 = ORIENTED_EDGE('',*,*,#1137,.T.);
#3055 = ORIENTED_EDGE('',*,*,#3056,.T.);
#3056 = EDGE_CURVE('',#1112,#3057,#3059,.T.);
#3057 = VERTEX_POINT('',#3058);
#3058 = CARTESIAN_POINT('',(-50.,-105.35,34.6));
#3059 = SURFACE_CURVE('',#3060,(#3064,#3071),.PCURVE_S1.);
#3060 = LINE('',#3061,#3062);
#3061 = CARTESIAN_POINT('',(-50.,-128.2,34.6));
#3062 = VECTOR('',#3063,1.);
#3063 = DIRECTION('',(-0.,1.,0.));
#3064 = PCURVE('',#1150,#3065);
#3065 = DEFINITIONAL_REPRESENTATION('',(#3066),#3070);
#3066 = LINE('',#3067,#3068);
#3067 = CARTESIAN_POINT('',(0.,0.));
#3068 = VECTOR('',#3069,1.);
#3069 = DIRECTION('',(0.,-1.));
#3070 = ( GEOMETRIC_REPRESENTATION_CONTEXT(2) 
PARAMETRIC_REPRESENTATION_CONTEXT() REPRESENTATION_CONTEXT('2D SPACE',''
  ) );
#3071 = PCURVE('',#1126,#3072);
#3072 = DEFINITIONAL_REPRESENTATION('',(#3073),#3077);
#3073 = LINE('',#3074,#3075);
#3074 = CARTESIAN_POINT('',(20.,0.));
#3075 = VECTOR('',#3076,1.);
#3076 = DIRECTION('',(0.,1.));
#3077 = ( GEOMETRIC_REPRESENTATION_CONTEXT(2) 
PARAMETRIC_REPRESENTATION_CONTEXT() REPRESENTATION_CONTEXT('2D SPACE',''
  ) );
#3078 = ORIENTED_EDGE('',*,*,#3079,.F.);
#3079 = EDGE_CURVE('',#2963,#3057,#3080,.T.);
#3080 = SURFACE_CURVE('',#3081,(#3085,#3091),.PCURVE_S1.);
#3081 = LINE('',#3082,#3083);
#3082 = CARTESIAN_POINT('',(-50.,-105.35,18.9));
#3083 = VECTOR('',#3084,1.);
#3084 = DIRECTION('',(-0.,0.,-1.));
#3085 = PCURVE('',#1150,#3086);
#3086 = DEFINITIONAL_REPRESENTATION('',(#3087),#3090);
#3087 = B_SPLINE_CURVE_WITH_KNOTS('',1,(#3088,#3089),.UNSPECIFIED.,.F.,
  .F.,(2,2),(-20.7,-15.7),.PIECEWISE_BEZIER_KNOTS.);
#3088 = CARTESIAN_POINT('',(5.,-22.85));
#3089 = CARTESIAN_POINT('',(0.,-22.85));
#3090 = ( GEOMETRIC_REPRESENTATION_CONTEXT(2) 
PARAMETRIC_REPRESENTATION_CONTEXT() REPRESENTATION_CONTEXT('2D SPACE',''
  ) );
#3091 = PCURVE('',#2330,#3092);
#3092 = DEFINITIONAL_REPRESENTATION('',(#3093),#3096);
#3093 = B_SPLINE_CURVE_WITH_KNOTS('',1,(#3094,#3095),.UNSPECIFIED.,.F.,
  .F.,(2,2),(-20.7,-15.7),.PIECEWISE_BEZIER_KNOTS.);
#3094 = CARTESIAN_POINT('',(36.4,98.7));
#3095 = CARTESIAN_POINT('',(31.4,98.7));
#3096 = ( GEOMETRIC_REPRESENTATION_CONTEXT(2) 
PARAMETRIC_REPRESENTATION_CONTEXT() REPRESENTATION_CONTEXT('2D SPACE',''
  ) );
#3097 = ADVANCED_FACE('',(#3098),#1126,.T.);
#3098 = FACE_BOUND('',#3099,.T.);
#3099 = EDGE_LOOP('',(#3100,#3101,#3102,#3103));
#3100 = ORIENTED_EDGE('',*,*,#3009,.F.);
#3101 = ORIENTED_EDGE('',*,*,#1111,.T.);
#3102 = ORIENTED_EDGE('',*,*,#3056,.T.);
#3103 = ORIENTED_EDGE('',*,*,#3104,.F.);
#3104 = EDGE_CURVE('',#3010,#3057,#3105,.T.);
#3105 = SURFACE_CURVE('',#3106,(#3110,#3116),.PCURVE_S1.);
#3106 = LINE('',#3107,#3108);
#3107 = CARTESIAN_POINT('',(-109.35,-105.35,34.6));
#3108 = VECTOR('',#3109,1.);
#3109 = DIRECTION('',(1.,0.,-0.));
#3110 = PCURVE('',#1126,#3111);
#3111 = DEFINITIONAL_REPRESENTATION('',(#3112),#3115);
#3112 = B_SPLINE_CURVE_WITH_KNOTS('',1,(#3113,#3114),.UNSPECIFIED.,.F.,
  .F.,(2,2),(39.35,59.35),.PIECEWISE_BEZIER_KNOTS.);
#3113 = CARTESIAN_POINT('',(0.,22.85));
#3114 = CARTESIAN_POINT('',(20.,22.85));
#3115 = ( GEOMETRIC_REPRESENTATION_CONTEXT(2) 
PARAMETRIC_REPRESENTATION_CONTEXT() REPRESENTATION_CONTEXT('2D SPACE',''
  ) );
#3116 = PCURVE('',#2330,#3117);
#3117 = DEFINITIONAL_REPRESENTATION('',(#3118),#3121);
#3118 = B_SPLINE_CURVE_WITH_KNOTS('',1,(#3119,#3120),.UNSPECIFIED.,.F.,
  .F.,(2,2),(39.35,59.35),.PIECEWISE_BEZIER_KNOTS.);
#3119 = CARTESIAN_POINT('',(31.4,78.7));
#3120 = CARTESIAN_POINT('',(31.4,98.7));
#3121 = ( GEOMETRIC_REPRESENTATION_CONTEXT(2) 
PARAMETRIC_REPRESENTATION_CONTEXT() REPRESENTATION_CONTEXT('2D SPACE',''
  ) );
#3122 = ADVANCED_FACE('',(#3123),#1180,.F.);
#3123 = FACE_BOUND('',#3124,.F.);
#3124 = EDGE_LOOP('',(#3125,#3148,#3149,#3172));
#3125 = ORIENTED_EDGE('',*,*,#3126,.F.);
#3126 = EDGE_CURVE('',#1164,#3127,#3129,.T.);
#3127 = VERTEX_POINT('',#3128);
#3128 = CARTESIAN_POINT('',(20.,-105.35,39.6));
#3129 = SURFACE_CURVE('',#3130,(#3134,#3141),.PCURVE_S1.);
#3130 = LINE('',#3131,#3132);
#3131 = CARTESIAN_POINT('',(20.,-128.2,39.6));
#3132 = VECTOR('',#3133,1.);
#3133 = DIRECTION('',(-0.,1.,0.));
#3134 = PCURVE('',#1180,#3135);
#3135 = DEFINITIONAL_REPRESENTATION('',(#3136),#3140);
#3136 = LINE('',#3137,#3138);
#3137 = CARTESIAN_POINT('',(0.,0.));
#3138 = VECTOR('',#3139,1.);
#3139 = DIRECTION('',(0.,1.));
#3140 = ( GEOMETRIC_REPRESENTATION_CONTEXT(2) 
PARAMETRIC_REPRESENTATION_CONTEXT() REPRESENTATION_CONTEXT('2D SPACE',''
  ) );
#3141 = PCURVE('',#1206,#3142);
#3142 = DEFINITIONAL_REPRESENTATION('',(#3143),#3147);
#3143 = LINE('',#3144,#3145);
#3144 = CARTESIAN_POINT('',(5.,0.));
#3145 = VECTOR('',#3146,1.);
#3146 = DIRECTION('',(0.,-1.));
#3147 = ( GEOMETRIC_REPRESENTATION_CONTEXT(2) 
PARAMETRIC_REPRESENTATION_CONTEXT() REPRESENTATION_CONTEXT('2D SPACE',''
  ) );
#3148 = ORIENTED_EDGE('',*,*,#1163,.T.);
#3149 = ORIENTED_EDGE('',*,*,#3150,.T.);
#3150 = EDGE_CURVE('',#1166,#3151,#3153,.T.);
#3151 = VERTEX_POINT('',#3152);
#3152 = CARTESIAN_POINT('',(40.,-105.35,39.6));
#3153 = SURFACE_CURVE('',#3154,(#3158,#3165),.PCURVE_S1.);
#3154 = LINE('',#3155,#3156);
#3155 = CARTESIAN_POINT('',(40.,-128.2,39.6));
#3156 = VECTOR('',#3157,1.);
#3157 = DIRECTION('',(-0.,1.,0.));
#3158 = PCURVE('',#1180,#3159);
#3159 = DEFINITIONAL_REPRESENTATION('',(#3160),#3164);
#3160 = LINE('',#3161,#3162);
#3161 = CARTESIAN_POINT('',(20.,0.));
#3162 = VECTOR('',#3163,1.);
#3163 = DIRECTION('',(0.,1.));
#3164 = ( GEOMETRIC_REPRESENTATION_CONTEXT(2) 
PARAMETRIC_REPRESENTATION_CONTEXT() REPRESENTATION_CONTEXT('2D SPACE',''
  ) );
#3165 = PCURVE('',#1256,#3166);
#3166 = DEFINITIONAL_REPRESENTATION('',(#3167),#3171);
#3167 = LINE('',#3168,#3169);
#3168 = CARTESIAN_POINT('',(5.,0.));
#3169 = VECTOR('',#3170,1.);
#3170 = DIRECTION('',(0.,-1.));
#3171 = ( GEOMETRIC_REPRESENTATION_CONTEXT(2) 
PARAMETRIC_REPRESENTATION_CONTEXT() REPRESENTATION_CONTEXT('2D SPACE',''
  ) );
#3172 = ORIENTED_EDGE('',*,*,#3173,.F.);
#3173 = EDGE_CURVE('',#3127,#3151,#3174,.T.);
#3174 = SURFACE_CURVE('',#3175,(#3179,#3185),.PCURVE_S1.);
#3175 = LINE('',#3176,#3177);
#3176 = CARTESIAN_POINT('',(-64.35,-105.35,39.6));
#3177 = VECTOR('',#3178,1.);
#3178 = DIRECTION('',(1.,0.,-0.));
#3179 = PCURVE('',#1180,#3180);
#3180 = DEFINITIONAL_REPRESENTATION('',(#3181),#3184);
#3181 = B_SPLINE_CURVE_WITH_KNOTS('',1,(#3182,#3183),.UNSPECIFIED.,.F.,
  .F.,(2,2),(84.35,104.35),.PIECEWISE_BEZIER_KNOTS.);
#3182 = CARTESIAN_POINT('',(0.,22.85));
#3183 = CARTESIAN_POINT('',(20.,22.85));
#3184 = ( GEOMETRIC_REPRESENTATION_CONTEXT(2) 
PARAMETRIC_REPRESENTATION_CONTEXT() REPRESENTATION_CONTEXT('2D SPACE',''
  ) );
#3185 = PCURVE('',#2330,#3186);
#3186 = DEFINITIONAL_REPRESENTATION('',(#3187),#3190);
#3187 = B_SPLINE_CURVE_WITH_KNOTS('',1,(#3188,#3189),.UNSPECIFIED.,.F.,
  .F.,(2,2),(84.35,104.35),.PIECEWISE_BEZIER_KNOTS.);
#3188 = CARTESIAN_POINT('',(36.4,168.7));
#3189 = CARTESIAN_POINT('',(36.4,188.7));
#3190 = ( GEOMETRIC_REPRESENTATION_CONTEXT(2) 
PARAMETRIC_REPRESENTATION_CONTEXT() REPRESENTATION_CONTEXT('2D SPACE',''
  ) );
#3191 = ADVANCED_FACE('',(#3192),#1206,.T.);
#3192 = FACE_BOUND('',#3193,.T.);
#3193 = EDGE_LOOP('',(#3194,#3195,#3196,#3219));
#3194 = ORIENTED_EDGE('',*,*,#3126,.F.);
#3195 = ORIENTED_EDGE('',*,*,#1191,.T.);
#3196 = ORIENTED_EDGE('',*,*,#3197,.T.);
#3197 = EDGE_CURVE('',#1192,#3198,#3200,.T.);
#3198 = VERTEX_POINT('',#3199);
#3199 = CARTESIAN_POINT('',(20.,-105.35,34.6));
#3200 = SURFACE_CURVE('',#3201,(#3205,#3212),.PCURVE_S1.);
#3201 = LINE('',#3202,#3203);
#3202 = CARTESIAN_POINT('',(20.,-128.2,34.6));
#3203 = VECTOR('',#3204,1.);
#3204 = DIRECTION('',(-0.,1.,0.));
#3205 = PCURVE('',#1206,#3206);
#3206 = DEFINITIONAL_REPRESENTATION('',(#3207),#3211);
#3207 = LINE('',#3208,#3209);
#3208 = CARTESIAN_POINT('',(0.,0.));
#3209 = VECTOR('',#3210,1.);
#3210 = DIRECTION('',(0.,-1.));
#3211 = ( GEOMETRIC_REPRESENTATION_CONTEXT(2) 
PARAMETRIC_REPRESENTATION_CONTEXT() REPRESENTATION_CONTEXT('2D SPACE',''
  ) );
#3212 = PCURVE('',#1232,#3213);
#3213 = DEFINITIONAL_REPRESENTATION('',(#3214),#3218);
#3214 = LINE('',#3215,#3216);
#3215 = CARTESIAN_POINT('',(0.,0.));
#3216 = VECTOR('',#3217,1.);
#3217 = DIRECTION('',(0.,1.));
#3218 = ( GEOMETRIC_REPRESENTATION_CONTEXT(2) 
PARAMETRIC_REPRESENTATION_CONTEXT() REPRESENTATION_CONTEXT('2D SPACE',''
  ) );
#3219 = ORIENTED_EDGE('',*,*,#3220,.F.);
#3220 = EDGE_CURVE('',#3127,#3198,#3221,.T.);
#3221 = SURFACE_CURVE('',#3222,(#3226,#3232),.PCURVE_S1.);
#3222 = LINE('',#3223,#3224);
#3223 = CARTESIAN_POINT('',(20.,-105.35,18.9));
#3224 = VECTOR('',#3225,1.);
#3225 = DIRECTION('',(-0.,0.,-1.));
#3226 = PCURVE('',#1206,#3227);
#3227 = DEFINITIONAL_REPRESENTATION('',(#3228),#3231);
#3228 = B_SPLINE_CURVE_WITH_KNOTS('',1,(#3229,#3230),.UNSPECIFIED.,.F.,
  .F.,(2,2),(-20.7,-15.7),.PIECEWISE_BEZIER_KNOTS.);
#3229 = CARTESIAN_POINT('',(5.,-22.85));
#3230 = CARTESIAN_POINT('',(0.,-22.85));
#3231 = ( GEOMETRIC_REPRESENTATION_CONTEXT(2) 
PARAMETRIC_REPRESENTATION_CONTEXT() REPRESENTATION_CONTEXT('2D SPACE',''
  ) );
#3232 = PCURVE('',#2330,#3233);
#3233 = DEFINITIONAL_REPRESENTATION('',(#3234),#3237);
#3234 = B_SPLINE_CURVE_WITH_KNOTS('',1,(#3235,#3236),.UNSPECIFIED.,.F.,
  .F.,(2,2),(-20.7,-15.7),.PIECEWISE_BEZIER_KNOTS.);
#3235 = CARTESIAN_POINT('',(36.4,168.7));
#3236 = CARTESIAN_POINT('',(31.4,168.7));
#3237 = ( GEOMETRIC_REPRESENTATION_CONTEXT(2) 
PARAMETRIC_REPRESENTATION_CONTEXT() REPRESENTATION_CONTEXT('2D SPACE',''
  ) );
#3238 = ADVANCED_FACE('',(#3239),#1256,.F.);
#3239 = FACE_BOUND('',#3240,.F.);
#3240 = EDGE_LOOP('',(#3241,#3242,#3243,#3266));
#3241 = ORIENTED_EDGE('',*,*,#3150,.F.);
#3242 = ORIENTED_EDGE('',*,*,#1243,.T.);
#3243 = ORIENTED_EDGE('',*,*,#3244,.T.);
#3244 = EDGE_CURVE('',#1218,#3245,#3247,.T.);
#3245 = VERTEX_POINT('',#3246);
#3246 = CARTESIAN_POINT('',(40.,-105.35,34.6));
#3247 = SURFACE_CURVE('',#3248,(#3252,#3259),.PCURVE_S1.);
#3248 = LINE('',#3249,#3250);
#3249 = CARTESIAN_POINT('',(40.,-128.2,34.6));
#3250 = VECTOR('',#3251,1.);
#3251 = DIRECTION('',(-0.,1.,0.));
#3252 = PCURVE('',#1256,#3253);
#3253 = DEFINITIONAL_REPRESENTATION('',(#3254),#3258);
#3254 = LINE('',#3255,#3256);
#3255 = CARTESIAN_POINT('',(0.,0.));
#3256 = VECTOR('',#3257,1.);
#3257 = DIRECTION('',(0.,-1.));
#3258 = ( GEOMETRIC_REPRESENTATION_CONTEXT(2) 
PARAMETRIC_REPRESENTATION_CONTEXT() REPRESENTATION_CONTEXT('2D SPACE',''
  ) );
#3259 = PCURVE('',#1232,#3260);
#3260 = DEFINITIONAL_REPRESENTATION('',(#3261),#3265);
#3261 = LINE('',#3262,#3263);
#3262 = CARTESIAN_POINT('',(20.,0.));
#3263 = VECTOR('',#3264,1.);
#3264 = DIRECTION('',(0.,1.));
#3265 = ( GEOMETRIC_REPRESENTATION_CONTEXT(2) 
PARAMETRIC_REPRESENTATION_CONTEXT() REPRESENTATION_CONTEXT('2D SPACE',''
  ) );
#3266 = ORIENTED_EDGE('',*,*,#3267,.F.);
#3267 = EDGE_CURVE('',#3151,#3245,#3268,.T.);
#3268 = SURFACE_CURVE('',#3269,(#3273,#3279),.PCURVE_S1.);
#3269 = LINE('',#3270,#3271);
#3270 = CARTESIAN_POINT('',(40.,-105.35,18.9));
#3271 = VECTOR('',#3272,1.);
#3272 = DIRECTION('',(-0.,0.,-1.));
#3273 = PCURVE('',#1256,#3274);
#3274 = DEFINITIONAL_REPRESENTATION('',(#3275),#3278);
#3275 = B_SPLINE_CURVE_WITH_KNOTS('',1,(#3276,#3277),.UNSPECIFIED.,.F.,
  .F.,(2,2),(-20.7,-15.7),.PIECEWISE_BEZIER_KNOTS.);
#3276 = CARTESIAN_POINT('',(5.,-22.85));
#3277 = CARTESIAN_POINT('',(0.,-22.85));
#3278 = ( GEOMETRIC_REPRESENTATION_CONTEXT(2) 
PARAMETRIC_REPRESENTATION_CONTEXT() REPRESENTATION_CONTEXT('2D SPACE',''
  ) );
#3279 = PCURVE('',#2330,#3280);
#3280 = DEFINITIONAL_REPRESENTATION('',(#3281),#3284);
#3281 = B_SPLINE_CURVE_WITH_KNOTS('',1,(#3282,#3283),.UNSPECIFIED.,.F.,
  .F.,(2,2),(-20.7,-15.7),.PIECEWISE_BEZIER_KNOTS.);
#3282 = CARTESIAN_POINT('',(36.4,188.7));
#3283 = CARTESIAN_POINT('',(31.4,188.7));
#3284 = ( GEOMETRIC_REPRESENTATION_CONTEXT(2) 
PARAMETRIC_REPRESENTATION_CONTEXT() REPRESENTATION_CONTEXT('2D SPACE',''
  ) );
#3285 = ADVANCED_FACE('',(#3286),#1232,.T.);
#3286 = FACE_BOUND('',#3287,.T.);
#3287 = EDGE_LOOP('',(#3288,#3289,#3290,#3291));
#3288 = ORIENTED_EDGE('',*,*,#3197,.F.);
#3289 = ORIENTED_EDGE('',*,*,#1217,.T.);
#3290 = ORIENTED_EDGE('',*,*,#3244,.T.);
#3291 = ORIENTED_EDGE('',*,*,#3292,.F.);
#3292 = EDGE_CURVE('',#3198,#3245,#3293,.T.);
#3293 = SURFACE_CURVE('',#3294,(#3298,#3304),.PCURVE_S1.);
#3294 = LINE('',#3295,#3296);
#3295 = CARTESIAN_POINT('',(-64.35,-105.35,34.6));
#3296 = VECTOR('',#3297,1.);
#3297 = DIRECTION('',(1.,0.,-0.));
#3298 = PCURVE('',#1232,#3299);
#3299 = DEFINITIONAL_REPRESENTATION('',(#3300),#3303);
#3300 = B_SPLINE_CURVE_WITH_KNOTS('',1,(#3301,#3302),.UNSPECIFIED.,.F.,
  .F.,(2,2),(84.35,104.35),.PIECEWISE_BEZIER_KNOTS.);
#3301 = CARTESIAN_POINT('',(0.,22.85));
#3302 = CARTESIAN_POINT('',(20.,22.85));
#3303 = ( GEOMETRIC_REPRESENTATION_CONTEXT(2) 
PARAMETRIC_REPRESENTATION_CONTEXT() REPRESENTATION_CONTEXT('2D SPACE',''
  ) );
#3304 = PCURVE('',#2330,#3305);
#3305 = DEFINITIONAL_REPRESENTATION('',(#3306),#3309);
#3306 = B_SPLINE_CURVE_WITH_KNOTS('',1,(#3307,#3308),.UNSPECIFIED.,.F.,
  .F.,(2,2),(84.35,104.35),.PIECEWISE_BEZIER_KNOTS.);
#3307 = CARTESIAN_POINT('',(31.4,168.7));
#3308 = CARTESIAN_POINT('',(31.4,188.7));
#3309 = ( GEOMETRIC_REPRESENTATION_CONTEXT(2) 
PARAMETRIC_REPRESENTATION_CONTEXT() REPRESENTATION_CONTEXT('2D SPACE',''
  ) );
#3310 = ADVANCED_FACE('',(#3311),#1286,.F.);
#3311 = FACE_BOUND('',#3312,.F.);
#3312 = EDGE_LOOP('',(#3313,#3336,#3337,#3360));
#3313 = ORIENTED_EDGE('',*,*,#3314,.F.);
#3314 = EDGE_CURVE('',#1270,#3315,#3317,.T.);
#3315 = VERTEX_POINT('',#3316);
#3316 = CARTESIAN_POINT('',(50.,-105.35,39.6));
#3317 = SURFACE_CURVE('',#3318,(#3322,#3329),.PCURVE_S1.);
#3318 = LINE('',#3319,#3320);
#3319 = CARTESIAN_POINT('',(50.,-128.2,39.6));
#3320 = VECTOR('',#3321,1.);
#3321 = DIRECTION('',(-0.,1.,0.));
#3322 = PCURVE('',#1286,#3323);
#3323 = DEFINITIONAL_REPRESENTATION('',(#3324),#3328);
#3324 = LINE('',#3325,#3326);
#3325 = CARTESIAN_POINT('',(0.,0.));
#3326 = VECTOR('',#3327,1.);
#3327 = DIRECTION('',(0.,1.));
#3328 = ( GEOMETRIC_REPRESENTATION_CONTEXT(2) 
PARAMETRIC_REPRESENTATION_CONTEXT() REPRESENTATION_CONTEXT('2D SPACE',''
  ) );
#3329 = PCURVE('',#1312,#3330);
#3330 = DEFINITIONAL_REPRESENTATION('',(#3331),#3335);
#3331 = LINE('',#3332,#3333);
#3332 = CARTESIAN_POINT('',(5.,0.));
#3333 = VECTOR('',#3334,1.);
#3334 = DIRECTION('',(0.,-1.));
#3335 = ( GEOMETRIC_REPRESENTATION_CONTEXT(2) 
PARAMETRIC_REPRESENTATION_CONTEXT() REPRESENTATION_CONTEXT('2D SPACE',''
  ) );
#3336 = ORIENTED_EDGE('',*,*,#1269,.T.);
#3337 = ORIENTED_EDGE('',*,*,#3338,.T.);
#3338 = EDGE_CURVE('',#1272,#3339,#3341,.T.);
#3339 = VERTEX_POINT('',#3340);
#3340 = CARTESIAN_POINT('',(70.,-105.35,39.6));
#3341 = SURFACE_CURVE('',#3342,(#3346,#3353),.PCURVE_S1.);
#3342 = LINE('',#3343,#3344);
#3343 = CARTESIAN_POINT('',(70.,-128.2,39.6));
#3344 = VECTOR('',#3345,1.);
#3345 = DIRECTION('',(-0.,1.,0.));
#3346 = PCURVE('',#1286,#3347);
#3347 = DEFINITIONAL_REPRESENTATION('',(#3348),#3352);
#3348 = LINE('',#3349,#3350);
#3349 = CARTESIAN_POINT('',(20.,0.));
#3350 = VECTOR('',#3351,1.);
#3351 = DIRECTION('',(0.,1.));
#3352 = ( GEOMETRIC_REPRESENTATION_CONTEXT(2) 
PARAMETRIC_REPRESENTATION_CONTEXT() REPRESENTATION_CONTEXT('2D SPACE',''
  ) );
#3353 = PCURVE('',#1362,#3354);
#3354 = DEFINITIONAL_REPRESENTATION('',(#3355),#3359);
#3355 = LINE('',#3356,#3357);
#3356 = CARTESIAN_POINT('',(5.,0.));
#3357 = VECTOR('',#3358,1.);
#3358 = DIRECTION('',(0.,-1.));
#3359 = ( GEOMETRIC_REPRESENTATION_CONTEXT(2) 
PARAMETRIC_REPRESENTATION_CONTEXT() REPRESENTATION_CONTEXT('2D SPACE',''
  ) );
#3360 = ORIENTED_EDGE('',*,*,#3361,.F.);
#3361 = EDGE_CURVE('',#3315,#3339,#3362,.T.);
#3362 = SURFACE_CURVE('',#3363,(#3367,#3373),.PCURVE_S1.);
#3363 = LINE('',#3364,#3365);
#3364 = CARTESIAN_POINT('',(-49.35,-105.35,39.6));
#3365 = VECTOR('',#3366,1.);
#3366 = DIRECTION('',(1.,0.,-0.));
#3367 = PCURVE('',#1286,#3368);
#3368 = DEFINITIONAL_REPRESENTATION('',(#3369),#3372);
#3369 = B_SPLINE_CURVE_WITH_KNOTS('',1,(#3370,#3371),.UNSPECIFIED.,.F.,
  .F.,(2,2),(99.35,119.35),.PIECEWISE_BEZIER_KNOTS.);
#3370 = CARTESIAN_POINT('',(0.,22.85));
#3371 = CARTESIAN_POINT('',(20.,22.85));
#3372 = ( GEOMETRIC_REPRESENTATION_CONTEXT(2) 
PARAMETRIC_REPRESENTATION_CONTEXT() REPRESENTATION_CONTEXT('2D SPACE',''
  ) );
#3373 = PCURVE('',#2330,#3374);
#3374 = DEFINITIONAL_REPRESENTATION('',(#3375),#3378);
#3375 = B_SPLINE_CURVE_WITH_KNOTS('',1,(#3376,#3377),.UNSPECIFIED.,.F.,
  .F.,(2,2),(99.35,119.35),.PIECEWISE_BEZIER_KNOTS.);
#3376 = CARTESIAN_POINT('',(36.4,198.7));
#3377 = CARTESIAN_POINT('',(36.4,218.7));
#3378 = ( GEOMETRIC_REPRESENTATION_CONTEXT(2) 
PARAMETRIC_REPRESENTATION_CONTEXT() REPRESENTATION_CONTEXT('2D SPACE',''
  ) );
#3379 = ADVANCED_FACE('',(#3380),#1362,.F.);
#3380 = FACE_BOUND('',#3381,.F.);
#3381 = EDGE_LOOP('',(#3382,#3383,#3384,#3407));
#3382 = ORIENTED_EDGE('',*,*,#3338,.F.);
#3383 = ORIENTED_EDGE('',*,*,#1349,.T.);
#3384 = ORIENTED_EDGE('',*,*,#3385,.T.);
#3385 = EDGE_CURVE('',#1324,#3386,#3388,.T.);
#3386 = VERTEX_POINT('',#3387);
#3387 = CARTESIAN_POINT('',(70.,-105.35,34.6));
#3388 = SURFACE_CURVE('',#3389,(#3393,#3400),.PCURVE_S1.);
#3389 = LINE('',#3390,#3391);
#3390 = CARTESIAN_POINT('',(70.,-128.2,34.6));
#3391 = VECTOR('',#3392,1.);
#3392 = DIRECTION('',(-0.,1.,0.));
#3393 = PCURVE('',#1362,#3394);
#3394 = DEFINITIONAL_REPRESENTATION('',(#3395),#3399);
#3395 = LINE('',#3396,#3397);
#3396 = CARTESIAN_POINT('',(0.,0.));
#3397 = VECTOR('',#3398,1.);
#3398 = DIRECTION('',(0.,-1.));
#3399 = ( GEOMETRIC_REPRESENTATION_CONTEXT(2) 
PARAMETRIC_REPRESENTATION_CONTEXT() REPRESENTATION_CONTEXT('2D SPACE',''
  ) );
#3400 = PCURVE('',#1338,#3401);
#3401 = DEFINITIONAL_REPRESENTATION('',(#3402),#3406);
#3402 = LINE('',#3403,#3404);
#3403 = CARTESIAN_POINT('',(20.,0.));
#3404 = VECTOR('',#3405,1.);
#3405 = DIRECTION('',(0.,1.));
#3406 = ( GEOMETRIC_REPRESENTATION_CONTEXT(2) 
PARAMETRIC_REPRESENTATION_CONTEXT() REPRESENTATION_CONTEXT('2D SPACE',''
  ) );
#3407 = ORIENTED_EDGE('',*,*,#3408,.F.);
#3408 = EDGE_CURVE('',#3339,#3386,#3409,.T.);
#3409 = SURFACE_CURVE('',#3410,(#3414,#3420),.PCURVE_S1.);
#3410 = LINE('',#3411,#3412);
#3411 = CARTESIAN_POINT('',(70.,-105.35,18.9));
#3412 = VECTOR('',#3413,1.);
#3413 = DIRECTION('',(-0.,0.,-1.));
#3414 = PCURVE('',#1362,#3415);
#3415 = DEFINITIONAL_REPRESENTATION('',(#3416),#3419);
#3416 = B_SPLINE_CURVE_WITH_KNOTS('',1,(#3417,#3418),.UNSPECIFIED.,.F.,
  .F.,(2,2),(-20.7,-15.7),.PIECEWISE_BEZIER_KNOTS.);
#3417 = CARTESIAN_POINT('',(5.,-22.85));
#3418 = CARTESIAN_POINT('',(0.,-22.85));
#3419 = ( GEOMETRIC_REPRESENTATION_CONTEXT(2) 
PARAMETRIC_REPRESENTATION_CONTEXT() REPRESENTATION_CONTEXT('2D SPACE',''
  ) );
#3420 = PCURVE('',#2330,#3421);
#3421 = DEFINITIONAL_REPRESENTATION('',(#3422),#3425);
#3422 = B_SPLINE_CURVE_WITH_KNOTS('',1,(#3423,#3424),.UNSPECIFIED.,.F.,
  .F.,(2,2),(-20.7,-15.7),.PIECEWISE_BEZIER_KNOTS.);
#3423 = CARTESIAN_POINT('',(36.4,218.7));
#3424 = CARTESIAN_POINT('',(31.4,218.7));
#3425 = ( GEOMETRIC_REPRESENTATION_CONTEXT(2) 
PARAMETRIC_REPRESENTATION_CONTEXT() REPRESENTATION_CONTEXT('2D SPACE',''
  ) );
#3426 = ADVANCED_FACE('',(#3427),#1338,.T.);
#3427 = FACE_BOUND('',#3428,.T.);
#3428 = EDGE_LOOP('',(#3429,#3452,#3453,#3454));
#3429 = ORIENTED_EDGE('',*,*,#3430,.F.);
#3430 = EDGE_CURVE('',#1298,#3431,#3433,.T.);
#3431 = VERTEX_POINT('',#3432);
#3432 = CARTESIAN_POINT('',(50.,-105.35,34.6));
#3433 = SURFACE_CURVE('',#3434,(#3438,#3445),.PCURVE_S1.);
#3434 = LINE('',#3435,#3436);
#3435 = CARTESIAN_POINT('',(50.,-128.2,34.6));
#3436 = VECTOR('',#3437,1.);
#3437 = DIRECTION('',(-0.,1.,0.));
#3438 = PCURVE('',#1338,#3439);
#3439 = DEFINITIONAL_REPRESENTATION('',(#3440),#3444);
#3440 = LINE('',#3441,#3442);
#3441 = CARTESIAN_POINT('',(0.,0.));
#3442 = VECTOR('',#3443,1.);
#3443 = DIRECTION('',(0.,1.));
#3444 = ( GEOMETRIC_REPRESENTATION_CONTEXT(2) 
PARAMETRIC_REPRESENTATION_CONTEXT() REPRESENTATION_CONTEXT('2D SPACE',''
  ) );
#3445 = PCURVE('',#1312,#3446);
#3446 = DEFINITIONAL_REPRESENTATION('',(#3447),#3451);
#3447 = LINE('',#3448,#3449);
#3448 = CARTESIAN_POINT('',(0.,0.));
#3449 = VECTOR('',#3450,1.);
#3450 = DIRECTION('',(0.,-1.));
#3451 = ( GEOMETRIC_REPRESENTATION_CONTEXT(2) 
PARAMETRIC_REPRESENTATION_CONTEXT() REPRESENTATION_CONTEXT('2D SPACE',''
  ) );
#3452 = ORIENTED_EDGE('',*,*,#1323,.T.);
#3453 = ORIENTED_EDGE('',*,*,#3385,.T.);
#3454 = ORIENTED_EDGE('',*,*,#3455,.F.);
#3455 = EDGE_CURVE('',#3431,#3386,#3456,.T.);
#3456 = SURFACE_CURVE('',#3457,(#3461,#3467),.PCURVE_S1.);
#3457 = LINE('',#3458,#3459);
#3458 = CARTESIAN_POINT('',(-49.35,-105.35,34.6));
#3459 = VECTOR('',#3460,1.);
#3460 = DIRECTION('',(1.,0.,-0.));
#3461 = PCURVE('',#1338,#3462);
#3462 = DEFINITIONAL_REPRESENTATION('',(#3463),#3466);
#3463 = B_SPLINE_CURVE_WITH_KNOTS('',1,(#3464,#3465),.UNSPECIFIED.,.F.,
  .F.,(2,2),(99.35,119.35),.PIECEWISE_BEZIER_KNOTS.);
#3464 = CARTESIAN_POINT('',(0.,22.85));
#3465 = CARTESIAN_POINT('',(20.,22.85));
#3466 = ( GEOMETRIC_REPRESENTATION_CONTEXT(2) 
PARAMETRIC_REPRESENTATION_CONTEXT() REPRESENTATION_CONTEXT('2D SPACE',''
  ) );
#3467 = PCURVE('',#2330,#3468);
#3468 = DEFINITIONAL_REPRESENTATION('',(#3469),#3472);
#3469 = B_SPLINE_CURVE_WITH_KNOTS('',1,(#3470,#3471),.UNSPECIFIED.,.F.,
  .F.,(2,2),(99.35,119.35),.PIECEWISE_BEZIER_KNOTS.);
#3470 = CARTESIAN_POINT('',(31.4,198.7));
#3471 = CARTESIAN_POINT('',(31.4,218.7));
#3472 = ( GEOMETRIC_REPRESENTATION_CONTEXT(2) 
PARAMETRIC_REPRESENTATION_CONTEXT() REPRESENTATION_CONTEXT('2D SPACE',''
  ) );
#3473 = ADVANCED_FACE('',(#3474),#1312,.T.);
#3474 = FACE_BOUND('',#3475,.T.);
#3475 = EDGE_LOOP('',(#3476,#3477,#3478,#3479));
#3476 = ORIENTED_EDGE('',*,*,#3314,.F.);
#3477 = ORIENTED_EDGE('',*,*,#1297,.T.);
#3478 = ORIENTED_EDGE('',*,*,#3430,.T.);
#3479 = ORIENTED_EDGE('',*,*,#3480,.F.);
#3480 = EDGE_CURVE('',#3315,#3431,#3481,.T.);
#3481 = SURFACE_CURVE('',#3482,(#3486,#3492),.PCURVE_S1.);
#3482 = LINE('',#3483,#3484);
#3483 = CARTESIAN_POINT('',(50.,-105.35,18.9));
#3484 = VECTOR('',#3485,1.);
#3485 = DIRECTION('',(-0.,0.,-1.));
#3486 = PCURVE('',#1312,#3487);
#3487 = DEFINITIONAL_REPRESENTATION('',(#3488),#3491);
#3488 = B_SPLINE_CURVE_WITH_KNOTS('',1,(#3489,#3490),.UNSPECIFIED.,.F.,
  .F.,(2,2),(-20.7,-15.7),.PIECEWISE_BEZIER_KNOTS.);
#3489 = CARTESIAN_POINT('',(5.,-22.85));
#3490 = CARTESIAN_POINT('',(0.,-22.85));
#3491 = ( GEOMETRIC_REPRESENTATION_CONTEXT(2) 
PARAMETRIC_REPRESENTATION_CONTEXT() REPRESENTATION_CONTEXT('2D SPACE',''
  ) );
#3492 = PCURVE('',#2330,#3493);
#3493 = DEFINITIONAL_REPRESENTATION('',(#3494),#3497);
#3494 = B_SPLINE_CURVE_WITH_KNOTS('',1,(#3495,#3496),.UNSPECIFIED.,.F.,
  .F.,(2,2),(-20.7,-15.7),.PIECEWISE_BEZIER_KNOTS.);
#3495 = CARTESIAN_POINT('',(36.4,198.7));
#3496 = CARTESIAN_POINT('',(31.4,198.7));
#3497 = ( GEOMETRIC_REPRESENTATION_CONTEXT(2) 
PARAMETRIC_REPRESENTATION_CONTEXT() REPRESENTATION_CONTEXT('2D SPACE',''
  ) );
#3498 = ADVANCED_FACE('',(#3499),#1511,.F.);
#3499 = FACE_BOUND('',#3500,.T.);
#3500 = EDGE_LOOP('',(#3501,#3502,#3503,#3522));
#3501 = ORIENTED_EDGE('',*,*,#1668,.F.);
#3502 = ORIENTED_EDGE('',*,*,#1716,.T.);
#3503 = ORIENTED_EDGE('',*,*,#3504,.T.);
#3504 = EDGE_CURVE('',#1694,#1463,#3505,.T.);
#3505 = SURFACE_CURVE('',#3506,(#3510,#3516),.PCURVE_S1.);
#3506 = LINE('',#3507,#3508);
#3507 = CARTESIAN_POINT('',(153.,120.7,0.5));
#3508 = VECTOR('',#3509,1.);
#3509 = DIRECTION('',(-4.054583578972E-35,-0.707106781187,
    -0.707106781187));
#3510 = PCURVE('',#1511,#3511);
#3511 = DEFINITIONAL_REPRESENTATION('',(#3512),#3515);
#3512 = B_SPLINE_CURVE_WITH_KNOTS('',1,(#3513,#3514),.UNSPECIFIED.,.F.,
  .F.,(2,2),(-0.707106781187,0.707106781187),.PIECEWISE_BEZIER_KNOTS.);
#3513 = CARTESIAN_POINT('',(-306.,-0.707106781187));
#3514 = CARTESIAN_POINT('',(-306.,0.707106781187));
#3515 = ( GEOMETRIC_REPRESENTATION_CONTEXT(2) 
PARAMETRIC_REPRESENTATION_CONTEXT() REPRESENTATION_CONTEXT('2D SPACE',''
  ) );
#3516 = PCURVE('',#1483,#3517);
#3517 = DEFINITIONAL_REPRESENTATION('',(#3518),#3521);
#3518 = B_SPLINE_CURVE_WITH_KNOTS('',1,(#3519,#3520),.UNSPECIFIED.,.F.,
  .F.,(2,2),(-0.707106781187,0.707106781187),.PIECEWISE_BEZIER_KNOTS.);
#3519 = CARTESIAN_POINT('',(0.,0.));
#3520 = CARTESIAN_POINT('',(0.,-1.));
#3521 = ( GEOMETRIC_REPRESENTATION_CONTEXT(2) 
PARAMETRIC_REPRESENTATION_CONTEXT() REPRESENTATION_CONTEXT('2D SPACE',''
  ) );
#3522 = ORIENTED_EDGE('',*,*,#1495,.F.);
#3523 = ADVANCED_FACE('',(#3524),#1422,.T.);
#3524 = FACE_BOUND('',#3525,.T.);
#3525 = EDGE_LOOP('',(#3526,#3545,#3546,#3547));
#3526 = ORIENTED_EDGE('',*,*,#3527,.F.);
#3527 = EDGE_CURVE('',#2215,#1402,#3528,.T.);
#3528 = SURFACE_CURVE('',#3529,(#3533,#3539),.PCURVE_S1.);
#3529 = LINE('',#3530,#3531);
#3530 = CARTESIAN_POINT('',(155.5,-118.2,0.5));
#3531 = VECTOR('',#3532,1.);
#3532 = DIRECTION('',(-0.707106781187,4.054583578972E-35,-0.707106781187
    ));
#3533 = PCURVE('',#1422,#3534);
#3534 = DEFINITIONAL_REPRESENTATION('',(#3535),#3538);
#3535 = B_SPLINE_CURVE_WITH_KNOTS('',1,(#3536,#3537),.UNSPECIFIED.,.F.,
  .F.,(2,2),(-0.707106781187,0.707106781187),.PIECEWISE_BEZIER_KNOTS.);
#3536 = CARTESIAN_POINT('',(0.,0.));
#3537 = CARTESIAN_POINT('',(0.,-1.));
#3538 = ( GEOMETRIC_REPRESENTATION_CONTEXT(2) 
PARAMETRIC_REPRESENTATION_CONTEXT() REPRESENTATION_CONTEXT('2D SPACE',''
  ) );
#3539 = PCURVE('',#1450,#3540);
#3540 = DEFINITIONAL_REPRESENTATION('',(#3541),#3544);
#3541 = B_SPLINE_CURVE_WITH_KNOTS('',1,(#3542,#3543),.UNSPECIFIED.,.F.,
  .F.,(2,2),(-0.707106781187,0.707106781187),.PIECEWISE_BEZIER_KNOTS.);
#3542 = CARTESIAN_POINT('',(-236.4,-0.707106781187));
#3543 = CARTESIAN_POINT('',(-236.4,0.707106781187));
#3544 = ( GEOMETRIC_REPRESENTATION_CONTEXT(2) 
PARAMETRIC_REPRESENTATION_CONTEXT() REPRESENTATION_CONTEXT('2D SPACE',''
  ) );
#3545 = ORIENTED_EDGE('',*,*,#2264,.T.);
#3546 = ORIENTED_EDGE('',*,*,#2702,.T.);
#3547 = ORIENTED_EDGE('',*,*,#1401,.F.);
#3548 = ADVANCED_FACE('',(#3549),#1483,.T.);
#3549 = FACE_BOUND('',#3550,.T.);
#3550 = EDGE_LOOP('',(#3551,#3552,#3553,#3572));
#3551 = ORIENTED_EDGE('',*,*,#3504,.F.);
#3552 = ORIENTED_EDGE('',*,*,#2187,.T.);
#3553 = ORIENTED_EDGE('',*,*,#3554,.T.);
#3554 = EDGE_CURVE('',#2165,#1435,#3555,.T.);
#3555 = SURFACE_CURVE('',#3556,(#3560,#3566),.PCURVE_S1.);
#3556 = LINE('',#3557,#3558);
#3557 = CARTESIAN_POINT('',(156.,118.2,1.));
#3558 = VECTOR('',#3559,1.);
#3559 = DIRECTION('',(-0.707106781187,-4.329780281177E-17,
    -0.707106781187));
#3560 = PCURVE('',#1483,#3561);
#3561 = DEFINITIONAL_REPRESENTATION('',(#3562),#3565);
#3562 = B_SPLINE_CURVE_WITH_KNOTS('',1,(#3563,#3564),.UNSPECIFIED.,.F.,
  .F.,(2,2),(0.,1.414213562373),.PIECEWISE_BEZIER_KNOTS.);
#3563 = CARTESIAN_POINT('',(-1.570796326795,0.));
#3564 = CARTESIAN_POINT('',(-1.570796326795,-1.));
#3565 = ( GEOMETRIC_REPRESENTATION_CONTEXT(2) 
PARAMETRIC_REPRESENTATION_CONTEXT() REPRESENTATION_CONTEXT('2D SPACE',''
  ) );
#3566 = PCURVE('',#1450,#3567);
#3567 = DEFINITIONAL_REPRESENTATION('',(#3568),#3571);
#3568 = B_SPLINE_CURVE_WITH_KNOTS('',1,(#3569,#3570),.UNSPECIFIED.,.F.,
  .F.,(2,2),(0.,1.414213562373),.PIECEWISE_BEZIER_KNOTS.);
#3569 = CARTESIAN_POINT('',(0.,-0.707106781187));
#3570 = CARTESIAN_POINT('',(0.,0.707106781187));
#3571 = ( GEOMETRIC_REPRESENTATION_CONTEXT(2) 
PARAMETRIC_REPRESENTATION_CONTEXT() REPRESENTATION_CONTEXT('2D SPACE',''
  ) );
#3572 = ORIENTED_EDGE('',*,*,#1462,.F.);
#3573 = ADVANCED_FACE('',(#3574),#1450,.F.);
#3574 = FACE_BOUND('',#3575,.T.);
#3575 = EDGE_LOOP('',(#3576,#3577,#3578,#3579));
#3576 = ORIENTED_EDGE('',*,*,#3554,.F.);
#3577 = ORIENTED_EDGE('',*,*,#2237,.T.);
#3578 = ORIENTED_EDGE('',*,*,#3527,.T.);
#3579 = ORIENTED_EDGE('',*,*,#1434,.F.);
#3580 = ADVANCED_FACE('',(#3581),#1569,.F.);
#3581 = FACE_BOUND('',#3582,.T.);
#3582 = EDGE_LOOP('',(#3583,#3606,#3607,#3630));
#3583 = ORIENTED_EDGE('',*,*,#3584,.F.);
#3584 = EDGE_CURVE('',#1552,#3585,#3587,.T.);
#3585 = VERTEX_POINT('',#3586);
#3586 = CARTESIAN_POINT('',(136.,-102.2,1.));
#3587 = SURFACE_CURVE('',#3588,(#3592,#3599),.PCURVE_S1.);
#3588 = LINE('',#3589,#3590);
#3589 = CARTESIAN_POINT('',(136.33333333333,-102.5333333333,
    0.666666666667));
#3590 = VECTOR('',#3591,1.);
#3591 = DIRECTION('',(-0.57735026919,0.57735026919,0.57735026919));
#3592 = PCURVE('',#1569,#3593);
#3593 = DEFINITIONAL_REPRESENTATION('',(#3594),#3598);
#3594 = LINE('',#3595,#3596);
#3595 = CARTESIAN_POINT('',(0.333333333333,0.235702260396));
#3596 = VECTOR('',#3597,1.);
#3597 = DIRECTION('',(-0.57735026919,0.816496580928));
#3598 = ( GEOMETRIC_REPRESENTATION_CONTEXT(2) 
PARAMETRIC_REPRESENTATION_CONTEXT() REPRESENTATION_CONTEXT('2D SPACE',''
  ) );
#3599 = PCURVE('',#1651,#3600);
#3600 = DEFINITIONAL_REPRESENTATION('',(#3601),#3605);
#3601 = LINE('',#3602,#3603);
#3602 = CARTESIAN_POINT('',(0.333333333333,0.235702260396));
#3603 = VECTOR('',#3604,1.);
#3604 = DIRECTION('',(-0.57735026919,0.816496580928));
#3605 = ( GEOMETRIC_REPRESENTATION_CONTEXT(2) 
PARAMETRIC_REPRESENTATION_CONTEXT() REPRESENTATION_CONTEXT('2D SPACE',''
  ) );
#3606 = ORIENTED_EDGE('',*,*,#1551,.T.);
#3607 = ORIENTED_EDGE('',*,*,#3608,.T.);
#3608 = EDGE_CURVE('',#1554,#3609,#3611,.T.);
#3609 = VERTEX_POINT('',#3610);
#3610 = CARTESIAN_POINT('',(-136.,-102.2,1.));
#3611 = SURFACE_CURVE('',#3612,(#3616,#3623),.PCURVE_S1.);
#3612 = LINE('',#3613,#3614);
#3613 = CARTESIAN_POINT('',(-91.,-57.2,46.));
#3614 = VECTOR('',#3615,1.);
#3615 = DIRECTION('',(0.57735026919,0.57735026919,0.57735026919));
#3616 = PCURVE('',#1569,#3617);
#3617 = DEFINITIONAL_REPRESENTATION('',(#3618),#3622);
#3618 = LINE('',#3619,#3620);
#3619 = CARTESIAN_POINT('',(-227.,64.346717087976));
#3620 = VECTOR('',#3621,1.);
#3621 = DIRECTION('',(0.57735026919,0.816496580928));
#3622 = ( GEOMETRIC_REPRESENTATION_CONTEXT(2) 
PARAMETRIC_REPRESENTATION_CONTEXT() REPRESENTATION_CONTEXT('2D SPACE',''
  ) );
#3623 = PCURVE('',#1597,#3624);
#3624 = DEFINITIONAL_REPRESENTATION('',(#3625),#3629);
#3625 = LINE('',#3626,#3627);
#3626 = CARTESIAN_POINT('',(-45.,64.346717087976));
#3627 = VECTOR('',#3628,1.);
#3628 = DIRECTION('',(-0.57735026919,0.816496580928));
#3629 = ( GEOMETRIC_REPRESENTATION_CONTEXT(2) 
PARAMETRIC_REPRESENTATION_CONTEXT() REPRESENTATION_CONTEXT('2D SPACE',''
  ) );
#3630 = ORIENTED_EDGE('',*,*,#3631,.F.);
#3631 = EDGE_CURVE('',#3585,#3609,#3632,.T.);
#3632 = SURFACE_CURVE('',#3633,(#3637,#3644),.PCURVE_S1.);
#3633 = LINE('',#3634,#3635);
#3634 = CARTESIAN_POINT('',(136.,-102.2,1.));
#3635 = VECTOR('',#3636,1.);
#3636 = DIRECTION('',(-1.,-0.,0.));
#3637 = PCURVE('',#1569,#3638);
#3638 = DEFINITIONAL_REPRESENTATION('',(#3639),#3643);
#3639 = LINE('',#3640,#3641);
#3640 = CARTESIAN_POINT('',(-0.,0.707106781187));
#3641 = VECTOR('',#3642,1.);
#3642 = DIRECTION('',(-1.,0.));
#3643 = ( GEOMETRIC_REPRESENTATION_CONTEXT(2) 
PARAMETRIC_REPRESENTATION_CONTEXT() REPRESENTATION_CONTEXT('2D SPACE',''
  ) );
#3644 = PCURVE('',#3645,#3650);
#3645 = PLANE('',#3646);
#3646 = AXIS2_PLACEMENT_3D('',#3647,#3648,#3649);
#3647 = CARTESIAN_POINT('',(-136.,-102.2,-1.));
#3648 = DIRECTION('',(-0.,1.,0.));
#3649 = DIRECTION('',(0.,0.,1.));
#3650 = DEFINITIONAL_REPRESENTATION('',(#3651),#3655);
#3651 = LINE('',#3652,#3653);
#3652 = CARTESIAN_POINT('',(2.,272.));
#3653 = VECTOR('',#3654,1.);
#3654 = DIRECTION('',(0.,-1.));
#3655 = ( GEOMETRIC_REPRESENTATION_CONTEXT(2) 
PARAMETRIC_REPRESENTATION_CONTEXT() REPRESENTATION_CONTEXT('2D SPACE',''
  ) );
#3656 = ADVANCED_FACE('',(#3657),#1651,.T.);
#3657 = FACE_BOUND('',#3658,.F.);
#3658 = EDGE_LOOP('',(#3659,#3660,#3661,#3684));
#3659 = ORIENTED_EDGE('',*,*,#3584,.F.);
#3660 = ORIENTED_EDGE('',*,*,#1637,.T.);
#3661 = ORIENTED_EDGE('',*,*,#3662,.T.);
#3662 = EDGE_CURVE('',#1610,#3663,#3665,.T.);
#3663 = VERTEX_POINT('',#3664);
#3664 = CARTESIAN_POINT('',(136.,102.2,1.));
#3665 = SURFACE_CURVE('',#3666,(#3670,#3677),.PCURVE_S1.);
#3666 = LINE('',#3667,#3668);
#3667 = CARTESIAN_POINT('',(102.26666666666,68.466666666667,
    34.733333333333));
#3668 = VECTOR('',#3669,1.);
#3669 = DIRECTION('',(-0.57735026919,-0.57735026919,0.57735026919));
#3670 = PCURVE('',#1651,#3671);
#3671 = DEFINITIONAL_REPRESENTATION('',(#3672),#3676);
#3672 = LINE('',#3673,#3674);
#3673 = CARTESIAN_POINT('',(-170.6666666666,48.413244285239));
#3674 = VECTOR('',#3675,1.);
#3675 = DIRECTION('',(0.57735026919,0.816496580928));
#3676 = ( GEOMETRIC_REPRESENTATION_CONTEXT(2) 
PARAMETRIC_REPRESENTATION_CONTEXT() REPRESENTATION_CONTEXT('2D SPACE',''
  ) );
#3677 = PCURVE('',#1625,#3678);
#3678 = DEFINITIONAL_REPRESENTATION('',(#3679),#3683);
#3679 = LINE('',#3680,#3681);
#3680 = CARTESIAN_POINT('',(-33.73333333333,48.413244285239));
#3681 = VECTOR('',#3682,1.);
#3682 = DIRECTION('',(-0.57735026919,0.816496580928));
#3683 = ( GEOMETRIC_REPRESENTATION_CONTEXT(2) 
PARAMETRIC_REPRESENTATION_CONTEXT() REPRESENTATION_CONTEXT('2D SPACE',''
  ) );
#3684 = ORIENTED_EDGE('',*,*,#3685,.F.);
#3685 = EDGE_CURVE('',#3585,#3663,#3686,.T.);
#3686 = SURFACE_CURVE('',#3687,(#3691,#3698),.PCURVE_S1.);
#3687 = LINE('',#3688,#3689);
#3688 = CARTESIAN_POINT('',(136.,-102.2,1.));
#3689 = VECTOR('',#3690,1.);
#3690 = DIRECTION('',(-0.,1.,0.));
#3691 = PCURVE('',#1651,#3692);
#3692 = DEFINITIONAL_REPRESENTATION('',(#3693),#3697);
#3693 = LINE('',#3694,#3695);
#3694 = CARTESIAN_POINT('',(-0.,0.707106781187));
#3695 = VECTOR('',#3696,1.);
#3696 = DIRECTION('',(-1.,0.));
#3697 = ( GEOMETRIC_REPRESENTATION_CONTEXT(2) 
PARAMETRIC_REPRESENTATION_CONTEXT() REPRESENTATION_CONTEXT('2D SPACE',''
  ) );
#3698 = PCURVE('',#3699,#3704);
#3699 = PLANE('',#3700);
#3700 = AXIS2_PLACEMENT_3D('',#3701,#3702,#3703);
#3701 = CARTESIAN_POINT('',(136.,-102.2,-1.));
#3702 = DIRECTION('',(1.,0.,-0.));
#3703 = DIRECTION('',(0.,0.,1.));
#3704 = DEFINITIONAL_REPRESENTATION('',(#3705),#3709);
#3705 = LINE('',#3706,#3707);
#3706 = CARTESIAN_POINT('',(2.,0.));
#3707 = VECTOR('',#3708,1.);
#3708 = DIRECTION('',(0.,-1.));
#3709 = ( GEOMETRIC_REPRESENTATION_CONTEXT(2) 
PARAMETRIC_REPRESENTATION_CONTEXT() REPRESENTATION_CONTEXT('2D SPACE',''
  ) );
#3710 = ADVANCED_FACE('',(#3711),#1597,.F.);
#3711 = FACE_BOUND('',#3712,.T.);
#3712 = EDGE_LOOP('',(#3713,#3714,#3715,#3738));
#3713 = ORIENTED_EDGE('',*,*,#3608,.F.);
#3714 = ORIENTED_EDGE('',*,*,#1581,.T.);
#3715 = ORIENTED_EDGE('',*,*,#3716,.T.);
#3716 = EDGE_CURVE('',#1582,#3717,#3719,.T.);
#3717 = VERTEX_POINT('',#3718);
#3718 = CARTESIAN_POINT('',(-136.,102.2,1.));
#3719 = SURFACE_CURVE('',#3720,(#3724,#3731),.PCURVE_S1.);
#3720 = LINE('',#3721,#3722);
#3721 = CARTESIAN_POINT('',(-56.93333333333,23.133333333333,
    80.066666666667));
#3722 = VECTOR('',#3723,1.);
#3723 = DIRECTION('',(0.57735026919,-0.57735026919,0.57735026919));
#3724 = PCURVE('',#1597,#3725);
#3725 = DEFINITIONAL_REPRESENTATION('',(#3726),#3730);
#3726 = LINE('',#3727,#3728);
#3727 = CARTESIAN_POINT('',(-125.3333333333,112.52425911281));
#3728 = VECTOR('',#3729,1.);
#3729 = DIRECTION('',(0.57735026919,0.816496580928));
#3730 = ( GEOMETRIC_REPRESENTATION_CONTEXT(2) 
PARAMETRIC_REPRESENTATION_CONTEXT() REPRESENTATION_CONTEXT('2D SPACE',''
  ) );
#3731 = PCURVE('',#1625,#3732);
#3732 = DEFINITIONAL_REPRESENTATION('',(#3733),#3737);
#3733 = LINE('',#3734,#3735);
#3734 = CARTESIAN_POINT('',(-192.9333333333,112.52425911281));
#3735 = VECTOR('',#3736,1.);
#3736 = DIRECTION('',(0.57735026919,0.816496580928));
#3737 = ( GEOMETRIC_REPRESENTATION_CONTEXT(2) 
PARAMETRIC_REPRESENTATION_CONTEXT() REPRESENTATION_CONTEXT('2D SPACE',''
  ) );
#3738 = ORIENTED_EDGE('',*,*,#3739,.F.);
#3739 = EDGE_CURVE('',#3609,#3717,#3740,.T.);
#3740 = SURFACE_CURVE('',#3741,(#3745,#3752),.PCURVE_S1.);
#3741 = LINE('',#3742,#3743);
#3742 = CARTESIAN_POINT('',(-136.,-102.2,1.));
#3743 = VECTOR('',#3744,1.);
#3744 = DIRECTION('',(-0.,1.,0.));
#3745 = PCURVE('',#1597,#3746);
#3746 = DEFINITIONAL_REPRESENTATION('',(#3747),#3751);
#3747 = LINE('',#3748,#3749);
#3748 = CARTESIAN_POINT('',(-0.,0.707106781187));
#3749 = VECTOR('',#3750,1.);
#3750 = DIRECTION('',(-1.,0.));
#3751 = ( GEOMETRIC_REPRESENTATION_CONTEXT(2) 
PARAMETRIC_REPRESENTATION_CONTEXT() REPRESENTATION_CONTEXT('2D SPACE',''
  ) );
#3752 = PCURVE('',#3753,#3758);
#3753 = PLANE('',#3754);
#3754 = AXIS2_PLACEMENT_3D('',#3755,#3756,#3757);
#3755 = CARTESIAN_POINT('',(-136.,-102.2,-1.));
#3756 = DIRECTION('',(1.,0.,-0.));
#3757 = DIRECTION('',(0.,0.,1.));
#3758 = DEFINITIONAL_REPRESENTATION('',(#3759),#3763);
#3759 = LINE('',#3760,#3761);
#3760 = CARTESIAN_POINT('',(2.,0.));
#3761 = VECTOR('',#3762,1.);
#3762 = DIRECTION('',(0.,-1.));
#3763 = ( GEOMETRIC_REPRESENTATION_CONTEXT(2) 
PARAMETRIC_REPRESENTATION_CONTEXT() REPRESENTATION_CONTEXT('2D SPACE',''
  ) );
#3764 = ADVANCED_FACE('',(#3765),#1625,.T.);
#3765 = FACE_BOUND('',#3766,.F.);
#3766 = EDGE_LOOP('',(#3767,#3768,#3769,#3770));
#3767 = ORIENTED_EDGE('',*,*,#3662,.F.);
#3768 = ORIENTED_EDGE('',*,*,#1609,.T.);
#3769 = ORIENTED_EDGE('',*,*,#3716,.T.);
#3770 = ORIENTED_EDGE('',*,*,#3771,.F.);
#3771 = EDGE_CURVE('',#3663,#3717,#3772,.T.);
#3772 = SURFACE_CURVE('',#3773,(#3777,#3784),.PCURVE_S1.);
#3773 = LINE('',#3774,#3775);
#3774 = CARTESIAN_POINT('',(136.,102.2,1.));
#3775 = VECTOR('',#3776,1.);
#3776 = DIRECTION('',(-1.,-0.,0.));
#3777 = PCURVE('',#1625,#3778);
#3778 = DEFINITIONAL_REPRESENTATION('',(#3779),#3783);
#3779 = LINE('',#3780,#3781);
#3780 = CARTESIAN_POINT('',(-0.,0.707106781187));
#3781 = VECTOR('',#3782,1.);
#3782 = DIRECTION('',(-1.,0.));
#3783 = ( GEOMETRIC_REPRESENTATION_CONTEXT(2) 
PARAMETRIC_REPRESENTATION_CONTEXT() REPRESENTATION_CONTEXT('2D SPACE',''
  ) );
#3784 = PCURVE('',#3785,#3790);
#3785 = PLANE('',#3786);
#3786 = AXIS2_PLACEMENT_3D('',#3787,#3788,#3789);
#3787 = CARTESIAN_POINT('',(-136.,102.2,-1.));
#3788 = DIRECTION('',(-0.,1.,0.));
#3789 = DIRECTION('',(0.,0.,1.));
#3790 = DEFINITIONAL_REPRESENTATION('',(#3791),#3795);
#3791 = LINE('',#3792,#3793);
#3792 = CARTESIAN_POINT('',(2.,272.));
#3793 = VECTOR('',#3794,1.);
#3794 = DIRECTION('',(0.,-1.));
#3795 = ( GEOMETRIC_REPRESENTATION_CONTEXT(2) 
PARAMETRIC_REPRESENTATION_CONTEXT() REPRESENTATION_CONTEXT('2D SPACE',''
  ) );
#3796 = ADVANCED_FACE('',(#3797),#1756,.F.);
#3797 = FACE_BOUND('',#3798,.F.);
#3798 = EDGE_LOOP('',(#3799,#3822,#3848,#3869));
#3799 = ORIENTED_EDGE('',*,*,#3800,.F.);
#3800 = EDGE_CURVE('',#3801,#1740,#3803,.T.);
#3801 = VERTEX_POINT('',#3802);
#3802 = CARTESIAN_POINT('',(-65.,105.35,39.6));
#3803 = SURFACE_CURVE('',#3804,(#3808,#3815),.PCURVE_S1.);
#3804 = LINE('',#3805,#3806);
#3805 = CARTESIAN_POINT('',(-65.,98.2,39.6));
#3806 = VECTOR('',#3807,1.);
#3807 = DIRECTION('',(-0.,1.,0.));
#3808 = PCURVE('',#1756,#3809);
#3809 = DEFINITIONAL_REPRESENTATION('',(#3810),#3814);
#3810 = LINE('',#3811,#3812);
#3811 = CARTESIAN_POINT('',(0.,0.));
#3812 = VECTOR('',#3813,1.);
#3813 = DIRECTION('',(0.,1.));
#3814 = ( GEOMETRIC_REPRESENTATION_CONTEXT(2) 
PARAMETRIC_REPRESENTATION_CONTEXT() REPRESENTATION_CONTEXT('2D SPACE',''
  ) );
#3815 = PCURVE('',#1782,#3816);
#3816 = DEFINITIONAL_REPRESENTATION('',(#3817),#3821);
#3817 = LINE('',#3818,#3819);
#3818 = CARTESIAN_POINT('',(5.,0.));
#3819 = VECTOR('',#3820,1.);
#3820 = DIRECTION('',(0.,-1.));
#3821 = ( GEOMETRIC_REPRESENTATION_CONTEXT(2) 
PARAMETRIC_REPRESENTATION_CONTEXT() REPRESENTATION_CONTEXT('2D SPACE',''
  ) );
#3822 = ORIENTED_EDGE('',*,*,#3823,.T.);
#3823 = EDGE_CURVE('',#3801,#3824,#3826,.T.);
#3824 = VERTEX_POINT('',#3825);
#3825 = CARTESIAN_POINT('',(-45.,105.35,39.6));
#3826 = SURFACE_CURVE('',#3827,(#3831,#3837),.PCURVE_S1.);
#3827 = LINE('',#3828,#3829);
#3828 = CARTESIAN_POINT('',(-106.85,105.35,39.6));
#3829 = VECTOR('',#3830,1.);
#3830 = DIRECTION('',(1.,0.,-0.));
#3831 = PCURVE('',#1756,#3832);
#3832 = DEFINITIONAL_REPRESENTATION('',(#3833),#3836);
#3833 = B_SPLINE_CURVE_WITH_KNOTS('',1,(#3834,#3835),.UNSPECIFIED.,.F.,
  .F.,(2,2),(41.85,61.85),.PIECEWISE_BEZIER_KNOTS.);
#3834 = CARTESIAN_POINT('',(0.,7.15));
#3835 = CARTESIAN_POINT('',(20.,7.15));
#3836 = ( GEOMETRIC_REPRESENTATION_CONTEXT(2) 
PARAMETRIC_REPRESENTATION_CONTEXT() REPRESENTATION_CONTEXT('2D SPACE',''
  ) );
#3837 = PCURVE('',#3838,#3843);
#3838 = PLANE('',#3839);
#3839 = AXIS2_PLACEMENT_3D('',#3840,#3841,#3842);
#3840 = CARTESIAN_POINT('',(-148.7,105.35,3.2));
#3841 = DIRECTION('',(-0.,1.,0.));
#3842 = DIRECTION('',(0.,0.,1.));
#3843 = DEFINITIONAL_REPRESENTATION('',(#3844),#3847);
#3844 = B_SPLINE_CURVE_WITH_KNOTS('',1,(#3845,#3846),.UNSPECIFIED.,.F.,
  .F.,(2,2),(41.85,61.85),.PIECEWISE_BEZIER_KNOTS.);
#3845 = CARTESIAN_POINT('',(36.4,83.7));
#3846 = CARTESIAN_POINT('',(36.4,103.7));
#3847 = ( GEOMETRIC_REPRESENTATION_CONTEXT(2) 
PARAMETRIC_REPRESENTATION_CONTEXT() REPRESENTATION_CONTEXT('2D SPACE',''
  ) );
#3848 = ORIENTED_EDGE('',*,*,#3849,.T.);
#3849 = EDGE_CURVE('',#3824,#1742,#3850,.T.);
#3850 = SURFACE_CURVE('',#3851,(#3855,#3862),.PCURVE_S1.);
#3851 = LINE('',#3852,#3853);
#3852 = CARTESIAN_POINT('',(-45.,98.2,39.6));
#3853 = VECTOR('',#3854,1.);
#3854 = DIRECTION('',(-0.,1.,0.));
#3855 = PCURVE('',#1756,#3856);
#3856 = DEFINITIONAL_REPRESENTATION('',(#3857),#3861);
#3857 = LINE('',#3858,#3859);
#3858 = CARTESIAN_POINT('',(20.,0.));
#3859 = VECTOR('',#3860,1.);
#3860 = DIRECTION('',(0.,1.));
#3861 = ( GEOMETRIC_REPRESENTATION_CONTEXT(2) 
PARAMETRIC_REPRESENTATION_CONTEXT() REPRESENTATION_CONTEXT('2D SPACE',''
  ) );
#3862 = PCURVE('',#1832,#3863);
#3863 = DEFINITIONAL_REPRESENTATION('',(#3864),#3868);
#3864 = LINE('',#3865,#3866);
#3865 = CARTESIAN_POINT('',(5.,0.));
#3866 = VECTOR('',#3867,1.);
#3867 = DIRECTION('',(0.,-1.));
#3868 = ( GEOMETRIC_REPRESENTATION_CONTEXT(2) 
PARAMETRIC_REPRESENTATION_CONTEXT() REPRESENTATION_CONTEXT('2D SPACE',''
  ) );
#3869 = ORIENTED_EDGE('',*,*,#1739,.F.);
#3870 = ADVANCED_FACE('',(#3871),#1782,.T.);
#3871 = FACE_BOUND('',#3872,.T.);
#3872 = EDGE_LOOP('',(#3873,#3874,#3895,#3916));
#3873 = ORIENTED_EDGE('',*,*,#3800,.F.);
#3874 = ORIENTED_EDGE('',*,*,#3875,.T.);
#3875 = EDGE_CURVE('',#3801,#3876,#3878,.T.);
#3876 = VERTEX_POINT('',#3877);
#3877 = CARTESIAN_POINT('',(-65.,105.35,34.6));
#3878 = SURFACE_CURVE('',#3879,(#3883,#3889),.PCURVE_S1.);
#3879 = LINE('',#3880,#3881);
#3880 = CARTESIAN_POINT('',(-65.,105.35,18.9));
#3881 = VECTOR('',#3882,1.);
#3882 = DIRECTION('',(-0.,0.,-1.));
#3883 = PCURVE('',#1782,#3884);
#3884 = DEFINITIONAL_REPRESENTATION('',(#3885),#3888);
#3885 = B_SPLINE_CURVE_WITH_KNOTS('',1,(#3886,#3887),.UNSPECIFIED.,.F.,
  .F.,(2,2),(-20.7,-15.7),.PIECEWISE_BEZIER_KNOTS.);
#3886 = CARTESIAN_POINT('',(5.,-7.15));
#3887 = CARTESIAN_POINT('',(0.,-7.15));
#3888 = ( GEOMETRIC_REPRESENTATION_CONTEXT(2) 
PARAMETRIC_REPRESENTATION_CONTEXT() REPRESENTATION_CONTEXT('2D SPACE',''
  ) );
#3889 = PCURVE('',#3838,#3890);
#3890 = DEFINITIONAL_REPRESENTATION('',(#3891),#3894);
#3891 = B_SPLINE_CURVE_WITH_KNOTS('',1,(#3892,#3893),.UNSPECIFIED.,.F.,
  .F.,(2,2),(-20.7,-15.7),.PIECEWISE_BEZIER_KNOTS.);
#3892 = CARTESIAN_POINT('',(36.4,83.7));
#3893 = CARTESIAN_POINT('',(31.4,83.7));
#3894 = ( GEOMETRIC_REPRESENTATION_CONTEXT(2) 
PARAMETRIC_REPRESENTATION_CONTEXT() REPRESENTATION_CONTEXT('2D SPACE',''
  ) );
#3895 = ORIENTED_EDGE('',*,*,#3896,.T.);
#3896 = EDGE_CURVE('',#3876,#1768,#3897,.T.);
#3897 = SURFACE_CURVE('',#3898,(#3902,#3909),.PCURVE_S1.);
#3898 = LINE('',#3899,#3900);
#3899 = CARTESIAN_POINT('',(-65.,98.2,34.6));
#3900 = VECTOR('',#3901,1.);
#3901 = DIRECTION('',(-0.,1.,0.));
#3902 = PCURVE('',#1782,#3903);
#3903 = DEFINITIONAL_REPRESENTATION('',(#3904),#3908);
#3904 = LINE('',#3905,#3906);
#3905 = CARTESIAN_POINT('',(0.,0.));
#3906 = VECTOR('',#3907,1.);
#3907 = DIRECTION('',(0.,-1.));
#3908 = ( GEOMETRIC_REPRESENTATION_CONTEXT(2) 
PARAMETRIC_REPRESENTATION_CONTEXT() REPRESENTATION_CONTEXT('2D SPACE',''
  ) );
#3909 = PCURVE('',#1808,#3910);
#3910 = DEFINITIONAL_REPRESENTATION('',(#3911),#3915);
#3911 = LINE('',#3912,#3913);
#3912 = CARTESIAN_POINT('',(0.,0.));
#3913 = VECTOR('',#3914,1.);
#3914 = DIRECTION('',(0.,1.));
#3915 = ( GEOMETRIC_REPRESENTATION_CONTEXT(2) 
PARAMETRIC_REPRESENTATION_CONTEXT() REPRESENTATION_CONTEXT('2D SPACE',''
  ) );
#3916 = ORIENTED_EDGE('',*,*,#1767,.F.);
#3917 = ADVANCED_FACE('',(#3918),#1832,.F.);
#3918 = FACE_BOUND('',#3919,.F.);
#3919 = EDGE_LOOP('',(#3920,#3921,#3942,#3963));
#3920 = ORIENTED_EDGE('',*,*,#3849,.F.);
#3921 = ORIENTED_EDGE('',*,*,#3922,.T.);
#3922 = EDGE_CURVE('',#3824,#3923,#3925,.T.);
#3923 = VERTEX_POINT('',#3924);
#3924 = CARTESIAN_POINT('',(-45.,105.35,34.6));
#3925 = SURFACE_CURVE('',#3926,(#3930,#3936),.PCURVE_S1.);
#3926 = LINE('',#3927,#3928);
#3927 = CARTESIAN_POINT('',(-45.,105.35,18.9));
#3928 = VECTOR('',#3929,1.);
#3929 = DIRECTION('',(-0.,0.,-1.));
#3930 = PCURVE('',#1832,#3931);
#3931 = DEFINITIONAL_REPRESENTATION('',(#3932),#3935);
#3932 = B_SPLINE_CURVE_WITH_KNOTS('',1,(#3933,#3934),.UNSPECIFIED.,.F.,
  .F.,(2,2),(-20.7,-15.7),.PIECEWISE_BEZIER_KNOTS.);
#3933 = CARTESIAN_POINT('',(5.,-7.15));
#3934 = CARTESIAN_POINT('',(0.,-7.15));
#3935 = ( GEOMETRIC_REPRESENTATION_CONTEXT(2) 
PARAMETRIC_REPRESENTATION_CONTEXT() REPRESENTATION_CONTEXT('2D SPACE',''
  ) );
#3936 = PCURVE('',#3838,#3937);
#3937 = DEFINITIONAL_REPRESENTATION('',(#3938),#3941);
#3938 = B_SPLINE_CURVE_WITH_KNOTS('',1,(#3939,#3940),.UNSPECIFIED.,.F.,
  .F.,(2,2),(-20.7,-15.7),.PIECEWISE_BEZIER_KNOTS.);
#3939 = CARTESIAN_POINT('',(36.4,103.7));
#3940 = CARTESIAN_POINT('',(31.4,103.7));
#3941 = ( GEOMETRIC_REPRESENTATION_CONTEXT(2) 
PARAMETRIC_REPRESENTATION_CONTEXT() REPRESENTATION_CONTEXT('2D SPACE',''
  ) );
#3942 = ORIENTED_EDGE('',*,*,#3943,.T.);
#3943 = EDGE_CURVE('',#3923,#1794,#3944,.T.);
#3944 = SURFACE_CURVE('',#3945,(#3949,#3956),.PCURVE_S1.);
#3945 = LINE('',#3946,#3947);
#3946 = CARTESIAN_POINT('',(-45.,98.2,34.6));
#3947 = VECTOR('',#3948,1.);
#3948 = DIRECTION('',(-0.,1.,0.));
#3949 = PCURVE('',#1832,#3950);
#3950 = DEFINITIONAL_REPRESENTATION('',(#3951),#3955);
#3951 = LINE('',#3952,#3953);
#3952 = CARTESIAN_POINT('',(0.,0.));
#3953 = VECTOR('',#3954,1.);
#3954 = DIRECTION('',(0.,-1.));
#3955 = ( GEOMETRIC_REPRESENTATION_CONTEXT(2) 
PARAMETRIC_REPRESENTATION_CONTEXT() REPRESENTATION_CONTEXT('2D SPACE',''
  ) );
#3956 = PCURVE('',#1808,#3957);
#3957 = DEFINITIONAL_REPRESENTATION('',(#3958),#3962);
#3958 = LINE('',#3959,#3960);
#3959 = CARTESIAN_POINT('',(20.,0.));
#3960 = VECTOR('',#3961,1.);
#3961 = DIRECTION('',(0.,1.));
#3962 = ( GEOMETRIC_REPRESENTATION_CONTEXT(2) 
PARAMETRIC_REPRESENTATION_CONTEXT() REPRESENTATION_CONTEXT('2D SPACE',''
  ) );
#3963 = ORIENTED_EDGE('',*,*,#1819,.F.);
#3964 = ADVANCED_FACE('',(#3965),#1808,.T.);
#3965 = FACE_BOUND('',#3966,.T.);
#3966 = EDGE_LOOP('',(#3967,#3968,#3987,#3988));
#3967 = ORIENTED_EDGE('',*,*,#3896,.F.);
#3968 = ORIENTED_EDGE('',*,*,#3969,.T.);
#3969 = EDGE_CURVE('',#3876,#3923,#3970,.T.);
#3970 = SURFACE_CURVE('',#3971,(#3975,#3981),.PCURVE_S1.);
#3971 = LINE('',#3972,#3973);
#3972 = CARTESIAN_POINT('',(-106.85,105.35,34.6));
#3973 = VECTOR('',#3974,1.);
#3974 = DIRECTION('',(1.,0.,-0.));
#3975 = PCURVE('',#1808,#3976);
#3976 = DEFINITIONAL_REPRESENTATION('',(#3977),#3980);
#3977 = B_SPLINE_CURVE_WITH_KNOTS('',1,(#3978,#3979),.UNSPECIFIED.,.F.,
  .F.,(2,2),(41.85,61.85),.PIECEWISE_BEZIER_KNOTS.);
#3978 = CARTESIAN_POINT('',(0.,7.15));
#3979 = CARTESIAN_POINT('',(20.,7.15));
#3980 = ( GEOMETRIC_REPRESENTATION_CONTEXT(2) 
PARAMETRIC_REPRESENTATION_CONTEXT() REPRESENTATION_CONTEXT('2D SPACE',''
  ) );
#3981 = PCURVE('',#3838,#3982);
#3982 = DEFINITIONAL_REPRESENTATION('',(#3983),#3986);
#3983 = B_SPLINE_CURVE_WITH_KNOTS('',1,(#3984,#3985),.UNSPECIFIED.,.F.,
  .F.,(2,2),(41.85,61.85),.PIECEWISE_BEZIER_KNOTS.);
#3984 = CARTESIAN_POINT('',(31.4,83.7));
#3985 = CARTESIAN_POINT('',(31.4,103.7));
#3986 = ( GEOMETRIC_REPRESENTATION_CONTEXT(2) 
PARAMETRIC_REPRESENTATION_CONTEXT() REPRESENTATION_CONTEXT('2D SPACE',''
  ) );
#3987 = ORIENTED_EDGE('',*,*,#3943,.T.);
#3988 = ORIENTED_EDGE('',*,*,#1793,.F.);
#3989 = ADVANCED_FACE('',(#3990),#1862,.F.);
#3990 = FACE_BOUND('',#3991,.F.);
#3991 = EDGE_LOOP('',(#3992,#4015,#4036,#4057));
#3992 = ORIENTED_EDGE('',*,*,#3993,.F.);
#3993 = EDGE_CURVE('',#3994,#1846,#3996,.T.);
#3994 = VERTEX_POINT('',#3995);
#3995 = CARTESIAN_POINT('',(-35.,105.35,39.6));
#3996 = SURFACE_CURVE('',#3997,(#4001,#4008),.PCURVE_S1.);
#3997 = LINE('',#3998,#3999);
#3998 = CARTESIAN_POINT('',(-35.,98.2,39.6));
#3999 = VECTOR('',#4000,1.);
#4000 = DIRECTION('',(-0.,1.,0.));
#4001 = PCURVE('',#1862,#4002);
#4002 = DEFINITIONAL_REPRESENTATION('',(#4003),#4007);
#4003 = LINE('',#4004,#4005);
#4004 = CARTESIAN_POINT('',(0.,0.));
#4005 = VECTOR('',#4006,1.);
#4006 = DIRECTION('',(0.,1.));
#4007 = ( GEOMETRIC_REPRESENTATION_CONTEXT(2) 
PARAMETRIC_REPRESENTATION_CONTEXT() REPRESENTATION_CONTEXT('2D SPACE',''
  ) );
#4008 = PCURVE('',#1888,#4009);
#4009 = DEFINITIONAL_REPRESENTATION('',(#4010),#4014);
#4010 = LINE('',#4011,#4012);
#4011 = CARTESIAN_POINT('',(5.,0.));
#4012 = VECTOR('',#4013,1.);
#4013 = DIRECTION('',(0.,-1.));
#4014 = ( GEOMETRIC_REPRESENTATION_CONTEXT(2) 
PARAMETRIC_REPRESENTATION_CONTEXT() REPRESENTATION_CONTEXT('2D SPACE',''
  ) );
#4015 = ORIENTED_EDGE('',*,*,#4016,.T.);
#4016 = EDGE_CURVE('',#3994,#4017,#4019,.T.);
#4017 = VERTEX_POINT('',#4018);
#4018 = CARTESIAN_POINT('',(-15.,105.35,39.6));
#4019 = SURFACE_CURVE('',#4020,(#4024,#4030),.PCURVE_S1.);
#4020 = LINE('',#4021,#4022);
#4021 = CARTESIAN_POINT('',(-91.85,105.35,39.6));
#4022 = VECTOR('',#4023,1.);
#4023 = DIRECTION('',(1.,0.,-0.));
#4024 = PCURVE('',#1862,#4025);
#4025 = DEFINITIONAL_REPRESENTATION('',(#4026),#4029);
#4026 = B_SPLINE_CURVE_WITH_KNOTS('',1,(#4027,#4028),.UNSPECIFIED.,.F.,
  .F.,(2,2),(56.85,76.85),.PIECEWISE_BEZIER_KNOTS.);
#4027 = CARTESIAN_POINT('',(0.,7.15));
#4028 = CARTESIAN_POINT('',(20.,7.15));
#4029 = ( GEOMETRIC_REPRESENTATION_CONTEXT(2) 
PARAMETRIC_REPRESENTATION_CONTEXT() REPRESENTATION_CONTEXT('2D SPACE',''
  ) );
#4030 = PCURVE('',#3838,#4031);
#4031 = DEFINITIONAL_REPRESENTATION('',(#4032),#4035);
#4032 = B_SPLINE_CURVE_WITH_KNOTS('',1,(#4033,#4034),.UNSPECIFIED.,.F.,
  .F.,(2,2),(56.85,76.85),.PIECEWISE_BEZIER_KNOTS.);
#4033 = CARTESIAN_POINT('',(36.4,113.7));
#4034 = CARTESIAN_POINT('',(36.4,133.7));
#4035 = ( GEOMETRIC_REPRESENTATION_CONTEXT(2) 
PARAMETRIC_REPRESENTATION_CONTEXT() REPRESENTATION_CONTEXT('2D SPACE',''
  ) );
#4036 = ORIENTED_EDGE('',*,*,#4037,.T.);
#4037 = EDGE_CURVE('',#4017,#1848,#4038,.T.);
#4038 = SURFACE_CURVE('',#4039,(#4043,#4050),.PCURVE_S1.);
#4039 = LINE('',#4040,#4041);
#4040 = CARTESIAN_POINT('',(-15.,98.2,39.6));
#4041 = VECTOR('',#4042,1.);
#4042 = DIRECTION('',(-0.,1.,0.));
#4043 = PCURVE('',#1862,#4044);
#4044 = DEFINITIONAL_REPRESENTATION('',(#4045),#4049);
#4045 = LINE('',#4046,#4047);
#4046 = CARTESIAN_POINT('',(20.,0.));
#4047 = VECTOR('',#4048,1.);
#4048 = DIRECTION('',(0.,1.));
#4049 = ( GEOMETRIC_REPRESENTATION_CONTEXT(2) 
PARAMETRIC_REPRESENTATION_CONTEXT() REPRESENTATION_CONTEXT('2D SPACE',''
  ) );
#4050 = PCURVE('',#1938,#4051);
#4051 = DEFINITIONAL_REPRESENTATION('',(#4052),#4056);
#4052 = LINE('',#4053,#4054);
#4053 = CARTESIAN_POINT('',(5.,0.));
#4054 = VECTOR('',#4055,1.);
#4055 = DIRECTION('',(0.,-1.));
#4056 = ( GEOMETRIC_REPRESENTATION_CONTEXT(2) 
PARAMETRIC_REPRESENTATION_CONTEXT() REPRESENTATION_CONTEXT('2D SPACE',''
  ) );
#4057 = ORIENTED_EDGE('',*,*,#1845,.F.);
#4058 = ADVANCED_FACE('',(#4059),#1888,.T.);
#4059 = FACE_BOUND('',#4060,.T.);
#4060 = EDGE_LOOP('',(#4061,#4062,#4083,#4104));
#4061 = ORIENTED_EDGE('',*,*,#3993,.F.);
#4062 = ORIENTED_EDGE('',*,*,#4063,.T.);
#4063 = EDGE_CURVE('',#3994,#4064,#4066,.T.);
#4064 = VERTEX_POINT('',#4065);
#4065 = CARTESIAN_POINT('',(-35.,105.35,34.6));
#4066 = SURFACE_CURVE('',#4067,(#4071,#4077),.PCURVE_S1.);
#4067 = LINE('',#4068,#4069);
#4068 = CARTESIAN_POINT('',(-35.,105.35,18.9));
#4069 = VECTOR('',#4070,1.);
#4070 = DIRECTION('',(-0.,0.,-1.));
#4071 = PCURVE('',#1888,#4072);
#4072 = DEFINITIONAL_REPRESENTATION('',(#4073),#4076);
#4073 = B_SPLINE_CURVE_WITH_KNOTS('',1,(#4074,#4075),.UNSPECIFIED.,.F.,
  .F.,(2,2),(-20.7,-15.7),.PIECEWISE_BEZIER_KNOTS.);
#4074 = CARTESIAN_POINT('',(5.,-7.15));
#4075 = CARTESIAN_POINT('',(0.,-7.15));
#4076 = ( GEOMETRIC_REPRESENTATION_CONTEXT(2) 
PARAMETRIC_REPRESENTATION_CONTEXT() REPRESENTATION_CONTEXT('2D SPACE',''
  ) );
#4077 = PCURVE('',#3838,#4078);
#4078 = DEFINITIONAL_REPRESENTATION('',(#4079),#4082);
#4079 = B_SPLINE_CURVE_WITH_KNOTS('',1,(#4080,#4081),.UNSPECIFIED.,.F.,
  .F.,(2,2),(-20.7,-15.7),.PIECEWISE_BEZIER_KNOTS.);
#4080 = CARTESIAN_POINT('',(36.4,113.7));
#4081 = CARTESIAN_POINT('',(31.4,113.7));
#4082 = ( GEOMETRIC_REPRESENTATION_CONTEXT(2) 
PARAMETRIC_REPRESENTATION_CONTEXT() REPRESENTATION_CONTEXT('2D SPACE',''
  ) );
#4083 = ORIENTED_EDGE('',*,*,#4084,.T.);
#4084 = EDGE_CURVE('',#4064,#1874,#4085,.T.);
#4085 = SURFACE_CURVE('',#4086,(#4090,#4097),.PCURVE_S1.);
#4086 = LINE('',#4087,#4088);
#4087 = CARTESIAN_POINT('',(-35.,98.2,34.6));
#4088 = VECTOR('',#4089,1.);
#4089 = DIRECTION('',(-0.,1.,0.));
#4090 = PCURVE('',#1888,#4091);
#4091 = DEFINITIONAL_REPRESENTATION('',(#4092),#4096);
#4092 = LINE('',#4093,#4094);
#4093 = CARTESIAN_POINT('',(0.,0.));
#4094 = VECTOR('',#4095,1.);
#4095 = DIRECTION('',(0.,-1.));
#4096 = ( GEOMETRIC_REPRESENTATION_CONTEXT(2) 
PARAMETRIC_REPRESENTATION_CONTEXT() REPRESENTATION_CONTEXT('2D SPACE',''
  ) );
#4097 = PCURVE('',#1914,#4098);
#4098 = DEFINITIONAL_REPRESENTATION('',(#4099),#4103);
#4099 = LINE('',#4100,#4101);
#4100 = CARTESIAN_POINT('',(0.,0.));
#4101 = VECTOR('',#4102,1.);
#4102 = DIRECTION('',(0.,1.));
#4103 = ( GEOMETRIC_REPRESENTATION_CONTEXT(2) 
PARAMETRIC_REPRESENTATION_CONTEXT() REPRESENTATION_CONTEXT('2D SPACE',''
  ) );
#4104 = ORIENTED_EDGE('',*,*,#1873,.F.);
#4105 = ADVANCED_FACE('',(#4106),#1938,.F.);
#4106 = FACE_BOUND('',#4107,.F.);
#4107 = EDGE_LOOP('',(#4108,#4109,#4130,#4151));
#4108 = ORIENTED_EDGE('',*,*,#4037,.F.);
#4109 = ORIENTED_EDGE('',*,*,#4110,.T.);
#4110 = EDGE_CURVE('',#4017,#4111,#4113,.T.);
#4111 = VERTEX_POINT('',#4112);
#4112 = CARTESIAN_POINT('',(-15.,105.35,34.6));
#4113 = SURFACE_CURVE('',#4114,(#4118,#4124),.PCURVE_S1.);
#4114 = LINE('',#4115,#4116);
#4115 = CARTESIAN_POINT('',(-15.,105.35,18.9));
#4116 = VECTOR('',#4117,1.);
#4117 = DIRECTION('',(-0.,0.,-1.));
#4118 = PCURVE('',#1938,#4119);
#4119 = DEFINITIONAL_REPRESENTATION('',(#4120),#4123);
#4120 = B_SPLINE_CURVE_WITH_KNOTS('',1,(#4121,#4122),.UNSPECIFIED.,.F.,
  .F.,(2,2),(-20.7,-15.7),.PIECEWISE_BEZIER_KNOTS.);
#4121 = CARTESIAN_POINT('',(5.,-7.15));
#4122 = CARTESIAN_POINT('',(0.,-7.15));
#4123 = ( GEOMETRIC_REPRESENTATION_CONTEXT(2) 
PARAMETRIC_REPRESENTATION_CONTEXT() REPRESENTATION_CONTEXT('2D SPACE',''
  ) );
#4124 = PCURVE('',#3838,#4125);
#4125 = DEFINITIONAL_REPRESENTATION('',(#4126),#4129);
#4126 = B_SPLINE_CURVE_WITH_KNOTS('',1,(#4127,#4128),.UNSPECIFIED.,.F.,
  .F.,(2,2),(-20.7,-15.7),.PIECEWISE_BEZIER_KNOTS.);
#4127 = CARTESIAN_POINT('',(36.4,133.7));
#4128 = CARTESIAN_POINT('',(31.4,133.7));
#4129 = ( GEOMETRIC_REPRESENTATION_CONTEXT(2) 
PARAMETRIC_REPRESENTATION_CONTEXT() REPRESENTATION_CONTEXT('2D SPACE',''
  ) );
#4130 = ORIENTED_EDGE('',*,*,#4131,.T.);
#4131 = EDGE_CURVE('',#4111,#1900,#4132,.T.);
#4132 = SURFACE_CURVE('',#4133,(#4137,#4144),.PCURVE_S1.);
#4133 = LINE('',#4134,#4135);
#4134 = CARTESIAN_POINT('',(-15.,98.2,34.6));
#4135 = VECTOR('',#4136,1.);
#4136 = DIRECTION('',(-0.,1.,0.));
#4137 = PCURVE('',#1938,#4138);
#4138 = DEFINITIONAL_REPRESENTATION('',(#4139),#4143);
#4139 = LINE('',#4140,#4141);
#4140 = CARTESIAN_POINT('',(0.,0.));
#4141 = VECTOR('',#4142,1.);
#4142 = DIRECTION('',(0.,-1.));
#4143 = ( GEOMETRIC_REPRESENTATION_CONTEXT(2) 
PARAMETRIC_REPRESENTATION_CONTEXT() REPRESENTATION_CONTEXT('2D SPACE',''
  ) );
#4144 = PCURVE('',#1914,#4145);
#4145 = DEFINITIONAL_REPRESENTATION('',(#4146),#4150);
#4146 = LINE('',#4147,#4148);
#4147 = CARTESIAN_POINT('',(20.,0.));
#4148 = VECTOR('',#4149,1.);
#4149 = DIRECTION('',(0.,1.));
#4150 = ( GEOMETRIC_REPRESENTATION_CONTEXT(2) 
PARAMETRIC_REPRESENTATION_CONTEXT() REPRESENTATION_CONTEXT('2D SPACE',''
  ) );
#4151 = ORIENTED_EDGE('',*,*,#1925,.F.);
#4152 = ADVANCED_FACE('',(#4153),#1914,.T.);
#4153 = FACE_BOUND('',#4154,.T.);
#4154 = EDGE_LOOP('',(#4155,#4156,#4175,#4176));
#4155 = ORIENTED_EDGE('',*,*,#4084,.F.);
#4156 = ORIENTED_EDGE('',*,*,#4157,.T.);
#4157 = EDGE_CURVE('',#4064,#4111,#4158,.T.);
#4158 = SURFACE_CURVE('',#4159,(#4163,#4169),.PCURVE_S1.);
#4159 = LINE('',#4160,#4161);
#4160 = CARTESIAN_POINT('',(-91.85,105.35,34.6));
#4161 = VECTOR('',#4162,1.);
#4162 = DIRECTION('',(1.,0.,-0.));
#4163 = PCURVE('',#1914,#4164);
#4164 = DEFINITIONAL_REPRESENTATION('',(#4165),#4168);
#4165 = B_SPLINE_CURVE_WITH_KNOTS('',1,(#4166,#4167),.UNSPECIFIED.,.F.,
  .F.,(2,2),(56.85,76.85),.PIECEWISE_BEZIER_KNOTS.);
#4166 = CARTESIAN_POINT('',(0.,7.15));
#4167 = CARTESIAN_POINT('',(20.,7.15));
#4168 = ( GEOMETRIC_REPRESENTATION_CONTEXT(2) 
PARAMETRIC_REPRESENTATION_CONTEXT() REPRESENTATION_CONTEXT('2D SPACE',''
  ) );
#4169 = PCURVE('',#3838,#4170);
#4170 = DEFINITIONAL_REPRESENTATION('',(#4171),#4174);
#4171 = B_SPLINE_CURVE_WITH_KNOTS('',1,(#4172,#4173),.UNSPECIFIED.,.F.,
  .F.,(2,2),(56.85,76.85),.PIECEWISE_BEZIER_KNOTS.);
#4172 = CARTESIAN_POINT('',(31.4,113.7));
#4173 = CARTESIAN_POINT('',(31.4,133.7));
#4174 = ( GEOMETRIC_REPRESENTATION_CONTEXT(2) 
PARAMETRIC_REPRESENTATION_CONTEXT() REPRESENTATION_CONTEXT('2D SPACE',''
  ) );
#4175 = ORIENTED_EDGE('',*,*,#4131,.T.);
#4176 = ORIENTED_EDGE('',*,*,#1899,.F.);
#4177 = ADVANCED_FACE('',(#4178),#1968,.F.);
#4178 = FACE_BOUND('',#4179,.F.);
#4179 = EDGE_LOOP('',(#4180,#4203,#4224,#4245));
#4180 = ORIENTED_EDGE('',*,*,#4181,.F.);
#4181 = EDGE_CURVE('',#4182,#1952,#4184,.T.);
#4182 = VERTEX_POINT('',#4183);
#4183 = CARTESIAN_POINT('',(15.,105.35,39.6));
#4184 = SURFACE_CURVE('',#4185,(#4189,#4196),.PCURVE_S1.);
#4185 = LINE('',#4186,#4187);
#4186 = CARTESIAN_POINT('',(15.,98.2,39.6));
#4187 = VECTOR('',#4188,1.);
#4188 = DIRECTION('',(-0.,1.,0.));
#4189 = PCURVE('',#1968,#4190);
#4190 = DEFINITIONAL_REPRESENTATION('',(#4191),#4195);
#4191 = LINE('',#4192,#4193);
#4192 = CARTESIAN_POINT('',(0.,0.));
#4193 = VECTOR('',#4194,1.);
#4194 = DIRECTION('',(0.,1.));
#4195 = ( GEOMETRIC_REPRESENTATION_CONTEXT(2) 
PARAMETRIC_REPRESENTATION_CONTEXT() REPRESENTATION_CONTEXT('2D SPACE',''
  ) );
#4196 = PCURVE('',#1994,#4197);
#4197 = DEFINITIONAL_REPRESENTATION('',(#4198),#4202);
#4198 = LINE('',#4199,#4200);
#4199 = CARTESIAN_POINT('',(5.,0.));
#4200 = VECTOR('',#4201,1.);
#4201 = DIRECTION('',(0.,-1.));
#4202 = ( GEOMETRIC_REPRESENTATION_CONTEXT(2) 
PARAMETRIC_REPRESENTATION_CONTEXT() REPRESENTATION_CONTEXT('2D SPACE',''
  ) );
#4203 = ORIENTED_EDGE('',*,*,#4204,.T.);
#4204 = EDGE_CURVE('',#4182,#4205,#4207,.T.);
#4205 = VERTEX_POINT('',#4206);
#4206 = CARTESIAN_POINT('',(35.,105.35,39.6));
#4207 = SURFACE_CURVE('',#4208,(#4212,#4218),.PCURVE_S1.);
#4208 = LINE('',#4209,#4210);
#4209 = CARTESIAN_POINT('',(-66.85,105.35,39.6));
#4210 = VECTOR('',#4211,1.);
#4211 = DIRECTION('',(1.,0.,-0.));
#4212 = PCURVE('',#1968,#4213);
#4213 = DEFINITIONAL_REPRESENTATION('',(#4214),#4217);
#4214 = B_SPLINE_CURVE_WITH_KNOTS('',1,(#4215,#4216),.UNSPECIFIED.,.F.,
  .F.,(2,2),(81.85,101.85),.PIECEWISE_BEZIER_KNOTS.);
#4215 = CARTESIAN_POINT('',(0.,7.15));
#4216 = CARTESIAN_POINT('',(20.,7.15));
#4217 = ( GEOMETRIC_REPRESENTATION_CONTEXT(2) 
PARAMETRIC_REPRESENTATION_CONTEXT() REPRESENTATION_CONTEXT('2D SPACE',''
  ) );
#4218 = PCURVE('',#3838,#4219);
#4219 = DEFINITIONAL_REPRESENTATION('',(#4220),#4223);
#4220 = B_SPLINE_CURVE_WITH_KNOTS('',1,(#4221,#4222),.UNSPECIFIED.,.F.,
  .F.,(2,2),(81.85,101.85),.PIECEWISE_BEZIER_KNOTS.);
#4221 = CARTESIAN_POINT('',(36.4,163.7));
#4222 = CARTESIAN_POINT('',(36.4,183.7));
#4223 = ( GEOMETRIC_REPRESENTATION_CONTEXT(2) 
PARAMETRIC_REPRESENTATION_CONTEXT() REPRESENTATION_CONTEXT('2D SPACE',''
  ) );
#4224 = ORIENTED_EDGE('',*,*,#4225,.T.);
#4225 = EDGE_CURVE('',#4205,#1954,#4226,.T.);
#4226 = SURFACE_CURVE('',#4227,(#4231,#4238),.PCURVE_S1.);
#4227 = LINE('',#4228,#4229);
#4228 = CARTESIAN_POINT('',(35.,98.2,39.6));
#4229 = VECTOR('',#4230,1.);
#4230 = DIRECTION('',(-0.,1.,0.));
#4231 = PCURVE('',#1968,#4232);
#4232 = DEFINITIONAL_REPRESENTATION('',(#4233),#4237);
#4233 = LINE('',#4234,#4235);
#4234 = CARTESIAN_POINT('',(20.,0.));
#4235 = VECTOR('',#4236,1.);
#4236 = DIRECTION('',(0.,1.));
#4237 = ( GEOMETRIC_REPRESENTATION_CONTEXT(2) 
PARAMETRIC_REPRESENTATION_CONTEXT() REPRESENTATION_CONTEXT('2D SPACE',''
  ) );
#4238 = PCURVE('',#2044,#4239);
#4239 = DEFINITIONAL_REPRESENTATION('',(#4240),#4244);
#4240 = LINE('',#4241,#4242);
#4241 = CARTESIAN_POINT('',(5.,0.));
#4242 = VECTOR('',#4243,1.);
#4243 = DIRECTION('',(0.,-1.));
#4244 = ( GEOMETRIC_REPRESENTATION_CONTEXT(2) 
PARAMETRIC_REPRESENTATION_CONTEXT() REPRESENTATION_CONTEXT('2D SPACE',''
  ) );
#4245 = ORIENTED_EDGE('',*,*,#1951,.F.);
#4246 = ADVANCED_FACE('',(#4247),#1994,.T.);
#4247 = FACE_BOUND('',#4248,.T.);
#4248 = EDGE_LOOP('',(#4249,#4250,#4271,#4292));
#4249 = ORIENTED_EDGE('',*,*,#4181,.F.);
#4250 = ORIENTED_EDGE('',*,*,#4251,.T.);
#4251 = EDGE_CURVE('',#4182,#4252,#4254,.T.);
#4252 = VERTEX_POINT('',#4253);
#4253 = CARTESIAN_POINT('',(15.,105.35,34.6));
#4254 = SURFACE_CURVE('',#4255,(#4259,#4265),.PCURVE_S1.);
#4255 = LINE('',#4256,#4257);
#4256 = CARTESIAN_POINT('',(15.,105.35,18.9));
#4257 = VECTOR('',#4258,1.);
#4258 = DIRECTION('',(-0.,0.,-1.));
#4259 = PCURVE('',#1994,#4260);
#4260 = DEFINITIONAL_REPRESENTATION('',(#4261),#4264);
#4261 = B_SPLINE_CURVE_WITH_KNOTS('',1,(#4262,#4263),.UNSPECIFIED.,.F.,
  .F.,(2,2),(-20.7,-15.7),.PIECEWISE_BEZIER_KNOTS.);
#4262 = CARTESIAN_POINT('',(5.,-7.15));
#4263 = CARTESIAN_POINT('',(0.,-7.15));
#4264 = ( GEOMETRIC_REPRESENTATION_CONTEXT(2) 
PARAMETRIC_REPRESENTATION_CONTEXT() REPRESENTATION_CONTEXT('2D SPACE',''
  ) );
#4265 = PCURVE('',#3838,#4266);
#4266 = DEFINITIONAL_REPRESENTATION('',(#4267),#4270);
#4267 = B_SPLINE_CURVE_WITH_KNOTS('',1,(#4268,#4269),.UNSPECIFIED.,.F.,
  .F.,(2,2),(-20.7,-15.7),.PIECEWISE_BEZIER_KNOTS.);
#4268 = CARTESIAN_POINT('',(36.4,163.7));
#4269 = CARTESIAN_POINT('',(31.4,163.7));
#4270 = ( GEOMETRIC_REPRESENTATION_CONTEXT(2) 
PARAMETRIC_REPRESENTATION_CONTEXT() REPRESENTATION_CONTEXT('2D SPACE',''
  ) );
#4271 = ORIENTED_EDGE('',*,*,#4272,.T.);
#4272 = EDGE_CURVE('',#4252,#1980,#4273,.T.);
#4273 = SURFACE_CURVE('',#4274,(#4278,#4285),.PCURVE_S1.);
#4274 = LINE('',#4275,#4276);
#4275 = CARTESIAN_POINT('',(15.,98.2,34.6));
#4276 = VECTOR('',#4277,1.);
#4277 = DIRECTION('',(-0.,1.,0.));
#4278 = PCURVE('',#1994,#4279);
#4279 = DEFINITIONAL_REPRESENTATION('',(#4280),#4284);
#4280 = LINE('',#4281,#4282);
#4281 = CARTESIAN_POINT('',(0.,0.));
#4282 = VECTOR('',#4283,1.);
#4283 = DIRECTION('',(0.,-1.));
#4284 = ( GEOMETRIC_REPRESENTATION_CONTEXT(2) 
PARAMETRIC_REPRESENTATION_CONTEXT() REPRESENTATION_CONTEXT('2D SPACE',''
  ) );
#4285 = PCURVE('',#2020,#4286);
#4286 = DEFINITIONAL_REPRESENTATION('',(#4287),#4291);
#4287 = LINE('',#4288,#4289);
#4288 = CARTESIAN_POINT('',(0.,0.));
#4289 = VECTOR('',#4290,1.);
#4290 = DIRECTION('',(0.,1.));
#4291 = ( GEOMETRIC_REPRESENTATION_CONTEXT(2) 
PARAMETRIC_REPRESENTATION_CONTEXT() REPRESENTATION_CONTEXT('2D SPACE',''
  ) );
#4292 = ORIENTED_EDGE('',*,*,#1979,.F.);
#4293 = ADVANCED_FACE('',(#4294),#2044,.F.);
#4294 = FACE_BOUND('',#4295,.F.);
#4295 = EDGE_LOOP('',(#4296,#4297,#4318,#4339));
#4296 = ORIENTED_EDGE('',*,*,#4225,.F.);
#4297 = ORIENTED_EDGE('',*,*,#4298,.T.);
#4298 = EDGE_CURVE('',#4205,#4299,#4301,.T.);
#4299 = VERTEX_POINT('',#4300);
#4300 = CARTESIAN_POINT('',(35.,105.35,34.6));
#4301 = SURFACE_CURVE('',#4302,(#4306,#4312),.PCURVE_S1.);
#4302 = LINE('',#4303,#4304);
#4303 = CARTESIAN_POINT('',(35.,105.35,18.9));
#4304 = VECTOR('',#4305,1.);
#4305 = DIRECTION('',(-0.,0.,-1.));
#4306 = PCURVE('',#2044,#4307);
#4307 = DEFINITIONAL_REPRESENTATION('',(#4308),#4311);
#4308 = B_SPLINE_CURVE_WITH_KNOTS('',1,(#4309,#4310),.UNSPECIFIED.,.F.,
  .F.,(2,2),(-20.7,-15.7),.PIECEWISE_BEZIER_KNOTS.);
#4309 = CARTESIAN_POINT('',(5.,-7.15));
#4310 = CARTESIAN_POINT('',(0.,-7.15));
#4311 = ( GEOMETRIC_REPRESENTATION_CONTEXT(2) 
PARAMETRIC_REPRESENTATION_CONTEXT() REPRESENTATION_CONTEXT('2D SPACE',''
  ) );
#4312 = PCURVE('',#3838,#4313);
#4313 = DEFINITIONAL_REPRESENTATION('',(#4314),#4317);
#4314 = B_SPLINE_CURVE_WITH_KNOTS('',1,(#4315,#4316),.UNSPECIFIED.,.F.,
  .F.,(2,2),(-20.7,-15.7),.PIECEWISE_BEZIER_KNOTS.);
#4315 = CARTESIAN_POINT('',(36.4,183.7));
#4316 = CARTESIAN_POINT('',(31.4,183.7));
#4317 = ( GEOMETRIC_REPRESENTATION_CONTEXT(2) 
PARAMETRIC_REPRESENTATION_CONTEXT() REPRESENTATION_CONTEXT('2D SPACE',''
  ) );
#4318 = ORIENTED_EDGE('',*,*,#4319,.T.);
#4319 = EDGE_CURVE('',#4299,#2006,#4320,.T.);
#4320 = SURFACE_CURVE('',#4321,(#4325,#4332),.PCURVE_S1.);
#4321 = LINE('',#4322,#4323);
#4322 = CARTESIAN_POINT('',(35.,98.2,34.6));
#4323 = VECTOR('',#4324,1.);
#4324 = DIRECTION('',(-0.,1.,0.));
#4325 = PCURVE('',#2044,#4326);
#4326 = DEFINITIONAL_REPRESENTATION('',(#4327),#4331);
#4327 = LINE('',#4328,#4329);
#4328 = CARTESIAN_POINT('',(0.,0.));
#4329 = VECTOR('',#4330,1.);
#4330 = DIRECTION('',(0.,-1.));
#4331 = ( GEOMETRIC_REPRESENTATION_CONTEXT(2) 
PARAMETRIC_REPRESENTATION_CONTEXT() REPRESENTATION_CONTEXT('2D SPACE',''
  ) );
#4332 = PCURVE('',#2020,#4333);
#4333 = DEFINITIONAL_REPRESENTATION('',(#4334),#4338);
#4334 = LINE('',#4335,#4336);
#4335 = CARTESIAN_POINT('',(20.,0.));
#4336 = VECTOR('',#4337,1.);
#4337 = DIRECTION('',(0.,1.));
#4338 = ( GEOMETRIC_REPRESENTATION_CONTEXT(2) 
PARAMETRIC_REPRESENTATION_CONTEXT() REPRESENTATION_CONTEXT('2D SPACE',''
  ) );
#4339 = ORIENTED_EDGE('',*,*,#2031,.F.);
#4340 = ADVANCED_FACE('',(#4341),#2020,.T.);
#4341 = FACE_BOUND('',#4342,.T.);
#4342 = EDGE_LOOP('',(#4343,#4344,#4363,#4364));
#4343 = ORIENTED_EDGE('',*,*,#4272,.F.);
#4344 = ORIENTED_EDGE('',*,*,#4345,.T.);
#4345 = EDGE_CURVE('',#4252,#4299,#4346,.T.);
#4346 = SURFACE_CURVE('',#4347,(#4351,#4357),.PCURVE_S1.);
#4347 = LINE('',#4348,#4349);
#4348 = CARTESIAN_POINT('',(-66.85,105.35,34.6));
#4349 = VECTOR('',#4350,1.);
#4350 = DIRECTION('',(1.,0.,-0.));
#4351 = PCURVE('',#2020,#4352);
#4352 = DEFINITIONAL_REPRESENTATION('',(#4353),#4356);
#4353 = B_SPLINE_CURVE_WITH_KNOTS('',1,(#4354,#4355),.UNSPECIFIED.,.F.,
  .F.,(2,2),(81.85,101.85),.PIECEWISE_BEZIER_KNOTS.);
#4354 = CARTESIAN_POINT('',(0.,7.15));
#4355 = CARTESIAN_POINT('',(20.,7.15));
#4356 = ( GEOMETRIC_REPRESENTATION_CONTEXT(2) 
PARAMETRIC_REPRESENTATION_CONTEXT() REPRESENTATION_CONTEXT('2D SPACE',''
  ) );
#4357 = PCURVE('',#3838,#4358);
#4358 = DEFINITIONAL_REPRESENTATION('',(#4359),#4362);
#4359 = B_SPLINE_CURVE_WITH_KNOTS('',1,(#4360,#4361),.UNSPECIFIED.,.F.,
  .F.,(2,2),(81.85,101.85),.PIECEWISE_BEZIER_KNOTS.);
#4360 = CARTESIAN_POINT('',(31.4,163.7));
#4361 = CARTESIAN_POINT('',(31.4,183.7));
#4362 = ( GEOMETRIC_REPRESENTATION_CONTEXT(2) 
PARAMETRIC_REPRESENTATION_CONTEXT() REPRESENTATION_CONTEXT('2D SPACE',''
  ) );
#4363 = ORIENTED_EDGE('',*,*,#4319,.T.);
#4364 = ORIENTED_EDGE('',*,*,#2005,.F.);
#4365 = ADVANCED_FACE('',(#4366),#2074,.F.);
#4366 = FACE_BOUND('',#4367,.F.);
#4367 = EDGE_LOOP('',(#4368,#4391,#4412,#4433));
#4368 = ORIENTED_EDGE('',*,*,#4369,.F.);
#4369 = EDGE_CURVE('',#4370,#2058,#4372,.T.);
#4370 = VERTEX_POINT('',#4371);
#4371 = CARTESIAN_POINT('',(45.,105.35,39.6));
#4372 = SURFACE_CURVE('',#4373,(#4377,#4384),.PCURVE_S1.);
#4373 = LINE('',#4374,#4375);
#4374 = CARTESIAN_POINT('',(45.,98.2,39.6));
#4375 = VECTOR('',#4376,1.);
#4376 = DIRECTION('',(-0.,1.,0.));
#4377 = PCURVE('',#2074,#4378);
#4378 = DEFINITIONAL_REPRESENTATION('',(#4379),#4383);
#4379 = LINE('',#4380,#4381);
#4380 = CARTESIAN_POINT('',(0.,0.));
#4381 = VECTOR('',#4382,1.);
#4382 = DIRECTION('',(0.,1.));
#4383 = ( GEOMETRIC_REPRESENTATION_CONTEXT(2) 
PARAMETRIC_REPRESENTATION_CONTEXT() REPRESENTATION_CONTEXT('2D SPACE',''
  ) );
#4384 = PCURVE('',#2100,#4385);
#4385 = DEFINITIONAL_REPRESENTATION('',(#4386),#4390);
#4386 = LINE('',#4387,#4388);
#4387 = CARTESIAN_POINT('',(5.,0.));
#4388 = VECTOR('',#4389,1.);
#4389 = DIRECTION('',(0.,-1.));
#4390 = ( GEOMETRIC_REPRESENTATION_CONTEXT(2) 
PARAMETRIC_REPRESENTATION_CONTEXT() REPRESENTATION_CONTEXT('2D SPACE',''
  ) );
#4391 = ORIENTED_EDGE('',*,*,#4392,.T.);
#4392 = EDGE_CURVE('',#4370,#4393,#4395,.T.);
#4393 = VERTEX_POINT('',#4394);
#4394 = CARTESIAN_POINT('',(65.,105.35,39.6));
#4395 = SURFACE_CURVE('',#4396,(#4400,#4406),.PCURVE_S1.);
#4396 = LINE('',#4397,#4398);
#4397 = CARTESIAN_POINT('',(-51.85,105.35,39.6));
#4398 = VECTOR('',#4399,1.);
#4399 = DIRECTION('',(1.,0.,-0.));
#4400 = PCURVE('',#2074,#4401);
#4401 = DEFINITIONAL_REPRESENTATION('',(#4402),#4405);
#4402 = B_SPLINE_CURVE_WITH_KNOTS('',1,(#4403,#4404),.UNSPECIFIED.,.F.,
  .F.,(2,2),(96.85,116.85),.PIECEWISE_BEZIER_KNOTS.);
#4403 = CARTESIAN_POINT('',(0.,7.15));
#4404 = CARTESIAN_POINT('',(20.,7.15));
#4405 = ( GEOMETRIC_REPRESENTATION_CONTEXT(2) 
PARAMETRIC_REPRESENTATION_CONTEXT() REPRESENTATION_CONTEXT('2D SPACE',''
  ) );
#4406 = PCURVE('',#3838,#4407);
#4407 = DEFINITIONAL_REPRESENTATION('',(#4408),#4411);
#4408 = B_SPLINE_CURVE_WITH_KNOTS('',1,(#4409,#4410),.UNSPECIFIED.,.F.,
  .F.,(2,2),(96.85,116.85),.PIECEWISE_BEZIER_KNOTS.);
#4409 = CARTESIAN_POINT('',(36.4,193.7));
#4410 = CARTESIAN_POINT('',(36.4,213.7));
#4411 = ( GEOMETRIC_REPRESENTATION_CONTEXT(2) 
PARAMETRIC_REPRESENTATION_CONTEXT() REPRESENTATION_CONTEXT('2D SPACE',''
  ) );
#4412 = ORIENTED_EDGE('',*,*,#4413,.T.);
#4413 = EDGE_CURVE('',#4393,#2060,#4414,.T.);
#4414 = SURFACE_CURVE('',#4415,(#4419,#4426),.PCURVE_S1.);
#4415 = LINE('',#4416,#4417);
#4416 = CARTESIAN_POINT('',(65.,98.2,39.6));
#4417 = VECTOR('',#4418,1.);
#4418 = DIRECTION('',(-0.,1.,0.));
#4419 = PCURVE('',#2074,#4420);
#4420 = DEFINITIONAL_REPRESENTATION('',(#4421),#4425);
#4421 = LINE('',#4422,#4423);
#4422 = CARTESIAN_POINT('',(20.,0.));
#4423 = VECTOR('',#4424,1.);
#4424 = DIRECTION('',(0.,1.));
#4425 = ( GEOMETRIC_REPRESENTATION_CONTEXT(2) 
PARAMETRIC_REPRESENTATION_CONTEXT() REPRESENTATION_CONTEXT('2D SPACE',''
  ) );
#4426 = PCURVE('',#2150,#4427);
#4427 = DEFINITIONAL_REPRESENTATION('',(#4428),#4432);
#4428 = LINE('',#4429,#4430);
#4429 = CARTESIAN_POINT('',(5.,0.));
#4430 = VECTOR('',#4431,1.);
#4431 = DIRECTION('',(0.,-1.));
#4432 = ( GEOMETRIC_REPRESENTATION_CONTEXT(2) 
PARAMETRIC_REPRESENTATION_CONTEXT() REPRESENTATION_CONTEXT('2D SPACE',''
  ) );
#4433 = ORIENTED_EDGE('',*,*,#2057,.F.);
#4434 = ADVANCED_FACE('',(#4435),#2150,.F.);
#4435 = FACE_BOUND('',#4436,.F.);
#4436 = EDGE_LOOP('',(#4437,#4438,#4459,#4480));
#4437 = ORIENTED_EDGE('',*,*,#4413,.F.);
#4438 = ORIENTED_EDGE('',*,*,#4439,.T.);
#4439 = EDGE_CURVE('',#4393,#4440,#4442,.T.);
#4440 = VERTEX_POINT('',#4441);
#4441 = CARTESIAN_POINT('',(65.,105.35,34.6));
#4442 = SURFACE_CURVE('',#4443,(#4447,#4453),.PCURVE_S1.);
#4443 = LINE('',#4444,#4445);
#4444 = CARTESIAN_POINT('',(65.,105.35,18.9));
#4445 = VECTOR('',#4446,1.);
#4446 = DIRECTION('',(-0.,0.,-1.));
#4447 = PCURVE('',#2150,#4448);
#4448 = DEFINITIONAL_REPRESENTATION('',(#4449),#4452);
#4449 = B_SPLINE_CURVE_WITH_KNOTS('',1,(#4450,#4451),.UNSPECIFIED.,.F.,
  .F.,(2,2),(-20.7,-15.7),.PIECEWISE_BEZIER_KNOTS.);
#4450 = CARTESIAN_POINT('',(5.,-7.15));
#4451 = CARTESIAN_POINT('',(0.,-7.15));
#4452 = ( GEOMETRIC_REPRESENTATION_CONTEXT(2) 
PARAMETRIC_REPRESENTATION_CONTEXT() REPRESENTATION_CONTEXT('2D SPACE',''
  ) );
#4453 = PCURVE('',#3838,#4454);
#4454 = DEFINITIONAL_REPRESENTATION('',(#4455),#4458);
#4455 = B_SPLINE_CURVE_WITH_KNOTS('',1,(#4456,#4457),.UNSPECIFIED.,.F.,
  .F.,(2,2),(-20.7,-15.7),.PIECEWISE_BEZIER_KNOTS.);
#4456 = CARTESIAN_POINT('',(36.4,213.7));
#4457 = CARTESIAN_POINT('',(31.4,213.7));
#4458 = ( GEOMETRIC_REPRESENTATION_CONTEXT(2) 
PARAMETRIC_REPRESENTATION_CONTEXT() REPRESENTATION_CONTEXT('2D SPACE',''
  ) );
#4459 = ORIENTED_EDGE('',*,*,#4460,.T.);
#4460 = EDGE_CURVE('',#4440,#2112,#4461,.T.);
#4461 = SURFACE_CURVE('',#4462,(#4466,#4473),.PCURVE_S1.);
#4462 = LINE('',#4463,#4464);
#4463 = CARTESIAN_POINT('',(65.,98.2,34.6));
#4464 = VECTOR('',#4465,1.);
#4465 = DIRECTION('',(-0.,1.,0.));
#4466 = PCURVE('',#2150,#4467);
#4467 = DEFINITIONAL_REPRESENTATION('',(#4468),#4472);
#4468 = LINE('',#4469,#4470);
#4469 = CARTESIAN_POINT('',(0.,0.));
#4470 = VECTOR('',#4471,1.);
#4471 = DIRECTION('',(0.,-1.));
#4472 = ( GEOMETRIC_REPRESENTATION_CONTEXT(2) 
PARAMETRIC_REPRESENTATION_CONTEXT() REPRESENTATION_CONTEXT('2D SPACE',''
  ) );
#4473 = PCURVE('',#2126,#4474);
#4474 = DEFINITIONAL_REPRESENTATION('',(#4475),#4479);
#4475 = LINE('',#4476,#4477);
#4476 = CARTESIAN_POINT('',(20.,0.));
#4477 = VECTOR('',#4478,1.);
#4478 = DIRECTION('',(0.,1.));
#4479 = ( GEOMETRIC_REPRESENTATION_CONTEXT(2) 
PARAMETRIC_REPRESENTATION_CONTEXT() REPRESENTATION_CONTEXT('2D SPACE',''
  ) );
#4480 = ORIENTED_EDGE('',*,*,#2137,.F.);
#4481 = ADVANCED_FACE('',(#4482),#2126,.T.);
#4482 = FACE_BOUND('',#4483,.T.);
#4483 = EDGE_LOOP('',(#4484,#4507,#4526,#4527));
#4484 = ORIENTED_EDGE('',*,*,#4485,.F.);
#4485 = EDGE_CURVE('',#4486,#2086,#4488,.T.);
#4486 = VERTEX_POINT('',#4487);
#4487 = CARTESIAN_POINT('',(45.,105.35,34.6));
#4488 = SURFACE_CURVE('',#4489,(#4493,#4500),.PCURVE_S1.);
#4489 = LINE('',#4490,#4491);
#4490 = CARTESIAN_POINT('',(45.,98.2,34.6));
#4491 = VECTOR('',#4492,1.);
#4492 = DIRECTION('',(-0.,1.,0.));
#4493 = PCURVE('',#2126,#4494);
#4494 = DEFINITIONAL_REPRESENTATION('',(#4495),#4499);
#4495 = LINE('',#4496,#4497);
#4496 = CARTESIAN_POINT('',(0.,0.));
#4497 = VECTOR('',#4498,1.);
#4498 = DIRECTION('',(0.,1.));
#4499 = ( GEOMETRIC_REPRESENTATION_CONTEXT(2) 
PARAMETRIC_REPRESENTATION_CONTEXT() REPRESENTATION_CONTEXT('2D SPACE',''
  ) );
#4500 = PCURVE('',#2100,#4501);
#4501 = DEFINITIONAL_REPRESENTATION('',(#4502),#4506);
#4502 = LINE('',#4503,#4504);
#4503 = CARTESIAN_POINT('',(0.,0.));
#4504 = VECTOR('',#4505,1.);
#4505 = DIRECTION('',(0.,-1.));
#4506 = ( GEOMETRIC_REPRESENTATION_CONTEXT(2) 
PARAMETRIC_REPRESENTATION_CONTEXT() REPRESENTATION_CONTEXT('2D SPACE',''
  ) );
#4507 = ORIENTED_EDGE('',*,*,#4508,.T.);
#4508 = EDGE_CURVE('',#4486,#4440,#4509,.T.);
#4509 = SURFACE_CURVE('',#4510,(#4514,#4520),.PCURVE_S1.);
#4510 = LINE('',#4511,#4512);
#4511 = CARTESIAN_POINT('',(-51.85,105.35,34.6));
#4512 = VECTOR('',#4513,1.);
#4513 = DIRECTION('',(1.,0.,-0.));
#4514 = PCURVE('',#2126,#4515);
#4515 = DEFINITIONAL_REPRESENTATION('',(#4516),#4519);
#4516 = B_SPLINE_CURVE_WITH_KNOTS('',1,(#4517,#4518),.UNSPECIFIED.,.F.,
  .F.,(2,2),(96.85,116.85),.PIECEWISE_BEZIER_KNOTS.);
#4517 = CARTESIAN_POINT('',(0.,7.15));
#4518 = CARTESIAN_POINT('',(20.,7.15));
#4519 = ( GEOMETRIC_REPRESENTATION_CONTEXT(2) 
PARAMETRIC_REPRESENTATION_CONTEXT() REPRESENTATION_CONTEXT('2D SPACE',''
  ) );
#4520 = PCURVE('',#3838,#4521);
#4521 = DEFINITIONAL_REPRESENTATION('',(#4522),#4525);
#4522 = B_SPLINE_CURVE_WITH_KNOTS('',1,(#4523,#4524),.UNSPECIFIED.,.F.,
  .F.,(2,2),(96.85,116.85),.PIECEWISE_BEZIER_KNOTS.);
#4523 = CARTESIAN_POINT('',(31.4,193.7));
#4524 = CARTESIAN_POINT('',(31.4,213.7));
#4525 = ( GEOMETRIC_REPRESENTATION_CONTEXT(2) 
PARAMETRIC_REPRESENTATION_CONTEXT() REPRESENTATION_CONTEXT('2D SPACE',''
  ) );
#4526 = ORIENTED_EDGE('',*,*,#4460,.T.);
#4527 = ORIENTED_EDGE('',*,*,#2111,.F.);
#4528 = ADVANCED_FACE('',(#4529),#2100,.T.);
#4529 = FACE_BOUND('',#4530,.T.);
#4530 = EDGE_LOOP('',(#4531,#4532,#4551,#4552));
#4531 = ORIENTED_EDGE('',*,*,#4369,.F.);
#4532 = ORIENTED_EDGE('',*,*,#4533,.T.);
#4533 = EDGE_CURVE('',#4370,#4486,#4534,.T.);
#4534 = SURFACE_CURVE('',#4535,(#4539,#4545),.PCURVE_S1.);
#4535 = LINE('',#4536,#4537);
#4536 = CARTESIAN_POINT('',(45.,105.35,18.9));
#4537 = VECTOR('',#4538,1.);
#4538 = DIRECTION('',(-0.,0.,-1.));
#4539 = PCURVE('',#2100,#4540);
#4540 = DEFINITIONAL_REPRESENTATION('',(#4541),#4544);
#4541 = B_SPLINE_CURVE_WITH_KNOTS('',1,(#4542,#4543),.UNSPECIFIED.,.F.,
  .F.,(2,2),(-20.7,-15.7),.PIECEWISE_BEZIER_KNOTS.);
#4542 = CARTESIAN_POINT('',(5.,-7.15));
#4543 = CARTESIAN_POINT('',(0.,-7.15));
#4544 = ( GEOMETRIC_REPRESENTATION_CONTEXT(2) 
PARAMETRIC_REPRESENTATION_CONTEXT() REPRESENTATION_CONTEXT('2D SPACE',''
  ) );
#4545 = PCURVE('',#3838,#4546);
#4546 = DEFINITIONAL_REPRESENTATION('',(#4547),#4550);
#4547 = B_SPLINE_CURVE_WITH_KNOTS('',1,(#4548,#4549),.UNSPECIFIED.,.F.,
  .F.,(2,2),(-20.7,-15.7),.PIECEWISE_BEZIER_KNOTS.);
#4548 = CARTESIAN_POINT('',(36.4,193.7));
#4549 = CARTESIAN_POINT('',(31.4,193.7));
#4550 = ( GEOMETRIC_REPRESENTATION_CONTEXT(2) 
PARAMETRIC_REPRESENTATION_CONTEXT() REPRESENTATION_CONTEXT('2D SPACE',''
  ) );
#4551 = ORIENTED_EDGE('',*,*,#4485,.T.);
#4552 = ORIENTED_EDGE('',*,*,#2085,.F.);
#4553 = ADVANCED_FACE('',(#4554,#4891,#4922,#4953,#4984,#5015,#5046,
    #5077,#5108,#5139),#2356,.T.);
#4554 = FACE_BOUND('',#4555,.T.);
#4555 = EDGE_LOOP('',(#4556,#4557,#4558,#4559,#4560,#4561,#4583,#4610,
    #4637,#4664,#4693,#4715,#4742,#4769,#4791,#4818,#4847,#4869,#4889,
    #4890));
#4556 = ORIENTED_EDGE('',*,*,#2441,.T.);
#4557 = ORIENTED_EDGE('',*,*,#2490,.F.);
#4558 = ORIENTED_EDGE('',*,*,#2561,.F.);
#4559 = ORIENTED_EDGE('',*,*,#2608,.T.);
#4560 = ORIENTED_EDGE('',*,*,#2678,.T.);
#4561 = ORIENTED_EDGE('',*,*,#4562,.F.);
#4562 = EDGE_CURVE('',#4563,#2658,#4565,.T.);
#4563 = VERTEX_POINT('',#4564);
#4564 = CARTESIAN_POINT('',(-148.7,-105.35,42.));
#4565 = SURFACE_CURVE('',#4566,(#4570,#4577),.PCURVE_S1.);
#4566 = LINE('',#4567,#4568);
#4567 = CARTESIAN_POINT('',(-151.1,-105.35,42.));
#4568 = VECTOR('',#4569,1.);
#4569 = DIRECTION('',(1.,0.,-0.));
#4570 = PCURVE('',#2356,#4571);
#4571 = DEFINITIONAL_REPRESENTATION('',(#4572),#4576);
#4572 = LINE('',#4573,#4574);
#4573 = CARTESIAN_POINT('',(2.4,13.35));
#4574 = VECTOR('',#4575,1.);
#4575 = DIRECTION('',(1.,0.));
#4576 = ( GEOMETRIC_REPRESENTATION_CONTEXT(2) 
PARAMETRIC_REPRESENTATION_CONTEXT() REPRESENTATION_CONTEXT('2D SPACE',''
  ) );
#4577 = PCURVE('',#2330,#4578);
#4578 = DEFINITIONAL_REPRESENTATION('',(#4579),#4582);
#4579 = B_SPLINE_CURVE_WITH_KNOTS('',1,(#4580,#4581),.UNSPECIFIED.,.F.,
  .F.,(2,2),(2.4,299.8),.PIECEWISE_BEZIER_KNOTS.);
#4580 = CARTESIAN_POINT('',(38.8,0.));
#4581 = CARTESIAN_POINT('',(38.8,297.4));
#4582 = ( GEOMETRIC_REPRESENTATION_CONTEXT(2) 
PARAMETRIC_REPRESENTATION_CONTEXT() REPRESENTATION_CONTEXT('2D SPACE',''
  ) );
#4583 = ORIENTED_EDGE('',*,*,#4584,.F.);
#4584 = EDGE_CURVE('',#4585,#4563,#4587,.T.);
#4585 = VERTEX_POINT('',#4586);
#4586 = CARTESIAN_POINT('',(-148.7,-84.,42.));
#4587 = SURFACE_CURVE('',#4588,(#4592,#4599),.PCURVE_S1.);
#4588 = LINE('',#4589,#4590);
#4589 = CARTESIAN_POINT('',(-148.7,-112.025,42.));
#4590 = VECTOR('',#4591,1.);
#4591 = DIRECTION('',(0.,-1.,0.));
#4592 = PCURVE('',#2356,#4593);
#4593 = DEFINITIONAL_REPRESENTATION('',(#4594),#4598);
#4594 = LINE('',#4595,#4596);
#4595 = CARTESIAN_POINT('',(4.8,6.675));
#4596 = VECTOR('',#4597,1.);
#4597 = DIRECTION('',(0.,-1.));
#4598 = ( GEOMETRIC_REPRESENTATION_CONTEXT(2) 
PARAMETRIC_REPRESENTATION_CONTEXT() REPRESENTATION_CONTEXT('2D SPACE',''
  ) );
#4599 = PCURVE('',#4600,#4605);
#4600 = PLANE('',#4601);
#4601 = AXIS2_PLACEMENT_3D('',#4602,#4603,#4604);
#4602 = CARTESIAN_POINT('',(-148.7,-105.35,3.2));
#4603 = DIRECTION('',(1.,0.,-0.));
#4604 = DIRECTION('',(0.,0.,1.));
#4605 = DEFINITIONAL_REPRESENTATION('',(#4606),#4609);
#4606 = B_SPLINE_CURVE_WITH_KNOTS('',1,(#4607,#4608),.UNSPECIFIED.,.F.,
  .F.,(2,2),(-217.375,-6.675),.PIECEWISE_BEZIER_KNOTS.);
#4607 = CARTESIAN_POINT('',(38.8,-210.7));
#4608 = CARTESIAN_POINT('',(38.8,0.));
#4609 = ( GEOMETRIC_REPRESENTATION_CONTEXT(2) 
PARAMETRIC_REPRESENTATION_CONTEXT() REPRESENTATION_CONTEXT('2D SPACE',''
  ) );
#4610 = ORIENTED_EDGE('',*,*,#4611,.T.);
#4611 = EDGE_CURVE('',#4585,#4612,#4614,.T.);
#4612 = VERTEX_POINT('',#4613);
#4613 = CARTESIAN_POINT('',(-153.2,-84.,42.));
#4614 = SURFACE_CURVE('',#4615,(#4619,#4626),.PCURVE_S1.);
#4615 = LINE('',#4616,#4617);
#4616 = CARTESIAN_POINT('',(-153.35,-84.,42.));
#4617 = VECTOR('',#4618,1.);
#4618 = DIRECTION('',(-1.,-0.,0.));
#4619 = PCURVE('',#2356,#4620);
#4620 = DEFINITIONAL_REPRESENTATION('',(#4621),#4625);
#4621 = LINE('',#4622,#4623);
#4622 = CARTESIAN_POINT('',(0.15,34.7));
#4623 = VECTOR('',#4624,1.);
#4624 = DIRECTION('',(-1.,0.));
#4625 = ( GEOMETRIC_REPRESENTATION_CONTEXT(2) 
PARAMETRIC_REPRESENTATION_CONTEXT() REPRESENTATION_CONTEXT('2D SPACE',''
  ) );
#4626 = PCURVE('',#4627,#4632);
#4627 = PLANE('',#4628);
#4628 = AXIS2_PLACEMENT_3D('',#4629,#4630,#4631);
#4629 = CARTESIAN_POINT('',(-153.2,-84.,3.2));
#4630 = DIRECTION('',(-0.,1.,0.));
#4631 = DIRECTION('',(0.,0.,1.));
#4632 = DEFINITIONAL_REPRESENTATION('',(#4633),#4636);
#4633 = B_SPLINE_CURVE_WITH_KNOTS('',1,(#4634,#4635),.UNSPECIFIED.,.F.,
  .F.,(2,2),(-5.15,-0.15),.PIECEWISE_BEZIER_KNOTS.);
#4634 = CARTESIAN_POINT('',(38.8,5.));
#4635 = CARTESIAN_POINT('',(38.8,0.));
#4636 = ( GEOMETRIC_REPRESENTATION_CONTEXT(2) 
PARAMETRIC_REPRESENTATION_CONTEXT() REPRESENTATION_CONTEXT('2D SPACE',''
  ) );
#4637 = ORIENTED_EDGE('',*,*,#4638,.T.);
#4638 = EDGE_CURVE('',#4612,#4639,#4641,.T.);
#4639 = VERTEX_POINT('',#4640);
#4640 = CARTESIAN_POINT('',(-153.2,-1.24899959968,42.));
#4641 = SURFACE_CURVE('',#4642,(#4646,#4653),.PCURVE_S1.);
#4642 = LINE('',#4643,#4644);
#4643 = CARTESIAN_POINT('',(-153.2,-101.35,42.));
#4644 = VECTOR('',#4645,1.);
#4645 = DIRECTION('',(-0.,1.,0.));
#4646 = PCURVE('',#2356,#4647);
#4647 = DEFINITIONAL_REPRESENTATION('',(#4648),#4652);
#4648 = LINE('',#4649,#4650);
#4649 = CARTESIAN_POINT('',(0.3,17.35));
#4650 = VECTOR('',#4651,1.);
#4651 = DIRECTION('',(0.,1.));
#4652 = ( GEOMETRIC_REPRESENTATION_CONTEXT(2) 
PARAMETRIC_REPRESENTATION_CONTEXT() REPRESENTATION_CONTEXT('2D SPACE',''
  ) );
#4653 = PCURVE('',#4654,#4659);
#4654 = PLANE('',#4655);
#4655 = AXIS2_PLACEMENT_3D('',#4656,#4657,#4658);
#4656 = CARTESIAN_POINT('',(-153.2,-84.,3.2));
#4657 = DIRECTION('',(1.,0.,-0.));
#4658 = DIRECTION('',(0.,0.,1.));
#4659 = DEFINITIONAL_REPRESENTATION('',(#4660),#4663);
#4660 = B_SPLINE_CURVE_WITH_KNOTS('',1,(#4661,#4662),.UNSPECIFIED.,.F.,
  .F.,(2,2),(17.35,185.35),.PIECEWISE_BEZIER_KNOTS.);
#4661 = CARTESIAN_POINT('',(38.8,0.));
#4662 = CARTESIAN_POINT('',(38.8,-168.));
#4663 = ( GEOMETRIC_REPRESENTATION_CONTEXT(2) 
PARAMETRIC_REPRESENTATION_CONTEXT() REPRESENTATION_CONTEXT('2D SPACE',''
  ) );
#4664 = ORIENTED_EDGE('',*,*,#4665,.T.);
#4665 = EDGE_CURVE('',#4639,#4666,#4668,.T.);
#4666 = VERTEX_POINT('',#4667);
#4667 = CARTESIAN_POINT('',(-153.2,1.24899959968,42.));
#4668 = SURFACE_CURVE('',#4669,(#4674,#4681),.PCURVE_S1.);
#4669 = CIRCLE('',#4670,4.);
#4670 = AXIS2_PLACEMENT_3D('',#4671,#4672,#4673);
#4671 = CARTESIAN_POINT('',(-149.4,0.,42.));
#4672 = DIRECTION('',(0.,0.,1.));
#4673 = DIRECTION('',(-0.95,-0.31224989992,0.));
#4674 = PCURVE('',#2356,#4675);
#4675 = DEFINITIONAL_REPRESENTATION('',(#4676),#4680);
#4676 = CIRCLE('',#4677,4.);
#4677 = AXIS2_PLACEMENT_2D('',#4678,#4679);
#4678 = CARTESIAN_POINT('',(4.1,118.7));
#4679 = DIRECTION('',(-0.95,-0.31224989992));
#4680 = ( GEOMETRIC_REPRESENTATION_CONTEXT(2) 
PARAMETRIC_REPRESENTATION_CONTEXT() REPRESENTATION_CONTEXT('2D SPACE',''
  ) );
#4681 = PCURVE('',#4682,#4687);
#4682 = CYLINDRICAL_SURFACE('',#4683,4.);
#4683 = AXIS2_PLACEMENT_3D('',#4684,#4685,#4686);
#4684 = CARTESIAN_POINT('',(-149.4,0.,12.));
#4685 = DIRECTION('',(0.,0.,1.));
#4686 = DIRECTION('',(1.,0.,-0.));
#4687 = DEFINITIONAL_REPRESENTATION('',(#4688),#4692);
#4688 = LINE('',#4689,#4690);
#4689 = CARTESIAN_POINT('',(3.459153082881,30.));
#4690 = VECTOR('',#4691,1.);
#4691 = DIRECTION('',(1.,0.));
#4692 = ( GEOMETRIC_REPRESENTATION_CONTEXT(2) 
PARAMETRIC_REPRESENTATION_CONTEXT() REPRESENTATION_CONTEXT('2D SPACE',''
  ) );
#4693 = ORIENTED_EDGE('',*,*,#4694,.T.);
#4694 = EDGE_CURVE('',#4666,#4695,#4697,.T.);
#4695 = VERTEX_POINT('',#4696);
#4696 = CARTESIAN_POINT('',(-153.2,84.,42.));
#4697 = SURFACE_CURVE('',#4698,(#4702,#4709),.PCURVE_S1.);
#4698 = LINE('',#4699,#4700);
#4699 = CARTESIAN_POINT('',(-153.2,-101.35,42.));
#4700 = VECTOR('',#4701,1.);
#4701 = DIRECTION('',(-0.,1.,0.));
#4702 = PCURVE('',#2356,#4703);
#4703 = DEFINITIONAL_REPRESENTATION('',(#4704),#4708);
#4704 = LINE('',#4705,#4706);
#4705 = CARTESIAN_POINT('',(0.3,17.35));
#4706 = VECTOR('',#4707,1.);
#4707 = DIRECTION('',(0.,1.));
#4708 = ( GEOMETRIC_REPRESENTATION_CONTEXT(2) 
PARAMETRIC_REPRESENTATION_CONTEXT() REPRESENTATION_CONTEXT('2D SPACE',''
  ) );
#4709 = PCURVE('',#4654,#4710);
#4710 = DEFINITIONAL_REPRESENTATION('',(#4711),#4714);
#4711 = B_SPLINE_CURVE_WITH_KNOTS('',1,(#4712,#4713),.UNSPECIFIED.,.F.,
  .F.,(2,2),(17.35,185.35),.PIECEWISE_BEZIER_KNOTS.);
#4712 = CARTESIAN_POINT('',(38.8,0.));
#4713 = CARTESIAN_POINT('',(38.8,-168.));
#4714 = ( GEOMETRIC_REPRESENTATION_CONTEXT(2) 
PARAMETRIC_REPRESENTATION_CONTEXT() REPRESENTATION_CONTEXT('2D SPACE',''
  ) );
#4715 = ORIENTED_EDGE('',*,*,#4716,.F.);
#4716 = EDGE_CURVE('',#4717,#4695,#4719,.T.);
#4717 = VERTEX_POINT('',#4718);
#4718 = CARTESIAN_POINT('',(-148.7,84.,42.));
#4719 = SURFACE_CURVE('',#4720,(#4724,#4731),.PCURVE_S1.);
#4720 = LINE('',#4721,#4722);
#4721 = CARTESIAN_POINT('',(-153.35,84.,42.));
#4722 = VECTOR('',#4723,1.);
#4723 = DIRECTION('',(-1.,-0.,0.));
#4724 = PCURVE('',#2356,#4725);
#4725 = DEFINITIONAL_REPRESENTATION('',(#4726),#4730);
#4726 = LINE('',#4727,#4728);
#4727 = CARTESIAN_POINT('',(0.15,202.7));
#4728 = VECTOR('',#4729,1.);
#4729 = DIRECTION('',(-1.,0.));
#4730 = ( GEOMETRIC_REPRESENTATION_CONTEXT(2) 
PARAMETRIC_REPRESENTATION_CONTEXT() REPRESENTATION_CONTEXT('2D SPACE',''
  ) );
#4731 = PCURVE('',#4732,#4737);
#4732 = PLANE('',#4733);
#4733 = AXIS2_PLACEMENT_3D('',#4734,#4735,#4736);
#4734 = CARTESIAN_POINT('',(-153.2,84.,3.2));
#4735 = DIRECTION('',(-0.,1.,0.));
#4736 = DIRECTION('',(0.,0.,1.));
#4737 = DEFINITIONAL_REPRESENTATION('',(#4738),#4741);
#4738 = B_SPLINE_CURVE_WITH_KNOTS('',1,(#4739,#4740),.UNSPECIFIED.,.F.,
  .F.,(2,2),(-5.15,-0.15),.PIECEWISE_BEZIER_KNOTS.);
#4739 = CARTESIAN_POINT('',(38.8,5.));
#4740 = CARTESIAN_POINT('',(38.8,0.));
#4741 = ( GEOMETRIC_REPRESENTATION_CONTEXT(2) 
PARAMETRIC_REPRESENTATION_CONTEXT() REPRESENTATION_CONTEXT('2D SPACE',''
  ) );
#4742 = ORIENTED_EDGE('',*,*,#4743,.F.);
#4743 = EDGE_CURVE('',#4744,#4717,#4746,.T.);
#4744 = VERTEX_POINT('',#4745);
#4745 = CARTESIAN_POINT('',(-148.7,105.35,42.));
#4746 = SURFACE_CURVE('',#4747,(#4751,#4758),.PCURVE_S1.);
#4747 = LINE('',#4748,#4749);
#4748 = CARTESIAN_POINT('',(-148.7,-112.025,42.));
#4749 = VECTOR('',#4750,1.);
#4750 = DIRECTION('',(0.,-1.,0.));
#4751 = PCURVE('',#2356,#4752);
#4752 = DEFINITIONAL_REPRESENTATION('',(#4753),#4757);
#4753 = LINE('',#4754,#4755);
#4754 = CARTESIAN_POINT('',(4.8,6.675));
#4755 = VECTOR('',#4756,1.);
#4756 = DIRECTION('',(0.,-1.));
#4757 = ( GEOMETRIC_REPRESENTATION_CONTEXT(2) 
PARAMETRIC_REPRESENTATION_CONTEXT() REPRESENTATION_CONTEXT('2D SPACE',''
  ) );
#4758 = PCURVE('',#4759,#4764);
#4759 = PLANE('',#4760);
#4760 = AXIS2_PLACEMENT_3D('',#4761,#4762,#4763);
#4761 = CARTESIAN_POINT('',(-148.7,-105.35,3.2));
#4762 = DIRECTION('',(1.,0.,-0.));
#4763 = DIRECTION('',(0.,0.,1.));
#4764 = DEFINITIONAL_REPRESENTATION('',(#4765),#4768);
#4765 = B_SPLINE_CURVE_WITH_KNOTS('',1,(#4766,#4767),.UNSPECIFIED.,.F.,
  .F.,(2,2),(-217.375,-6.675),.PIECEWISE_BEZIER_KNOTS.);
#4766 = CARTESIAN_POINT('',(38.8,-210.7));
#4767 = CARTESIAN_POINT('',(38.8,0.));
#4768 = ( GEOMETRIC_REPRESENTATION_CONTEXT(2) 
PARAMETRIC_REPRESENTATION_CONTEXT() REPRESENTATION_CONTEXT('2D SPACE',''
  ) );
#4769 = ORIENTED_EDGE('',*,*,#4770,.T.);
#4770 = EDGE_CURVE('',#4744,#4771,#4773,.T.);
#4771 = VERTEX_POINT('',#4772);
#4772 = CARTESIAN_POINT('',(148.7,105.35,42.));
#4773 = SURFACE_CURVE('',#4774,(#4778,#4785),.PCURVE_S1.);
#4774 = LINE('',#4775,#4776);
#4775 = CARTESIAN_POINT('',(-151.1,105.35,42.));
#4776 = VECTOR('',#4777,1.);
#4777 = DIRECTION('',(1.,0.,-0.));
#4778 = PCURVE('',#2356,#4779);
#4779 = DEFINITIONAL_REPRESENTATION('',(#4780),#4784);
#4780 = LINE('',#4781,#4782);
#4781 = CARTESIAN_POINT('',(2.4,224.05));
#4782 = VECTOR('',#4783,1.);
#4783 = DIRECTION('',(1.,0.));
#4784 = ( GEOMETRIC_REPRESENTATION_CONTEXT(2) 
PARAMETRIC_REPRESENTATION_CONTEXT() REPRESENTATION_CONTEXT('2D SPACE',''
  ) );
#4785 = PCURVE('',#3838,#4786);
#4786 = DEFINITIONAL_REPRESENTATION('',(#4787),#4790);
#4787 = B_SPLINE_CURVE_WITH_KNOTS('',1,(#4788,#4789),.UNSPECIFIED.,.F.,
  .F.,(2,2),(2.4,299.8),.PIECEWISE_BEZIER_KNOTS.);
#4788 = CARTESIAN_POINT('',(38.8,0.));
#4789 = CARTESIAN_POINT('',(38.8,297.4));
#4790 = ( GEOMETRIC_REPRESENTATION_CONTEXT(2) 
PARAMETRIC_REPRESENTATION_CONTEXT() REPRESENTATION_CONTEXT('2D SPACE',''
  ) );
#4791 = ORIENTED_EDGE('',*,*,#4792,.T.);
#4792 = EDGE_CURVE('',#4771,#4793,#4795,.T.);
#4793 = VERTEX_POINT('',#4794);
#4794 = CARTESIAN_POINT('',(148.7,3.938273733503,42.));
#4795 = SURFACE_CURVE('',#4796,(#4800,#4807),.PCURVE_S1.);
#4796 = LINE('',#4797,#4798);
#4797 = CARTESIAN_POINT('',(148.7,-112.025,42.));
#4798 = VECTOR('',#4799,1.);
#4799 = DIRECTION('',(0.,-1.,0.));
#4800 = PCURVE('',#2356,#4801);
#4801 = DEFINITIONAL_REPRESENTATION('',(#4802),#4806);
#4802 = LINE('',#4803,#4804);
#4803 = CARTESIAN_POINT('',(302.2,6.675));
#4804 = VECTOR('',#4805,1.);
#4805 = DIRECTION('',(0.,-1.));
#4806 = ( GEOMETRIC_REPRESENTATION_CONTEXT(2) 
PARAMETRIC_REPRESENTATION_CONTEXT() REPRESENTATION_CONTEXT('2D SPACE',''
  ) );
#4807 = PCURVE('',#4808,#4813);
#4808 = PLANE('',#4809);
#4809 = AXIS2_PLACEMENT_3D('',#4810,#4811,#4812);
#4810 = CARTESIAN_POINT('',(148.7,-105.35,3.2));
#4811 = DIRECTION('',(1.,0.,-0.));
#4812 = DIRECTION('',(0.,0.,1.));
#4813 = DEFINITIONAL_REPRESENTATION('',(#4814),#4817);
#4814 = B_SPLINE_CURVE_WITH_KNOTS('',1,(#4815,#4816),.UNSPECIFIED.,.F.,
  .F.,(2,2),(-217.375,-6.675),.PIECEWISE_BEZIER_KNOTS.);
#4815 = CARTESIAN_POINT('',(38.8,-210.7));
#4816 = CARTESIAN_POINT('',(38.8,0.));
#4817 = ( GEOMETRIC_REPRESENTATION_CONTEXT(2) 
PARAMETRIC_REPRESENTATION_CONTEXT() REPRESENTATION_CONTEXT('2D SPACE',''
  ) );
#4818 = ORIENTED_EDGE('',*,*,#4819,.T.);
#4819 = EDGE_CURVE('',#4793,#4820,#4822,.T.);
#4820 = VERTEX_POINT('',#4821);
#4821 = CARTESIAN_POINT('',(148.7,-3.938273733503,42.));
#4822 = SURFACE_CURVE('',#4823,(#4828,#4835),.PCURVE_S1.);
#4823 = CIRCLE('',#4824,4.);
#4824 = AXIS2_PLACEMENT_3D('',#4825,#4826,#4827);
#4825 = CARTESIAN_POINT('',(149.4,0.,42.));
#4826 = DIRECTION('',(0.,0.,1.));
#4827 = DIRECTION('',(1.,0.,-0.));
#4828 = PCURVE('',#2356,#4829);
#4829 = DEFINITIONAL_REPRESENTATION('',(#4830),#4834);
#4830 = CIRCLE('',#4831,4.);
#4831 = AXIS2_PLACEMENT_2D('',#4832,#4833);
#4832 = CARTESIAN_POINT('',(302.9,118.7));
#4833 = DIRECTION('',(1.,0.));
#4834 = ( GEOMETRIC_REPRESENTATION_CONTEXT(2) 
PARAMETRIC_REPRESENTATION_CONTEXT() REPRESENTATION_CONTEXT('2D SPACE',''
  ) );
#4835 = PCURVE('',#4836,#4841);
#4836 = CYLINDRICAL_SURFACE('',#4837,4.);
#4837 = AXIS2_PLACEMENT_3D('',#4838,#4839,#4840);
#4838 = CARTESIAN_POINT('',(149.4,0.,12.));
#4839 = DIRECTION('',(0.,0.,1.));
#4840 = DIRECTION('',(1.,0.,-0.));
#4841 = DEFINITIONAL_REPRESENTATION('',(#4842),#4846);
#4842 = LINE('',#4843,#4844);
#4843 = CARTESIAN_POINT('',(0.,30.));
#4844 = VECTOR('',#4845,1.);
#4845 = DIRECTION('',(1.,0.));
#4846 = ( GEOMETRIC_REPRESENTATION_CONTEXT(2) 
PARAMETRIC_REPRESENTATION_CONTEXT() REPRESENTATION_CONTEXT('2D SPACE',''
  ) );
#4847 = ORIENTED_EDGE('',*,*,#4848,.T.);
#4848 = EDGE_CURVE('',#4820,#4849,#4851,.T.);
#4849 = VERTEX_POINT('',#4850);
#4850 = CARTESIAN_POINT('',(148.7,-105.35,42.));
#4851 = SURFACE_CURVE('',#4852,(#4856,#4863),.PCURVE_S1.);
#4852 = LINE('',#4853,#4854);
#4853 = CARTESIAN_POINT('',(148.7,-112.025,42.));
#4854 = VECTOR('',#4855,1.);
#4855 = DIRECTION('',(0.,-1.,0.));
#4856 = PCURVE('',#2356,#4857);
#4857 = DEFINITIONAL_REPRESENTATION('',(#4858),#4862);
#4858 = LINE('',#4859,#4860);
#4859 = CARTESIAN_POINT('',(302.2,6.675));
#4860 = VECTOR('',#4861,1.);
#4861 = DIRECTION('',(0.,-1.));
#4862 = ( GEOMETRIC_REPRESENTATION_CONTEXT(2) 
PARAMETRIC_REPRESENTATION_CONTEXT() REPRESENTATION_CONTEXT('2D SPACE',''
  ) );
#4863 = PCURVE('',#4808,#4864);
#4864 = DEFINITIONAL_REPRESENTATION('',(#4865),#4868);
#4865 = B_SPLINE_CURVE_WITH_KNOTS('',1,(#4866,#4867),.UNSPECIFIED.,.F.,
  .F.,(2,2),(-217.375,-6.675),.PIECEWISE_BEZIER_KNOTS.);
#4866 = CARTESIAN_POINT('',(38.8,-210.7));
#4867 = CARTESIAN_POINT('',(38.8,0.));
#4868 = ( GEOMETRIC_REPRESENTATION_CONTEXT(2) 
PARAMETRIC_REPRESENTATION_CONTEXT() REPRESENTATION_CONTEXT('2D SPACE',''
  ) );
#4869 = ORIENTED_EDGE('',*,*,#4870,.F.);
#4870 = EDGE_CURVE('',#2316,#4849,#4871,.T.);
#4871 = SURFACE_CURVE('',#4872,(#4876,#4883),.PCURVE_S1.);
#4872 = LINE('',#4873,#4874);
#4873 = CARTESIAN_POINT('',(-151.1,-105.35,42.));
#4874 = VECTOR('',#4875,1.);
#4875 = DIRECTION('',(1.,0.,-0.));
#4876 = PCURVE('',#2356,#4877);
#4877 = DEFINITIONAL_REPRESENTATION('',(#4878),#4882);
#4878 = LINE('',#4879,#4880);
#4879 = CARTESIAN_POINT('',(2.4,13.35));
#4880 = VECTOR('',#4881,1.);
#4881 = DIRECTION('',(1.,0.));
#4882 = ( GEOMETRIC_REPRESENTATION_CONTEXT(2) 
PARAMETRIC_REPRESENTATION_CONTEXT() REPRESENTATION_CONTEXT('2D SPACE',''
  ) );
#4883 = PCURVE('',#2330,#4884);
#4884 = DEFINITIONAL_REPRESENTATION('',(#4885),#4888);
#4885 = B_SPLINE_CURVE_WITH_KNOTS('',1,(#4886,#4887),.UNSPECIFIED.,.F.,
  .F.,(2,2),(2.4,299.8),.PIECEWISE_BEZIER_KNOTS.);
#4886 = CARTESIAN_POINT('',(38.8,0.));
#4887 = CARTESIAN_POINT('',(38.8,297.4));
#4888 = ( GEOMETRIC_REPRESENTATION_CONTEXT(2) 
PARAMETRIC_REPRESENTATION_CONTEXT() REPRESENTATION_CONTEXT('2D SPACE',''
  ) );
#4889 = ORIENTED_EDGE('',*,*,#2341,.F.);
#4890 = ORIENTED_EDGE('',*,*,#2414,.T.);
#4891 = FACE_BOUND('',#4892,.T.);
#4892 = EDGE_LOOP('',(#4893));
#4893 = ORIENTED_EDGE('',*,*,#4894,.F.);
#4894 = EDGE_CURVE('',#4895,#4895,#4897,.T.);
#4895 = VERTEX_POINT('',#4896);
#4896 = CARTESIAN_POINT('',(-83.6,-111.5,42.));
#4897 = SURFACE_CURVE('',#4898,(#4903,#4910),.PCURVE_S1.);
#4898 = CIRCLE('',#4899,1.4);
#4899 = AXIS2_PLACEMENT_3D('',#4900,#4901,#4902);
#4900 = CARTESIAN_POINT('',(-85.,-111.5,42.));
#4901 = DIRECTION('',(0.,0.,1.));
#4902 = DIRECTION('',(1.,0.,-0.));
#4903 = PCURVE('',#2356,#4904);
#4904 = DEFINITIONAL_REPRESENTATION('',(#4905),#4909);
#4905 = CIRCLE('',#4906,1.4);
#4906 = AXIS2_PLACEMENT_2D('',#4907,#4908);
#4907 = CARTESIAN_POINT('',(68.5,7.2));
#4908 = DIRECTION('',(1.,0.));
#4909 = ( GEOMETRIC_REPRESENTATION_CONTEXT(2) 
PARAMETRIC_REPRESENTATION_CONTEXT() REPRESENTATION_CONTEXT('2D SPACE',''
  ) );
#4910 = PCURVE('',#4911,#4916);
#4911 = CYLINDRICAL_SURFACE('',#4912,1.4);
#4912 = AXIS2_PLACEMENT_3D('',#4913,#4914,#4915);
#4913 = CARTESIAN_POINT('',(-85.,-111.5,30.));
#4914 = DIRECTION('',(0.,0.,1.));
#4915 = DIRECTION('',(1.,0.,-0.));
#4916 = DEFINITIONAL_REPRESENTATION('',(#4917),#4921);
#4917 = LINE('',#4918,#4919);
#4918 = CARTESIAN_POINT('',(0.,12.));
#4919 = VECTOR('',#4920,1.);
#4920 = DIRECTION('',(1.,0.));
#4921 = ( GEOMETRIC_REPRESENTATION_CONTEXT(2) 
PARAMETRIC_REPRESENTATION_CONTEXT() REPRESENTATION_CONTEXT('2D SPACE',''
  ) );
#4922 = FACE_BOUND('',#4923,.T.);
#4923 = EDGE_LOOP('',(#4924));
#4924 = ORIENTED_EDGE('',*,*,#4925,.F.);
#4925 = EDGE_CURVE('',#4926,#4926,#4928,.T.);
#4926 = VERTEX_POINT('',#4927);
#4927 = CARTESIAN_POINT('',(-43.6,-111.5,42.));
#4928 = SURFACE_CURVE('',#4929,(#4934,#4941),.PCURVE_S1.);
#4929 = CIRCLE('',#4930,1.4);
#4930 = AXIS2_PLACEMENT_3D('',#4931,#4932,#4933);
#4931 = CARTESIAN_POINT('',(-45.,-111.5,42.));
#4932 = DIRECTION('',(0.,0.,1.));
#4933 = DIRECTION('',(1.,0.,-0.));
#4934 = PCURVE('',#2356,#4935);
#4935 = DEFINITIONAL_REPRESENTATION('',(#4936),#4940);
#4936 = CIRCLE('',#4937,1.4);
#4937 = AXIS2_PLACEMENT_2D('',#4938,#4939);
#4938 = CARTESIAN_POINT('',(108.5,7.2));
#4939 = DIRECTION('',(1.,0.));
#4940 = ( GEOMETRIC_REPRESENTATION_CONTEXT(2) 
PARAMETRIC_REPRESENTATION_CONTEXT() REPRESENTATION_CONTEXT('2D SPACE',''
  ) );
#4941 = PCURVE('',#4942,#4947);
#4942 = CYLINDRICAL_SURFACE('',#4943,1.4);
#4943 = AXIS2_PLACEMENT_3D('',#4944,#4945,#4946);
#4944 = CARTESIAN_POINT('',(-45.,-111.5,30.));
#4945 = DIRECTION('',(0.,0.,1.));
#4946 = DIRECTION('',(1.,0.,-0.));
#4947 = DEFINITIONAL_REPRESENTATION('',(#4948),#4952);
#4948 = LINE('',#4949,#4950);
#4949 = CARTESIAN_POINT('',(0.,12.));
#4950 = VECTOR('',#4951,1.);
#4951 = DIRECTION('',(1.,0.));
#4952 = ( GEOMETRIC_REPRESENTATION_CONTEXT(2) 
PARAMETRIC_REPRESENTATION_CONTEXT() REPRESENTATION_CONTEXT('2D SPACE',''
  ) );
#4953 = FACE_BOUND('',#4954,.T.);
#4954 = EDGE_LOOP('',(#4955));
#4955 = ORIENTED_EDGE('',*,*,#4956,.F.);
#4956 = EDGE_CURVE('',#4957,#4957,#4959,.T.);
#4957 = VERTEX_POINT('',#4958);
#4958 = CARTESIAN_POINT('',(46.4,-111.5,42.));
#4959 = SURFACE_CURVE('',#4960,(#4965,#4972),.PCURVE_S1.);
#4960 = CIRCLE('',#4961,1.4);
#4961 = AXIS2_PLACEMENT_3D('',#4962,#4963,#4964);
#4962 = CARTESIAN_POINT('',(45.,-111.5,42.));
#4963 = DIRECTION('',(0.,0.,1.));
#4964 = DIRECTION('',(1.,0.,-0.));
#4965 = PCURVE('',#2356,#4966);
#4966 = DEFINITIONAL_REPRESENTATION('',(#4967),#4971);
#4967 = CIRCLE('',#4968,1.4);
#4968 = AXIS2_PLACEMENT_2D('',#4969,#4970);
#4969 = CARTESIAN_POINT('',(198.5,7.2));
#4970 = DIRECTION('',(1.,0.));
#4971 = ( GEOMETRIC_REPRESENTATION_CONTEXT(2) 
PARAMETRIC_REPRESENTATION_CONTEXT() REPRESENTATION_CONTEXT('2D SPACE',''
  ) );
#4972 = PCURVE('',#4973,#4978);
#4973 = CYLINDRICAL_SURFACE('',#4974,1.4);
#4974 = AXIS2_PLACEMENT_3D('',#4975,#4976,#4977);
#4975 = CARTESIAN_POINT('',(45.,-111.5,30.));
#4976 = DIRECTION('',(0.,0.,1.));
#4977 = DIRECTION('',(1.,0.,-0.));
#4978 = DEFINITIONAL_REPRESENTATION('',(#4979),#4983);
#4979 = LINE('',#4980,#4981);
#4980 = CARTESIAN_POINT('',(0.,12.));
#4981 = VECTOR('',#4982,1.);
#4982 = DIRECTION('',(1.,0.));
#4983 = ( GEOMETRIC_REPRESENTATION_CONTEXT(2) 
PARAMETRIC_REPRESENTATION_CONTEXT() REPRESENTATION_CONTEXT('2D SPACE',''
  ) );
#4984 = FACE_BOUND('',#4985,.T.);
#4985 = EDGE_LOOP('',(#4986));
#4986 = ORIENTED_EDGE('',*,*,#4987,.F.);
#4987 = EDGE_CURVE('',#4988,#4988,#4990,.T.);
#4988 = VERTEX_POINT('',#4989);
#4989 = CARTESIAN_POINT('',(86.4,-111.5,42.));
#4990 = SURFACE_CURVE('',#4991,(#4996,#5003),.PCURVE_S1.);
#4991 = CIRCLE('',#4992,1.4);
#4992 = AXIS2_PLACEMENT_3D('',#4993,#4994,#4995);
#4993 = CARTESIAN_POINT('',(85.,-111.5,42.));
#4994 = DIRECTION('',(0.,0.,1.));
#4995 = DIRECTION('',(1.,0.,-0.));
#4996 = PCURVE('',#2356,#4997);
#4997 = DEFINITIONAL_REPRESENTATION('',(#4998),#5002);
#4998 = CIRCLE('',#4999,1.4);
#4999 = AXIS2_PLACEMENT_2D('',#5000,#5001);
#5000 = CARTESIAN_POINT('',(238.5,7.2));
#5001 = DIRECTION('',(1.,0.));
#5002 = ( GEOMETRIC_REPRESENTATION_CONTEXT(2) 
PARAMETRIC_REPRESENTATION_CONTEXT() REPRESENTATION_CONTEXT('2D SPACE',''
  ) );
#5003 = PCURVE('',#5004,#5009);
#5004 = CYLINDRICAL_SURFACE('',#5005,1.4);
#5005 = AXIS2_PLACEMENT_3D('',#5006,#5007,#5008);
#5006 = CARTESIAN_POINT('',(85.,-111.5,30.));
#5007 = DIRECTION('',(0.,0.,1.));
#5008 = DIRECTION('',(1.,0.,-0.));
#5009 = DEFINITIONAL_REPRESENTATION('',(#5010),#5014);
#5010 = LINE('',#5011,#5012);
#5011 = CARTESIAN_POINT('',(0.,12.));
#5012 = VECTOR('',#5013,1.);
#5013 = DIRECTION('',(1.,0.));
#5014 = ( GEOMETRIC_REPRESENTATION_CONTEXT(2) 
PARAMETRIC_REPRESENTATION_CONTEXT() REPRESENTATION_CONTEXT('2D SPACE',''
  ) );
#5015 = FACE_BOUND('',#5016,.T.);
#5016 = EDGE_LOOP('',(#5017));
#5017 = ORIENTED_EDGE('',*,*,#5018,.F.);
#5018 = EDGE_CURVE('',#5019,#5019,#5021,.T.);
#5019 = VERTEX_POINT('',#5020);
#5020 = CARTESIAN_POINT('',(-148.,-3.429011037613E-16,42.));
#5021 = SURFACE_CURVE('',#5022,(#5027,#5034),.PCURVE_S1.);
#5022 = CIRCLE('',#5023,1.4);
#5023 = AXIS2_PLACEMENT_3D('',#5024,#5025,#5026);
#5024 = CARTESIAN_POINT('',(-149.4,0.,42.));
#5025 = DIRECTION('',(0.,0.,1.));
#5026 = DIRECTION('',(1.,0.,-0.));
#5027 = PCURVE('',#2356,#5028);
#5028 = DEFINITIONAL_REPRESENTATION('',(#5029),#5033);
#5029 = CIRCLE('',#5030,1.4);
#5030 = AXIS2_PLACEMENT_2D('',#5031,#5032);
#5031 = CARTESIAN_POINT('',(4.1,118.7));
#5032 = DIRECTION('',(1.,0.));
#5033 = ( GEOMETRIC_REPRESENTATION_CONTEXT(2) 
PARAMETRIC_REPRESENTATION_CONTEXT() REPRESENTATION_CONTEXT('2D SPACE',''
  ) );
#5034 = PCURVE('',#5035,#5040);
#5035 = CYLINDRICAL_SURFACE('',#5036,1.4);
#5036 = AXIS2_PLACEMENT_3D('',#5037,#5038,#5039);
#5037 = CARTESIAN_POINT('',(-149.4,0.,30.));
#5038 = DIRECTION('',(0.,0.,1.));
#5039 = DIRECTION('',(1.,0.,-0.));
#5040 = DEFINITIONAL_REPRESENTATION('',(#5041),#5045);
#5041 = LINE('',#5042,#5043);
#5042 = CARTESIAN_POINT('',(0.,12.));
#5043 = VECTOR('',#5044,1.);
#5044 = DIRECTION('',(1.,0.));
#5045 = ( GEOMETRIC_REPRESENTATION_CONTEXT(2) 
PARAMETRIC_REPRESENTATION_CONTEXT() REPRESENTATION_CONTEXT('2D SPACE',''
  ) );
#5046 = FACE_BOUND('',#5047,.T.);
#5047 = EDGE_LOOP('',(#5048));
#5048 = ORIENTED_EDGE('',*,*,#5049,.F.);
#5049 = EDGE_CURVE('',#5050,#5050,#5052,.T.);
#5050 = VERTEX_POINT('',#5051);
#5051 = CARTESIAN_POINT('',(-83.6,111.5,42.));
#5052 = SURFACE_CURVE('',#5053,(#5058,#5065),.PCURVE_S1.);
#5053 = CIRCLE('',#5054,1.4);
#5054 = AXIS2_PLACEMENT_3D('',#5055,#5056,#5057);
#5055 = CARTESIAN_POINT('',(-85.,111.5,42.));
#5056 = DIRECTION('',(0.,0.,1.));
#5057 = DIRECTION('',(1.,0.,-0.));
#5058 = PCURVE('',#2356,#5059);
#5059 = DEFINITIONAL_REPRESENTATION('',(#5060),#5064);
#5060 = CIRCLE('',#5061,1.4);
#5061 = AXIS2_PLACEMENT_2D('',#5062,#5063);
#5062 = CARTESIAN_POINT('',(68.5,230.2));
#5063 = DIRECTION('',(1.,0.));
#5064 = ( GEOMETRIC_REPRESENTATION_CONTEXT(2) 
PARAMETRIC_REPRESENTATION_CONTEXT() REPRESENTATION_CONTEXT('2D SPACE',''
  ) );
#5065 = PCURVE('',#5066,#5071);
#5066 = CYLINDRICAL_SURFACE('',#5067,1.4);
#5067 = AXIS2_PLACEMENT_3D('',#5068,#5069,#5070);
#5068 = CARTESIAN_POINT('',(-85.,111.5,30.));
#5069 = DIRECTION('',(0.,0.,1.));
#5070 = DIRECTION('',(1.,0.,-0.));
#5071 = DEFINITIONAL_REPRESENTATION('',(#5072),#5076);
#5072 = LINE('',#5073,#5074);
#5073 = CARTESIAN_POINT('',(0.,12.));
#5074 = VECTOR('',#5075,1.);
#5075 = DIRECTION('',(1.,0.));
#5076 = ( GEOMETRIC_REPRESENTATION_CONTEXT(2) 
PARAMETRIC_REPRESENTATION_CONTEXT() REPRESENTATION_CONTEXT('2D SPACE',''
  ) );
#5077 = FACE_BOUND('',#5078,.T.);
#5078 = EDGE_LOOP('',(#5079));
#5079 = ORIENTED_EDGE('',*,*,#5080,.F.);
#5080 = EDGE_CURVE('',#5081,#5081,#5083,.T.);
#5081 = VERTEX_POINT('',#5082);
#5082 = CARTESIAN_POINT('',(150.8,-3.429011037613E-16,42.));
#5083 = SURFACE_CURVE('',#5084,(#5089,#5096),.PCURVE_S1.);
#5084 = CIRCLE('',#5085,1.4);
#5085 = AXIS2_PLACEMENT_3D('',#5086,#5087,#5088);
#5086 = CARTESIAN_POINT('',(149.4,0.,42.));
#5087 = DIRECTION('',(0.,0.,1.));
#5088 = DIRECTION('',(1.,0.,-0.));
#5089 = PCURVE('',#2356,#5090);
#5090 = DEFINITIONAL_REPRESENTATION('',(#5091),#5095);
#5091 = CIRCLE('',#5092,1.4);
#5092 = AXIS2_PLACEMENT_2D('',#5093,#5094);
#5093 = CARTESIAN_POINT('',(302.9,118.7));
#5094 = DIRECTION('',(1.,0.));
#5095 = ( GEOMETRIC_REPRESENTATION_CONTEXT(2) 
PARAMETRIC_REPRESENTATION_CONTEXT() REPRESENTATION_CONTEXT('2D SPACE',''
  ) );
#5096 = PCURVE('',#5097,#5102);
#5097 = CYLINDRICAL_SURFACE('',#5098,1.4);
#5098 = AXIS2_PLACEMENT_3D('',#5099,#5100,#5101);
#5099 = CARTESIAN_POINT('',(149.4,0.,30.));
#5100 = DIRECTION('',(0.,0.,1.));
#5101 = DIRECTION('',(1.,0.,-0.));
#5102 = DEFINITIONAL_REPRESENTATION('',(#5103),#5107);
#5103 = LINE('',#5104,#5105);
#5104 = CARTESIAN_POINT('',(0.,12.));
#5105 = VECTOR('',#5106,1.);
#5106 = DIRECTION('',(1.,0.));
#5107 = ( GEOMETRIC_REPRESENTATION_CONTEXT(2) 
PARAMETRIC_REPRESENTATION_CONTEXT() REPRESENTATION_CONTEXT('2D SPACE',''
  ) );
#5108 = FACE_BOUND('',#5109,.T.);
#5109 = EDGE_LOOP('',(#5110));
#5110 = ORIENTED_EDGE('',*,*,#5111,.F.);
#5111 = EDGE_CURVE('',#5112,#5112,#5114,.T.);
#5112 = VERTEX_POINT('',#5113);
#5113 = CARTESIAN_POINT('',(1.4,111.5,42.));
#5114 = SURFACE_CURVE('',#5115,(#5120,#5127),.PCURVE_S1.);
#5115 = CIRCLE('',#5116,1.4);
#5116 = AXIS2_PLACEMENT_3D('',#5117,#5118,#5119);
#5117 = CARTESIAN_POINT('',(0.,111.5,42.));
#5118 = DIRECTION('',(0.,0.,1.));
#5119 = DIRECTION('',(1.,0.,-0.));
#5120 = PCURVE('',#2356,#5121);
#5121 = DEFINITIONAL_REPRESENTATION('',(#5122),#5126);
#5122 = CIRCLE('',#5123,1.4);
#5123 = AXIS2_PLACEMENT_2D('',#5124,#5125);
#5124 = CARTESIAN_POINT('',(153.5,230.2));
#5125 = DIRECTION('',(1.,0.));
#5126 = ( GEOMETRIC_REPRESENTATION_CONTEXT(2) 
PARAMETRIC_REPRESENTATION_CONTEXT() REPRESENTATION_CONTEXT('2D SPACE',''
  ) );
#5127 = PCURVE('',#5128,#5133);
#5128 = CYLINDRICAL_SURFACE('',#5129,1.4);
#5129 = AXIS2_PLACEMENT_3D('',#5130,#5131,#5132);
#5130 = CARTESIAN_POINT('',(0.,111.5,30.));
#5131 = DIRECTION('',(0.,0.,1.));
#5132 = DIRECTION('',(1.,0.,-0.));
#5133 = DEFINITIONAL_REPRESENTATION('',(#5134),#5138);
#5134 = LINE('',#5135,#5136);
#5135 = CARTESIAN_POINT('',(0.,12.));
#5136 = VECTOR('',#5137,1.);
#5137 = DIRECTION('',(1.,0.));
#5138 = ( GEOMETRIC_REPRESENTATION_CONTEXT(2) 
PARAMETRIC_REPRESENTATION_CONTEXT() REPRESENTATION_CONTEXT('2D SPACE',''
  ) );
#5139 = FACE_BOUND('',#5140,.T.);
#5140 = EDGE_LOOP('',(#5141));
#5141 = ORIENTED_EDGE('',*,*,#5142,.F.);
#5142 = EDGE_CURVE('',#5143,#5143,#5145,.T.);
#5143 = VERTEX_POINT('',#5144);
#5144 = CARTESIAN_POINT('',(86.4,111.5,42.));
#5145 = SURFACE_CURVE('',#5146,(#5151,#5158),.PCURVE_S1.);
#5146 = CIRCLE('',#5147,1.4);
#5147 = AXIS2_PLACEMENT_3D('',#5148,#5149,#5150);
#5148 = CARTESIAN_POINT('',(85.,111.5,42.));
#5149 = DIRECTION('',(0.,0.,1.));
#5150 = DIRECTION('',(1.,0.,-0.));
#5151 = PCURVE('',#2356,#5152);
#5152 = DEFINITIONAL_REPRESENTATION('',(#5153),#5157);
#5153 = CIRCLE('',#5154,1.4);
#5154 = AXIS2_PLACEMENT_2D('',#5155,#5156);
#5155 = CARTESIAN_POINT('',(238.5,230.2));
#5156 = DIRECTION('',(1.,0.));
#5157 = ( GEOMETRIC_REPRESENTATION_CONTEXT(2) 
PARAMETRIC_REPRESENTATION_CONTEXT() REPRESENTATION_CONTEXT('2D SPACE',''
  ) );
#5158 = PCURVE('',#5159,#5164);
#5159 = CYLINDRICAL_SURFACE('',#5160,1.4);
#5160 = AXIS2_PLACEMENT_3D('',#5161,#5162,#5163);
#5161 = CARTESIAN_POINT('',(85.,111.5,30.));
#5162 = DIRECTION('',(0.,0.,1.));
#5163 = DIRECTION('',(1.,0.,-0.));
#5164 = DEFINITIONAL_REPRESENTATION('',(#5165),#5169);
#5165 = LINE('',#5166,#5167);
#5166 = CARTESIAN_POINT('',(0.,12.));
#5167 = VECTOR('',#5168,1.);
#5168 = DIRECTION('',(1.,0.));
#5169 = ( GEOMETRIC_REPRESENTATION_CONTEXT(2) 
PARAMETRIC_REPRESENTATION_CONTEXT() REPRESENTATION_CONTEXT('2D SPACE',''
  ) );
#5170 = ADVANCED_FACE('',(#5171,#5254,#5260,#5266),#2330,.T.);
#5171 = FACE_BOUND('',#5172,.T.);
#5172 = EDGE_LOOP('',(#5173,#5196,#5224,#5245,#5246,#5247,#5248,#5249,
    #5250,#5251,#5252,#5253));
#5173 = ORIENTED_EDGE('',*,*,#5174,.F.);
#5174 = EDGE_CURVE('',#5175,#4849,#5177,.T.);
#5175 = VERTEX_POINT('',#5176);
#5176 = CARTESIAN_POINT('',(148.7,-105.35,3.2));
#5177 = SURFACE_CURVE('',#5178,(#5182,#5189),.PCURVE_S1.);
#5178 = LINE('',#5179,#5180);
#5179 = CARTESIAN_POINT('',(148.7,-105.35,3.2));
#5180 = VECTOR('',#5181,1.);
#5181 = DIRECTION('',(0.,0.,1.));
#5182 = PCURVE('',#2330,#5183);
#5183 = DEFINITIONAL_REPRESENTATION('',(#5184),#5188);
#5184 = LINE('',#5185,#5186);
#5185 = CARTESIAN_POINT('',(0.,297.4));
#5186 = VECTOR('',#5187,1.);
#5187 = DIRECTION('',(1.,0.));
#5188 = ( GEOMETRIC_REPRESENTATION_CONTEXT(2) 
PARAMETRIC_REPRESENTATION_CONTEXT() REPRESENTATION_CONTEXT('2D SPACE',''
  ) );
#5189 = PCURVE('',#4808,#5190);
#5190 = DEFINITIONAL_REPRESENTATION('',(#5191),#5195);
#5191 = LINE('',#5192,#5193);
#5192 = CARTESIAN_POINT('',(0.,0.));
#5193 = VECTOR('',#5194,1.);
#5194 = DIRECTION('',(1.,0.));
#5195 = ( GEOMETRIC_REPRESENTATION_CONTEXT(2) 
PARAMETRIC_REPRESENTATION_CONTEXT() REPRESENTATION_CONTEXT('2D SPACE',''
  ) );
#5196 = ORIENTED_EDGE('',*,*,#5197,.F.);
#5197 = EDGE_CURVE('',#5198,#5175,#5200,.T.);
#5198 = VERTEX_POINT('',#5199);
#5199 = CARTESIAN_POINT('',(-148.7,-105.35,3.2));
#5200 = SURFACE_CURVE('',#5201,(#5205,#5212),.PCURVE_S1.);
#5201 = LINE('',#5202,#5203);
#5202 = CARTESIAN_POINT('',(-148.7,-105.35,3.2));
#5203 = VECTOR('',#5204,1.);
#5204 = DIRECTION('',(1.,0.,-0.));
#5205 = PCURVE('',#2330,#5206);
#5206 = DEFINITIONAL_REPRESENTATION('',(#5207),#5211);
#5207 = LINE('',#5208,#5209);
#5208 = CARTESIAN_POINT('',(0.,0.));
#5209 = VECTOR('',#5210,1.);
#5210 = DIRECTION('',(0.,1.));
#5211 = ( GEOMETRIC_REPRESENTATION_CONTEXT(2) 
PARAMETRIC_REPRESENTATION_CONTEXT() REPRESENTATION_CONTEXT('2D SPACE',''
  ) );
#5212 = PCURVE('',#5213,#5218);
#5213 = PLANE('',#5214);
#5214 = AXIS2_PLACEMENT_3D('',#5215,#5216,#5217);
#5215 = CARTESIAN_POINT('',(-148.7,-105.35,3.2));
#5216 = DIRECTION('',(0.,0.,1.));
#5217 = DIRECTION('',(1.,0.,-0.));
#5218 = DEFINITIONAL_REPRESENTATION('',(#5219),#5223);
#5219 = LINE('',#5220,#5221);
#5220 = CARTESIAN_POINT('',(0.,0.));
#5221 = VECTOR('',#5222,1.);
#5222 = DIRECTION('',(1.,0.));
#5223 = ( GEOMETRIC_REPRESENTATION_CONTEXT(2) 
PARAMETRIC_REPRESENTATION_CONTEXT() REPRESENTATION_CONTEXT('2D SPACE',''
  ) );
#5224 = ORIENTED_EDGE('',*,*,#5225,.T.);
#5225 = EDGE_CURVE('',#5198,#4563,#5226,.T.);
#5226 = SURFACE_CURVE('',#5227,(#5231,#5238),.PCURVE_S1.);
#5227 = LINE('',#5228,#5229);
#5228 = CARTESIAN_POINT('',(-148.7,-105.35,3.2));
#5229 = VECTOR('',#5230,1.);
#5230 = DIRECTION('',(0.,0.,1.));
#5231 = PCURVE('',#2330,#5232);
#5232 = DEFINITIONAL_REPRESENTATION('',(#5233),#5237);
#5233 = LINE('',#5234,#5235);
#5234 = CARTESIAN_POINT('',(0.,0.));
#5235 = VECTOR('',#5236,1.);
#5236 = DIRECTION('',(1.,0.));
#5237 = ( GEOMETRIC_REPRESENTATION_CONTEXT(2) 
PARAMETRIC_REPRESENTATION_CONTEXT() REPRESENTATION_CONTEXT('2D SPACE',''
  ) );
#5238 = PCURVE('',#4600,#5239);
#5239 = DEFINITIONAL_REPRESENTATION('',(#5240),#5244);
#5240 = LINE('',#5241,#5242);
#5241 = CARTESIAN_POINT('',(0.,0.));
#5242 = VECTOR('',#5243,1.);
#5243 = DIRECTION('',(1.,0.));
#5244 = ( GEOMETRIC_REPRESENTATION_CONTEXT(2) 
PARAMETRIC_REPRESENTATION_CONTEXT() REPRESENTATION_CONTEXT('2D SPACE',''
  ) );
#5245 = ORIENTED_EDGE('',*,*,#4562,.T.);
#5246 = ORIENTED_EDGE('',*,*,#2657,.T.);
#5247 = ORIENTED_EDGE('',*,*,#2752,.F.);
#5248 = ORIENTED_EDGE('',*,*,#2799,.T.);
#5249 = ORIENTED_EDGE('',*,*,#2891,.T.);
#5250 = ORIENTED_EDGE('',*,*,#2916,.T.);
#5251 = ORIENTED_EDGE('',*,*,#2846,.T.);
#5252 = ORIENTED_EDGE('',*,*,#2315,.F.);
#5253 = ORIENTED_EDGE('',*,*,#4870,.T.);
#5254 = FACE_BOUND('',#5255,.T.);
#5255 = EDGE_LOOP('',(#5256,#5257,#5258,#5259));
#5256 = ORIENTED_EDGE('',*,*,#2985,.F.);
#5257 = ORIENTED_EDGE('',*,*,#3032,.T.);
#5258 = ORIENTED_EDGE('',*,*,#3104,.T.);
#5259 = ORIENTED_EDGE('',*,*,#3079,.F.);
#5260 = FACE_BOUND('',#5261,.T.);
#5261 = EDGE_LOOP('',(#5262,#5263,#5264,#5265));
#5262 = ORIENTED_EDGE('',*,*,#3173,.F.);
#5263 = ORIENTED_EDGE('',*,*,#3220,.T.);
#5264 = ORIENTED_EDGE('',*,*,#3292,.T.);
#5265 = ORIENTED_EDGE('',*,*,#3267,.F.);
#5266 = FACE_BOUND('',#5267,.T.);
#5267 = EDGE_LOOP('',(#5268,#5269,#5270,#5271));
#5268 = ORIENTED_EDGE('',*,*,#3361,.F.);
#5269 = ORIENTED_EDGE('',*,*,#3480,.T.);
#5270 = ORIENTED_EDGE('',*,*,#3455,.T.);
#5271 = ORIENTED_EDGE('',*,*,#3408,.F.);
#5272 = ADVANCED_FACE('',(#5273),#3645,.T.);
#5273 = FACE_BOUND('',#5274,.T.);
#5274 = EDGE_LOOP('',(#5275,#5298,#5299,#5322));
#5275 = ORIENTED_EDGE('',*,*,#5276,.F.);
#5276 = EDGE_CURVE('',#3585,#5277,#5279,.T.);
#5277 = VERTEX_POINT('',#5278);
#5278 = CARTESIAN_POINT('',(136.,-102.2,3.2));
#5279 = SURFACE_CURVE('',#5280,(#5284,#5291),.PCURVE_S1.);
#5280 = LINE('',#5281,#5282);
#5281 = CARTESIAN_POINT('',(136.,-102.2,-1.));
#5282 = VECTOR('',#5283,1.);
#5283 = DIRECTION('',(0.,0.,1.));
#5284 = PCURVE('',#3645,#5285);
#5285 = DEFINITIONAL_REPRESENTATION('',(#5286),#5290);
#5286 = LINE('',#5287,#5288);
#5287 = CARTESIAN_POINT('',(0.,272.));
#5288 = VECTOR('',#5289,1.);
#5289 = DIRECTION('',(1.,0.));
#5290 = ( GEOMETRIC_REPRESENTATION_CONTEXT(2) 
PARAMETRIC_REPRESENTATION_CONTEXT() REPRESENTATION_CONTEXT('2D SPACE',''
  ) );
#5291 = PCURVE('',#3699,#5292);
#5292 = DEFINITIONAL_REPRESENTATION('',(#5293),#5297);
#5293 = LINE('',#5294,#5295);
#5294 = CARTESIAN_POINT('',(0.,0.));
#5295 = VECTOR('',#5296,1.);
#5296 = DIRECTION('',(1.,0.));
#5297 = ( GEOMETRIC_REPRESENTATION_CONTEXT(2) 
PARAMETRIC_REPRESENTATION_CONTEXT() REPRESENTATION_CONTEXT('2D SPACE',''
  ) );
#5298 = ORIENTED_EDGE('',*,*,#3631,.T.);
#5299 = ORIENTED_EDGE('',*,*,#5300,.T.);
#5300 = EDGE_CURVE('',#3609,#5301,#5303,.T.);
#5301 = VERTEX_POINT('',#5302);
#5302 = CARTESIAN_POINT('',(-136.,-102.2,3.2));
#5303 = SURFACE_CURVE('',#5304,(#5308,#5315),.PCURVE_S1.);
#5304 = LINE('',#5305,#5306);
#5305 = CARTESIAN_POINT('',(-136.,-102.2,-1.));
#5306 = VECTOR('',#5307,1.);
#5307 = DIRECTION('',(0.,0.,1.));
#5308 = PCURVE('',#3645,#5309);
#5309 = DEFINITIONAL_REPRESENTATION('',(#5310),#5314);
#5310 = LINE('',#5311,#5312);
#5311 = CARTESIAN_POINT('',(0.,0.));
#5312 = VECTOR('',#5313,1.);
#5313 = DIRECTION('',(1.,0.));
#5314 = ( GEOMETRIC_REPRESENTATION_CONTEXT(2) 
PARAMETRIC_REPRESENTATION_CONTEXT() REPRESENTATION_CONTEXT('2D SPACE',''
  ) );
#5315 = PCURVE('',#3753,#5316);
#5316 = DEFINITIONAL_REPRESENTATION('',(#5317),#5321);
#5317 = LINE('',#5318,#5319);
#5318 = CARTESIAN_POINT('',(0.,0.));
#5319 = VECTOR('',#5320,1.);
#5320 = DIRECTION('',(1.,0.));
#5321 = ( GEOMETRIC_REPRESENTATION_CONTEXT(2) 
PARAMETRIC_REPRESENTATION_CONTEXT() REPRESENTATION_CONTEXT('2D SPACE',''
  ) );
#5322 = ORIENTED_EDGE('',*,*,#5323,.T.);
#5323 = EDGE_CURVE('',#5301,#5277,#5324,.T.);
#5324 = SURFACE_CURVE('',#5325,(#5329,#5335),.PCURVE_S1.);
#5325 = LINE('',#5326,#5327);
#5326 = CARTESIAN_POINT('',(-142.35,-102.2,3.2));
#5327 = VECTOR('',#5328,1.);
#5328 = DIRECTION('',(1.,0.,-0.));
#5329 = PCURVE('',#3645,#5330);
#5330 = DEFINITIONAL_REPRESENTATION('',(#5331),#5334);
#5331 = B_SPLINE_CURVE_WITH_KNOTS('',1,(#5332,#5333),.UNSPECIFIED.,.F.,
  .F.,(2,2),(6.35,278.35),.PIECEWISE_BEZIER_KNOTS.);
#5332 = CARTESIAN_POINT('',(4.2,0.));
#5333 = CARTESIAN_POINT('',(4.2,272.));
#5334 = ( GEOMETRIC_REPRESENTATION_CONTEXT(2) 
PARAMETRIC_REPRESENTATION_CONTEXT() REPRESENTATION_CONTEXT('2D SPACE',''
  ) );
#5335 = PCURVE('',#5213,#5336);
#5336 = DEFINITIONAL_REPRESENTATION('',(#5337),#5341);
#5337 = LINE('',#5338,#5339);
#5338 = CARTESIAN_POINT('',(6.35,3.15));
#5339 = VECTOR('',#5340,1.);
#5340 = DIRECTION('',(1.,0.));
#5341 = ( GEOMETRIC_REPRESENTATION_CONTEXT(2) 
PARAMETRIC_REPRESENTATION_CONTEXT() REPRESENTATION_CONTEXT('2D SPACE',''
  ) );
#5342 = ADVANCED_FACE('',(#5343),#3699,.F.);
#5343 = FACE_BOUND('',#5344,.F.);
#5344 = EDGE_LOOP('',(#5345,#5346,#5347,#5370));
#5345 = ORIENTED_EDGE('',*,*,#5276,.F.);
#5346 = ORIENTED_EDGE('',*,*,#3685,.T.);
#5347 = ORIENTED_EDGE('',*,*,#5348,.T.);
#5348 = EDGE_CURVE('',#3663,#5349,#5351,.T.);
#5349 = VERTEX_POINT('',#5350);
#5350 = CARTESIAN_POINT('',(136.,102.2,3.2));
#5351 = SURFACE_CURVE('',#5352,(#5356,#5363),.PCURVE_S1.);
#5352 = LINE('',#5353,#5354);
#5353 = CARTESIAN_POINT('',(136.,102.2,-1.));
#5354 = VECTOR('',#5355,1.);
#5355 = DIRECTION('',(0.,0.,1.));
#5356 = PCURVE('',#3699,#5357);
#5357 = DEFINITIONAL_REPRESENTATION('',(#5358),#5362);
#5358 = LINE('',#5359,#5360);
#5359 = CARTESIAN_POINT('',(0.,-204.4));
#5360 = VECTOR('',#5361,1.);
#5361 = DIRECTION('',(1.,0.));
#5362 = ( GEOMETRIC_REPRESENTATION_CONTEXT(2) 
PARAMETRIC_REPRESENTATION_CONTEXT() REPRESENTATION_CONTEXT('2D SPACE',''
  ) );
#5363 = PCURVE('',#3785,#5364);
#5364 = DEFINITIONAL_REPRESENTATION('',(#5365),#5369);
#5365 = LINE('',#5366,#5367);
#5366 = CARTESIAN_POINT('',(0.,272.));
#5367 = VECTOR('',#5368,1.);
#5368 = DIRECTION('',(1.,0.));
#5369 = ( GEOMETRIC_REPRESENTATION_CONTEXT(2) 
PARAMETRIC_REPRESENTATION_CONTEXT() REPRESENTATION_CONTEXT('2D SPACE',''
  ) );
#5370 = ORIENTED_EDGE('',*,*,#5371,.T.);
#5371 = EDGE_CURVE('',#5349,#5277,#5372,.T.);
#5372 = SURFACE_CURVE('',#5373,(#5377,#5383),.PCURVE_S1.);
#5373 = LINE('',#5374,#5375);
#5374 = CARTESIAN_POINT('',(136.,-103.775,3.2));
#5375 = VECTOR('',#5376,1.);
#5376 = DIRECTION('',(0.,-1.,0.));
#5377 = PCURVE('',#3699,#5378);
#5378 = DEFINITIONAL_REPRESENTATION('',(#5379),#5382);
#5379 = B_SPLINE_CURVE_WITH_KNOTS('',1,(#5380,#5381),.UNSPECIFIED.,.F.,
  .F.,(2,2),(-205.975,-1.575),.PIECEWISE_BEZIER_KNOTS.);
#5380 = CARTESIAN_POINT('',(4.2,-204.4));
#5381 = CARTESIAN_POINT('',(4.2,0.));
#5382 = ( GEOMETRIC_REPRESENTATION_CONTEXT(2) 
PARAMETRIC_REPRESENTATION_CONTEXT() REPRESENTATION_CONTEXT('2D SPACE',''
  ) );
#5383 = PCURVE('',#5213,#5384);
#5384 = DEFINITIONAL_REPRESENTATION('',(#5385),#5389);
#5385 = LINE('',#5386,#5387);
#5386 = CARTESIAN_POINT('',(284.7,1.575));
#5387 = VECTOR('',#5388,1.);
#5388 = DIRECTION('',(0.,-1.));
#5389 = ( GEOMETRIC_REPRESENTATION_CONTEXT(2) 
PARAMETRIC_REPRESENTATION_CONTEXT() REPRESENTATION_CONTEXT('2D SPACE',''
  ) );
#5390 = ADVANCED_FACE('',(#5391),#3753,.T.);
#5391 = FACE_BOUND('',#5392,.T.);
#5392 = EDGE_LOOP('',(#5393,#5394,#5395,#5418));
#5393 = ORIENTED_EDGE('',*,*,#5300,.F.);
#5394 = ORIENTED_EDGE('',*,*,#3739,.T.);
#5395 = ORIENTED_EDGE('',*,*,#5396,.T.);
#5396 = EDGE_CURVE('',#3717,#5397,#5399,.T.);
#5397 = VERTEX_POINT('',#5398);
#5398 = CARTESIAN_POINT('',(-136.,102.2,3.2));
#5399 = SURFACE_CURVE('',#5400,(#5404,#5411),.PCURVE_S1.);
#5400 = LINE('',#5401,#5402);
#5401 = CARTESIAN_POINT('',(-136.,102.2,-1.));
#5402 = VECTOR('',#5403,1.);
#5403 = DIRECTION('',(0.,0.,1.));
#5404 = PCURVE('',#3753,#5405);
#5405 = DEFINITIONAL_REPRESENTATION('',(#5406),#5410);
#5406 = LINE('',#5407,#5408);
#5407 = CARTESIAN_POINT('',(0.,-204.4));
#5408 = VECTOR('',#5409,1.);
#5409 = DIRECTION('',(1.,0.));
#5410 = ( GEOMETRIC_REPRESENTATION_CONTEXT(2) 
PARAMETRIC_REPRESENTATION_CONTEXT() REPRESENTATION_CONTEXT('2D SPACE',''
  ) );
#5411 = PCURVE('',#3785,#5412);
#5412 = DEFINITIONAL_REPRESENTATION('',(#5413),#5417);
#5413 = LINE('',#5414,#5415);
#5414 = CARTESIAN_POINT('',(0.,0.));
#5415 = VECTOR('',#5416,1.);
#5416 = DIRECTION('',(1.,0.));
#5417 = ( GEOMETRIC_REPRESENTATION_CONTEXT(2) 
PARAMETRIC_REPRESENTATION_CONTEXT() REPRESENTATION_CONTEXT('2D SPACE',''
  ) );
#5418 = ORIENTED_EDGE('',*,*,#5419,.T.);
#5419 = EDGE_CURVE('',#5397,#5301,#5420,.T.);
#5420 = SURFACE_CURVE('',#5421,(#5425,#5431),.PCURVE_S1.);
#5421 = LINE('',#5422,#5423);
#5422 = CARTESIAN_POINT('',(-136.,-103.775,3.2));
#5423 = VECTOR('',#5424,1.);
#5424 = DIRECTION('',(0.,-1.,0.));
#5425 = PCURVE('',#3753,#5426);
#5426 = DEFINITIONAL_REPRESENTATION('',(#5427),#5430);
#5427 = B_SPLINE_CURVE_WITH_KNOTS('',1,(#5428,#5429),.UNSPECIFIED.,.F.,
  .F.,(2,2),(-205.975,-1.575),.PIECEWISE_BEZIER_KNOTS.);
#5428 = CARTESIAN_POINT('',(4.2,-204.4));
#5429 = CARTESIAN_POINT('',(4.2,0.));
#5430 = ( GEOMETRIC_REPRESENTATION_CONTEXT(2) 
PARAMETRIC_REPRESENTATION_CONTEXT() REPRESENTATION_CONTEXT('2D SPACE',''
  ) );
#5431 = PCURVE('',#5213,#5432);
#5432 = DEFINITIONAL_REPRESENTATION('',(#5433),#5437);
#5433 = LINE('',#5434,#5435);
#5434 = CARTESIAN_POINT('',(12.7,1.575));
#5435 = VECTOR('',#5436,1.);
#5436 = DIRECTION('',(0.,-1.));
#5437 = ( GEOMETRIC_REPRESENTATION_CONTEXT(2) 
PARAMETRIC_REPRESENTATION_CONTEXT() REPRESENTATION_CONTEXT('2D SPACE',''
  ) );
#5438 = ADVANCED_FACE('',(#5439),#3785,.F.);
#5439 = FACE_BOUND('',#5440,.F.);
#5440 = EDGE_LOOP('',(#5441,#5442,#5443,#5444));
#5441 = ORIENTED_EDGE('',*,*,#5348,.F.);
#5442 = ORIENTED_EDGE('',*,*,#3771,.T.);
#5443 = ORIENTED_EDGE('',*,*,#5396,.T.);
#5444 = ORIENTED_EDGE('',*,*,#5445,.T.);
#5445 = EDGE_CURVE('',#5397,#5349,#5446,.T.);
#5446 = SURFACE_CURVE('',#5447,(#5451,#5457),.PCURVE_S1.);
#5447 = LINE('',#5448,#5449);
#5448 = CARTESIAN_POINT('',(-142.35,102.2,3.2));
#5449 = VECTOR('',#5450,1.);
#5450 = DIRECTION('',(1.,0.,-0.));
#5451 = PCURVE('',#3785,#5452);
#5452 = DEFINITIONAL_REPRESENTATION('',(#5453),#5456);
#5453 = B_SPLINE_CURVE_WITH_KNOTS('',1,(#5454,#5455),.UNSPECIFIED.,.F.,
  .F.,(2,2),(6.35,278.35),.PIECEWISE_BEZIER_KNOTS.);
#5454 = CARTESIAN_POINT('',(4.2,0.));
#5455 = CARTESIAN_POINT('',(4.2,272.));
#5456 = ( GEOMETRIC_REPRESENTATION_CONTEXT(2) 
PARAMETRIC_REPRESENTATION_CONTEXT() REPRESENTATION_CONTEXT('2D SPACE',''
  ) );
#5457 = PCURVE('',#5213,#5458);
#5458 = DEFINITIONAL_REPRESENTATION('',(#5459),#5463);
#5459 = LINE('',#5460,#5461);
#5460 = CARTESIAN_POINT('',(6.35,207.55));
#5461 = VECTOR('',#5462,1.);
#5462 = DIRECTION('',(1.,0.));
#5463 = ( GEOMETRIC_REPRESENTATION_CONTEXT(2) 
PARAMETRIC_REPRESENTATION_CONTEXT() REPRESENTATION_CONTEXT('2D SPACE',''
  ) );
#5464 = ADVANCED_FACE('',(#5465,#5535,#5541,#5547,#5553),#3838,.F.);
#5465 = FACE_BOUND('',#5466,.F.);
#5466 = EDGE_LOOP('',(#5467,#5490,#5513,#5534));
#5467 = ORIENTED_EDGE('',*,*,#5468,.F.);
#5468 = EDGE_CURVE('',#5469,#4771,#5471,.T.);
#5469 = VERTEX_POINT('',#5470);
#5470 = CARTESIAN_POINT('',(148.7,105.35,3.2));
#5471 = SURFACE_CURVE('',#5472,(#5476,#5483),.PCURVE_S1.);
#5472 = LINE('',#5473,#5474);
#5473 = CARTESIAN_POINT('',(148.7,105.35,3.2));
#5474 = VECTOR('',#5475,1.);
#5475 = DIRECTION('',(0.,0.,1.));
#5476 = PCURVE('',#3838,#5477);
#5477 = DEFINITIONAL_REPRESENTATION('',(#5478),#5482);
#5478 = LINE('',#5479,#5480);
#5479 = CARTESIAN_POINT('',(0.,297.4));
#5480 = VECTOR('',#5481,1.);
#5481 = DIRECTION('',(1.,0.));
#5482 = ( GEOMETRIC_REPRESENTATION_CONTEXT(2) 
PARAMETRIC_REPRESENTATION_CONTEXT() REPRESENTATION_CONTEXT('2D SPACE',''
  ) );
#5483 = PCURVE('',#4808,#5484);
#5484 = DEFINITIONAL_REPRESENTATION('',(#5485),#5489);
#5485 = LINE('',#5486,#5487);
#5486 = CARTESIAN_POINT('',(0.,-210.7));
#5487 = VECTOR('',#5488,1.);
#5488 = DIRECTION('',(1.,0.));
#5489 = ( GEOMETRIC_REPRESENTATION_CONTEXT(2) 
PARAMETRIC_REPRESENTATION_CONTEXT() REPRESENTATION_CONTEXT('2D SPACE',''
  ) );
#5490 = ORIENTED_EDGE('',*,*,#5491,.F.);
#5491 = EDGE_CURVE('',#5492,#5469,#5494,.T.);
#5492 = VERTEX_POINT('',#5493);
#5493 = CARTESIAN_POINT('',(-148.7,105.35,3.2));
#5494 = SURFACE_CURVE('',#5495,(#5499,#5506),.PCURVE_S1.);
#5495 = LINE('',#5496,#5497);
#5496 = CARTESIAN_POINT('',(-148.7,105.35,3.2));
#5497 = VECTOR('',#5498,1.);
#5498 = DIRECTION('',(1.,0.,-0.));
#5499 = PCURVE('',#3838,#5500);
#5500 = DEFINITIONAL_REPRESENTATION('',(#5501),#5505);
#5501 = LINE('',#5502,#5503);
#5502 = CARTESIAN_POINT('',(0.,0.));
#5503 = VECTOR('',#5504,1.);
#5504 = DIRECTION('',(0.,1.));
#5505 = ( GEOMETRIC_REPRESENTATION_CONTEXT(2) 
PARAMETRIC_REPRESENTATION_CONTEXT() REPRESENTATION_CONTEXT('2D SPACE',''
  ) );
#5506 = PCURVE('',#5213,#5507);
#5507 = DEFINITIONAL_REPRESENTATION('',(#5508),#5512);
#5508 = LINE('',#5509,#5510);
#5509 = CARTESIAN_POINT('',(0.,210.7));
#5510 = VECTOR('',#5511,1.);
#5511 = DIRECTION('',(1.,0.));
#5512 = ( GEOMETRIC_REPRESENTATION_CONTEXT(2) 
PARAMETRIC_REPRESENTATION_CONTEXT() REPRESENTATION_CONTEXT('2D SPACE',''
  ) );
#5513 = ORIENTED_EDGE('',*,*,#5514,.T.);
#5514 = EDGE_CURVE('',#5492,#4744,#5515,.T.);
#5515 = SURFACE_CURVE('',#5516,(#5520,#5527),.PCURVE_S1.);
#5516 = LINE('',#5517,#5518);
#5517 = CARTESIAN_POINT('',(-148.7,105.35,3.2));
#5518 = VECTOR('',#5519,1.);
#5519 = DIRECTION('',(0.,0.,1.));
#5520 = PCURVE('',#3838,#5521);
#5521 = DEFINITIONAL_REPRESENTATION('',(#5522),#5526);
#5522 = LINE('',#5523,#5524);
#5523 = CARTESIAN_POINT('',(0.,0.));
#5524 = VECTOR('',#5525,1.);
#5525 = DIRECTION('',(1.,0.));
#5526 = ( GEOMETRIC_REPRESENTATION_CONTEXT(2) 
PARAMETRIC_REPRESENTATION_CONTEXT() REPRESENTATION_CONTEXT('2D SPACE',''
  ) );
#5527 = PCURVE('',#4759,#5528);
#5528 = DEFINITIONAL_REPRESENTATION('',(#5529),#5533);
#5529 = LINE('',#5530,#5531);
#5530 = CARTESIAN_POINT('',(0.,-210.7));
#5531 = VECTOR('',#5532,1.);
#5532 = DIRECTION('',(1.,0.));
#5533 = ( GEOMETRIC_REPRESENTATION_CONTEXT(2) 
PARAMETRIC_REPRESENTATION_CONTEXT() REPRESENTATION_CONTEXT('2D SPACE',''
  ) );
#5534 = ORIENTED_EDGE('',*,*,#4770,.T.);
#5535 = FACE_BOUND('',#5536,.F.);
#5536 = EDGE_LOOP('',(#5537,#5538,#5539,#5540));
#5537 = ORIENTED_EDGE('',*,*,#3823,.F.);
#5538 = ORIENTED_EDGE('',*,*,#3875,.T.);
#5539 = ORIENTED_EDGE('',*,*,#3969,.T.);
#5540 = ORIENTED_EDGE('',*,*,#3922,.F.);
#5541 = FACE_BOUND('',#5542,.F.);
#5542 = EDGE_LOOP('',(#5543,#5544,#5545,#5546));
#5543 = ORIENTED_EDGE('',*,*,#4016,.F.);
#5544 = ORIENTED_EDGE('',*,*,#4063,.T.);
#5545 = ORIENTED_EDGE('',*,*,#4157,.T.);
#5546 = ORIENTED_EDGE('',*,*,#4110,.F.);
#5547 = FACE_BOUND('',#5548,.F.);
#5548 = EDGE_LOOP('',(#5549,#5550,#5551,#5552));
#5549 = ORIENTED_EDGE('',*,*,#4204,.F.);
#5550 = ORIENTED_EDGE('',*,*,#4251,.T.);
#5551 = ORIENTED_EDGE('',*,*,#4345,.T.);
#5552 = ORIENTED_EDGE('',*,*,#4298,.F.);
#5553 = FACE_BOUND('',#5554,.F.);
#5554 = EDGE_LOOP('',(#5555,#5556,#5557,#5558));
#5555 = ORIENTED_EDGE('',*,*,#4392,.F.);
#5556 = ORIENTED_EDGE('',*,*,#4533,.T.);
#5557 = ORIENTED_EDGE('',*,*,#4508,.T.);
#5558 = ORIENTED_EDGE('',*,*,#4439,.F.);
#5559 = ADVANCED_FACE('',(#5560),#4808,.F.);
#5560 = FACE_BOUND('',#5561,.F.);
#5561 = EDGE_LOOP('',(#5562,#5563,#5584,#5585,#5586,#5607,#5645,#5671,
    #5704,#5723));
#5562 = ORIENTED_EDGE('',*,*,#5174,.F.);
#5563 = ORIENTED_EDGE('',*,*,#5564,.T.);
#5564 = EDGE_CURVE('',#5175,#5469,#5565,.T.);
#5565 = SURFACE_CURVE('',#5566,(#5570,#5577),.PCURVE_S1.);
#5566 = LINE('',#5567,#5568);
#5567 = CARTESIAN_POINT('',(148.7,-105.35,3.2));
#5568 = VECTOR('',#5569,1.);
#5569 = DIRECTION('',(-0.,1.,0.));
#5570 = PCURVE('',#4808,#5571);
#5571 = DEFINITIONAL_REPRESENTATION('',(#5572),#5576);
#5572 = LINE('',#5573,#5574);
#5573 = CARTESIAN_POINT('',(0.,0.));
#5574 = VECTOR('',#5575,1.);
#5575 = DIRECTION('',(0.,-1.));
#5576 = ( GEOMETRIC_REPRESENTATION_CONTEXT(2) 
PARAMETRIC_REPRESENTATION_CONTEXT() REPRESENTATION_CONTEXT('2D SPACE',''
  ) );
#5577 = PCURVE('',#5213,#5578);
#5578 = DEFINITIONAL_REPRESENTATION('',(#5579),#5583);
#5579 = LINE('',#5580,#5581);
#5580 = CARTESIAN_POINT('',(297.4,0.));
#5581 = VECTOR('',#5582,1.);
#5582 = DIRECTION('',(0.,1.));
#5583 = ( GEOMETRIC_REPRESENTATION_CONTEXT(2) 
PARAMETRIC_REPRESENTATION_CONTEXT() REPRESENTATION_CONTEXT('2D SPACE',''
  ) );
#5584 = ORIENTED_EDGE('',*,*,#5468,.T.);
#5585 = ORIENTED_EDGE('',*,*,#4792,.T.);
#5586 = ORIENTED_EDGE('',*,*,#5587,.F.);
#5587 = EDGE_CURVE('',#5588,#4793,#5590,.T.);
#5588 = VERTEX_POINT('',#5589);
#5589 = CARTESIAN_POINT('',(148.7,3.938273733503,12.));
#5590 = SURFACE_CURVE('',#5591,(#5595,#5601),.PCURVE_S1.);
#5591 = LINE('',#5592,#5593);
#5592 = CARTESIAN_POINT('',(148.7,3.938273733503,12.));
#5593 = VECTOR('',#5594,1.);
#5594 = DIRECTION('',(0.,0.,1.));
#5595 = PCURVE('',#4808,#5596);
#5596 = DEFINITIONAL_REPRESENTATION('',(#5597),#5600);
#5597 = B_SPLINE_CURVE_WITH_KNOTS('',1,(#5598,#5599),.UNSPECIFIED.,.F.,
  .F.,(2,2),(-2.399999999625E-06,30.0000024),.PIECEWISE_BEZIER_KNOTS.);
#5598 = CARTESIAN_POINT('',(8.7999976,-109.2882737335));
#5599 = CARTESIAN_POINT('',(38.8000024,-109.2882737335));
#5600 = ( GEOMETRIC_REPRESENTATION_CONTEXT(2) 
PARAMETRIC_REPRESENTATION_CONTEXT() REPRESENTATION_CONTEXT('2D SPACE',''
  ) );
#5601 = PCURVE('',#4836,#5602);
#5602 = DEFINITIONAL_REPRESENTATION('',(#5603),#5606);
#5603 = B_SPLINE_CURVE_WITH_KNOTS('',1,(#5604,#5605),.UNSPECIFIED.,.F.,
  .F.,(2,2),(-2.399999999625E-06,30.0000024),.PIECEWISE_BEZIER_KNOTS.);
#5604 = CARTESIAN_POINT('',(1.746702094959,-2.399999999625E-06));
#5605 = CARTESIAN_POINT('',(1.746702094959,30.0000024));
#5606 = ( GEOMETRIC_REPRESENTATION_CONTEXT(2) 
PARAMETRIC_REPRESENTATION_CONTEXT() REPRESENTATION_CONTEXT('2D SPACE',''
  ) );
#5607 = ORIENTED_EDGE('',*,*,#5608,.T.);
#5608 = EDGE_CURVE('',#5588,#5609,#5611,.T.);
#5609 = VERTEX_POINT('',#5610);
#5610 = CARTESIAN_POINT('',(148.7,0.714142842854,8.5));
#5611 = SURFACE_CURVE('',#5612,(#5617,#5624),.PCURVE_S1.);
#5612 = HYPERBOLA('',#5613,0.816666666667,0.7);
#5613 = AXIS2_PLACEMENT_3D('',#5614,#5615,#5616);
#5614 = CARTESIAN_POINT('',(148.7,0.,7.333333333333));
#5615 = DIRECTION('',(1.,0.,-0.));
#5616 = DIRECTION('',(0.,0.,1.));
#5617 = PCURVE('',#4808,#5618);
#5618 = DEFINITIONAL_REPRESENTATION('',(#5619),#5623);
#5619 = ( BOUNDED_CURVE() B_SPLINE_CURVE(2,(#5620,#5621,#5622),
.UNSPECIFIED.,.F.,.F.) B_SPLINE_CURVE_WITH_KNOTS((3,3),(-2.428370781643,
-0.89558809953),.PIECEWISE_BEZIER_KNOTS.) CURVE() 
GEOMETRIC_REPRESENTATION_ITEM() RATIONAL_B_SPLINE_CURVE((1.,
1.308336691367,1.)) REPRESENTATION_ITEM('') );
#5620 = CARTESIAN_POINT('',(8.8,-109.2882737335));
#5621 = CARTESIAN_POINT('',(5.837247666663,-106.7089690209));
#5622 = CARTESIAN_POINT('',(5.3,-106.0641428428));
#5623 = ( GEOMETRIC_REPRESENTATION_CONTEXT(2) 
PARAMETRIC_REPRESENTATION_CONTEXT() REPRESENTATION_CONTEXT('2D SPACE',''
  ) );
#5624 = PCURVE('',#5625,#5630);
#5625 = CONICAL_SURFACE('',#5626,1.,0.708626272128);
#5626 = AXIS2_PLACEMENT_3D('',#5627,#5628,#5629);
#5627 = CARTESIAN_POINT('',(149.4,0.,8.5));
#5628 = DIRECTION('',(0.,0.,1.));
#5629 = DIRECTION('',(1.,0.,-0.));
#5630 = DEFINITIONAL_REPRESENTATION('',(#5631),#5644);
#5631 = B_SPLINE_CURVE_WITH_KNOTS('',6,(#5632,#5633,#5634,#5635,#5636,
    #5637,#5638,#5639,#5640,#5641,#5642,#5643),.UNSPECIFIED.,.F.,.F.,(7,
    5,7),(-2.428370781643,-1.661979440587,-0.89558809953),
  .UNSPECIFIED.);
#5632 = CARTESIAN_POINT('',(1.746702094959,3.5));
#5633 = CARTESIAN_POINT('',(1.769055175739,2.91311632732));
#5634 = CARTESIAN_POINT('',(1.794781307425,2.417598516874));
#5635 = CARTESIAN_POINT('',(1.824498996698,1.996215386222));
#5636 = CARTESIAN_POINT('',(1.858951608144,1.636187555441));
#5637 = CARTESIAN_POINT('',(1.899070114174,1.327583857726));
#5638 = CARTESIAN_POINT('',(1.992655252576,0.797670091422));
#5639 = CARTESIAN_POINT('',(2.046121371144,0.576359231769));
#5640 = CARTESIAN_POINT('',(2.107267789999,0.390915081286));
#5641 = CARTESIAN_POINT('',(2.177156278618,0.235685745526));
#5642 = CARTESIAN_POINT('',(2.256781500282,0.106421951036));
#5643 = CARTESIAN_POINT('',(2.346193823406,1.097161577277E-16));
#5644 = ( GEOMETRIC_REPRESENTATION_CONTEXT(2) 
PARAMETRIC_REPRESENTATION_CONTEXT() REPRESENTATION_CONTEXT('2D SPACE',''
  ) );
#5645 = ORIENTED_EDGE('',*,*,#5646,.T.);
#5646 = EDGE_CURVE('',#5609,#5647,#5649,.T.);
#5647 = VERTEX_POINT('',#5648);
#5648 = CARTESIAN_POINT('',(148.7,-0.714142842854,8.5));
#5649 = SURFACE_CURVE('',#5650,(#5654,#5660),.PCURVE_S1.);
#5650 = LINE('',#5651,#5652);
#5651 = CARTESIAN_POINT('',(148.7,-52.675,8.5));
#5652 = VECTOR('',#5653,1.);
#5653 = DIRECTION('',(0.,-1.,0.));
#5654 = PCURVE('',#4808,#5655);
#5655 = DEFINITIONAL_REPRESENTATION('',(#5656),#5659);
#5656 = B_SPLINE_CURVE_WITH_KNOTS('',1,(#5657,#5658),.UNSPECIFIED.,.F.,
  .F.,(2,2),(-53.675,-51.675),.PIECEWISE_BEZIER_KNOTS.);
#5657 = CARTESIAN_POINT('',(5.3,-106.35));
#5658 = CARTESIAN_POINT('',(5.3,-104.35));
#5659 = ( GEOMETRIC_REPRESENTATION_CONTEXT(2) 
PARAMETRIC_REPRESENTATION_CONTEXT() REPRESENTATION_CONTEXT('2D SPACE',''
  ) );
#5660 = PCURVE('',#5661,#5666);
#5661 = PLANE('',#5662);
#5662 = AXIS2_PLACEMENT_3D('',#5663,#5664,#5665);
#5663 = CARTESIAN_POINT('',(149.4,0.,8.5));
#5664 = DIRECTION('',(0.,0.,1.));
#5665 = DIRECTION('',(1.,0.,-0.));
#5666 = DEFINITIONAL_REPRESENTATION('',(#5667),#5670);
#5667 = B_SPLINE_CURVE_WITH_KNOTS('',1,(#5668,#5669),.UNSPECIFIED.,.F.,
  .F.,(2,2),(-53.675,-51.675),.PIECEWISE_BEZIER_KNOTS.);
#5668 = CARTESIAN_POINT('',(-0.7,1.));
#5669 = CARTESIAN_POINT('',(-0.7,-1.));
#5670 = ( GEOMETRIC_REPRESENTATION_CONTEXT(2) 
PARAMETRIC_REPRESENTATION_CONTEXT() REPRESENTATION_CONTEXT('2D SPACE',''
  ) );
#5671 = ORIENTED_EDGE('',*,*,#5672,.T.);
#5672 = EDGE_CURVE('',#5647,#5673,#5675,.T.);
#5673 = VERTEX_POINT('',#5674);
#5674 = CARTESIAN_POINT('',(148.7,-3.938273733503,12.));
#5675 = SURFACE_CURVE('',#5676,(#5681,#5688),.PCURVE_S1.);
#5676 = HYPERBOLA('',#5677,0.816666666667,0.7);
#5677 = AXIS2_PLACEMENT_3D('',#5678,#5679,#5680);
#5678 = CARTESIAN_POINT('',(148.7,0.,7.333333333333));
#5679 = DIRECTION('',(1.,0.,-0.));
#5680 = DIRECTION('',(0.,0.,1.));
#5681 = PCURVE('',#4808,#5682);
#5682 = DEFINITIONAL_REPRESENTATION('',(#5683),#5687);
#5683 = ( BOUNDED_CURVE() B_SPLINE_CURVE(2,(#5684,#5685,#5686),
.UNSPECIFIED.,.F.,.F.) B_SPLINE_CURVE_WITH_KNOTS((3,3),(0.89558809953,
2.428370781643),.PIECEWISE_BEZIER_KNOTS.) CURVE() 
GEOMETRIC_REPRESENTATION_ITEM() RATIONAL_B_SPLINE_CURVE((1.,
1.308336691367,1.)) REPRESENTATION_ITEM('') );
#5684 = CARTESIAN_POINT('',(5.3,-104.6358571571));
#5685 = CARTESIAN_POINT('',(5.837247666663,-103.991030979));
#5686 = CARTESIAN_POINT('',(8.8,-101.4117262664));
#5687 = ( GEOMETRIC_REPRESENTATION_CONTEXT(2) 
PARAMETRIC_REPRESENTATION_CONTEXT() REPRESENTATION_CONTEXT('2D SPACE',''
  ) );
#5688 = PCURVE('',#5625,#5689);
#5689 = DEFINITIONAL_REPRESENTATION('',(#5690),#5703);
#5690 = B_SPLINE_CURVE_WITH_KNOTS('',6,(#5691,#5692,#5693,#5694,#5695,
    #5696,#5697,#5698,#5699,#5700,#5701,#5702),.UNSPECIFIED.,.F.,.F.,(7,
    5,7),(0.89558809953,1.661979440587,2.428370781643),.UNSPECIFIED.);
#5691 = CARTESIAN_POINT('',(3.936991483774,0.));
#5692 = CARTESIAN_POINT('',(4.026403806897,0.106421951036));
#5693 = CARTESIAN_POINT('',(4.106029028562,0.235685745526));
#5694 = CARTESIAN_POINT('',(4.17591751718,0.390915081286));
#5695 = CARTESIAN_POINT('',(4.237063936035,0.576359231769));
#5696 = CARTESIAN_POINT('',(4.290530054604,0.797670091422));
#5697 = CARTESIAN_POINT('',(4.384115193006,1.327583857726));
#5698 = CARTESIAN_POINT('',(4.424233699035,1.636187555441));
#5699 = CARTESIAN_POINT('',(4.458686310481,1.996215386222));
#5700 = CARTESIAN_POINT('',(4.488403999755,2.417598516874));
#5701 = CARTESIAN_POINT('',(4.51413013144,2.91311632732));
#5702 = CARTESIAN_POINT('',(4.536483212221,3.5));
#5703 = ( GEOMETRIC_REPRESENTATION_CONTEXT(2) 
PARAMETRIC_REPRESENTATION_CONTEXT() REPRESENTATION_CONTEXT('2D SPACE',''
  ) );
#5704 = ORIENTED_EDGE('',*,*,#5705,.T.);
#5705 = EDGE_CURVE('',#5673,#4820,#5706,.T.);
#5706 = SURFACE_CURVE('',#5707,(#5711,#5717),.PCURVE_S1.);
#5707 = LINE('',#5708,#5709);
#5708 = CARTESIAN_POINT('',(148.7,-3.938273733503,12.));
#5709 = VECTOR('',#5710,1.);
#5710 = DIRECTION('',(0.,0.,1.));
#5711 = PCURVE('',#4808,#5712);
#5712 = DEFINITIONAL_REPRESENTATION('',(#5713),#5716);
#5713 = B_SPLINE_CURVE_WITH_KNOTS('',1,(#5714,#5715),.UNSPECIFIED.,.F.,
  .F.,(2,2),(-2.399999999625E-06,30.0000024),.PIECEWISE_BEZIER_KNOTS.);
#5714 = CARTESIAN_POINT('',(8.7999976,-101.4117262664));
#5715 = CARTESIAN_POINT('',(38.8000024,-101.4117262664));
#5716 = ( GEOMETRIC_REPRESENTATION_CONTEXT(2) 
PARAMETRIC_REPRESENTATION_CONTEXT() REPRESENTATION_CONTEXT('2D SPACE',''
  ) );
#5717 = PCURVE('',#4836,#5718);
#5718 = DEFINITIONAL_REPRESENTATION('',(#5719),#5722);
#5719 = B_SPLINE_CURVE_WITH_KNOTS('',1,(#5720,#5721),.UNSPECIFIED.,.F.,
  .F.,(2,2),(-2.399999999625E-06,30.0000024),.PIECEWISE_BEZIER_KNOTS.);
#5720 = CARTESIAN_POINT('',(4.536483212221,-2.399999999625E-06));
#5721 = CARTESIAN_POINT('',(4.536483212221,30.0000024));
#5722 = ( GEOMETRIC_REPRESENTATION_CONTEXT(2) 
PARAMETRIC_REPRESENTATION_CONTEXT() REPRESENTATION_CONTEXT('2D SPACE',''
  ) );
#5723 = ORIENTED_EDGE('',*,*,#4848,.T.);
#5724 = ADVANCED_FACE('',(#5725),#4836,.T.);
#5725 = FACE_BOUND('',#5726,.T.);
#5726 = EDGE_LOOP('',(#5727,#5728,#5729,#5750));
#5727 = ORIENTED_EDGE('',*,*,#4819,.F.);
#5728 = ORIENTED_EDGE('',*,*,#5587,.F.);
#5729 = ORIENTED_EDGE('',*,*,#5730,.T.);
#5730 = EDGE_CURVE('',#5588,#5673,#5731,.T.);
#5731 = SURFACE_CURVE('',#5732,(#5737,#5744),.PCURVE_S1.);
#5732 = CIRCLE('',#5733,4.);
#5733 = AXIS2_PLACEMENT_3D('',#5734,#5735,#5736);
#5734 = CARTESIAN_POINT('',(149.4,0.,12.));
#5735 = DIRECTION('',(0.,0.,1.));
#5736 = DIRECTION('',(1.,0.,-0.));
#5737 = PCURVE('',#4836,#5738);
#5738 = DEFINITIONAL_REPRESENTATION('',(#5739),#5743);
#5739 = LINE('',#5740,#5741);
#5740 = CARTESIAN_POINT('',(0.,0.));
#5741 = VECTOR('',#5742,1.);
#5742 = DIRECTION('',(1.,0.));
#5743 = ( GEOMETRIC_REPRESENTATION_CONTEXT(2) 
PARAMETRIC_REPRESENTATION_CONTEXT() REPRESENTATION_CONTEXT('2D SPACE',''
  ) );
#5744 = PCURVE('',#5625,#5745);
#5745 = DEFINITIONAL_REPRESENTATION('',(#5746),#5749);
#5746 = B_SPLINE_CURVE_WITH_KNOTS('',1,(#5747,#5748),.UNSPECIFIED.,.F.,
  .F.,(2,2),(1.746702094959,4.536483212221),.PIECEWISE_BEZIER_KNOTS.);
#5747 = CARTESIAN_POINT('',(1.746702094959,3.5));
#5748 = CARTESIAN_POINT('',(4.536483212221,3.5));
#5749 = ( GEOMETRIC_REPRESENTATION_CONTEXT(2) 
PARAMETRIC_REPRESENTATION_CONTEXT() REPRESENTATION_CONTEXT('2D SPACE',''
  ) );
#5750 = ORIENTED_EDGE('',*,*,#5705,.T.);
#5751 = ADVANCED_FACE('',(#5752),#4600,.T.);
#5752 = FACE_BOUND('',#5753,.T.);
#5753 = EDGE_LOOP('',(#5754,#5755,#5778,#5797));
#5754 = ORIENTED_EDGE('',*,*,#5225,.F.);
#5755 = ORIENTED_EDGE('',*,*,#5756,.T.);
#5756 = EDGE_CURVE('',#5198,#5757,#5759,.T.);
#5757 = VERTEX_POINT('',#5758);
#5758 = CARTESIAN_POINT('',(-148.7,-84.,3.2));
#5759 = SURFACE_CURVE('',#5760,(#5764,#5771),.PCURVE_S1.);
#5760 = LINE('',#5761,#5762);
#5761 = CARTESIAN_POINT('',(-148.7,-105.35,3.2));
#5762 = VECTOR('',#5763,1.);
#5763 = DIRECTION('',(-0.,1.,0.));
#5764 = PCURVE('',#4600,#5765);
#5765 = DEFINITIONAL_REPRESENTATION('',(#5766),#5770);
#5766 = LINE('',#5767,#5768);
#5767 = CARTESIAN_POINT('',(0.,0.));
#5768 = VECTOR('',#5769,1.);
#5769 = DIRECTION('',(0.,-1.));
#5770 = ( GEOMETRIC_REPRESENTATION_CONTEXT(2) 
PARAMETRIC_REPRESENTATION_CONTEXT() REPRESENTATION_CONTEXT('2D SPACE',''
  ) );
#5771 = PCURVE('',#5213,#5772);
#5772 = DEFINITIONAL_REPRESENTATION('',(#5773),#5777);
#5773 = LINE('',#5774,#5775);
#5774 = CARTESIAN_POINT('',(0.,0.));
#5775 = VECTOR('',#5776,1.);
#5776 = DIRECTION('',(0.,1.));
#5777 = ( GEOMETRIC_REPRESENTATION_CONTEXT(2) 
PARAMETRIC_REPRESENTATION_CONTEXT() REPRESENTATION_CONTEXT('2D SPACE',''
  ) );
#5778 = ORIENTED_EDGE('',*,*,#5779,.T.);
#5779 = EDGE_CURVE('',#5757,#4585,#5780,.T.);
#5780 = SURFACE_CURVE('',#5781,(#5785,#5791),.PCURVE_S1.);
#5781 = LINE('',#5782,#5783);
#5782 = CARTESIAN_POINT('',(-148.7,-84.,3.2));
#5783 = VECTOR('',#5784,1.);
#5784 = DIRECTION('',(0.,0.,1.));
#5785 = PCURVE('',#4600,#5786);
#5786 = DEFINITIONAL_REPRESENTATION('',(#5787),#5790);
#5787 = B_SPLINE_CURVE_WITH_KNOTS('',1,(#5788,#5789),.UNSPECIFIED.,.F.,
  .F.,(2,2),(0.,38.8),.PIECEWISE_BEZIER_KNOTS.);
#5788 = CARTESIAN_POINT('',(0.,-21.35));
#5789 = CARTESIAN_POINT('',(38.8,-21.35));
#5790 = ( GEOMETRIC_REPRESENTATION_CONTEXT(2) 
PARAMETRIC_REPRESENTATION_CONTEXT() REPRESENTATION_CONTEXT('2D SPACE',''
  ) );
#5791 = PCURVE('',#4627,#5792);
#5792 = DEFINITIONAL_REPRESENTATION('',(#5793),#5796);
#5793 = B_SPLINE_CURVE_WITH_KNOTS('',1,(#5794,#5795),.UNSPECIFIED.,.F.,
  .F.,(2,2),(0.,38.8),.PIECEWISE_BEZIER_KNOTS.);
#5794 = CARTESIAN_POINT('',(0.,4.5));
#5795 = CARTESIAN_POINT('',(38.8,4.5));
#5796 = ( GEOMETRIC_REPRESENTATION_CONTEXT(2) 
PARAMETRIC_REPRESENTATION_CONTEXT() REPRESENTATION_CONTEXT('2D SPACE',''
  ) );
#5797 = ORIENTED_EDGE('',*,*,#4584,.T.);
#5798 = ADVANCED_FACE('',(#5799),#4627,.T.);
#5799 = FACE_BOUND('',#5800,.T.);
#5800 = EDGE_LOOP('',(#5801,#5824,#5845,#5846));
#5801 = ORIENTED_EDGE('',*,*,#5802,.F.);
#5802 = EDGE_CURVE('',#5803,#5757,#5805,.T.);
#5803 = VERTEX_POINT('',#5804);
#5804 = CARTESIAN_POINT('',(-153.2,-84.,3.2));
#5805 = SURFACE_CURVE('',#5806,(#5810,#5817),.PCURVE_S1.);
#5806 = LINE('',#5807,#5808);
#5807 = CARTESIAN_POINT('',(-153.2,-84.,3.2));
#5808 = VECTOR('',#5809,1.);
#5809 = DIRECTION('',(1.,0.,-0.));
#5810 = PCURVE('',#4627,#5811);
#5811 = DEFINITIONAL_REPRESENTATION('',(#5812),#5816);
#5812 = LINE('',#5813,#5814);
#5813 = CARTESIAN_POINT('',(0.,0.));
#5814 = VECTOR('',#5815,1.);
#5815 = DIRECTION('',(0.,1.));
#5816 = ( GEOMETRIC_REPRESENTATION_CONTEXT(2) 
PARAMETRIC_REPRESENTATION_CONTEXT() REPRESENTATION_CONTEXT('2D SPACE',''
  ) );
#5817 = PCURVE('',#5213,#5818);
#5818 = DEFINITIONAL_REPRESENTATION('',(#5819),#5823);
#5819 = LINE('',#5820,#5821);
#5820 = CARTESIAN_POINT('',(-4.5,21.35));
#5821 = VECTOR('',#5822,1.);
#5822 = DIRECTION('',(1.,0.));
#5823 = ( GEOMETRIC_REPRESENTATION_CONTEXT(2) 
PARAMETRIC_REPRESENTATION_CONTEXT() REPRESENTATION_CONTEXT('2D SPACE',''
  ) );
#5824 = ORIENTED_EDGE('',*,*,#5825,.T.);
#5825 = EDGE_CURVE('',#5803,#4612,#5826,.T.);
#5826 = SURFACE_CURVE('',#5827,(#5831,#5838),.PCURVE_S1.);
#5827 = LINE('',#5828,#5829);
#5828 = CARTESIAN_POINT('',(-153.2,-84.,3.2));
#5829 = VECTOR('',#5830,1.);
#5830 = DIRECTION('',(0.,0.,1.));
#5831 = PCURVE('',#4627,#5832);
#5832 = DEFINITIONAL_REPRESENTATION('',(#5833),#5837);
#5833 = LINE('',#5834,#5835);
#5834 = CARTESIAN_POINT('',(0.,0.));
#5835 = VECTOR('',#5836,1.);
#5836 = DIRECTION('',(1.,0.));
#5837 = ( GEOMETRIC_REPRESENTATION_CONTEXT(2) 
PARAMETRIC_REPRESENTATION_CONTEXT() REPRESENTATION_CONTEXT('2D SPACE',''
  ) );
#5838 = PCURVE('',#4654,#5839);
#5839 = DEFINITIONAL_REPRESENTATION('',(#5840),#5844);
#5840 = LINE('',#5841,#5842);
#5841 = CARTESIAN_POINT('',(0.,0.));
#5842 = VECTOR('',#5843,1.);
#5843 = DIRECTION('',(1.,0.));
#5844 = ( GEOMETRIC_REPRESENTATION_CONTEXT(2) 
PARAMETRIC_REPRESENTATION_CONTEXT() REPRESENTATION_CONTEXT('2D SPACE',''
  ) );
#5845 = ORIENTED_EDGE('',*,*,#4611,.F.);
#5846 = ORIENTED_EDGE('',*,*,#5779,.F.);
#5847 = ADVANCED_FACE('',(#5848),#4654,.T.);
#5848 = FACE_BOUND('',#5849,.T.);
#5849 = EDGE_LOOP('',(#5850,#5851,#5874,#5895,#5896,#5917,#5951,#5970));
#5850 = ORIENTED_EDGE('',*,*,#5825,.F.);
#5851 = ORIENTED_EDGE('',*,*,#5852,.T.);
#5852 = EDGE_CURVE('',#5803,#5853,#5855,.T.);
#5853 = VERTEX_POINT('',#5854);
#5854 = CARTESIAN_POINT('',(-153.2,84.,3.2));
#5855 = SURFACE_CURVE('',#5856,(#5860,#5867),.PCURVE_S1.);
#5856 = LINE('',#5857,#5858);
#5857 = CARTESIAN_POINT('',(-153.2,-84.,3.2));
#5858 = VECTOR('',#5859,1.);
#5859 = DIRECTION('',(-0.,1.,0.));
#5860 = PCURVE('',#4654,#5861);
#5861 = DEFINITIONAL_REPRESENTATION('',(#5862),#5866);
#5862 = LINE('',#5863,#5864);
#5863 = CARTESIAN_POINT('',(0.,0.));
#5864 = VECTOR('',#5865,1.);
#5865 = DIRECTION('',(0.,-1.));
#5866 = ( GEOMETRIC_REPRESENTATION_CONTEXT(2) 
PARAMETRIC_REPRESENTATION_CONTEXT() REPRESENTATION_CONTEXT('2D SPACE',''
  ) );
#5867 = PCURVE('',#5213,#5868);
#5868 = DEFINITIONAL_REPRESENTATION('',(#5869),#5873);
#5869 = LINE('',#5870,#5871);
#5870 = CARTESIAN_POINT('',(-4.5,21.35));
#5871 = VECTOR('',#5872,1.);
#5872 = DIRECTION('',(0.,1.));
#5873 = ( GEOMETRIC_REPRESENTATION_CONTEXT(2) 
PARAMETRIC_REPRESENTATION_CONTEXT() REPRESENTATION_CONTEXT('2D SPACE',''
  ) );
#5874 = ORIENTED_EDGE('',*,*,#5875,.T.);
#5875 = EDGE_CURVE('',#5853,#4695,#5876,.T.);
#5876 = SURFACE_CURVE('',#5877,(#5881,#5888),.PCURVE_S1.);
#5877 = LINE('',#5878,#5879);
#5878 = CARTESIAN_POINT('',(-153.2,84.,3.2));
#5879 = VECTOR('',#5880,1.);
#5880 = DIRECTION('',(0.,0.,1.));
#5881 = PCURVE('',#4654,#5882);
#5882 = DEFINITIONAL_REPRESENTATION('',(#5883),#5887);
#5883 = LINE('',#5884,#5885);
#5884 = CARTESIAN_POINT('',(0.,-168.));
#5885 = VECTOR('',#5886,1.);
#5886 = DIRECTION('',(1.,0.));
#5887 = ( GEOMETRIC_REPRESENTATION_CONTEXT(2) 
PARAMETRIC_REPRESENTATION_CONTEXT() REPRESENTATION_CONTEXT('2D SPACE',''
  ) );
#5888 = PCURVE('',#4732,#5889);
#5889 = DEFINITIONAL_REPRESENTATION('',(#5890),#5894);
#5890 = LINE('',#5891,#5892);
#5891 = CARTESIAN_POINT('',(0.,0.));
#5892 = VECTOR('',#5893,1.);
#5893 = DIRECTION('',(1.,0.));
#5894 = ( GEOMETRIC_REPRESENTATION_CONTEXT(2) 
PARAMETRIC_REPRESENTATION_CONTEXT() REPRESENTATION_CONTEXT('2D SPACE',''
  ) );
#5895 = ORIENTED_EDGE('',*,*,#4694,.F.);
#5896 = ORIENTED_EDGE('',*,*,#5897,.F.);
#5897 = EDGE_CURVE('',#5898,#4666,#5900,.T.);
#5898 = VERTEX_POINT('',#5899);
#5899 = CARTESIAN_POINT('',(-153.2,1.24899959968,12.));
#5900 = SURFACE_CURVE('',#5901,(#5905,#5911),.PCURVE_S1.);
#5901 = LINE('',#5902,#5903);
#5902 = CARTESIAN_POINT('',(-153.2,1.24899959968,12.));
#5903 = VECTOR('',#5904,1.);
#5904 = DIRECTION('',(0.,0.,1.));
#5905 = PCURVE('',#4654,#5906);
#5906 = DEFINITIONAL_REPRESENTATION('',(#5907),#5910);
#5907 = B_SPLINE_CURVE_WITH_KNOTS('',1,(#5908,#5909),.UNSPECIFIED.,.F.,
  .F.,(2,2),(-2.399999999625E-06,30.0000024),.PIECEWISE_BEZIER_KNOTS.);
#5908 = CARTESIAN_POINT('',(8.7999976,-85.24899959968));
#5909 = CARTESIAN_POINT('',(38.8000024,-85.24899959968));
#5910 = ( GEOMETRIC_REPRESENTATION_CONTEXT(2) 
PARAMETRIC_REPRESENTATION_CONTEXT() REPRESENTATION_CONTEXT('2D SPACE',''
  ) );
#5911 = PCURVE('',#4682,#5912);
#5912 = DEFINITIONAL_REPRESENTATION('',(#5913),#5916);
#5913 = B_SPLINE_CURVE_WITH_KNOTS('',1,(#5914,#5915),.UNSPECIFIED.,.F.,
  .F.,(2,2),(0.,30.),.PIECEWISE_BEZIER_KNOTS.);
#5914 = CARTESIAN_POINT('',(9.107217531478,0.));
#5915 = CARTESIAN_POINT('',(9.107217531478,30.));
#5916 = ( GEOMETRIC_REPRESENTATION_CONTEXT(2) 
PARAMETRIC_REPRESENTATION_CONTEXT() REPRESENTATION_CONTEXT('2D SPACE',''
  ) );
#5917 = ORIENTED_EDGE('',*,*,#5918,.T.);
#5918 = EDGE_CURVE('',#5898,#5919,#5921,.T.);
#5919 = VERTEX_POINT('',#5920);
#5920 = CARTESIAN_POINT('',(-153.2,-1.24899959968,12.));
#5921 = SURFACE_CURVE('',#5922,(#5927,#5934),.PCURVE_S1.);
#5922 = HYPERBOLA('',#5923,4.433333333333,3.8);
#5923 = AXIS2_PLACEMENT_3D('',#5924,#5925,#5926);
#5924 = CARTESIAN_POINT('',(-153.2,0.,7.333333333333));
#5925 = DIRECTION('',(1.,0.,-0.));
#5926 = DIRECTION('',(0.,0.,1.));
#5927 = PCURVE('',#4654,#5928);
#5928 = DEFINITIONAL_REPRESENTATION('',(#5929),#5933);
#5929 = ( BOUNDED_CURVE() B_SPLINE_CURVE(2,(#5930,#5931,#5932),
.UNSPECIFIED.,.F.,.F.) B_SPLINE_CURVE_WITH_KNOTS((3,3),(-0.323036439272,
0.323036439272),.PIECEWISE_BEZIER_KNOTS.) CURVE() 
GEOMETRIC_REPRESENTATION_ITEM() RATIONAL_B_SPLINE_CURVE((1.,
1.052631578947,1.)) REPRESENTATION_ITEM('') );
#5930 = CARTESIAN_POINT('',(8.8,-85.24899959968));
#5931 = CARTESIAN_POINT('',(8.345,-84.));
#5932 = CARTESIAN_POINT('',(8.8,-82.75100040032));
#5933 = ( GEOMETRIC_REPRESENTATION_CONTEXT(2) 
PARAMETRIC_REPRESENTATION_CONTEXT() REPRESENTATION_CONTEXT('2D SPACE',''
  ) );
#5934 = PCURVE('',#5935,#5940);
#5935 = CONICAL_SURFACE('',#5936,1.,0.708626272128);
#5936 = AXIS2_PLACEMENT_3D('',#5937,#5938,#5939);
#5937 = CARTESIAN_POINT('',(-149.4,0.,8.5));
#5938 = DIRECTION('',(0.,0.,1.));
#5939 = DIRECTION('',(1.,0.,-0.));
#5940 = DEFINITIONAL_REPRESENTATION('',(#5941),#5950);
#5941 = B_SPLINE_CURVE_WITH_KNOTS('',7,(#5942,#5943,#5944,#5945,#5946,
    #5947,#5948,#5949),.UNSPECIFIED.,.F.,.F.,(8,8),(-0.323036439272,
    0.323036439272),.PIECEWISE_BEZIER_KNOTS.);
#5942 = CARTESIAN_POINT('',(2.824032224298,3.5));
#5943 = CARTESIAN_POINT('',(2.911713543529,3.365509205556));
#5944 = CARTESIAN_POINT('',(3.00234297989,3.27739731315));
#5945 = CARTESIAN_POINT('',(3.094938082672,3.233793103702));
#5946 = CARTESIAN_POINT('',(3.188247224508,3.233793103704));
#5947 = CARTESIAN_POINT('',(3.280842327289,3.277397313149));
#5948 = CARTESIAN_POINT('',(3.37147176365,3.365509205556));
#5949 = CARTESIAN_POINT('',(3.459153082881,3.5));
#5950 = ( GEOMETRIC_REPRESENTATION_CONTEXT(2) 
PARAMETRIC_REPRESENTATION_CONTEXT() REPRESENTATION_CONTEXT('2D SPACE',''
  ) );
#5951 = ORIENTED_EDGE('',*,*,#5952,.T.);
#5952 = EDGE_CURVE('',#5919,#4639,#5953,.T.);
#5953 = SURFACE_CURVE('',#5954,(#5958,#5964),.PCURVE_S1.);
#5954 = LINE('',#5955,#5956);
#5955 = CARTESIAN_POINT('',(-153.2,-1.24899959968,12.));
#5956 = VECTOR('',#5957,1.);
#5957 = DIRECTION('',(0.,0.,1.));
#5958 = PCURVE('',#4654,#5959);
#5959 = DEFINITIONAL_REPRESENTATION('',(#5960),#5963);
#5960 = B_SPLINE_CURVE_WITH_KNOTS('',1,(#5961,#5962),.UNSPECIFIED.,.F.,
  .F.,(2,2),(-2.399999999625E-06,30.0000024),.PIECEWISE_BEZIER_KNOTS.);
#5961 = CARTESIAN_POINT('',(8.7999976,-82.75100040032));
#5962 = CARTESIAN_POINT('',(38.8000024,-82.75100040032));
#5963 = ( GEOMETRIC_REPRESENTATION_CONTEXT(2) 
PARAMETRIC_REPRESENTATION_CONTEXT() REPRESENTATION_CONTEXT('2D SPACE',''
  ) );
#5964 = PCURVE('',#4682,#5965);
#5965 = DEFINITIONAL_REPRESENTATION('',(#5966),#5969);
#5966 = B_SPLINE_CURVE_WITH_KNOTS('',1,(#5967,#5968),.UNSPECIFIED.,.F.,
  .F.,(2,2),(0.,30.),.PIECEWISE_BEZIER_KNOTS.);
#5967 = CARTESIAN_POINT('',(3.459153082881,0.));
#5968 = CARTESIAN_POINT('',(3.459153082881,30.));
#5969 = ( GEOMETRIC_REPRESENTATION_CONTEXT(2) 
PARAMETRIC_REPRESENTATION_CONTEXT() REPRESENTATION_CONTEXT('2D SPACE',''
  ) );
#5970 = ORIENTED_EDGE('',*,*,#4638,.F.);
#5971 = ADVANCED_FACE('',(#5972),#4759,.T.);
#5972 = FACE_BOUND('',#5973,.T.);
#5973 = EDGE_LOOP('',(#5974,#5995,#6016,#6017));
#5974 = ORIENTED_EDGE('',*,*,#5975,.F.);
#5975 = EDGE_CURVE('',#5976,#4717,#5978,.T.);
#5976 = VERTEX_POINT('',#5977);
#5977 = CARTESIAN_POINT('',(-148.7,84.,3.2));
#5978 = SURFACE_CURVE('',#5979,(#5983,#5989),.PCURVE_S1.);
#5979 = LINE('',#5980,#5981);
#5980 = CARTESIAN_POINT('',(-148.7,84.,3.2));
#5981 = VECTOR('',#5982,1.);
#5982 = DIRECTION('',(0.,0.,1.));
#5983 = PCURVE('',#4759,#5984);
#5984 = DEFINITIONAL_REPRESENTATION('',(#5985),#5988);
#5985 = B_SPLINE_CURVE_WITH_KNOTS('',1,(#5986,#5987),.UNSPECIFIED.,.F.,
  .F.,(2,2),(0.,38.8),.PIECEWISE_BEZIER_KNOTS.);
#5986 = CARTESIAN_POINT('',(0.,-189.35));
#5987 = CARTESIAN_POINT('',(38.8,-189.35));
#5988 = ( GEOMETRIC_REPRESENTATION_CONTEXT(2) 
PARAMETRIC_REPRESENTATION_CONTEXT() REPRESENTATION_CONTEXT('2D SPACE',''
  ) );
#5989 = PCURVE('',#4732,#5990);
#5990 = DEFINITIONAL_REPRESENTATION('',(#5991),#5994);
#5991 = B_SPLINE_CURVE_WITH_KNOTS('',1,(#5992,#5993),.UNSPECIFIED.,.F.,
  .F.,(2,2),(0.,38.8),.PIECEWISE_BEZIER_KNOTS.);
#5992 = CARTESIAN_POINT('',(0.,4.5));
#5993 = CARTESIAN_POINT('',(38.8,4.5));
#5994 = ( GEOMETRIC_REPRESENTATION_CONTEXT(2) 
PARAMETRIC_REPRESENTATION_CONTEXT() REPRESENTATION_CONTEXT('2D SPACE',''
  ) );
#5995 = ORIENTED_EDGE('',*,*,#5996,.T.);
#5996 = EDGE_CURVE('',#5976,#5492,#5997,.T.);
#5997 = SURFACE_CURVE('',#5998,(#6002,#6009),.PCURVE_S1.);
#5998 = LINE('',#5999,#6000);
#5999 = CARTESIAN_POINT('',(-148.7,-105.35,3.2));
#6000 = VECTOR('',#6001,1.);
#6001 = DIRECTION('',(-0.,1.,0.));
#6002 = PCURVE('',#4759,#6003);
#6003 = DEFINITIONAL_REPRESENTATION('',(#6004),#6008);
#6004 = LINE('',#6005,#6006);
#6005 = CARTESIAN_POINT('',(0.,0.));
#6006 = VECTOR('',#6007,1.);
#6007 = DIRECTION('',(0.,-1.));
#6008 = ( GEOMETRIC_REPRESENTATION_CONTEXT(2) 
PARAMETRIC_REPRESENTATION_CONTEXT() REPRESENTATION_CONTEXT('2D SPACE',''
  ) );
#6009 = PCURVE('',#5213,#6010);
#6010 = DEFINITIONAL_REPRESENTATION('',(#6011),#6015);
#6011 = LINE('',#6012,#6013);
#6012 = CARTESIAN_POINT('',(0.,0.));
#6013 = VECTOR('',#6014,1.);
#6014 = DIRECTION('',(0.,1.));
#6015 = ( GEOMETRIC_REPRESENTATION_CONTEXT(2) 
PARAMETRIC_REPRESENTATION_CONTEXT() REPRESENTATION_CONTEXT('2D SPACE',''
  ) );
#6016 = ORIENTED_EDGE('',*,*,#5514,.T.);
#6017 = ORIENTED_EDGE('',*,*,#4743,.T.);
#6018 = ADVANCED_FACE('',(#6019),#4682,.T.);
#6019 = FACE_BOUND('',#6020,.T.);
#6020 = EDGE_LOOP('',(#6021,#6044,#6065,#6066,#6067));
#6021 = ORIENTED_EDGE('',*,*,#6022,.T.);
#6022 = EDGE_CURVE('',#5919,#6023,#6025,.T.);
#6023 = VERTEX_POINT('',#6024);
#6024 = CARTESIAN_POINT('',(-145.4,-9.797174393179E-16,12.));
#6025 = SURFACE_CURVE('',#6026,(#6031,#6038),.PCURVE_S1.);
#6026 = CIRCLE('',#6027,4.);
#6027 = AXIS2_PLACEMENT_3D('',#6028,#6029,#6030);
#6028 = CARTESIAN_POINT('',(-149.4,0.,12.));
#6029 = DIRECTION('',(0.,0.,1.));
#6030 = DIRECTION('',(-0.95,-0.31224989992,0.));
#6031 = PCURVE('',#4682,#6032);
#6032 = DEFINITIONAL_REPRESENTATION('',(#6033),#6037);
#6033 = LINE('',#6034,#6035);
#6034 = CARTESIAN_POINT('',(3.459153082881,0.));
#6035 = VECTOR('',#6036,1.);
#6036 = DIRECTION('',(1.,0.));
#6037 = ( GEOMETRIC_REPRESENTATION_CONTEXT(2) 
PARAMETRIC_REPRESENTATION_CONTEXT() REPRESENTATION_CONTEXT('2D SPACE',''
  ) );
#6038 = PCURVE('',#5935,#6039);
#6039 = DEFINITIONAL_REPRESENTATION('',(#6040),#6043);
#6040 = B_SPLINE_CURVE_WITH_KNOTS('',1,(#6041,#6042),.UNSPECIFIED.,.F.,
  .F.,(2,2),(0.,2.824032224298),.PIECEWISE_BEZIER_KNOTS.);
#6041 = CARTESIAN_POINT('',(3.459153082881,3.5));
#6042 = CARTESIAN_POINT('',(6.28318530718,3.5));
#6043 = ( GEOMETRIC_REPRESENTATION_CONTEXT(2) 
PARAMETRIC_REPRESENTATION_CONTEXT() REPRESENTATION_CONTEXT('2D SPACE',''
  ) );
#6044 = ORIENTED_EDGE('',*,*,#6045,.T.);
#6045 = EDGE_CURVE('',#6023,#5898,#6046,.T.);
#6046 = SURFACE_CURVE('',#6047,(#6052,#6059),.PCURVE_S1.);
#6047 = CIRCLE('',#6048,4.);
#6048 = AXIS2_PLACEMENT_3D('',#6049,#6050,#6051);
#6049 = CARTESIAN_POINT('',(-149.4,0.,12.));
#6050 = DIRECTION('',(0.,0.,1.));
#6051 = DIRECTION('',(-0.95,-0.31224989992,0.));
#6052 = PCURVE('',#4682,#6053);
#6053 = DEFINITIONAL_REPRESENTATION('',(#6054),#6058);
#6054 = LINE('',#6055,#6056);
#6055 = CARTESIAN_POINT('',(3.459153082881,0.));
#6056 = VECTOR('',#6057,1.);
#6057 = DIRECTION('',(1.,0.));
#6058 = ( GEOMETRIC_REPRESENTATION_CONTEXT(2) 
PARAMETRIC_REPRESENTATION_CONTEXT() REPRESENTATION_CONTEXT('2D SPACE',''
  ) );
#6059 = PCURVE('',#5935,#6060);
#6060 = DEFINITIONAL_REPRESENTATION('',(#6061),#6064);
#6061 = B_SPLINE_CURVE_WITH_KNOTS('',1,(#6062,#6063),.UNSPECIFIED.,.F.,
  .F.,(2,2),(2.824032224298,5.648064448597),.PIECEWISE_BEZIER_KNOTS.);
#6062 = CARTESIAN_POINT('',(0.,3.5));
#6063 = CARTESIAN_POINT('',(2.824032224298,3.5));
#6064 = ( GEOMETRIC_REPRESENTATION_CONTEXT(2) 
PARAMETRIC_REPRESENTATION_CONTEXT() REPRESENTATION_CONTEXT('2D SPACE',''
  ) );
#6065 = ORIENTED_EDGE('',*,*,#5897,.T.);
#6066 = ORIENTED_EDGE('',*,*,#4665,.F.);
#6067 = ORIENTED_EDGE('',*,*,#5952,.F.);
#6068 = ADVANCED_FACE('',(#6069),#4732,.F.);
#6069 = FACE_BOUND('',#6070,.F.);
#6070 = EDGE_LOOP('',(#6071,#6092,#6093,#6094));
#6071 = ORIENTED_EDGE('',*,*,#6072,.F.);
#6072 = EDGE_CURVE('',#5853,#5976,#6073,.T.);
#6073 = SURFACE_CURVE('',#6074,(#6078,#6085),.PCURVE_S1.);
#6074 = LINE('',#6075,#6076);
#6075 = CARTESIAN_POINT('',(-153.2,84.,3.2));
#6076 = VECTOR('',#6077,1.);
#6077 = DIRECTION('',(1.,0.,-0.));
#6078 = PCURVE('',#4732,#6079);
#6079 = DEFINITIONAL_REPRESENTATION('',(#6080),#6084);
#6080 = LINE('',#6081,#6082);
#6081 = CARTESIAN_POINT('',(0.,0.));
#6082 = VECTOR('',#6083,1.);
#6083 = DIRECTION('',(0.,1.));
#6084 = ( GEOMETRIC_REPRESENTATION_CONTEXT(2) 
PARAMETRIC_REPRESENTATION_CONTEXT() REPRESENTATION_CONTEXT('2D SPACE',''
  ) );
#6085 = PCURVE('',#5213,#6086);
#6086 = DEFINITIONAL_REPRESENTATION('',(#6087),#6091);
#6087 = LINE('',#6088,#6089);
#6088 = CARTESIAN_POINT('',(-4.5,189.35));
#6089 = VECTOR('',#6090,1.);
#6090 = DIRECTION('',(1.,0.));
#6091 = ( GEOMETRIC_REPRESENTATION_CONTEXT(2) 
PARAMETRIC_REPRESENTATION_CONTEXT() REPRESENTATION_CONTEXT('2D SPACE',''
  ) );
#6092 = ORIENTED_EDGE('',*,*,#5875,.T.);
#6093 = ORIENTED_EDGE('',*,*,#4716,.F.);
#6094 = ORIENTED_EDGE('',*,*,#5975,.F.);
#6095 = ADVANCED_FACE('',(#6096),#4911,.F.);
#6096 = FACE_BOUND('',#6097,.F.);
#6097 = EDGE_LOOP('',(#6098,#6099,#6122,#6149));
#6098 = ORIENTED_EDGE('',*,*,#4894,.F.);
#6099 = ORIENTED_EDGE('',*,*,#6100,.F.);
#6100 = EDGE_CURVE('',#6101,#4895,#6103,.T.);
#6101 = VERTEX_POINT('',#6102);
#6102 = CARTESIAN_POINT('',(-83.6,-111.5,30.));
#6103 = SEAM_CURVE('',#6104,(#6108,#6115),.PCURVE_S1.);
#6104 = LINE('',#6105,#6106);
#6105 = CARTESIAN_POINT('',(-83.6,-111.5,30.));
#6106 = VECTOR('',#6107,1.);
#6107 = DIRECTION('',(0.,0.,1.));
#6108 = PCURVE('',#4911,#6109);
#6109 = DEFINITIONAL_REPRESENTATION('',(#6110),#6114);
#6110 = LINE('',#6111,#6112);
#6111 = CARTESIAN_POINT('',(6.28318530718,-0.));
#6112 = VECTOR('',#6113,1.);
#6113 = DIRECTION('',(0.,1.));
#6114 = ( GEOMETRIC_REPRESENTATION_CONTEXT(2) 
PARAMETRIC_REPRESENTATION_CONTEXT() REPRESENTATION_CONTEXT('2D SPACE',''
  ) );
#6115 = PCURVE('',#4911,#6116);
#6116 = DEFINITIONAL_REPRESENTATION('',(#6117),#6121);
#6117 = LINE('',#6118,#6119);
#6118 = CARTESIAN_POINT('',(0.,-0.));
#6119 = VECTOR('',#6120,1.);
#6120 = DIRECTION('',(0.,1.));
#6121 = ( GEOMETRIC_REPRESENTATION_CONTEXT(2) 
PARAMETRIC_REPRESENTATION_CONTEXT() REPRESENTATION_CONTEXT('2D SPACE',''
  ) );
#6122 = ORIENTED_EDGE('',*,*,#6123,.T.);
#6123 = EDGE_CURVE('',#6101,#6101,#6124,.T.);
#6124 = SURFACE_CURVE('',#6125,(#6130,#6137),.PCURVE_S1.);
#6125 = CIRCLE('',#6126,1.4);
#6126 = AXIS2_PLACEMENT_3D('',#6127,#6128,#6129);
#6127 = CARTESIAN_POINT('',(-85.,-111.5,30.));
#6128 = DIRECTION('',(0.,0.,1.));
#6129 = DIRECTION('',(1.,0.,-0.));
#6130 = PCURVE('',#4911,#6131);
#6131 = DEFINITIONAL_REPRESENTATION('',(#6132),#6136);
#6132 = LINE('',#6133,#6134);
#6133 = CARTESIAN_POINT('',(0.,0.));
#6134 = VECTOR('',#6135,1.);
#6135 = DIRECTION('',(1.,0.));
#6136 = ( GEOMETRIC_REPRESENTATION_CONTEXT(2) 
PARAMETRIC_REPRESENTATION_CONTEXT() REPRESENTATION_CONTEXT('2D SPACE',''
  ) );
#6137 = PCURVE('',#6138,#6143);
#6138 = PLANE('',#6139);
#6139 = AXIS2_PLACEMENT_3D('',#6140,#6141,#6142);
#6140 = CARTESIAN_POINT('',(-85.,-111.5,30.));
#6141 = DIRECTION('',(0.,0.,1.));
#6142 = DIRECTION('',(1.,0.,-0.));
#6143 = DEFINITIONAL_REPRESENTATION('',(#6144),#6148);
#6144 = CIRCLE('',#6145,1.4);
#6145 = AXIS2_PLACEMENT_2D('',#6146,#6147);
#6146 = CARTESIAN_POINT('',(0.,0.));
#6147 = DIRECTION('',(1.,0.));
#6148 = ( GEOMETRIC_REPRESENTATION_CONTEXT(2) 
PARAMETRIC_REPRESENTATION_CONTEXT() REPRESENTATION_CONTEXT('2D SPACE',''
  ) );
#6149 = ORIENTED_EDGE('',*,*,#6100,.T.);
#6150 = ADVANCED_FACE('',(#6151),#4942,.F.);
#6151 = FACE_BOUND('',#6152,.F.);
#6152 = EDGE_LOOP('',(#6153,#6154,#6177,#6204));
#6153 = ORIENTED_EDGE('',*,*,#4925,.F.);
#6154 = ORIENTED_EDGE('',*,*,#6155,.F.);
#6155 = EDGE_CURVE('',#6156,#4926,#6158,.T.);
#6156 = VERTEX_POINT('',#6157);
#6157 = CARTESIAN_POINT('',(-43.6,-111.5,30.));
#6158 = SEAM_CURVE('',#6159,(#6163,#6170),.PCURVE_S1.);
#6159 = LINE('',#6160,#6161);
#6160 = CARTESIAN_POINT('',(-43.6,-111.5,30.));
#6161 = VECTOR('',#6162,1.);
#6162 = DIRECTION('',(0.,0.,1.));
#6163 = PCURVE('',#4942,#6164);
#6164 = DEFINITIONAL_REPRESENTATION('',(#6165),#6169);
#6165 = LINE('',#6166,#6167);
#6166 = CARTESIAN_POINT('',(6.28318530718,-0.));
#6167 = VECTOR('',#6168,1.);
#6168 = DIRECTION('',(0.,1.));
#6169 = ( GEOMETRIC_REPRESENTATION_CONTEXT(2) 
PARAMETRIC_REPRESENTATION_CONTEXT() REPRESENTATION_CONTEXT('2D SPACE',''
  ) );
#6170 = PCURVE('',#4942,#6171);
#6171 = DEFINITIONAL_REPRESENTATION('',(#6172),#6176);
#6172 = LINE('',#6173,#6174);
#6173 = CARTESIAN_POINT('',(0.,-0.));
#6174 = VECTOR('',#6175,1.);
#6175 = DIRECTION('',(0.,1.));
#6176 = ( GEOMETRIC_REPRESENTATION_CONTEXT(2) 
PARAMETRIC_REPRESENTATION_CONTEXT() REPRESENTATION_CONTEXT('2D SPACE',''
  ) );
#6177 = ORIENTED_EDGE('',*,*,#6178,.T.);
#6178 = EDGE_CURVE('',#6156,#6156,#6179,.T.);
#6179 = SURFACE_CURVE('',#6180,(#6185,#6192),.PCURVE_S1.);
#6180 = CIRCLE('',#6181,1.4);
#6181 = AXIS2_PLACEMENT_3D('',#6182,#6183,#6184);
#6182 = CARTESIAN_POINT('',(-45.,-111.5,30.));
#6183 = DIRECTION('',(0.,0.,1.));
#6184 = DIRECTION('',(1.,0.,-0.));
#6185 = PCURVE('',#4942,#6186);
#6186 = DEFINITIONAL_REPRESENTATION('',(#6187),#6191);
#6187 = LINE('',#6188,#6189);
#6188 = CARTESIAN_POINT('',(0.,0.));
#6189 = VECTOR('',#6190,1.);
#6190 = DIRECTION('',(1.,0.));
#6191 = ( GEOMETRIC_REPRESENTATION_CONTEXT(2) 
PARAMETRIC_REPRESENTATION_CONTEXT() REPRESENTATION_CONTEXT('2D SPACE',''
  ) );
#6192 = PCURVE('',#6193,#6198);
#6193 = PLANE('',#6194);
#6194 = AXIS2_PLACEMENT_3D('',#6195,#6196,#6197);
#6195 = CARTESIAN_POINT('',(-45.,-111.5,30.));
#6196 = DIRECTION('',(0.,0.,1.));
#6197 = DIRECTION('',(1.,0.,-0.));
#6198 = DEFINITIONAL_REPRESENTATION('',(#6199),#6203);
#6199 = CIRCLE('',#6200,1.4);
#6200 = AXIS2_PLACEMENT_2D('',#6201,#6202);
#6201 = CARTESIAN_POINT('',(0.,0.));
#6202 = DIRECTION('',(1.,0.));
#6203 = ( GEOMETRIC_REPRESENTATION_CONTEXT(2) 
PARAMETRIC_REPRESENTATION_CONTEXT() REPRESENTATION_CONTEXT('2D SPACE',''
  ) );
#6204 = ORIENTED_EDGE('',*,*,#6155,.T.);
#6205 = ADVANCED_FACE('',(#6206),#4973,.F.);
#6206 = FACE_BOUND('',#6207,.F.);
#6207 = EDGE_LOOP('',(#6208,#6209,#6232,#6259));
#6208 = ORIENTED_EDGE('',*,*,#4956,.F.);
#6209 = ORIENTED_EDGE('',*,*,#6210,.F.);
#6210 = EDGE_CURVE('',#6211,#4957,#6213,.T.);
#6211 = VERTEX_POINT('',#6212);
#6212 = CARTESIAN_POINT('',(46.4,-111.5,30.));
#6213 = SEAM_CURVE('',#6214,(#6218,#6225),.PCURVE_S1.);
#6214 = LINE('',#6215,#6216);
#6215 = CARTESIAN_POINT('',(46.4,-111.5,30.));
#6216 = VECTOR('',#6217,1.);
#6217 = DIRECTION('',(0.,0.,1.));
#6218 = PCURVE('',#4973,#6219);
#6219 = DEFINITIONAL_REPRESENTATION('',(#6220),#6224);
#6220 = LINE('',#6221,#6222);
#6221 = CARTESIAN_POINT('',(6.28318530718,-0.));
#6222 = VECTOR('',#6223,1.);
#6223 = DIRECTION('',(0.,1.));
#6224 = ( GEOMETRIC_REPRESENTATION_CONTEXT(2) 
PARAMETRIC_REPRESENTATION_CONTEXT() REPRESENTATION_CONTEXT('2D SPACE',''
  ) );
#6225 = PCURVE('',#4973,#6226);
#6226 = DEFINITIONAL_REPRESENTATION('',(#6227),#6231);
#6227 = LINE('',#6228,#6229);
#6228 = CARTESIAN_POINT('',(0.,-0.));
#6229 = VECTOR('',#6230,1.);
#6230 = DIRECTION('',(0.,1.));
#6231 = ( GEOMETRIC_REPRESENTATION_CONTEXT(2) 
PARAMETRIC_REPRESENTATION_CONTEXT() REPRESENTATION_CONTEXT('2D SPACE',''
  ) );
#6232 = ORIENTED_EDGE('',*,*,#6233,.T.);
#6233 = EDGE_CURVE('',#6211,#6211,#6234,.T.);
#6234 = SURFACE_CURVE('',#6235,(#6240,#6247),.PCURVE_S1.);
#6235 = CIRCLE('',#6236,1.4);
#6236 = AXIS2_PLACEMENT_3D('',#6237,#6238,#6239);
#6237 = CARTESIAN_POINT('',(45.,-111.5,30.));
#6238 = DIRECTION('',(0.,0.,1.));
#6239 = DIRECTION('',(1.,0.,-0.));
#6240 = PCURVE('',#4973,#6241);
#6241 = DEFINITIONAL_REPRESENTATION('',(#6242),#6246);
#6242 = LINE('',#6243,#6244);
#6243 = CARTESIAN_POINT('',(0.,0.));
#6244 = VECTOR('',#6245,1.);
#6245 = DIRECTION('',(1.,0.));
#6246 = ( GEOMETRIC_REPRESENTATION_CONTEXT(2) 
PARAMETRIC_REPRESENTATION_CONTEXT() REPRESENTATION_CONTEXT('2D SPACE',''
  ) );
#6247 = PCURVE('',#6248,#6253);
#6248 = PLANE('',#6249);
#6249 = AXIS2_PLACEMENT_3D('',#6250,#6251,#6252);
#6250 = CARTESIAN_POINT('',(45.,-111.5,30.));
#6251 = DIRECTION('',(0.,0.,1.));
#6252 = DIRECTION('',(1.,0.,-0.));
#6253 = DEFINITIONAL_REPRESENTATION('',(#6254),#6258);
#6254 = CIRCLE('',#6255,1.4);
#6255 = AXIS2_PLACEMENT_2D('',#6256,#6257);
#6256 = CARTESIAN_POINT('',(0.,0.));
#6257 = DIRECTION('',(1.,0.));
#6258 = ( GEOMETRIC_REPRESENTATION_CONTEXT(2) 
PARAMETRIC_REPRESENTATION_CONTEXT() REPRESENTATION_CONTEXT('2D SPACE',''
  ) );
#6259 = ORIENTED_EDGE('',*,*,#6210,.T.);
#6260 = ADVANCED_FACE('',(#6261),#5004,.F.);
#6261 = FACE_BOUND('',#6262,.F.);
#6262 = EDGE_LOOP('',(#6263,#6264,#6287,#6314));
#6263 = ORIENTED_EDGE('',*,*,#4987,.F.);
#6264 = ORIENTED_EDGE('',*,*,#6265,.F.);
#6265 = EDGE_CURVE('',#6266,#4988,#6268,.T.);
#6266 = VERTEX_POINT('',#6267);
#6267 = CARTESIAN_POINT('',(86.4,-111.5,30.));
#6268 = SEAM_CURVE('',#6269,(#6273,#6280),.PCURVE_S1.);
#6269 = LINE('',#6270,#6271);
#6270 = CARTESIAN_POINT('',(86.4,-111.5,30.));
#6271 = VECTOR('',#6272,1.);
#6272 = DIRECTION('',(0.,0.,1.));
#6273 = PCURVE('',#5004,#6274);
#6274 = DEFINITIONAL_REPRESENTATION('',(#6275),#6279);
#6275 = LINE('',#6276,#6277);
#6276 = CARTESIAN_POINT('',(6.28318530718,-0.));
#6277 = VECTOR('',#6278,1.);
#6278 = DIRECTION('',(0.,1.));
#6279 = ( GEOMETRIC_REPRESENTATION_CONTEXT(2) 
PARAMETRIC_REPRESENTATION_CONTEXT() REPRESENTATION_CONTEXT('2D SPACE',''
  ) );
#6280 = PCURVE('',#5004,#6281);
#6281 = DEFINITIONAL_REPRESENTATION('',(#6282),#6286);
#6282 = LINE('',#6283,#6284);
#6283 = CARTESIAN_POINT('',(0.,-0.));
#6284 = VECTOR('',#6285,1.);
#6285 = DIRECTION('',(0.,1.));
#6286 = ( GEOMETRIC_REPRESENTATION_CONTEXT(2) 
PARAMETRIC_REPRESENTATION_CONTEXT() REPRESENTATION_CONTEXT('2D SPACE',''
  ) );
#6287 = ORIENTED_EDGE('',*,*,#6288,.T.);
#6288 = EDGE_CURVE('',#6266,#6266,#6289,.T.);
#6289 = SURFACE_CURVE('',#6290,(#6295,#6302),.PCURVE_S1.);
#6290 = CIRCLE('',#6291,1.4);
#6291 = AXIS2_PLACEMENT_3D('',#6292,#6293,#6294);
#6292 = CARTESIAN_POINT('',(85.,-111.5,30.));
#6293 = DIRECTION('',(0.,0.,1.));
#6294 = DIRECTION('',(1.,0.,-0.));
#6295 = PCURVE('',#5004,#6296);
#6296 = DEFINITIONAL_REPRESENTATION('',(#6297),#6301);
#6297 = LINE('',#6298,#6299);
#6298 = CARTESIAN_POINT('',(0.,0.));
#6299 = VECTOR('',#6300,1.);
#6300 = DIRECTION('',(1.,0.));
#6301 = ( GEOMETRIC_REPRESENTATION_CONTEXT(2) 
PARAMETRIC_REPRESENTATION_CONTEXT() REPRESENTATION_CONTEXT('2D SPACE',''
  ) );
#6302 = PCURVE('',#6303,#6308);
#6303 = PLANE('',#6304);
#6304 = AXIS2_PLACEMENT_3D('',#6305,#6306,#6307);
#6305 = CARTESIAN_POINT('',(85.,-111.5,30.));
#6306 = DIRECTION('',(0.,0.,1.));
#6307 = DIRECTION('',(1.,0.,-0.));
#6308 = DEFINITIONAL_REPRESENTATION('',(#6309),#6313);
#6309 = CIRCLE('',#6310,1.4);
#6310 = AXIS2_PLACEMENT_2D('',#6311,#6312);
#6311 = CARTESIAN_POINT('',(0.,0.));
#6312 = DIRECTION('',(1.,0.));
#6313 = ( GEOMETRIC_REPRESENTATION_CONTEXT(2) 
PARAMETRIC_REPRESENTATION_CONTEXT() REPRESENTATION_CONTEXT('2D SPACE',''
  ) );
#6314 = ORIENTED_EDGE('',*,*,#6265,.T.);
#6315 = ADVANCED_FACE('',(#6316),#5035,.F.);
#6316 = FACE_BOUND('',#6317,.F.);
#6317 = EDGE_LOOP('',(#6318,#6319,#6342,#6369));
#6318 = ORIENTED_EDGE('',*,*,#5018,.F.);
#6319 = ORIENTED_EDGE('',*,*,#6320,.F.);
#6320 = EDGE_CURVE('',#6321,#5019,#6323,.T.);
#6321 = VERTEX_POINT('',#6322);
#6322 = CARTESIAN_POINT('',(-148.,-3.429011037613E-16,30.));
#6323 = SEAM_CURVE('',#6324,(#6328,#6335),.PCURVE_S1.);
#6324 = LINE('',#6325,#6326);
#6325 = CARTESIAN_POINT('',(-148.,-3.429011037613E-16,30.));
#6326 = VECTOR('',#6327,1.);
#6327 = DIRECTION('',(0.,0.,1.));
#6328 = PCURVE('',#5035,#6329);
#6329 = DEFINITIONAL_REPRESENTATION('',(#6330),#6334);
#6330 = LINE('',#6331,#6332);
#6331 = CARTESIAN_POINT('',(6.28318530718,-0.));
#6332 = VECTOR('',#6333,1.);
#6333 = DIRECTION('',(0.,1.));
#6334 = ( GEOMETRIC_REPRESENTATION_CONTEXT(2) 
PARAMETRIC_REPRESENTATION_CONTEXT() REPRESENTATION_CONTEXT('2D SPACE',''
  ) );
#6335 = PCURVE('',#5035,#6336);
#6336 = DEFINITIONAL_REPRESENTATION('',(#6337),#6341);
#6337 = LINE('',#6338,#6339);
#6338 = CARTESIAN_POINT('',(0.,-0.));
#6339 = VECTOR('',#6340,1.);
#6340 = DIRECTION('',(0.,1.));
#6341 = ( GEOMETRIC_REPRESENTATION_CONTEXT(2) 
PARAMETRIC_REPRESENTATION_CONTEXT() REPRESENTATION_CONTEXT('2D SPACE',''
  ) );
#6342 = ORIENTED_EDGE('',*,*,#6343,.T.);
#6343 = EDGE_CURVE('',#6321,#6321,#6344,.T.);
#6344 = SURFACE_CURVE('',#6345,(#6350,#6357),.PCURVE_S1.);
#6345 = CIRCLE('',#6346,1.4);
#6346 = AXIS2_PLACEMENT_3D('',#6347,#6348,#6349);
#6347 = CARTESIAN_POINT('',(-149.4,0.,30.));
#6348 = DIRECTION('',(0.,0.,1.));
#6349 = DIRECTION('',(1.,0.,-0.));
#6350 = PCURVE('',#5035,#6351);
#6351 = DEFINITIONAL_REPRESENTATION('',(#6352),#6356);
#6352 = LINE('',#6353,#6354);
#6353 = CARTESIAN_POINT('',(0.,0.));
#6354 = VECTOR('',#6355,1.);
#6355 = DIRECTION('',(1.,0.));
#6356 = ( GEOMETRIC_REPRESENTATION_CONTEXT(2) 
PARAMETRIC_REPRESENTATION_CONTEXT() REPRESENTATION_CONTEXT('2D SPACE',''
  ) );
#6357 = PCURVE('',#6358,#6363);
#6358 = PLANE('',#6359);
#6359 = AXIS2_PLACEMENT_3D('',#6360,#6361,#6362);
#6360 = CARTESIAN_POINT('',(-149.4,0.,30.));
#6361 = DIRECTION('',(0.,0.,1.));
#6362 = DIRECTION('',(1.,0.,-0.));
#6363 = DEFINITIONAL_REPRESENTATION('',(#6364),#6368);
#6364 = CIRCLE('',#6365,1.4);
#6365 = AXIS2_PLACEMENT_2D('',#6366,#6367);
#6366 = CARTESIAN_POINT('',(0.,0.));
#6367 = DIRECTION('',(1.,0.));
#6368 = ( GEOMETRIC_REPRESENTATION_CONTEXT(2) 
PARAMETRIC_REPRESENTATION_CONTEXT() REPRESENTATION_CONTEXT('2D SPACE',''
  ) );
#6369 = ORIENTED_EDGE('',*,*,#6320,.T.);
#6370 = ADVANCED_FACE('',(#6371),#5066,.F.);
#6371 = FACE_BOUND('',#6372,.F.);
#6372 = EDGE_LOOP('',(#6373,#6374,#6397,#6424));
#6373 = ORIENTED_EDGE('',*,*,#5049,.F.);
#6374 = ORIENTED_EDGE('',*,*,#6375,.F.);
#6375 = EDGE_CURVE('',#6376,#5050,#6378,.T.);
#6376 = VERTEX_POINT('',#6377);
#6377 = CARTESIAN_POINT('',(-83.6,111.5,30.));
#6378 = SEAM_CURVE('',#6379,(#6383,#6390),.PCURVE_S1.);
#6379 = LINE('',#6380,#6381);
#6380 = CARTESIAN_POINT('',(-83.6,111.5,30.));
#6381 = VECTOR('',#6382,1.);
#6382 = DIRECTION('',(0.,0.,1.));
#6383 = PCURVE('',#5066,#6384);
#6384 = DEFINITIONAL_REPRESENTATION('',(#6385),#6389);
#6385 = LINE('',#6386,#6387);
#6386 = CARTESIAN_POINT('',(6.28318530718,-0.));
#6387 = VECTOR('',#6388,1.);
#6388 = DIRECTION('',(0.,1.));
#6389 = ( GEOMETRIC_REPRESENTATION_CONTEXT(2) 
PARAMETRIC_REPRESENTATION_CONTEXT() REPRESENTATION_CONTEXT('2D SPACE',''
  ) );
#6390 = PCURVE('',#5066,#6391);
#6391 = DEFINITIONAL_REPRESENTATION('',(#6392),#6396);
#6392 = LINE('',#6393,#6394);
#6393 = CARTESIAN_POINT('',(0.,-0.));
#6394 = VECTOR('',#6395,1.);
#6395 = DIRECTION('',(0.,1.));
#6396 = ( GEOMETRIC_REPRESENTATION_CONTEXT(2) 
PARAMETRIC_REPRESENTATION_CONTEXT() REPRESENTATION_CONTEXT('2D SPACE',''
  ) );
#6397 = ORIENTED_EDGE('',*,*,#6398,.T.);
#6398 = EDGE_CURVE('',#6376,#6376,#6399,.T.);
#6399 = SURFACE_CURVE('',#6400,(#6405,#6412),.PCURVE_S1.);
#6400 = CIRCLE('',#6401,1.4);
#6401 = AXIS2_PLACEMENT_3D('',#6402,#6403,#6404);
#6402 = CARTESIAN_POINT('',(-85.,111.5,30.));
#6403 = DIRECTION('',(0.,0.,1.));
#6404 = DIRECTION('',(1.,0.,-0.));
#6405 = PCURVE('',#5066,#6406);
#6406 = DEFINITIONAL_REPRESENTATION('',(#6407),#6411);
#6407 = LINE('',#6408,#6409);
#6408 = CARTESIAN_POINT('',(0.,0.));
#6409 = VECTOR('',#6410,1.);
#6410 = DIRECTION('',(1.,0.));
#6411 = ( GEOMETRIC_REPRESENTATION_CONTEXT(2) 
PARAMETRIC_REPRESENTATION_CONTEXT() REPRESENTATION_CONTEXT('2D SPACE',''
  ) );
#6412 = PCURVE('',#6413,#6418);
#6413 = PLANE('',#6414);
#6414 = AXIS2_PLACEMENT_3D('',#6415,#6416,#6417);
#6415 = CARTESIAN_POINT('',(-85.,111.5,30.));
#6416 = DIRECTION('',(0.,0.,1.));
#6417 = DIRECTION('',(1.,0.,-0.));
#6418 = DEFINITIONAL_REPRESENTATION('',(#6419),#6423);
#6419 = CIRCLE('',#6420,1.4);
#6420 = AXIS2_PLACEMENT_2D('',#6421,#6422);
#6421 = CARTESIAN_POINT('',(0.,0.));
#6422 = DIRECTION('',(1.,0.));
#6423 = ( GEOMETRIC_REPRESENTATION_CONTEXT(2) 
PARAMETRIC_REPRESENTATION_CONTEXT() REPRESENTATION_CONTEXT('2D SPACE',''
  ) );
#6424 = ORIENTED_EDGE('',*,*,#6375,.T.);
#6425 = ADVANCED_FACE('',(#6426),#5097,.F.);
#6426 = FACE_BOUND('',#6427,.F.);
#6427 = EDGE_LOOP('',(#6428,#6429,#6452,#6479));
#6428 = ORIENTED_EDGE('',*,*,#5080,.F.);
#6429 = ORIENTED_EDGE('',*,*,#6430,.F.);
#6430 = EDGE_CURVE('',#6431,#5081,#6433,.T.);
#6431 = VERTEX_POINT('',#6432);
#6432 = CARTESIAN_POINT('',(150.8,-3.429011037613E-16,30.));
#6433 = SEAM_CURVE('',#6434,(#6438,#6445),.PCURVE_S1.);
#6434 = LINE('',#6435,#6436);
#6435 = CARTESIAN_POINT('',(150.8,-3.429011037613E-16,30.));
#6436 = VECTOR('',#6437,1.);
#6437 = DIRECTION('',(0.,0.,1.));
#6438 = PCURVE('',#5097,#6439);
#6439 = DEFINITIONAL_REPRESENTATION('',(#6440),#6444);
#6440 = LINE('',#6441,#6442);
#6441 = CARTESIAN_POINT('',(6.28318530718,-0.));
#6442 = VECTOR('',#6443,1.);
#6443 = DIRECTION('',(0.,1.));
#6444 = ( GEOMETRIC_REPRESENTATION_CONTEXT(2) 
PARAMETRIC_REPRESENTATION_CONTEXT() REPRESENTATION_CONTEXT('2D SPACE',''
  ) );
#6445 = PCURVE('',#5097,#6446);
#6446 = DEFINITIONAL_REPRESENTATION('',(#6447),#6451);
#6447 = LINE('',#6448,#6449);
#6448 = CARTESIAN_POINT('',(0.,-0.));
#6449 = VECTOR('',#6450,1.);
#6450 = DIRECTION('',(0.,1.));
#6451 = ( GEOMETRIC_REPRESENTATION_CONTEXT(2) 
PARAMETRIC_REPRESENTATION_CONTEXT() REPRESENTATION_CONTEXT('2D SPACE',''
  ) );
#6452 = ORIENTED_EDGE('',*,*,#6453,.T.);
#6453 = EDGE_CURVE('',#6431,#6431,#6454,.T.);
#6454 = SURFACE_CURVE('',#6455,(#6460,#6467),.PCURVE_S1.);
#6455 = CIRCLE('',#6456,1.4);
#6456 = AXIS2_PLACEMENT_3D('',#6457,#6458,#6459);
#6457 = CARTESIAN_POINT('',(149.4,0.,30.));
#6458 = DIRECTION('',(0.,0.,1.));
#6459 = DIRECTION('',(1.,0.,-0.));
#6460 = PCURVE('',#5097,#6461);
#6461 = DEFINITIONAL_REPRESENTATION('',(#6462),#6466);
#6462 = LINE('',#6463,#6464);
#6463 = CARTESIAN_POINT('',(0.,0.));
#6464 = VECTOR('',#6465,1.);
#6465 = DIRECTION('',(1.,0.));
#6466 = ( GEOMETRIC_REPRESENTATION_CONTEXT(2) 
PARAMETRIC_REPRESENTATION_CONTEXT() REPRESENTATION_CONTEXT('2D SPACE',''
  ) );
#6467 = PCURVE('',#6468,#6473);
#6468 = PLANE('',#6469);
#6469 = AXIS2_PLACEMENT_3D('',#6470,#6471,#6472);
#6470 = CARTESIAN_POINT('',(149.4,0.,30.));
#6471 = DIRECTION('',(0.,0.,1.));
#6472 = DIRECTION('',(1.,0.,-0.));
#6473 = DEFINITIONAL_REPRESENTATION('',(#6474),#6478);
#6474 = CIRCLE('',#6475,1.4);
#6475 = AXIS2_PLACEMENT_2D('',#6476,#6477);
#6476 = CARTESIAN_POINT('',(0.,0.));
#6477 = DIRECTION('',(1.,0.));
#6478 = ( GEOMETRIC_REPRESENTATION_CONTEXT(2) 
PARAMETRIC_REPRESENTATION_CONTEXT() REPRESENTATION_CONTEXT('2D SPACE',''
  ) );
#6479 = ORIENTED_EDGE('',*,*,#6430,.T.);
#6480 = ADVANCED_FACE('',(#6481),#5128,.F.);
#6481 = FACE_BOUND('',#6482,.F.);
#6482 = EDGE_LOOP('',(#6483,#6484,#6507,#6534));
#6483 = ORIENTED_EDGE('',*,*,#5111,.F.);
#6484 = ORIENTED_EDGE('',*,*,#6485,.F.);
#6485 = EDGE_CURVE('',#6486,#5112,#6488,.T.);
#6486 = VERTEX_POINT('',#6487);
#6487 = CARTESIAN_POINT('',(1.4,111.5,30.));
#6488 = SEAM_CURVE('',#6489,(#6493,#6500),.PCURVE_S1.);
#6489 = LINE('',#6490,#6491);
#6490 = CARTESIAN_POINT('',(1.4,111.5,30.));
#6491 = VECTOR('',#6492,1.);
#6492 = DIRECTION('',(0.,0.,1.));
#6493 = PCURVE('',#5128,#6494);
#6494 = DEFINITIONAL_REPRESENTATION('',(#6495),#6499);
#6495 = LINE('',#6496,#6497);
#6496 = CARTESIAN_POINT('',(6.28318530718,-0.));
#6497 = VECTOR('',#6498,1.);
#6498 = DIRECTION('',(0.,1.));
#6499 = ( GEOMETRIC_REPRESENTATION_CONTEXT(2) 
PARAMETRIC_REPRESENTATION_CONTEXT() REPRESENTATION_CONTEXT('2D SPACE',''
  ) );
#6500 = PCURVE('',#5128,#6501);
#6501 = DEFINITIONAL_REPRESENTATION('',(#6502),#6506);
#6502 = LINE('',#6503,#6504);
#6503 = CARTESIAN_POINT('',(0.,-0.));
#6504 = VECTOR('',#6505,1.);
#6505 = DIRECTION('',(0.,1.));
#6506 = ( GEOMETRIC_REPRESENTATION_CONTEXT(2) 
PARAMETRIC_REPRESENTATION_CONTEXT() REPRESENTATION_CONTEXT('2D SPACE',''
  ) );
#6507 = ORIENTED_EDGE('',*,*,#6508,.T.);
#6508 = EDGE_CURVE('',#6486,#6486,#6509,.T.);
#6509 = SURFACE_CURVE('',#6510,(#6515,#6522),.PCURVE_S1.);
#6510 = CIRCLE('',#6511,1.4);
#6511 = AXIS2_PLACEMENT_3D('',#6512,#6513,#6514);
#6512 = CARTESIAN_POINT('',(0.,111.5,30.));
#6513 = DIRECTION('',(0.,0.,1.));
#6514 = DIRECTION('',(1.,0.,-0.));
#6515 = PCURVE('',#5128,#6516);
#6516 = DEFINITIONAL_REPRESENTATION('',(#6517),#6521);
#6517 = LINE('',#6518,#6519);
#6518 = CARTESIAN_POINT('',(0.,0.));
#6519 = VECTOR('',#6520,1.);
#6520 = DIRECTION('',(1.,0.));
#6521 = ( GEOMETRIC_REPRESENTATION_CONTEXT(2) 
PARAMETRIC_REPRESENTATION_CONTEXT() REPRESENTATION_CONTEXT('2D SPACE',''
  ) );
#6522 = PCURVE('',#6523,#6528);
#6523 = PLANE('',#6524);
#6524 = AXIS2_PLACEMENT_3D('',#6525,#6526,#6527);
#6525 = CARTESIAN_POINT('',(0.,111.5,30.));
#6526 = DIRECTION('',(0.,0.,1.));
#6527 = DIRECTION('',(1.,0.,-0.));
#6528 = DEFINITIONAL_REPRESENTATION('',(#6529),#6533);
#6529 = CIRCLE('',#6530,1.4);
#6530 = AXIS2_PLACEMENT_2D('',#6531,#6532);
#6531 = CARTESIAN_POINT('',(0.,0.));
#6532 = DIRECTION('',(1.,0.));
#6533 = ( GEOMETRIC_REPRESENTATION_CONTEXT(2) 
PARAMETRIC_REPRESENTATION_CONTEXT() REPRESENTATION_CONTEXT('2D SPACE',''
  ) );
#6534 = ORIENTED_EDGE('',*,*,#6485,.T.);
#6535 = ADVANCED_FACE('',(#6536),#5159,.F.);
#6536 = FACE_BOUND('',#6537,.F.);
#6537 = EDGE_LOOP('',(#6538,#6539,#6562,#6589));
#6538 = ORIENTED_EDGE('',*,*,#5142,.F.);
#6539 = ORIENTED_EDGE('',*,*,#6540,.F.);
#6540 = EDGE_CURVE('',#6541,#5143,#6543,.T.);
#6541 = VERTEX_POINT('',#6542);
#6542 = CARTESIAN_POINT('',(86.4,111.5,30.));
#6543 = SEAM_CURVE('',#6544,(#6548,#6555),.PCURVE_S1.);
#6544 = LINE('',#6545,#6546);
#6545 = CARTESIAN_POINT('',(86.4,111.5,30.));
#6546 = VECTOR('',#6547,1.);
#6547 = DIRECTION('',(0.,0.,1.));
#6548 = PCURVE('',#5159,#6549);
#6549 = DEFINITIONAL_REPRESENTATION('',(#6550),#6554);
#6550 = LINE('',#6551,#6552);
#6551 = CARTESIAN_POINT('',(6.28318530718,-0.));
#6552 = VECTOR('',#6553,1.);
#6553 = DIRECTION('',(0.,1.));
#6554 = ( GEOMETRIC_REPRESENTATION_CONTEXT(2) 
PARAMETRIC_REPRESENTATION_CONTEXT() REPRESENTATION_CONTEXT('2D SPACE',''
  ) );
#6555 = PCURVE('',#5159,#6556);
#6556 = DEFINITIONAL_REPRESENTATION('',(#6557),#6561);
#6557 = LINE('',#6558,#6559);
#6558 = CARTESIAN_POINT('',(0.,-0.));
#6559 = VECTOR('',#6560,1.);
#6560 = DIRECTION('',(0.,1.));
#6561 = ( GEOMETRIC_REPRESENTATION_CONTEXT(2) 
PARAMETRIC_REPRESENTATION_CONTEXT() REPRESENTATION_CONTEXT('2D SPACE',''
  ) );
#6562 = ORIENTED_EDGE('',*,*,#6563,.T.);
#6563 = EDGE_CURVE('',#6541,#6541,#6564,.T.);
#6564 = SURFACE_CURVE('',#6565,(#6570,#6577),.PCURVE_S1.);
#6565 = CIRCLE('',#6566,1.4);
#6566 = AXIS2_PLACEMENT_3D('',#6567,#6568,#6569);
#6567 = CARTESIAN_POINT('',(85.,111.5,30.));
#6568 = DIRECTION('',(0.,0.,1.));
#6569 = DIRECTION('',(1.,0.,-0.));
#6570 = PCURVE('',#5159,#6571);
#6571 = DEFINITIONAL_REPRESENTATION('',(#6572),#6576);
#6572 = LINE('',#6573,#6574);
#6573 = CARTESIAN_POINT('',(0.,0.));
#6574 = VECTOR('',#6575,1.);
#6575 = DIRECTION('',(1.,0.));
#6576 = ( GEOMETRIC_REPRESENTATION_CONTEXT(2) 
PARAMETRIC_REPRESENTATION_CONTEXT() REPRESENTATION_CONTEXT('2D SPACE',''
  ) );
#6577 = PCURVE('',#6578,#6583);
#6578 = PLANE('',#6579);
#6579 = AXIS2_PLACEMENT_3D('',#6580,#6581,#6582);
#6580 = CARTESIAN_POINT('',(85.,111.5,30.));
#6581 = DIRECTION('',(0.,0.,1.));
#6582 = DIRECTION('',(1.,0.,-0.));
#6583 = DEFINITIONAL_REPRESENTATION('',(#6584),#6588);
#6584 = CIRCLE('',#6585,1.4);
#6585 = AXIS2_PLACEMENT_2D('',#6586,#6587);
#6586 = CARTESIAN_POINT('',(0.,0.));
#6587 = DIRECTION('',(1.,0.));
#6588 = ( GEOMETRIC_REPRESENTATION_CONTEXT(2) 
PARAMETRIC_REPRESENTATION_CONTEXT() REPRESENTATION_CONTEXT('2D SPACE',''
  ) );
#6589 = ORIENTED_EDGE('',*,*,#6540,.T.);
#6590 = ADVANCED_FACE('',(#6591,#6601),#5213,.T.);
#6591 = FACE_BOUND('',#6592,.T.);
#6592 = EDGE_LOOP('',(#6593,#6594,#6595,#6596,#6597,#6598,#6599,#6600));
#6593 = ORIENTED_EDGE('',*,*,#5756,.F.);
#6594 = ORIENTED_EDGE('',*,*,#5197,.T.);
#6595 = ORIENTED_EDGE('',*,*,#5564,.T.);
#6596 = ORIENTED_EDGE('',*,*,#5491,.F.);
#6597 = ORIENTED_EDGE('',*,*,#5996,.F.);
#6598 = ORIENTED_EDGE('',*,*,#6072,.F.);
#6599 = ORIENTED_EDGE('',*,*,#5852,.F.);
#6600 = ORIENTED_EDGE('',*,*,#5802,.T.);
#6601 = FACE_BOUND('',#6602,.T.);
#6602 = EDGE_LOOP('',(#6603,#6604,#6605,#6606));
#6603 = ORIENTED_EDGE('',*,*,#5323,.F.);
#6604 = ORIENTED_EDGE('',*,*,#5419,.F.);
#6605 = ORIENTED_EDGE('',*,*,#5445,.T.);
#6606 = ORIENTED_EDGE('',*,*,#5371,.T.);
#6607 = ADVANCED_FACE('',(#6608),#5625,.T.);
#6608 = FACE_BOUND('',#6609,.T.);
#6609 = EDGE_LOOP('',(#6610,#6611,#6612,#6634));
#6610 = ORIENTED_EDGE('',*,*,#5730,.F.);
#6611 = ORIENTED_EDGE('',*,*,#5608,.T.);
#6612 = ORIENTED_EDGE('',*,*,#6613,.T.);
#6613 = EDGE_CURVE('',#5609,#5647,#6614,.T.);
#6614 = SURFACE_CURVE('',#6615,(#6620,#6627),.PCURVE_S1.);
#6615 = CIRCLE('',#6616,1.);
#6616 = AXIS2_PLACEMENT_3D('',#6617,#6618,#6619);
#6617 = CARTESIAN_POINT('',(149.4,0.,8.5));
#6618 = DIRECTION('',(0.,0.,1.));
#6619 = DIRECTION('',(1.,0.,-0.));
#6620 = PCURVE('',#5625,#6621);
#6621 = DEFINITIONAL_REPRESENTATION('',(#6622),#6626);
#6622 = LINE('',#6623,#6624);
#6623 = CARTESIAN_POINT('',(0.,0.));
#6624 = VECTOR('',#6625,1.);
#6625 = DIRECTION('',(1.,0.));
#6626 = ( GEOMETRIC_REPRESENTATION_CONTEXT(2) 
PARAMETRIC_REPRESENTATION_CONTEXT() REPRESENTATION_CONTEXT('2D SPACE',''
  ) );
#6627 = PCURVE('',#5661,#6628);
#6628 = DEFINITIONAL_REPRESENTATION('',(#6629),#6633);
#6629 = CIRCLE('',#6630,1.);
#6630 = AXIS2_PLACEMENT_2D('',#6631,#6632);
#6631 = CARTESIAN_POINT('',(0.,0.));
#6632 = DIRECTION('',(1.,0.));
#6633 = ( GEOMETRIC_REPRESENTATION_CONTEXT(2) 
PARAMETRIC_REPRESENTATION_CONTEXT() REPRESENTATION_CONTEXT('2D SPACE',''
  ) );
#6634 = ORIENTED_EDGE('',*,*,#5672,.T.);
#6635 = ADVANCED_FACE('',(#6636),#5661,.F.);
#6636 = FACE_BOUND('',#6637,.F.);
#6637 = EDGE_LOOP('',(#6638,#6639));
#6638 = ORIENTED_EDGE('',*,*,#5646,.F.);
#6639 = ORIENTED_EDGE('',*,*,#6613,.T.);
#6640 = ADVANCED_FACE('',(#6641),#5935,.T.);
#6641 = FACE_BOUND('',#6642,.T.);
#6642 = EDGE_LOOP('',(#6643,#6666,#6667,#6668,#6669,#6670));
#6643 = ORIENTED_EDGE('',*,*,#6644,.T.);
#6644 = EDGE_CURVE('',#6645,#6023,#6647,.T.);
#6645 = VERTEX_POINT('',#6646);
#6646 = CARTESIAN_POINT('',(-148.4,-2.449293598295E-16,8.5));
#6647 = SEAM_CURVE('',#6648,(#6652,#6659),.PCURVE_S1.);
#6648 = LINE('',#6649,#6650);
#6649 = CARTESIAN_POINT('',(-148.4,-2.449293598295E-16,8.5));
#6650 = VECTOR('',#6651,1.);
#6651 = DIRECTION('',(0.650791373456,-1.593979144831E-16,0.759256602365)
  );
#6652 = PCURVE('',#5935,#6653);
#6653 = DEFINITIONAL_REPRESENTATION('',(#6654),#6658);
#6654 = LINE('',#6655,#6656);
#6655 = CARTESIAN_POINT('',(6.28318530718,-0.));
#6656 = VECTOR('',#6657,1.);
#6657 = DIRECTION('',(0.,1.));
#6658 = ( GEOMETRIC_REPRESENTATION_CONTEXT(2) 
PARAMETRIC_REPRESENTATION_CONTEXT() REPRESENTATION_CONTEXT('2D SPACE',''
  ) );
#6659 = PCURVE('',#5935,#6660);
#6660 = DEFINITIONAL_REPRESENTATION('',(#6661),#6665);
#6661 = LINE('',#6662,#6663);
#6662 = CARTESIAN_POINT('',(0.,-0.));
#6663 = VECTOR('',#6664,1.);
#6664 = DIRECTION('',(0.,1.));
#6665 = ( GEOMETRIC_REPRESENTATION_CONTEXT(2) 
PARAMETRIC_REPRESENTATION_CONTEXT() REPRESENTATION_CONTEXT('2D SPACE',''
  ) );
#6666 = ORIENTED_EDGE('',*,*,#6022,.F.);
#6667 = ORIENTED_EDGE('',*,*,#5918,.F.);
#6668 = ORIENTED_EDGE('',*,*,#6045,.F.);
#6669 = ORIENTED_EDGE('',*,*,#6644,.F.);
#6670 = ORIENTED_EDGE('',*,*,#6671,.T.);
#6671 = EDGE_CURVE('',#6645,#6645,#6672,.T.);
#6672 = SURFACE_CURVE('',#6673,(#6678,#6685),.PCURVE_S1.);
#6673 = CIRCLE('',#6674,1.);
#6674 = AXIS2_PLACEMENT_3D('',#6675,#6676,#6677);
#6675 = CARTESIAN_POINT('',(-149.4,0.,8.5));
#6676 = DIRECTION('',(0.,0.,1.));
#6677 = DIRECTION('',(1.,0.,-0.));
#6678 = PCURVE('',#5935,#6679);
#6679 = DEFINITIONAL_REPRESENTATION('',(#6680),#6684);
#6680 = LINE('',#6681,#6682);
#6681 = CARTESIAN_POINT('',(0.,0.));
#6682 = VECTOR('',#6683,1.);
#6683 = DIRECTION('',(1.,0.));
#6684 = ( GEOMETRIC_REPRESENTATION_CONTEXT(2) 
PARAMETRIC_REPRESENTATION_CONTEXT() REPRESENTATION_CONTEXT('2D SPACE',''
  ) );
#6685 = PCURVE('',#6686,#6691);
#6686 = PLANE('',#6687);
#6687 = AXIS2_PLACEMENT_3D('',#6688,#6689,#6690);
#6688 = CARTESIAN_POINT('',(-149.4,0.,8.5));
#6689 = DIRECTION('',(0.,0.,1.));
#6690 = DIRECTION('',(1.,0.,-0.));
#6691 = DEFINITIONAL_REPRESENTATION('',(#6692),#6696);
#6692 = CIRCLE('',#6693,1.);
#6693 = AXIS2_PLACEMENT_2D('',#6694,#6695);
#6694 = CARTESIAN_POINT('',(0.,0.));
#6695 = DIRECTION('',(1.,0.));
#6696 = ( GEOMETRIC_REPRESENTATION_CONTEXT(2) 
PARAMETRIC_REPRESENTATION_CONTEXT() REPRESENTATION_CONTEXT('2D SPACE',''
  ) );
#6697 = ADVANCED_FACE('',(#6698),#6138,.T.);
#6698 = FACE_BOUND('',#6699,.F.);
#6699 = EDGE_LOOP('',(#6700));
#6700 = ORIENTED_EDGE('',*,*,#6123,.F.);
#6701 = ADVANCED_FACE('',(#6702),#6193,.T.);
#6702 = FACE_BOUND('',#6703,.F.);
#6703 = EDGE_LOOP('',(#6704));
#6704 = ORIENTED_EDGE('',*,*,#6178,.F.);
#6705 = ADVANCED_FACE('',(#6706),#6248,.T.);
#6706 = FACE_BOUND('',#6707,.F.);
#6707 = EDGE_LOOP('',(#6708));
#6708 = ORIENTED_EDGE('',*,*,#6233,.F.);
#6709 = ADVANCED_FACE('',(#6710),#6303,.T.);
#6710 = FACE_BOUND('',#6711,.F.);
#6711 = EDGE_LOOP('',(#6712));
#6712 = ORIENTED_EDGE('',*,*,#6288,.F.);
#6713 = ADVANCED_FACE('',(#6714),#6358,.T.);
#6714 = FACE_BOUND('',#6715,.F.);
#6715 = EDGE_LOOP('',(#6716));
#6716 = ORIENTED_EDGE('',*,*,#6343,.F.);
#6717 = ADVANCED_FACE('',(#6718),#6413,.T.);
#6718 = FACE_BOUND('',#6719,.F.);
#6719 = EDGE_LOOP('',(#6720));
#6720 = ORIENTED_EDGE('',*,*,#6398,.F.);
#6721 = ADVANCED_FACE('',(#6722),#6468,.T.);
#6722 = FACE_BOUND('',#6723,.F.);
#6723 = EDGE_LOOP('',(#6724));
#6724 = ORIENTED_EDGE('',*,*,#6453,.F.);
#6725 = ADVANCED_FACE('',(#6726),#6523,.T.);
#6726 = FACE_BOUND('',#6727,.F.);
#6727 = EDGE_LOOP('',(#6728));
#6728 = ORIENTED_EDGE('',*,*,#6508,.F.);
#6729 = ADVANCED_FACE('',(#6730),#6578,.T.);
#6730 = FACE_BOUND('',#6731,.F.);
#6731 = EDGE_LOOP('',(#6732));
#6732 = ORIENTED_EDGE('',*,*,#6563,.F.);
#6733 = ADVANCED_FACE('',(#6734),#6686,.F.);
#6734 = FACE_BOUND('',#6735,.T.);
#6735 = EDGE_LOOP('',(#6736));
#6736 = ORIENTED_EDGE('',*,*,#6671,.F.);
#6737 = ( GEOMETRIC_REPRESENTATION_CONTEXT(3) 
GLOBAL_UNCERTAINTY_ASSIGNED_CONTEXT((#6741)) 
GLOBAL_UNIT_ASSIGNED_CONTEXT((#6738,#6739,#6740)) REPRESENTATION_CONTEXT
('Context #1','3D Context with UNIT and UNCERTAINTY') );
#6738 = ( LENGTH_UNIT() NAMED_UNIT(*) SI_UNIT(.MILLI.,.METRE.) );
#6739 = ( NAMED_UNIT(*) PLANE_ANGLE_UNIT() SI_UNIT($,.RADIAN.) );
#6740 = ( NAMED_UNIT(*) SI_UNIT($,.STERADIAN.) SOLID_ANGLE_UNIT() );
#6741 = UNCERTAINTY_MEASURE_WITH_UNIT(LENGTH_MEASURE(5.E-06),#6738,
  'distance_accuracy_value','confusion accuracy');
#6742 = CONTEXT_DEPENDENT_SHAPE_REPRESENTATION(#6743,#6745);
#6743 = ( REPRESENTATION_RELATIONSHIP('','',#67,#44) 
REPRESENTATION_RELATIONSHIP_WITH_TRANSFORMATION(#6744) 
SHAPE_REPRESENTATION_RELATIONSHIP() );
#6744 = ITEM_DEFINED_TRANSFORMATION('','',#11,#45);
#6745 = PRODUCT_DEFINITION_SHAPE('Placement','Placement of an item',
  #6746);
#6746 = NEXT_ASSEMBLY_USAGE_OCCURRENCE('1','=>[0:1:1:3]','',#39,#62,$);
#6747 = PRODUCT_RELATED_PRODUCT_CATEGORY('part',$,(#64));
#6748 = SHAPE_DEFINITION_REPRESENTATION(#6749,#6755);
#6749 = PRODUCT_DEFINITION_SHAPE('','',#6750);
#6750 = PRODUCT_DEFINITION('design','',#6751,#6754);
#6751 = PRODUCT_DEFINITION_FORMATION('','',#6752);
#6752 = PRODUCT('back_cover','back_cover','',(#6753));
#6753 = PRODUCT_CONTEXT('',#2,'mechanical');
#6754 = PRODUCT_DEFINITION_CONTEXT('part definition',#2,'design');
#6755 = SHAPE_REPRESENTATION('',(#11,#6756),#6760);
#6756 = AXIS2_PLACEMENT_3D('',#6757,#6758,#6759);
#6757 = CARTESIAN_POINT('',(0.,0.,0.));
#6758 = DIRECTION('',(0.,0.,1.));
#6759 = DIRECTION('',(1.,0.,-0.));
#6760 = ( GEOMETRIC_REPRESENTATION_CONTEXT(3) 
GLOBAL_UNCERTAINTY_ASSIGNED_CONTEXT((#6764)) 
GLOBAL_UNIT_ASSIGNED_CONTEXT((#6761,#6762,#6763)) REPRESENTATION_CONTEXT
('Context #1','3D Context with UNIT and UNCERTAINTY') );
#6761 = ( LENGTH_UNIT() NAMED_UNIT(*) SI_UNIT(.MILLI.,.METRE.) );
#6762 = ( NAMED_UNIT(*) PLANE_ANGLE_UNIT() SI_UNIT($,.RADIAN.) );
#6763 = ( NAMED_UNIT(*) SI_UNIT($,.STERADIAN.) SOLID_ANGLE_UNIT() );
#6764 = UNCERTAINTY_MEASURE_WITH_UNIT(LENGTH_MEASURE(2.E-07),#6761,
  'distance_accuracy_value','confusion accuracy');
#6765 = CONTEXT_DEPENDENT_SHAPE_REPRESENTATION(#6766,#6768);
#6766 = ( REPRESENTATION_RELATIONSHIP('','',#6755,#10) 
REPRESENTATION_RELATIONSHIP_WITH_TRANSFORMATION(#6767) 
SHAPE_REPRESENTATION_RELATIONSHIP() );
#6767 = ITEM_DEFINED_TRANSFORMATION('','',#11,#19);
#6768 = PRODUCT_DEFINITION_SHAPE('Placement','Placement of an item',
  #6769);
#6769 = NEXT_ASSEMBLY_USAGE_OCCURRENCE('4','back_cover','',#5,#6750,$);
#6770 = PRODUCT_RELATED_PRODUCT_CATEGORY('part',$,(#6752));
#6771 = SHAPE_DEFINITION_REPRESENTATION(#6772,#6778);
#6772 = PRODUCT_DEFINITION_SHAPE('','',#6773);
#6773 = PRODUCT_DEFINITION('design','',#6774,#6777);
#6774 = PRODUCT_DEFINITION_FORMATION('','',#6775);
#6775 = PRODUCT('COMPOUND','COMPOUND','',(#6776));
#6776 = PRODUCT_CONTEXT('',#2,'mechanical');
#6777 = PRODUCT_DEFINITION_CONTEXT('part definition',#2,'design');
#6778 = ADVANCED_BREP_SHAPE_REPRESENTATION('',(#11,#6779),#18846);
#6779 = MANIFOLD_SOLID_BREP('',#6780);
#6780 = CLOSED_SHELL('',(#6781,#6901,#6975,#8925,#8974,#11176,#11203,
    #11230,#11255,#11282,#11289,#11339,#11389,#11634,#11681,#11728,
    #11857,#11907,#11957,#12004,#12031,#12058,#12065,#12115,#12162,
    #12189,#12216,#12223,#12270,#12297,#12324,#12331,#12378,#12405,
    #12432,#12439,#12486,#12513,#12540,#12547,#12792,#12839,#12886,
    #13015,#13065,#13305,#13352,#13399,#13528,#13578,#13625,#13652,
    #13679,#13686,#13733,#13760,#13787,#13794,#13841,#13868,#13895,
    #13902,#13949,#13976,#14003,#14010,#14057,#14084,#14111,#14118,
    #14168,#14413,#14460,#14507,#14636,#14686,#14741,#14768,#14795,
    #14866,#14915,#14964,#14991,#15067,#15222,#15357,#15384,#15411,
    #15487,#15642,#15777,#15804,#15831,#15886,#15962,#16117,#16166,
    #16279,#16306,#16361,#16416,#16443,#16512,#16561,#16610,#16659,
    #16708,#16755,#16804,#16831,#16858,#16913,#16940,#17011,#17060,
    #17109,#17136,#17163,#17218,#17245,#17293,#17340,#17415,#17464,
    #17490,#17517,#17525,#17533,#17560,#17608,#17656,#17824,#17873,
    #17899,#17926,#17934,#17942,#17969,#18017,#18044,#18093,#18119,
    #18146,#18154,#18162,#18189,#18237,#18284,#18359,#18408,#18434,
    #18461,#18469,#18477,#18481,#18488,#18535,#18562,#18589,#18596,
    #18603,#18650,#18677,#18704,#18711,#18715,#18722,#18769,#18796,
    #18823,#18830,#18834,#18838,#18842));
#6781 = ADVANCED_FACE('',(#6782),#6796,.F.);
#6782 = FACE_BOUND('',#6783,.F.);
#6783 = EDGE_LOOP('',(#6784,#6819,#6847,#6875));
#6784 = ORIENTED_EDGE('',*,*,#6785,.F.);
#6785 = EDGE_CURVE('',#6786,#6788,#6790,.T.);
#6786 = VERTEX_POINT('',#6787);
#6787 = CARTESIAN_POINT('',(-153.2,-118.4,42.1));
#6788 = VERTEX_POINT('',#6789);
#6789 = CARTESIAN_POINT('',(-153.2,-118.4,44.5));
#6790 = SURFACE_CURVE('',#6791,(#6795,#6807),.PCURVE_S1.);
#6791 = LINE('',#6792,#6793);
#6792 = CARTESIAN_POINT('',(-153.2,-118.4,42.1));
#6793 = VECTOR('',#6794,1.);
#6794 = DIRECTION('',(0.,0.,1.));
#6795 = PCURVE('',#6796,#6801);
#6796 = PLANE('',#6797);
#6797 = AXIS2_PLACEMENT_3D('',#6798,#6799,#6800);
#6798 = CARTESIAN_POINT('',(-153.2,-118.4,42.1));
#6799 = DIRECTION('',(1.,0.,-0.));
#6800 = DIRECTION('',(0.,0.,1.));
#6801 = DEFINITIONAL_REPRESENTATION('',(#6802),#6806);
#6802 = LINE('',#6803,#6804);
#6803 = CARTESIAN_POINT('',(0.,0.));
#6804 = VECTOR('',#6805,1.);
#6805 = DIRECTION('',(1.,0.));
#6806 = ( GEOMETRIC_REPRESENTATION_CONTEXT(2) 
PARAMETRIC_REPRESENTATION_CONTEXT() REPRESENTATION_CONTEXT('2D SPACE',''
  ) );
#6807 = PCURVE('',#6808,#6813);
#6808 = PLANE('',#6809);
#6809 = AXIS2_PLACEMENT_3D('',#6810,#6811,#6812);
#6810 = CARTESIAN_POINT('',(-153.2,-118.4,42.1));
#6811 = DIRECTION('',(-0.,1.,0.));
#6812 = DIRECTION('',(0.,0.,1.));
#6813 = DEFINITIONAL_REPRESENTATION('',(#6814),#6818);
#6814 = LINE('',#6815,#6816);
#6815 = CARTESIAN_POINT('',(0.,0.));
#6816 = VECTOR('',#6817,1.);
#6817 = DIRECTION('',(1.,0.));
#6818 = ( GEOMETRIC_REPRESENTATION_CONTEXT(2) 
PARAMETRIC_REPRESENTATION_CONTEXT() REPRESENTATION_CONTEXT('2D SPACE',''
  ) );
#6819 = ORIENTED_EDGE('',*,*,#6820,.T.);
#6820 = EDGE_CURVE('',#6786,#6821,#6823,.T.);
#6821 = VERTEX_POINT('',#6822);
#6822 = CARTESIAN_POINT('',(-153.2,118.4,42.1));
#6823 = SURFACE_CURVE('',#6824,(#6828,#6835),.PCURVE_S1.);
#6824 = LINE('',#6825,#6826);
#6825 = CARTESIAN_POINT('',(-153.2,-118.4,42.1));
#6826 = VECTOR('',#6827,1.);
#6827 = DIRECTION('',(-0.,1.,0.));
#6828 = PCURVE('',#6796,#6829);
#6829 = DEFINITIONAL_REPRESENTATION('',(#6830),#6834);
#6830 = LINE('',#6831,#6832);
#6831 = CARTESIAN_POINT('',(0.,0.));
#6832 = VECTOR('',#6833,1.);
#6833 = DIRECTION('',(0.,-1.));
#6834 = ( GEOMETRIC_REPRESENTATION_CONTEXT(2) 
PARAMETRIC_REPRESENTATION_CONTEXT() REPRESENTATION_CONTEXT('2D SPACE',''
  ) );
#6835 = PCURVE('',#6836,#6841);
#6836 = PLANE('',#6837);
#6837 = AXIS2_PLACEMENT_3D('',#6838,#6839,#6840);
#6838 = CARTESIAN_POINT('',(-153.2,-118.4,42.1));
#6839 = DIRECTION('',(0.,0.,1.));
#6840 = DIRECTION('',(1.,0.,-0.));
#6841 = DEFINITIONAL_REPRESENTATION('',(#6842),#6846);
#6842 = LINE('',#6843,#6844);
#6843 = CARTESIAN_POINT('',(0.,0.));
#6844 = VECTOR('',#6845,1.);
#6845 = DIRECTION('',(0.,1.));
#6846 = ( GEOMETRIC_REPRESENTATION_CONTEXT(2) 
PARAMETRIC_REPRESENTATION_CONTEXT() REPRESENTATION_CONTEXT('2D SPACE',''
  ) );
#6847 = ORIENTED_EDGE('',*,*,#6848,.T.);
#6848 = EDGE_CURVE('',#6821,#6849,#6851,.T.);
#6849 = VERTEX_POINT('',#6850);
#6850 = CARTESIAN_POINT('',(-153.2,118.4,44.5));
#6851 = SURFACE_CURVE('',#6852,(#6856,#6863),.PCURVE_S1.);
#6852 = LINE('',#6853,#6854);
#6853 = CARTESIAN_POINT('',(-153.2,118.4,42.1));
#6854 = VECTOR('',#6855,1.);
#6855 = DIRECTION('',(0.,0.,1.));
#6856 = PCURVE('',#6796,#6857);
#6857 = DEFINITIONAL_REPRESENTATION('',(#6858),#6862);
#6858 = LINE('',#6859,#6860);
#6859 = CARTESIAN_POINT('',(0.,-236.8));
#6860 = VECTOR('',#6861,1.);
#6861 = DIRECTION('',(1.,0.));
#6862 = ( GEOMETRIC_REPRESENTATION_CONTEXT(2) 
PARAMETRIC_REPRESENTATION_CONTEXT() REPRESENTATION_CONTEXT('2D SPACE',''
  ) );
#6863 = PCURVE('',#6864,#6869);
#6864 = PLANE('',#6865);
#6865 = AXIS2_PLACEMENT_3D('',#6866,#6867,#6868);
#6866 = CARTESIAN_POINT('',(-153.2,118.4,42.1));
#6867 = DIRECTION('',(-0.,1.,0.));
#6868 = DIRECTION('',(0.,0.,1.));
#6869 = DEFINITIONAL_REPRESENTATION('',(#6870),#6874);
#6870 = LINE('',#6871,#6872);
#6871 = CARTESIAN_POINT('',(0.,0.));
#6872 = VECTOR('',#6873,1.);
#6873 = DIRECTION('',(1.,0.));
#6874 = ( GEOMETRIC_REPRESENTATION_CONTEXT(2) 
PARAMETRIC_REPRESENTATION_CONTEXT() REPRESENTATION_CONTEXT('2D SPACE',''
  ) );
#6875 = ORIENTED_EDGE('',*,*,#6876,.F.);
#6876 = EDGE_CURVE('',#6788,#6849,#6877,.T.);
#6877 = SURFACE_CURVE('',#6878,(#6882,#6889),.PCURVE_S1.);
#6878 = LINE('',#6879,#6880);
#6879 = CARTESIAN_POINT('',(-153.2,-118.4,44.5));
#6880 = VECTOR('',#6881,1.);
#6881 = DIRECTION('',(-0.,1.,0.));
#6882 = PCURVE('',#6796,#6883);
#6883 = DEFINITIONAL_REPRESENTATION('',(#6884),#6888);
#6884 = LINE('',#6885,#6886);
#6885 = CARTESIAN_POINT('',(2.4,0.));
#6886 = VECTOR('',#6887,1.);
#6887 = DIRECTION('',(0.,-1.));
#6888 = ( GEOMETRIC_REPRESENTATION_CONTEXT(2) 
PARAMETRIC_REPRESENTATION_CONTEXT() REPRESENTATION_CONTEXT('2D SPACE',''
  ) );
#6889 = PCURVE('',#6890,#6895);
#6890 = PLANE('',#6891);
#6891 = AXIS2_PLACEMENT_3D('',#6892,#6893,#6894);
#6892 = CARTESIAN_POINT('',(-153.2,-118.4,44.5));
#6893 = DIRECTION('',(0.,0.,1.));
#6894 = DIRECTION('',(1.,0.,-0.));
#6895 = DEFINITIONAL_REPRESENTATION('',(#6896),#6900);
#6896 = LINE('',#6897,#6898);
#6897 = CARTESIAN_POINT('',(0.,0.));
#6898 = VECTOR('',#6899,1.);
#6899 = DIRECTION('',(0.,1.));
#6900 = ( GEOMETRIC_REPRESENTATION_CONTEXT(2) 
PARAMETRIC_REPRESENTATION_CONTEXT() REPRESENTATION_CONTEXT('2D SPACE',''
  ) );
#6901 = ADVANCED_FACE('',(#6902),#6808,.F.);
#6902 = FACE_BOUND('',#6903,.F.);
#6903 = EDGE_LOOP('',(#6904,#6927,#6928,#6951));
#6904 = ORIENTED_EDGE('',*,*,#6905,.F.);
#6905 = EDGE_CURVE('',#6786,#6906,#6908,.T.);
#6906 = VERTEX_POINT('',#6907);
#6907 = CARTESIAN_POINT('',(-22.,-118.4,42.1));
#6908 = SURFACE_CURVE('',#6909,(#6913,#6920),.PCURVE_S1.);
#6909 = LINE('',#6910,#6911);
#6910 = CARTESIAN_POINT('',(-153.2,-118.4,42.1));
#6911 = VECTOR('',#6912,1.);
#6912 = DIRECTION('',(1.,0.,-0.));
#6913 = PCURVE('',#6808,#6914);
#6914 = DEFINITIONAL_REPRESENTATION('',(#6915),#6919);
#6915 = LINE('',#6916,#6917);
#6916 = CARTESIAN_POINT('',(0.,0.));
#6917 = VECTOR('',#6918,1.);
#6918 = DIRECTION('',(0.,1.));
#6919 = ( GEOMETRIC_REPRESENTATION_CONTEXT(2) 
PARAMETRIC_REPRESENTATION_CONTEXT() REPRESENTATION_CONTEXT('2D SPACE',''
  ) );
#6920 = PCURVE('',#6836,#6921);
#6921 = DEFINITIONAL_REPRESENTATION('',(#6922),#6926);
#6922 = LINE('',#6923,#6924);
#6923 = CARTESIAN_POINT('',(0.,0.));
#6924 = VECTOR('',#6925,1.);
#6925 = DIRECTION('',(1.,0.));
#6926 = ( GEOMETRIC_REPRESENTATION_CONTEXT(2) 
PARAMETRIC_REPRESENTATION_CONTEXT() REPRESENTATION_CONTEXT('2D SPACE',''
  ) );
#6927 = ORIENTED_EDGE('',*,*,#6785,.T.);
#6928 = ORIENTED_EDGE('',*,*,#6929,.T.);
#6929 = EDGE_CURVE('',#6788,#6930,#6932,.T.);
#6930 = VERTEX_POINT('',#6931);
#6931 = CARTESIAN_POINT('',(-22.,-118.4,44.5));
#6932 = SURFACE_CURVE('',#6933,(#6937,#6944),.PCURVE_S1.);
#6933 = LINE('',#6934,#6935);
#6934 = CARTESIAN_POINT('',(-153.2,-118.4,44.5));
#6935 = VECTOR('',#6936,1.);
#6936 = DIRECTION('',(1.,0.,-0.));
#6937 = PCURVE('',#6808,#6938);
#6938 = DEFINITIONAL_REPRESENTATION('',(#6939),#6943);
#6939 = LINE('',#6940,#6941);
#6940 = CARTESIAN_POINT('',(2.4,0.));
#6941 = VECTOR('',#6942,1.);
#6942 = DIRECTION('',(0.,1.));
#6943 = ( GEOMETRIC_REPRESENTATION_CONTEXT(2) 
PARAMETRIC_REPRESENTATION_CONTEXT() REPRESENTATION_CONTEXT('2D SPACE',''
  ) );
#6944 = PCURVE('',#6890,#6945);
#6945 = DEFINITIONAL_REPRESENTATION('',(#6946),#6950);
#6946 = LINE('',#6947,#6948);
#6947 = CARTESIAN_POINT('',(0.,0.));
#6948 = VECTOR('',#6949,1.);
#6949 = DIRECTION('',(1.,0.));
#6950 = ( GEOMETRIC_REPRESENTATION_CONTEXT(2) 
PARAMETRIC_REPRESENTATION_CONTEXT() REPRESENTATION_CONTEXT('2D SPACE',''
  ) );
#6951 = ORIENTED_EDGE('',*,*,#6952,.T.);
#6952 = EDGE_CURVE('',#6930,#6906,#6953,.T.);
#6953 = SURFACE_CURVE('',#6954,(#6958,#6964),.PCURVE_S1.);
#6954 = LINE('',#6955,#6956);
#6955 = CARTESIAN_POINT('',(-22.,-118.4,41.6));
#6956 = VECTOR('',#6957,1.);
#6957 = DIRECTION('',(-0.,0.,-1.));
#6958 = PCURVE('',#6808,#6959);
#6959 = DEFINITIONAL_REPRESENTATION('',(#6960),#6963);
#6960 = B_SPLINE_CURVE_WITH_KNOTS('',1,(#6961,#6962),.UNSPECIFIED.,.F.,
  .F.,(2,2),(-2.9,-0.5),.PIECEWISE_BEZIER_KNOTS.);
#6961 = CARTESIAN_POINT('',(2.4,131.2));
#6962 = CARTESIAN_POINT('',(0.,131.2));
#6963 = ( GEOMETRIC_REPRESENTATION_CONTEXT(2) 
PARAMETRIC_REPRESENTATION_CONTEXT() REPRESENTATION_CONTEXT('2D SPACE',''
  ) );
#6964 = PCURVE('',#6965,#6970);
#6965 = PLANE('',#6966);
#6966 = AXIS2_PLACEMENT_3D('',#6967,#6968,#6969);
#6967 = CARTESIAN_POINT('',(-22.,-129.4,41.1));
#6968 = DIRECTION('',(1.,0.,-0.));
#6969 = DIRECTION('',(0.,0.,1.));
#6970 = DEFINITIONAL_REPRESENTATION('',(#6971),#6974);
#6971 = B_SPLINE_CURVE_WITH_KNOTS('',1,(#6972,#6973),.UNSPECIFIED.,.F.,
  .F.,(2,2),(-2.9,-0.5),.PIECEWISE_BEZIER_KNOTS.);
#6972 = CARTESIAN_POINT('',(3.4,-11.));
#6973 = CARTESIAN_POINT('',(1.,-11.));
#6974 = ( GEOMETRIC_REPRESENTATION_CONTEXT(2) 
PARAMETRIC_REPRESENTATION_CONTEXT() REPRESENTATION_CONTEXT('2D SPACE',''
  ) );
#6975 = ADVANCED_FACE('',(#6976,#7130,#7161,#7192,#7306,#7337,#7368,
    #7474,#7505,#7611,#7717,#7823,#7929,#8043,#8074,#8188,#8219,#8325,
    #8431,#8537,#8643,#8749,#8780,#8894),#6890,.T.);
#6976 = FACE_BOUND('',#6977,.T.);
#6977 = EDGE_LOOP('',(#6978,#7001,#7002,#7003,#7024,#7050,#7076,#7104));
#6978 = ORIENTED_EDGE('',*,*,#6979,.F.);
#6979 = EDGE_CURVE('',#6849,#6980,#6982,.T.);
#6980 = VERTEX_POINT('',#6981);
#6981 = CARTESIAN_POINT('',(153.2,118.4,44.5));
#6982 = SURFACE_CURVE('',#6983,(#6987,#6994),.PCURVE_S1.);
#6983 = LINE('',#6984,#6985);
#6984 = CARTESIAN_POINT('',(-153.2,118.4,44.5));
#6985 = VECTOR('',#6986,1.);
#6986 = DIRECTION('',(1.,0.,-0.));
#6987 = PCURVE('',#6890,#6988);
#6988 = DEFINITIONAL_REPRESENTATION('',(#6989),#6993);
#6989 = LINE('',#6990,#6991);
#6990 = CARTESIAN_POINT('',(0.,236.8));
#6991 = VECTOR('',#6992,1.);
#6992 = DIRECTION('',(1.,0.));
#6993 = ( GEOMETRIC_REPRESENTATION_CONTEXT(2) 
PARAMETRIC_REPRESENTATION_CONTEXT() REPRESENTATION_CONTEXT('2D SPACE',''
  ) );
#6994 = PCURVE('',#6864,#6995);
#6995 = DEFINITIONAL_REPRESENTATION('',(#6996),#7000);
#6996 = LINE('',#6997,#6998);
#6997 = CARTESIAN_POINT('',(2.4,0.));
#6998 = VECTOR('',#6999,1.);
#6999 = DIRECTION('',(0.,1.));
#7000 = ( GEOMETRIC_REPRESENTATION_CONTEXT(2) 
PARAMETRIC_REPRESENTATION_CONTEXT() REPRESENTATION_CONTEXT('2D SPACE',''
  ) );
#7001 = ORIENTED_EDGE('',*,*,#6876,.F.);
#7002 = ORIENTED_EDGE('',*,*,#6929,.T.);
#7003 = ORIENTED_EDGE('',*,*,#7004,.T.);
#7004 = EDGE_CURVE('',#6930,#7005,#7007,.T.);
#7005 = VERTEX_POINT('',#7006);
#7006 = CARTESIAN_POINT('',(-22.,-107.4,44.5));
#7007 = SURFACE_CURVE('',#7008,(#7012,#7018),.PCURVE_S1.);
#7008 = LINE('',#7009,#7010);
#7009 = CARTESIAN_POINT('',(-22.,-123.9,44.5));
#7010 = VECTOR('',#7011,1.);
#7011 = DIRECTION('',(-0.,1.,0.));
#7012 = PCURVE('',#6890,#7013);
#7013 = DEFINITIONAL_REPRESENTATION('',(#7014),#7017);
#7014 = B_SPLINE_CURVE_WITH_KNOTS('',1,(#7015,#7016),.UNSPECIFIED.,.F.,
  .F.,(2,2),(5.5,16.5),.PIECEWISE_BEZIER_KNOTS.);
#7015 = CARTESIAN_POINT('',(131.2,0.));
#7016 = CARTESIAN_POINT('',(131.2,11.));
#7017 = ( GEOMETRIC_REPRESENTATION_CONTEXT(2) 
PARAMETRIC_REPRESENTATION_CONTEXT() REPRESENTATION_CONTEXT('2D SPACE',''
  ) );
#7018 = PCURVE('',#6965,#7019);
#7019 = DEFINITIONAL_REPRESENTATION('',(#7020),#7023);
#7020 = B_SPLINE_CURVE_WITH_KNOTS('',1,(#7021,#7022),.UNSPECIFIED.,.F.,
  .F.,(2,2),(5.5,16.5),.PIECEWISE_BEZIER_KNOTS.);
#7021 = CARTESIAN_POINT('',(3.4,-11.));
#7022 = CARTESIAN_POINT('',(3.4,-22.));
#7023 = ( GEOMETRIC_REPRESENTATION_CONTEXT(2) 
PARAMETRIC_REPRESENTATION_CONTEXT() REPRESENTATION_CONTEXT('2D SPACE',''
  ) );
#7024 = ORIENTED_EDGE('',*,*,#7025,.F.);
#7025 = EDGE_CURVE('',#7026,#7005,#7028,.T.);
#7026 = VERTEX_POINT('',#7027);
#7027 = CARTESIAN_POINT('',(8.,-107.4,44.5));
#7028 = SURFACE_CURVE('',#7029,(#7033,#7039),.PCURVE_S1.);
#7029 = LINE('',#7030,#7031);
#7030 = CARTESIAN_POINT('',(-87.6,-107.4,44.5));
#7031 = VECTOR('',#7032,1.);
#7032 = DIRECTION('',(-1.,-0.,0.));
#7033 = PCURVE('',#6890,#7034);
#7034 = DEFINITIONAL_REPRESENTATION('',(#7035),#7038);
#7035 = B_SPLINE_CURVE_WITH_KNOTS('',1,(#7036,#7037),.UNSPECIFIED.,.F.,
  .F.,(2,2),(-95.6,-65.6),.PIECEWISE_BEZIER_KNOTS.);
#7036 = CARTESIAN_POINT('',(161.2,11.));
#7037 = CARTESIAN_POINT('',(131.2,11.));
#7038 = ( GEOMETRIC_REPRESENTATION_CONTEXT(2) 
PARAMETRIC_REPRESENTATION_CONTEXT() REPRESENTATION_CONTEXT('2D SPACE',''
  ) );
#7039 = PCURVE('',#7040,#7045);
#7040 = PLANE('',#7041);
#7041 = AXIS2_PLACEMENT_3D('',#7042,#7043,#7044);
#7042 = CARTESIAN_POINT('',(-22.,-107.4,41.1));
#7043 = DIRECTION('',(-0.,1.,0.));
#7044 = DIRECTION('',(0.,0.,1.));
#7045 = DEFINITIONAL_REPRESENTATION('',(#7046),#7049);
#7046 = B_SPLINE_CURVE_WITH_KNOTS('',1,(#7047,#7048),.UNSPECIFIED.,.F.,
  .F.,(2,2),(-95.6,-65.6),.PIECEWISE_BEZIER_KNOTS.);
#7047 = CARTESIAN_POINT('',(3.4,30.));
#7048 = CARTESIAN_POINT('',(3.4,0.));
#7049 = ( GEOMETRIC_REPRESENTATION_CONTEXT(2) 
PARAMETRIC_REPRESENTATION_CONTEXT() REPRESENTATION_CONTEXT('2D SPACE',''
  ) );
#7050 = ORIENTED_EDGE('',*,*,#7051,.F.);
#7051 = EDGE_CURVE('',#7052,#7026,#7054,.T.);
#7052 = VERTEX_POINT('',#7053);
#7053 = CARTESIAN_POINT('',(8.,-118.4,44.5));
#7054 = SURFACE_CURVE('',#7055,(#7059,#7065),.PCURVE_S1.);
#7055 = LINE('',#7056,#7057);
#7056 = CARTESIAN_POINT('',(8.,-123.9,44.5));
#7057 = VECTOR('',#7058,1.);
#7058 = DIRECTION('',(-0.,1.,0.));
#7059 = PCURVE('',#6890,#7060);
#7060 = DEFINITIONAL_REPRESENTATION('',(#7061),#7064);
#7061 = B_SPLINE_CURVE_WITH_KNOTS('',1,(#7062,#7063),.UNSPECIFIED.,.F.,
  .F.,(2,2),(5.5,16.5),.PIECEWISE_BEZIER_KNOTS.);
#7062 = CARTESIAN_POINT('',(161.2,0.));
#7063 = CARTESIAN_POINT('',(161.2,11.));
#7064 = ( GEOMETRIC_REPRESENTATION_CONTEXT(2) 
PARAMETRIC_REPRESENTATION_CONTEXT() REPRESENTATION_CONTEXT('2D SPACE',''
  ) );
#7065 = PCURVE('',#7066,#7071);
#7066 = PLANE('',#7067);
#7067 = AXIS2_PLACEMENT_3D('',#7068,#7069,#7070);
#7068 = CARTESIAN_POINT('',(8.,-129.4,41.1));
#7069 = DIRECTION('',(1.,0.,-0.));
#7070 = DIRECTION('',(0.,0.,1.));
#7071 = DEFINITIONAL_REPRESENTATION('',(#7072),#7075);
#7072 = B_SPLINE_CURVE_WITH_KNOTS('',1,(#7073,#7074),.UNSPECIFIED.,.F.,
  .F.,(2,2),(5.5,16.5),.PIECEWISE_BEZIER_KNOTS.);
#7073 = CARTESIAN_POINT('',(3.4,-11.));
#7074 = CARTESIAN_POINT('',(3.4,-22.));
#7075 = ( GEOMETRIC_REPRESENTATION_CONTEXT(2) 
PARAMETRIC_REPRESENTATION_CONTEXT() REPRESENTATION_CONTEXT('2D SPACE',''
  ) );
#7076 = ORIENTED_EDGE('',*,*,#7077,.T.);
#7077 = EDGE_CURVE('',#7052,#7078,#7080,.T.);
#7078 = VERTEX_POINT('',#7079);
#7079 = CARTESIAN_POINT('',(153.2,-118.4,44.5));
#7080 = SURFACE_CURVE('',#7081,(#7085,#7092),.PCURVE_S1.);
#7081 = LINE('',#7082,#7083);
#7082 = CARTESIAN_POINT('',(-153.2,-118.4,44.5));
#7083 = VECTOR('',#7084,1.);
#7084 = DIRECTION('',(1.,0.,-0.));
#7085 = PCURVE('',#6890,#7086);
#7086 = DEFINITIONAL_REPRESENTATION('',(#7087),#7091);
#7087 = LINE('',#7088,#7089);
#7088 = CARTESIAN_POINT('',(0.,0.));
#7089 = VECTOR('',#7090,1.);
#7090 = DIRECTION('',(1.,0.));
#7091 = ( GEOMETRIC_REPRESENTATION_CONTEXT(2) 
PARAMETRIC_REPRESENTATION_CONTEXT() REPRESENTATION_CONTEXT('2D SPACE',''
  ) );
#7092 = PCURVE('',#7093,#7098);
#7093 = PLANE('',#7094);
#7094 = AXIS2_PLACEMENT_3D('',#7095,#7096,#7097);
#7095 = CARTESIAN_POINT('',(-153.2,-118.4,42.1));
#7096 = DIRECTION('',(-0.,1.,0.));
#7097 = DIRECTION('',(0.,0.,1.));
#7098 = DEFINITIONAL_REPRESENTATION('',(#7099),#7103);
#7099 = LINE('',#7100,#7101);
#7100 = CARTESIAN_POINT('',(2.4,0.));
#7101 = VECTOR('',#7102,1.);
#7102 = DIRECTION('',(0.,1.));
#7103 = ( GEOMETRIC_REPRESENTATION_CONTEXT(2) 
PARAMETRIC_REPRESENTATION_CONTEXT() REPRESENTATION_CONTEXT('2D SPACE',''
  ) );
#7104 = ORIENTED_EDGE('',*,*,#7105,.T.);
#7105 = EDGE_CURVE('',#7078,#6980,#7106,.T.);
#7106 = SURFACE_CURVE('',#7107,(#7111,#7118),.PCURVE_S1.);
#7107 = LINE('',#7108,#7109);
#7108 = CARTESIAN_POINT('',(153.2,-118.4,44.5));
#7109 = VECTOR('',#7110,1.);
#7110 = DIRECTION('',(-0.,1.,0.));
#7111 = PCURVE('',#6890,#7112);
#7112 = DEFINITIONAL_REPRESENTATION('',(#7113),#7117);
#7113 = LINE('',#7114,#7115);
#7114 = CARTESIAN_POINT('',(306.4,0.));
#7115 = VECTOR('',#7116,1.);
#7116 = DIRECTION('',(0.,1.));
#7117 = ( GEOMETRIC_REPRESENTATION_CONTEXT(2) 
PARAMETRIC_REPRESENTATION_CONTEXT() REPRESENTATION_CONTEXT('2D SPACE',''
  ) );
#7118 = PCURVE('',#7119,#7124);
#7119 = PLANE('',#7120);
#7120 = AXIS2_PLACEMENT_3D('',#7121,#7122,#7123);
#7121 = CARTESIAN_POINT('',(153.2,-118.4,42.1));
#7122 = DIRECTION('',(1.,0.,-0.));
#7123 = DIRECTION('',(0.,0.,1.));
#7124 = DEFINITIONAL_REPRESENTATION('',(#7125),#7129);
#7125 = LINE('',#7126,#7127);
#7126 = CARTESIAN_POINT('',(2.4,0.));
#7127 = VECTOR('',#7128,1.);
#7128 = DIRECTION('',(0.,-1.));
#7129 = ( GEOMETRIC_REPRESENTATION_CONTEXT(2) 
PARAMETRIC_REPRESENTATION_CONTEXT() REPRESENTATION_CONTEXT('2D SPACE',''
  ) );
#7130 = FACE_BOUND('',#7131,.T.);
#7131 = EDGE_LOOP('',(#7132));
#7132 = ORIENTED_EDGE('',*,*,#7133,.F.);
#7133 = EDGE_CURVE('',#7134,#7134,#7136,.T.);
#7134 = VERTEX_POINT('',#7135);
#7135 = CARTESIAN_POINT('',(-81.9,-111.5,44.5));
#7136 = SURFACE_CURVE('',#7137,(#7142,#7149),.PCURVE_S1.);
#7137 = CIRCLE('',#7138,3.1);
#7138 = AXIS2_PLACEMENT_3D('',#7139,#7140,#7141);
#7139 = CARTESIAN_POINT('',(-85.,-111.5,44.5));
#7140 = DIRECTION('',(0.,0.,1.));
#7141 = DIRECTION('',(1.,0.,-0.));
#7142 = PCURVE('',#6890,#7143);
#7143 = DEFINITIONAL_REPRESENTATION('',(#7144),#7148);
#7144 = CIRCLE('',#7145,3.1);
#7145 = AXIS2_PLACEMENT_2D('',#7146,#7147);
#7146 = CARTESIAN_POINT('',(68.2,6.9));
#7147 = DIRECTION('',(1.,0.));
#7148 = ( GEOMETRIC_REPRESENTATION_CONTEXT(2) 
PARAMETRIC_REPRESENTATION_CONTEXT() REPRESENTATION_CONTEXT('2D SPACE',''
  ) );
#7149 = PCURVE('',#7150,#7155);
#7150 = CONICAL_SURFACE('',#7151,1.7,0.785398163397);
#7151 = AXIS2_PLACEMENT_3D('',#7152,#7153,#7154);
#7152 = CARTESIAN_POINT('',(-85.,-111.5,43.1));
#7153 = DIRECTION('',(0.,0.,1.));
#7154 = DIRECTION('',(1.,0.,-0.));
#7155 = DEFINITIONAL_REPRESENTATION('',(#7156),#7160);
#7156 = LINE('',#7157,#7158);
#7157 = CARTESIAN_POINT('',(0.,1.4));
#7158 = VECTOR('',#7159,1.);
#7159 = DIRECTION('',(1.,0.));
#7160 = ( GEOMETRIC_REPRESENTATION_CONTEXT(2) 
PARAMETRIC_REPRESENTATION_CONTEXT() REPRESENTATION_CONTEXT('2D SPACE',''
  ) );
#7161 = FACE_BOUND('',#7162,.T.);
#7162 = EDGE_LOOP('',(#7163));
#7163 = ORIENTED_EDGE('',*,*,#7164,.F.);
#7164 = EDGE_CURVE('',#7165,#7165,#7167,.T.);
#7165 = VERTEX_POINT('',#7166);
#7166 = CARTESIAN_POINT('',(-41.9,-111.5,44.5));
#7167 = SURFACE_CURVE('',#7168,(#7173,#7180),.PCURVE_S1.);
#7168 = CIRCLE('',#7169,3.1);
#7169 = AXIS2_PLACEMENT_3D('',#7170,#7171,#7172);
#7170 = CARTESIAN_POINT('',(-45.,-111.5,44.5));
#7171 = DIRECTION('',(0.,0.,1.));
#7172 = DIRECTION('',(1.,0.,-0.));
#7173 = PCURVE('',#6890,#7174);
#7174 = DEFINITIONAL_REPRESENTATION('',(#7175),#7179);
#7175 = CIRCLE('',#7176,3.1);
#7176 = AXIS2_PLACEMENT_2D('',#7177,#7178);
#7177 = CARTESIAN_POINT('',(108.2,6.9));
#7178 = DIRECTION('',(1.,0.));
#7179 = ( GEOMETRIC_REPRESENTATION_CONTEXT(2) 
PARAMETRIC_REPRESENTATION_CONTEXT() REPRESENTATION_CONTEXT('2D SPACE',''
  ) );
#7180 = PCURVE('',#7181,#7186);
#7181 = CONICAL_SURFACE('',#7182,1.7,0.785398163397);
#7182 = AXIS2_PLACEMENT_3D('',#7183,#7184,#7185);
#7183 = CARTESIAN_POINT('',(-45.,-111.5,43.1));
#7184 = DIRECTION('',(0.,0.,1.));
#7185 = DIRECTION('',(1.,0.,-0.));
#7186 = DEFINITIONAL_REPRESENTATION('',(#7187),#7191);
#7187 = LINE('',#7188,#7189);
#7188 = CARTESIAN_POINT('',(0.,1.4));
#7189 = VECTOR('',#7190,1.);
#7190 = DIRECTION('',(1.,0.));
#7191 = ( GEOMETRIC_REPRESENTATION_CONTEXT(2) 
PARAMETRIC_REPRESENTATION_CONTEXT() REPRESENTATION_CONTEXT('2D SPACE',''
  ) );
#7192 = FACE_BOUND('',#7193,.T.);
#7193 = EDGE_LOOP('',(#7194,#7229,#7255,#7282));
#7194 = ORIENTED_EDGE('',*,*,#7195,.T.);
#7195 = EDGE_CURVE('',#7196,#7198,#7200,.T.);
#7196 = VERTEX_POINT('',#7197);
#7197 = CARTESIAN_POINT('',(-50.96112639464,-87.5,44.5));
#7198 = VERTEX_POINT('',#7199);
#7199 = CARTESIAN_POINT('',(-50.96112639464,-82.5,44.5));
#7200 = SURFACE_CURVE('',#7201,(#7206,#7217),.PCURVE_S1.);
#7201 = CIRCLE('',#7202,4.75);
#7202 = AXIS2_PLACEMENT_3D('',#7203,#7204,#7205);
#7203 = CARTESIAN_POINT('',(-55.,-85.,44.5));
#7204 = DIRECTION('',(0.,0.,-1.));
#7205 = DIRECTION('',(0.850289180074,-0.526315789474,0.));
#7206 = PCURVE('',#6890,#7207);
#7207 = DEFINITIONAL_REPRESENTATION('',(#7208),#7216);
#7208 = ( BOUNDED_CURVE() B_SPLINE_CURVE(2,(#7209,#7210,#7211,#7212,
#7213,#7214,#7215),.UNSPECIFIED.,.T.,.F.) B_SPLINE_CURVE_WITH_KNOTS((1,2
    ,2,2,2,1),(-2.094395102393,0.,2.094395102393,4.188790204786,
6.28318530718,8.377580409573),.UNSPECIFIED.) CURVE() 
GEOMETRIC_REPRESENTATION_ITEM() RATIONAL_B_SPLINE_CURVE((1.,0.5,1.,0.5,
1.,0.5,1.)) REPRESENTATION_ITEM('') );
#7209 = CARTESIAN_POINT('',(102.23887360535,30.9));
#7210 = CARTESIAN_POINT('',(97.908746586429,23.904465710183));
#7211 = CARTESIAN_POINT('',(94.015499687863,31.152232855092));
#7212 = CARTESIAN_POINT('',(90.122252789298,38.4));
#7213 = CARTESIAN_POINT('',(98.345626706786,38.147767144908));
#7214 = CARTESIAN_POINT('',(106.56900062427,37.895534289817));
#7215 = CARTESIAN_POINT('',(102.23887360535,30.9));
#7216 = ( GEOMETRIC_REPRESENTATION_CONTEXT(2) 
PARAMETRIC_REPRESENTATION_CONTEXT() REPRESENTATION_CONTEXT('2D SPACE',''
  ) );
#7217 = PCURVE('',#7218,#7223);
#7218 = CYLINDRICAL_SURFACE('',#7219,4.75);
#7219 = AXIS2_PLACEMENT_3D('',#7220,#7221,#7222);
#7220 = CARTESIAN_POINT('',(-55.,-85.,37.5));
#7221 = DIRECTION('',(0.,0.,1.));
#7222 = DIRECTION('',(2.22044604925E-16,-1.,0.));
#7223 = DEFINITIONAL_REPRESENTATION('',(#7224),#7228);
#7224 = LINE('',#7225,#7226);
#7225 = CARTESIAN_POINT('',(7.299719799522,7.));
#7226 = VECTOR('',#7227,1.);
#7227 = DIRECTION('',(-1.,-0.));
#7228 = ( GEOMETRIC_REPRESENTATION_CONTEXT(2) 
PARAMETRIC_REPRESENTATION_CONTEXT() REPRESENTATION_CONTEXT('2D SPACE',''
  ) );
#7229 = ORIENTED_EDGE('',*,*,#7230,.T.);
#7230 = EDGE_CURVE('',#7198,#7231,#7233,.T.);
#7231 = VERTEX_POINT('',#7232);
#7232 = CARTESIAN_POINT('',(-40.75,-82.5,44.5));
#7233 = SURFACE_CURVE('',#7234,(#7238,#7244),.PCURVE_S1.);
#7234 = LINE('',#7235,#7236);
#7235 = CARTESIAN_POINT('',(-104.225,-82.5,44.5));
#7236 = VECTOR('',#7237,1.);
#7237 = DIRECTION('',(1.,2.22044604925E-16,-0.));
#7238 = PCURVE('',#6890,#7239);
#7239 = DEFINITIONAL_REPRESENTATION('',(#7240),#7243);
#7240 = B_SPLINE_CURVE_WITH_KNOTS('',1,(#7241,#7242),.UNSPECIFIED.,.F.,
  .F.,(2,2),(48.975,63.475),.PIECEWISE_BEZIER_KNOTS.);
#7241 = CARTESIAN_POINT('',(97.95,35.9));
#7242 = CARTESIAN_POINT('',(112.45,35.9));
#7243 = ( GEOMETRIC_REPRESENTATION_CONTEXT(2) 
PARAMETRIC_REPRESENTATION_CONTEXT() REPRESENTATION_CONTEXT('2D SPACE',''
  ) );
#7244 = PCURVE('',#7245,#7250);
#7245 = PLANE('',#7246);
#7246 = AXIS2_PLACEMENT_3D('',#7247,#7248,#7249);
#7247 = CARTESIAN_POINT('',(-55.25,-82.5,37.5));
#7248 = DIRECTION('',(2.22044604925E-16,-1.,0.));
#7249 = DIRECTION('',(0.,0.,1.));
#7250 = DEFINITIONAL_REPRESENTATION('',(#7251),#7254);
#7251 = B_SPLINE_CURVE_WITH_KNOTS('',1,(#7252,#7253),.UNSPECIFIED.,.F.,
  .F.,(2,2),(48.975,63.475),.PIECEWISE_BEZIER_KNOTS.);
#7252 = CARTESIAN_POINT('',(7.,0.));
#7253 = CARTESIAN_POINT('',(7.,-14.5));
#7254 = ( GEOMETRIC_REPRESENTATION_CONTEXT(2) 
PARAMETRIC_REPRESENTATION_CONTEXT() REPRESENTATION_CONTEXT('2D SPACE',''
  ) );
#7255 = ORIENTED_EDGE('',*,*,#7256,.F.);
#7256 = EDGE_CURVE('',#7257,#7231,#7259,.T.);
#7257 = VERTEX_POINT('',#7258);
#7258 = CARTESIAN_POINT('',(-40.75,-87.5,44.5));
#7259 = SURFACE_CURVE('',#7260,(#7264,#7270),.PCURVE_S1.);
#7260 = LINE('',#7261,#7262);
#7261 = CARTESIAN_POINT('',(-40.75,-100.45,44.5));
#7262 = VECTOR('',#7263,1.);
#7263 = DIRECTION('',(-2.22044604925E-16,1.,0.));
#7264 = PCURVE('',#6890,#7265);
#7265 = DEFINITIONAL_REPRESENTATION('',(#7266),#7269);
#7266 = B_SPLINE_CURVE_WITH_KNOTS('',1,(#7267,#7268),.UNSPECIFIED.,.F.,
  .F.,(2,2),(12.95,17.95),.PIECEWISE_BEZIER_KNOTS.);
#7267 = CARTESIAN_POINT('',(112.45,30.9));
#7268 = CARTESIAN_POINT('',(112.45,35.9));
#7269 = ( GEOMETRIC_REPRESENTATION_CONTEXT(2) 
PARAMETRIC_REPRESENTATION_CONTEXT() REPRESENTATION_CONTEXT('2D SPACE',''
  ) );
#7270 = PCURVE('',#7271,#7276);
#7271 = PLANE('',#7272);
#7272 = AXIS2_PLACEMENT_3D('',#7273,#7274,#7275);
#7273 = CARTESIAN_POINT('',(-40.75,-82.5,37.5));
#7274 = DIRECTION('',(1.,2.22044604925E-16,0.));
#7275 = DIRECTION('',(0.,0.,1.));
#7276 = DEFINITIONAL_REPRESENTATION('',(#7277),#7281);
#7277 = LINE('',#7278,#7279);
#7278 = CARTESIAN_POINT('',(7.,17.95));
#7279 = VECTOR('',#7280,1.);
#7280 = DIRECTION('',(0.,-1.));
#7281 = ( GEOMETRIC_REPRESENTATION_CONTEXT(2) 
PARAMETRIC_REPRESENTATION_CONTEXT() REPRESENTATION_CONTEXT('2D SPACE',''
  ) );
#7282 = ORIENTED_EDGE('',*,*,#7283,.F.);
#7283 = EDGE_CURVE('',#7196,#7257,#7284,.T.);
#7284 = SURFACE_CURVE('',#7285,(#7289,#7295),.PCURVE_S1.);
#7285 = LINE('',#7286,#7287);
#7286 = CARTESIAN_POINT('',(-104.225,-87.5,44.5));
#7287 = VECTOR('',#7288,1.);
#7288 = DIRECTION('',(1.,2.22044604925E-16,-0.));
#7289 = PCURVE('',#6890,#7290);
#7290 = DEFINITIONAL_REPRESENTATION('',(#7291),#7294);
#7291 = B_SPLINE_CURVE_WITH_KNOTS('',1,(#7292,#7293),.UNSPECIFIED.,.F.,
  .F.,(2,2),(48.975,63.475),.PIECEWISE_BEZIER_KNOTS.);
#7292 = CARTESIAN_POINT('',(97.95,30.9));
#7293 = CARTESIAN_POINT('',(112.45,30.9));
#7294 = ( GEOMETRIC_REPRESENTATION_CONTEXT(2) 
PARAMETRIC_REPRESENTATION_CONTEXT() REPRESENTATION_CONTEXT('2D SPACE',''
  ) );
#7295 = PCURVE('',#7296,#7301);
#7296 = PLANE('',#7297);
#7297 = AXIS2_PLACEMENT_3D('',#7298,#7299,#7300);
#7298 = CARTESIAN_POINT('',(-55.25,-87.5,37.5));
#7299 = DIRECTION('',(2.22044604925E-16,-1.,0.));
#7300 = DIRECTION('',(0.,0.,1.));
#7301 = DEFINITIONAL_REPRESENTATION('',(#7302),#7305);
#7302 = B_SPLINE_CURVE_WITH_KNOTS('',1,(#7303,#7304),.UNSPECIFIED.,.F.,
  .F.,(2,2),(48.975,63.475),.PIECEWISE_BEZIER_KNOTS.);
#7303 = CARTESIAN_POINT('',(7.,0.));
#7304 = CARTESIAN_POINT('',(7.,-14.5));
#7305 = ( GEOMETRIC_REPRESENTATION_CONTEXT(2) 
PARAMETRIC_REPRESENTATION_CONTEXT() REPRESENTATION_CONTEXT('2D SPACE',''
  ) );
#7306 = FACE_BOUND('',#7307,.T.);
#7307 = EDGE_LOOP('',(#7308));
#7308 = ORIENTED_EDGE('',*,*,#7309,.F.);
#7309 = EDGE_CURVE('',#7310,#7310,#7312,.T.);
#7310 = VERTEX_POINT('',#7311);
#7311 = CARTESIAN_POINT('',(48.1,-111.5,44.5));
#7312 = SURFACE_CURVE('',#7313,(#7318,#7325),.PCURVE_S1.);
#7313 = CIRCLE('',#7314,3.1);
#7314 = AXIS2_PLACEMENT_3D('',#7315,#7316,#7317);
#7315 = CARTESIAN_POINT('',(45.,-111.5,44.5));
#7316 = DIRECTION('',(0.,0.,1.));
#7317 = DIRECTION('',(1.,0.,-0.));
#7318 = PCURVE('',#6890,#7319);
#7319 = DEFINITIONAL_REPRESENTATION('',(#7320),#7324);
#7320 = CIRCLE('',#7321,3.1);
#7321 = AXIS2_PLACEMENT_2D('',#7322,#7323);
#7322 = CARTESIAN_POINT('',(198.2,6.9));
#7323 = DIRECTION('',(1.,0.));
#7324 = ( GEOMETRIC_REPRESENTATION_CONTEXT(2) 
PARAMETRIC_REPRESENTATION_CONTEXT() REPRESENTATION_CONTEXT('2D SPACE',''
  ) );
#7325 = PCURVE('',#7326,#7331);
#7326 = CONICAL_SURFACE('',#7327,1.7,0.785398163397);
#7327 = AXIS2_PLACEMENT_3D('',#7328,#7329,#7330);
#7328 = CARTESIAN_POINT('',(45.,-111.5,43.1));
#7329 = DIRECTION('',(0.,0.,1.));
#7330 = DIRECTION('',(1.,0.,-0.));
#7331 = DEFINITIONAL_REPRESENTATION('',(#7332),#7336);
#7332 = LINE('',#7333,#7334);
#7333 = CARTESIAN_POINT('',(0.,1.4));
#7334 = VECTOR('',#7335,1.);
#7335 = DIRECTION('',(1.,0.));
#7336 = ( GEOMETRIC_REPRESENTATION_CONTEXT(2) 
PARAMETRIC_REPRESENTATION_CONTEXT() REPRESENTATION_CONTEXT('2D SPACE',''
  ) );
#7337 = FACE_BOUND('',#7338,.T.);
#7338 = EDGE_LOOP('',(#7339));
#7339 = ORIENTED_EDGE('',*,*,#7340,.F.);
#7340 = EDGE_CURVE('',#7341,#7341,#7343,.T.);
#7341 = VERTEX_POINT('',#7342);
#7342 = CARTESIAN_POINT('',(88.1,-111.5,44.5));
#7343 = SURFACE_CURVE('',#7344,(#7349,#7356),.PCURVE_S1.);
#7344 = CIRCLE('',#7345,3.1);
#7345 = AXIS2_PLACEMENT_3D('',#7346,#7347,#7348);
#7346 = CARTESIAN_POINT('',(85.,-111.5,44.5));
#7347 = DIRECTION('',(0.,0.,1.));
#7348 = DIRECTION('',(1.,0.,-0.));
#7349 = PCURVE('',#6890,#7350);
#7350 = DEFINITIONAL_REPRESENTATION('',(#7351),#7355);
#7351 = CIRCLE('',#7352,3.1);
#7352 = AXIS2_PLACEMENT_2D('',#7353,#7354);
#7353 = CARTESIAN_POINT('',(238.2,6.9));
#7354 = DIRECTION('',(1.,0.));
#7355 = ( GEOMETRIC_REPRESENTATION_CONTEXT(2) 
PARAMETRIC_REPRESENTATION_CONTEXT() REPRESENTATION_CONTEXT('2D SPACE',''
  ) );
#7356 = PCURVE('',#7357,#7362);
#7357 = CONICAL_SURFACE('',#7358,1.7,0.785398163397);
#7358 = AXIS2_PLACEMENT_3D('',#7359,#7360,#7361);
#7359 = CARTESIAN_POINT('',(85.,-111.5,43.1));
#7360 = DIRECTION('',(0.,0.,1.));
#7361 = DIRECTION('',(1.,0.,-0.));
#7362 = DEFINITIONAL_REPRESENTATION('',(#7363),#7367);
#7363 = LINE('',#7364,#7365);
#7364 = CARTESIAN_POINT('',(0.,1.4));
#7365 = VECTOR('',#7366,1.);
#7366 = DIRECTION('',(1.,0.));
#7367 = ( GEOMETRIC_REPRESENTATION_CONTEXT(2) 
PARAMETRIC_REPRESENTATION_CONTEXT() REPRESENTATION_CONTEXT('2D SPACE',''
  ) );
#7368 = FACE_BOUND('',#7369,.T.);
#7369 = EDGE_LOOP('',(#7370,#7398,#7424,#7450));
#7370 = ORIENTED_EDGE('',*,*,#7371,.T.);
#7371 = EDGE_CURVE('',#7372,#7374,#7376,.T.);
#7372 = VERTEX_POINT('',#7373);
#7373 = CARTESIAN_POINT('',(58.,-10.,44.5));
#7374 = VERTEX_POINT('',#7375);
#7375 = CARTESIAN_POINT('',(14.,-10.,44.5));
#7376 = SURFACE_CURVE('',#7377,(#7381,#7387),.PCURVE_S1.);
#7377 = LINE('',#7378,#7379);
#7378 = CARTESIAN_POINT('',(-69.6,-10.,44.5));
#7379 = VECTOR('',#7380,1.);
#7380 = DIRECTION('',(-1.,-0.,0.));
#7381 = PCURVE('',#6890,#7382);
#7382 = DEFINITIONAL_REPRESENTATION('',(#7383),#7386);
#7383 = B_SPLINE_CURVE_WITH_KNOTS('',1,(#7384,#7385),.UNSPECIFIED.,.F.,
  .F.,(2,2),(-127.6,-83.6),.PIECEWISE_BEZIER_KNOTS.);
#7384 = CARTESIAN_POINT('',(211.2,108.4));
#7385 = CARTESIAN_POINT('',(167.2,108.4));
#7386 = ( GEOMETRIC_REPRESENTATION_CONTEXT(2) 
PARAMETRIC_REPRESENTATION_CONTEXT() REPRESENTATION_CONTEXT('2D SPACE',''
  ) );
#7387 = PCURVE('',#7388,#7393);
#7388 = PLANE('',#7389);
#7389 = AXIS2_PLACEMENT_3D('',#7390,#7391,#7392);
#7390 = CARTESIAN_POINT('',(14.,-10.,41.1));
#7391 = DIRECTION('',(-0.,1.,0.));
#7392 = DIRECTION('',(0.,0.,1.));
#7393 = DEFINITIONAL_REPRESENTATION('',(#7394),#7397);
#7394 = B_SPLINE_CURVE_WITH_KNOTS('',1,(#7395,#7396),.UNSPECIFIED.,.F.,
  .F.,(2,2),(-127.6,-83.6),.PIECEWISE_BEZIER_KNOTS.);
#7395 = CARTESIAN_POINT('',(3.4,44.));
#7396 = CARTESIAN_POINT('',(3.4,0.));
#7397 = ( GEOMETRIC_REPRESENTATION_CONTEXT(2) 
PARAMETRIC_REPRESENTATION_CONTEXT() REPRESENTATION_CONTEXT('2D SPACE',''
  ) );
#7398 = ORIENTED_EDGE('',*,*,#7399,.T.);
#7399 = EDGE_CURVE('',#7374,#7400,#7402,.T.);
#7400 = VERTEX_POINT('',#7401);
#7401 = CARTESIAN_POINT('',(14.,-6.,44.5));
#7402 = SURFACE_CURVE('',#7403,(#7407,#7413),.PCURVE_S1.);
#7403 = LINE('',#7404,#7405);
#7404 = CARTESIAN_POINT('',(14.,-64.2,44.5));
#7405 = VECTOR('',#7406,1.);
#7406 = DIRECTION('',(-0.,1.,0.));
#7407 = PCURVE('',#6890,#7408);
#7408 = DEFINITIONAL_REPRESENTATION('',(#7409),#7412);
#7409 = B_SPLINE_CURVE_WITH_KNOTS('',1,(#7410,#7411),.UNSPECIFIED.,.F.,
  .F.,(2,2),(54.2,58.2),.PIECEWISE_BEZIER_KNOTS.);
#7410 = CARTESIAN_POINT('',(167.2,108.4));
#7411 = CARTESIAN_POINT('',(167.2,112.4));
#7412 = ( GEOMETRIC_REPRESENTATION_CONTEXT(2) 
PARAMETRIC_REPRESENTATION_CONTEXT() REPRESENTATION_CONTEXT('2D SPACE',''
  ) );
#7413 = PCURVE('',#7414,#7419);
#7414 = PLANE('',#7415);
#7415 = AXIS2_PLACEMENT_3D('',#7416,#7417,#7418);
#7416 = CARTESIAN_POINT('',(14.,-10.,41.1));
#7417 = DIRECTION('',(1.,0.,-0.));
#7418 = DIRECTION('',(0.,0.,1.));
#7419 = DEFINITIONAL_REPRESENTATION('',(#7420),#7423);
#7420 = B_SPLINE_CURVE_WITH_KNOTS('',1,(#7421,#7422),.UNSPECIFIED.,.F.,
  .F.,(2,2),(54.2,58.2),.PIECEWISE_BEZIER_KNOTS.);
#7421 = CARTESIAN_POINT('',(3.4,0.));
#7422 = CARTESIAN_POINT('',(3.4,-4.));
#7423 = ( GEOMETRIC_REPRESENTATION_CONTEXT(2) 
PARAMETRIC_REPRESENTATION_CONTEXT() REPRESENTATION_CONTEXT('2D SPACE',''
  ) );
#7424 = ORIENTED_EDGE('',*,*,#7425,.F.);
#7425 = EDGE_CURVE('',#7426,#7400,#7428,.T.);
#7426 = VERTEX_POINT('',#7427);
#7427 = CARTESIAN_POINT('',(58.,-6.,44.5));
#7428 = SURFACE_CURVE('',#7429,(#7433,#7439),.PCURVE_S1.);
#7429 = LINE('',#7430,#7431);
#7430 = CARTESIAN_POINT('',(-69.6,-6.,44.5));
#7431 = VECTOR('',#7432,1.);
#7432 = DIRECTION('',(-1.,-0.,0.));
#7433 = PCURVE('',#6890,#7434);
#7434 = DEFINITIONAL_REPRESENTATION('',(#7435),#7438);
#7435 = B_SPLINE_CURVE_WITH_KNOTS('',1,(#7436,#7437),.UNSPECIFIED.,.F.,
  .F.,(2,2),(-127.6,-83.6),.PIECEWISE_BEZIER_KNOTS.);
#7436 = CARTESIAN_POINT('',(211.2,112.4));
#7437 = CARTESIAN_POINT('',(167.2,112.4));
#7438 = ( GEOMETRIC_REPRESENTATION_CONTEXT(2) 
PARAMETRIC_REPRESENTATION_CONTEXT() REPRESENTATION_CONTEXT('2D SPACE',''
  ) );
#7439 = PCURVE('',#7440,#7445);
#7440 = PLANE('',#7441);
#7441 = AXIS2_PLACEMENT_3D('',#7442,#7443,#7444);
#7442 = CARTESIAN_POINT('',(14.,-6.,41.1));
#7443 = DIRECTION('',(-0.,1.,0.));
#7444 = DIRECTION('',(0.,0.,1.));
#7445 = DEFINITIONAL_REPRESENTATION('',(#7446),#7449);
#7446 = B_SPLINE_CURVE_WITH_KNOTS('',1,(#7447,#7448),.UNSPECIFIED.,.F.,
  .F.,(2,2),(-127.6,-83.6),.PIECEWISE_BEZIER_KNOTS.);
#7447 = CARTESIAN_POINT('',(3.4,44.));
#7448 = CARTESIAN_POINT('',(3.4,0.));
#7449 = ( GEOMETRIC_REPRESENTATION_CONTEXT(2) 
PARAMETRIC_REPRESENTATION_CONTEXT() REPRESENTATION_CONTEXT('2D SPACE',''
  ) );
#7450 = ORIENTED_EDGE('',*,*,#7451,.F.);
#7451 = EDGE_CURVE('',#7372,#7426,#7452,.T.);
#7452 = SURFACE_CURVE('',#7453,(#7457,#7463),.PCURVE_S1.);
#7453 = LINE('',#7454,#7455);
#7454 = CARTESIAN_POINT('',(58.,-64.2,44.5));
#7455 = VECTOR('',#7456,1.);
#7456 = DIRECTION('',(-0.,1.,0.));
#7457 = PCURVE('',#6890,#7458);
#7458 = DEFINITIONAL_REPRESENTATION('',(#7459),#7462);
#7459 = B_SPLINE_CURVE_WITH_KNOTS('',1,(#7460,#7461),.UNSPECIFIED.,.F.,
  .F.,(2,2),(54.2,58.2),.PIECEWISE_BEZIER_KNOTS.);
#7460 = CARTESIAN_POINT('',(211.2,108.4));
#7461 = CARTESIAN_POINT('',(211.2,112.4));
#7462 = ( GEOMETRIC_REPRESENTATION_CONTEXT(2) 
PARAMETRIC_REPRESENTATION_CONTEXT() REPRESENTATION_CONTEXT('2D SPACE',''
  ) );
#7463 = PCURVE('',#7464,#7469);
#7464 = PLANE('',#7465);
#7465 = AXIS2_PLACEMENT_3D('',#7466,#7467,#7468);
#7466 = CARTESIAN_POINT('',(58.,-10.,41.1));
#7467 = DIRECTION('',(1.,0.,-0.));
#7468 = DIRECTION('',(0.,0.,1.));
#7469 = DEFINITIONAL_REPRESENTATION('',(#7470),#7473);
#7470 = B_SPLINE_CURVE_WITH_KNOTS('',1,(#7471,#7472),.UNSPECIFIED.,.F.,
  .F.,(2,2),(54.2,58.2),.PIECEWISE_BEZIER_KNOTS.);
#7471 = CARTESIAN_POINT('',(3.4,0.));
#7472 = CARTESIAN_POINT('',(3.4,-4.));
#7473 = ( GEOMETRIC_REPRESENTATION_CONTEXT(2) 
PARAMETRIC_REPRESENTATION_CONTEXT() REPRESENTATION_CONTEXT('2D SPACE',''
  ) );
#7474 = FACE_BOUND('',#7475,.T.);
#7475 = EDGE_LOOP('',(#7476));
#7476 = ORIENTED_EDGE('',*,*,#7477,.F.);
#7477 = EDGE_CURVE('',#7478,#7478,#7480,.T.);
#7478 = VERTEX_POINT('',#7479);
#7479 = CARTESIAN_POINT('',(-146.3,-7.592810154714E-16,44.5));
#7480 = SURFACE_CURVE('',#7481,(#7486,#7493),.PCURVE_S1.);
#7481 = CIRCLE('',#7482,3.1);
#7482 = AXIS2_PLACEMENT_3D('',#7483,#7484,#7485);
#7483 = CARTESIAN_POINT('',(-149.4,0.,44.5));
#7484 = DIRECTION('',(0.,0.,1.));
#7485 = DIRECTION('',(1.,0.,-0.));
#7486 = PCURVE('',#6890,#7487);
#7487 = DEFINITIONAL_REPRESENTATION('',(#7488),#7492);
#7488 = CIRCLE('',#7489,3.1);
#7489 = AXIS2_PLACEMENT_2D('',#7490,#7491);
#7490 = CARTESIAN_POINT('',(3.8,118.4));
#7491 = DIRECTION('',(1.,0.));
#7492 = ( GEOMETRIC_REPRESENTATION_CONTEXT(2) 
PARAMETRIC_REPRESENTATION_CONTEXT() REPRESENTATION_CONTEXT('2D SPACE',''
  ) );
#7493 = PCURVE('',#7494,#7499);
#7494 = CONICAL_SURFACE('',#7495,1.7,0.785398163397);
#7495 = AXIS2_PLACEMENT_3D('',#7496,#7497,#7498);
#7496 = CARTESIAN_POINT('',(-149.4,0.,43.1));
#7497 = DIRECTION('',(0.,0.,1.));
#7498 = DIRECTION('',(1.,0.,-0.));
#7499 = DEFINITIONAL_REPRESENTATION('',(#7500),#7504);
#7500 = LINE('',#7501,#7502);
#7501 = CARTESIAN_POINT('',(0.,1.4));
#7502 = VECTOR('',#7503,1.);
#7503 = DIRECTION('',(1.,0.));
#7504 = ( GEOMETRIC_REPRESENTATION_CONTEXT(2) 
PARAMETRIC_REPRESENTATION_CONTEXT() REPRESENTATION_CONTEXT('2D SPACE',''
  ) );
#7505 = FACE_BOUND('',#7506,.T.);
#7506 = EDGE_LOOP('',(#7507,#7535,#7561,#7587));
#7507 = ORIENTED_EDGE('',*,*,#7508,.T.);
#7508 = EDGE_CURVE('',#7509,#7511,#7513,.T.);
#7509 = VERTEX_POINT('',#7510);
#7510 = CARTESIAN_POINT('',(2.,14.,44.5));
#7511 = VERTEX_POINT('',#7512);
#7512 = CARTESIAN_POINT('',(-24.,14.,44.5));
#7513 = SURFACE_CURVE('',#7514,(#7518,#7524),.PCURVE_S1.);
#7514 = LINE('',#7515,#7516);
#7515 = CARTESIAN_POINT('',(-88.6,14.,44.5));
#7516 = VECTOR('',#7517,1.);
#7517 = DIRECTION('',(-1.,-0.,0.));
#7518 = PCURVE('',#6890,#7519);
#7519 = DEFINITIONAL_REPRESENTATION('',(#7520),#7523);
#7520 = B_SPLINE_CURVE_WITH_KNOTS('',1,(#7521,#7522),.UNSPECIFIED.,.F.,
  .F.,(2,2),(-90.6,-64.6),.PIECEWISE_BEZIER_KNOTS.);
#7521 = CARTESIAN_POINT('',(155.2,132.4));
#7522 = CARTESIAN_POINT('',(129.2,132.4));
#7523 = ( GEOMETRIC_REPRESENTATION_CONTEXT(2) 
PARAMETRIC_REPRESENTATION_CONTEXT() REPRESENTATION_CONTEXT('2D SPACE',''
  ) );
#7524 = PCURVE('',#7525,#7530);
#7525 = PLANE('',#7526);
#7526 = AXIS2_PLACEMENT_3D('',#7527,#7528,#7529);
#7527 = CARTESIAN_POINT('',(-24.,14.,41.1));
#7528 = DIRECTION('',(-0.,1.,0.));
#7529 = DIRECTION('',(0.,0.,1.));
#7530 = DEFINITIONAL_REPRESENTATION('',(#7531),#7534);
#7531 = B_SPLINE_CURVE_WITH_KNOTS('',1,(#7532,#7533),.UNSPECIFIED.,.F.,
  .F.,(2,2),(-90.6,-64.6),.PIECEWISE_BEZIER_KNOTS.);
#7532 = CARTESIAN_POINT('',(3.4,26.));
#7533 = CARTESIAN_POINT('',(3.4,0.));
#7534 = ( GEOMETRIC_REPRESENTATION_CONTEXT(2) 
PARAMETRIC_REPRESENTATION_CONTEXT() REPRESENTATION_CONTEXT('2D SPACE',''
  ) );
#7535 = ORIENTED_EDGE('',*,*,#7536,.T.);
#7536 = EDGE_CURVE('',#7511,#7537,#7539,.T.);
#7537 = VERTEX_POINT('',#7538);
#7538 = CARTESIAN_POINT('',(-24.,18.,44.5));
#7539 = SURFACE_CURVE('',#7540,(#7544,#7550),.PCURVE_S1.);
#7540 = LINE('',#7541,#7542);
#7541 = CARTESIAN_POINT('',(-24.,-52.2,44.5));
#7542 = VECTOR('',#7543,1.);
#7543 = DIRECTION('',(-0.,1.,0.));
#7544 = PCURVE('',#6890,#7545);
#7545 = DEFINITIONAL_REPRESENTATION('',(#7546),#7549);
#7546 = B_SPLINE_CURVE_WITH_KNOTS('',1,(#7547,#7548),.UNSPECIFIED.,.F.,
  .F.,(2,2),(66.2,70.2),.PIECEWISE_BEZIER_KNOTS.);
#7547 = CARTESIAN_POINT('',(129.2,132.4));
#7548 = CARTESIAN_POINT('',(129.2,136.4));
#7549 = ( GEOMETRIC_REPRESENTATION_CONTEXT(2) 
PARAMETRIC_REPRESENTATION_CONTEXT() REPRESENTATION_CONTEXT('2D SPACE',''
  ) );
#7550 = PCURVE('',#7551,#7556);
#7551 = PLANE('',#7552);
#7552 = AXIS2_PLACEMENT_3D('',#7553,#7554,#7555);
#7553 = CARTESIAN_POINT('',(-24.,14.,41.1));
#7554 = DIRECTION('',(1.,0.,-0.));
#7555 = DIRECTION('',(0.,0.,1.));
#7556 = DEFINITIONAL_REPRESENTATION('',(#7557),#7560);
#7557 = B_SPLINE_CURVE_WITH_KNOTS('',1,(#7558,#7559),.UNSPECIFIED.,.F.,
  .F.,(2,2),(66.2,70.2),.PIECEWISE_BEZIER_KNOTS.);
#7558 = CARTESIAN_POINT('',(3.4,0.));
#7559 = CARTESIAN_POINT('',(3.4,-4.));
#7560 = ( GEOMETRIC_REPRESENTATION_CONTEXT(2) 
PARAMETRIC_REPRESENTATION_CONTEXT() REPRESENTATION_CONTEXT('2D SPACE',''
  ) );
#7561 = ORIENTED_EDGE('',*,*,#7562,.F.);
#7562 = EDGE_CURVE('',#7563,#7537,#7565,.T.);
#7563 = VERTEX_POINT('',#7564);
#7564 = CARTESIAN_POINT('',(2.,18.,44.5));
#7565 = SURFACE_CURVE('',#7566,(#7570,#7576),.PCURVE_S1.);
#7566 = LINE('',#7567,#7568);
#7567 = CARTESIAN_POINT('',(-88.6,18.,44.5));
#7568 = VECTOR('',#7569,1.);
#7569 = DIRECTION('',(-1.,-0.,0.));
#7570 = PCURVE('',#6890,#7571);
#7571 = DEFINITIONAL_REPRESENTATION('',(#7572),#7575);
#7572 = B_SPLINE_CURVE_WITH_KNOTS('',1,(#7573,#7574),.UNSPECIFIED.,.F.,
  .F.,(2,2),(-90.6,-64.6),.PIECEWISE_BEZIER_KNOTS.);
#7573 = CARTESIAN_POINT('',(155.2,136.4));
#7574 = CARTESIAN_POINT('',(129.2,136.4));
#7575 = ( GEOMETRIC_REPRESENTATION_CONTEXT(2) 
PARAMETRIC_REPRESENTATION_CONTEXT() REPRESENTATION_CONTEXT('2D SPACE',''
  ) );
#7576 = PCURVE('',#7577,#7582);
#7577 = PLANE('',#7578);
#7578 = AXIS2_PLACEMENT_3D('',#7579,#7580,#7581);
#7579 = CARTESIAN_POINT('',(-24.,18.,41.1));
#7580 = DIRECTION('',(-0.,1.,0.));
#7581 = DIRECTION('',(0.,0.,1.));
#7582 = DEFINITIONAL_REPRESENTATION('',(#7583),#7586);
#7583 = B_SPLINE_CURVE_WITH_KNOTS('',1,(#7584,#7585),.UNSPECIFIED.,.F.,
  .F.,(2,2),(-90.6,-64.6),.PIECEWISE_BEZIER_KNOTS.);
#7584 = CARTESIAN_POINT('',(3.4,26.));
#7585 = CARTESIAN_POINT('',(3.4,0.));
#7586 = ( GEOMETRIC_REPRESENTATION_CONTEXT(2) 
PARAMETRIC_REPRESENTATION_CONTEXT() REPRESENTATION_CONTEXT('2D SPACE',''
  ) );
#7587 = ORIENTED_EDGE('',*,*,#7588,.F.);
#7588 = EDGE_CURVE('',#7509,#7563,#7589,.T.);
#7589 = SURFACE_CURVE('',#7590,(#7594,#7600),.PCURVE_S1.);
#7590 = LINE('',#7591,#7592);
#7591 = CARTESIAN_POINT('',(2.,-52.2,44.5));
#7592 = VECTOR('',#7593,1.);
#7593 = DIRECTION('',(-0.,1.,0.));
#7594 = PCURVE('',#6890,#7595);
#7595 = DEFINITIONAL_REPRESENTATION('',(#7596),#7599);
#7596 = B_SPLINE_CURVE_WITH_KNOTS('',1,(#7597,#7598),.UNSPECIFIED.,.F.,
  .F.,(2,2),(66.2,70.2),.PIECEWISE_BEZIER_KNOTS.);
#7597 = CARTESIAN_POINT('',(155.2,132.4));
#7598 = CARTESIAN_POINT('',(155.2,136.4));
#7599 = ( GEOMETRIC_REPRESENTATION_CONTEXT(2) 
PARAMETRIC_REPRESENTATION_CONTEXT() REPRESENTATION_CONTEXT('2D SPACE',''
  ) );
#7600 = PCURVE('',#7601,#7606);
#7601 = PLANE('',#7602);
#7602 = AXIS2_PLACEMENT_3D('',#7603,#7604,#7605);
#7603 = CARTESIAN_POINT('',(2.,14.,41.1));
#7604 = DIRECTION('',(1.,0.,-0.));
#7605 = DIRECTION('',(0.,0.,1.));
#7606 = DEFINITIONAL_REPRESENTATION('',(#7607),#7610);
#7607 = B_SPLINE_CURVE_WITH_KNOTS('',1,(#7608,#7609),.UNSPECIFIED.,.F.,
  .F.,(2,2),(66.2,70.2),.PIECEWISE_BEZIER_KNOTS.);
#7608 = CARTESIAN_POINT('',(3.4,0.));
#7609 = CARTESIAN_POINT('',(3.4,-4.));
#7610 = ( GEOMETRIC_REPRESENTATION_CONTEXT(2) 
PARAMETRIC_REPRESENTATION_CONTEXT() REPRESENTATION_CONTEXT('2D SPACE',''
  ) );
#7611 = FACE_BOUND('',#7612,.T.);
#7612 = EDGE_LOOP('',(#7613,#7641,#7667,#7693));
#7613 = ORIENTED_EDGE('',*,*,#7614,.T.);
#7614 = EDGE_CURVE('',#7615,#7617,#7619,.T.);
#7615 = VERTEX_POINT('',#7616);
#7616 = CARTESIAN_POINT('',(2.,24.,44.5));
#7617 = VERTEX_POINT('',#7618);
#7618 = CARTESIAN_POINT('',(-24.,24.,44.5));
#7619 = SURFACE_CURVE('',#7620,(#7624,#7630),.PCURVE_S1.);
#7620 = LINE('',#7621,#7622);
#7621 = CARTESIAN_POINT('',(-88.6,24.,44.5));
#7622 = VECTOR('',#7623,1.);
#7623 = DIRECTION('',(-1.,-0.,0.));
#7624 = PCURVE('',#6890,#7625);
#7625 = DEFINITIONAL_REPRESENTATION('',(#7626),#7629);
#7626 = B_SPLINE_CURVE_WITH_KNOTS('',1,(#7627,#7628),.UNSPECIFIED.,.F.,
  .F.,(2,2),(-90.6,-64.6),.PIECEWISE_BEZIER_KNOTS.);
#7627 = CARTESIAN_POINT('',(155.2,142.4));
#7628 = CARTESIAN_POINT('',(129.2,142.4));
#7629 = ( GEOMETRIC_REPRESENTATION_CONTEXT(2) 
PARAMETRIC_REPRESENTATION_CONTEXT() REPRESENTATION_CONTEXT('2D SPACE',''
  ) );
#7630 = PCURVE('',#7631,#7636);
#7631 = PLANE('',#7632);
#7632 = AXIS2_PLACEMENT_3D('',#7633,#7634,#7635);
#7633 = CARTESIAN_POINT('',(-24.,24.,41.1));
#7634 = DIRECTION('',(-0.,1.,0.));
#7635 = DIRECTION('',(0.,0.,1.));
#7636 = DEFINITIONAL_REPRESENTATION('',(#7637),#7640);
#7637 = B_SPLINE_CURVE_WITH_KNOTS('',1,(#7638,#7639),.UNSPECIFIED.,.F.,
  .F.,(2,2),(-90.6,-64.6),.PIECEWISE_BEZIER_KNOTS.);
#7638 = CARTESIAN_POINT('',(3.4,26.));
#7639 = CARTESIAN_POINT('',(3.4,0.));
#7640 = ( GEOMETRIC_REPRESENTATION_CONTEXT(2) 
PARAMETRIC_REPRESENTATION_CONTEXT() REPRESENTATION_CONTEXT('2D SPACE',''
  ) );
#7641 = ORIENTED_EDGE('',*,*,#7642,.T.);
#7642 = EDGE_CURVE('',#7617,#7643,#7645,.T.);
#7643 = VERTEX_POINT('',#7644);
#7644 = CARTESIAN_POINT('',(-24.,28.,44.5));
#7645 = SURFACE_CURVE('',#7646,(#7650,#7656),.PCURVE_S1.);
#7646 = LINE('',#7647,#7648);
#7647 = CARTESIAN_POINT('',(-24.,-47.2,44.5));
#7648 = VECTOR('',#7649,1.);
#7649 = DIRECTION('',(-0.,1.,0.));
#7650 = PCURVE('',#6890,#7651);
#7651 = DEFINITIONAL_REPRESENTATION('',(#7652),#7655);
#7652 = B_SPLINE_CURVE_WITH_KNOTS('',1,(#7653,#7654),.UNSPECIFIED.,.F.,
  .F.,(2,2),(71.2,75.2),.PIECEWISE_BEZIER_KNOTS.);
#7653 = CARTESIAN_POINT('',(129.2,142.4));
#7654 = CARTESIAN_POINT('',(129.2,146.4));
#7655 = ( GEOMETRIC_REPRESENTATION_CONTEXT(2) 
PARAMETRIC_REPRESENTATION_CONTEXT() REPRESENTATION_CONTEXT('2D SPACE',''
  ) );
#7656 = PCURVE('',#7657,#7662);
#7657 = PLANE('',#7658);
#7658 = AXIS2_PLACEMENT_3D('',#7659,#7660,#7661);
#7659 = CARTESIAN_POINT('',(-24.,24.,41.1));
#7660 = DIRECTION('',(1.,0.,-0.));
#7661 = DIRECTION('',(0.,0.,1.));
#7662 = DEFINITIONAL_REPRESENTATION('',(#7663),#7666);
#7663 = B_SPLINE_CURVE_WITH_KNOTS('',1,(#7664,#7665),.UNSPECIFIED.,.F.,
  .F.,(2,2),(71.2,75.2),.PIECEWISE_BEZIER_KNOTS.);
#7664 = CARTESIAN_POINT('',(3.4,0.));
#7665 = CARTESIAN_POINT('',(3.4,-4.));
#7666 = ( GEOMETRIC_REPRESENTATION_CONTEXT(2) 
PARAMETRIC_REPRESENTATION_CONTEXT() REPRESENTATION_CONTEXT('2D SPACE',''
  ) );
#7667 = ORIENTED_EDGE('',*,*,#7668,.F.);
#7668 = EDGE_CURVE('',#7669,#7643,#7671,.T.);
#7669 = VERTEX_POINT('',#7670);
#7670 = CARTESIAN_POINT('',(2.,28.,44.5));
#7671 = SURFACE_CURVE('',#7672,(#7676,#7682),.PCURVE_S1.);
#7672 = LINE('',#7673,#7674);
#7673 = CARTESIAN_POINT('',(-88.6,28.,44.5));
#7674 = VECTOR('',#7675,1.);
#7675 = DIRECTION('',(-1.,-0.,0.));
#7676 = PCURVE('',#6890,#7677);
#7677 = DEFINITIONAL_REPRESENTATION('',(#7678),#7681);
#7678 = B_SPLINE_CURVE_WITH_KNOTS('',1,(#7679,#7680),.UNSPECIFIED.,.F.,
  .F.,(2,2),(-90.6,-64.6),.PIECEWISE_BEZIER_KNOTS.);
#7679 = CARTESIAN_POINT('',(155.2,146.4));
#7680 = CARTESIAN_POINT('',(129.2,146.4));
#7681 = ( GEOMETRIC_REPRESENTATION_CONTEXT(2) 
PARAMETRIC_REPRESENTATION_CONTEXT() REPRESENTATION_CONTEXT('2D SPACE',''
  ) );
#7682 = PCURVE('',#7683,#7688);
#7683 = PLANE('',#7684);
#7684 = AXIS2_PLACEMENT_3D('',#7685,#7686,#7687);
#7685 = CARTESIAN_POINT('',(-24.,28.,41.1));
#7686 = DIRECTION('',(-0.,1.,0.));
#7687 = DIRECTION('',(0.,0.,1.));
#7688 = DEFINITIONAL_REPRESENTATION('',(#7689),#7692);
#7689 = B_SPLINE_CURVE_WITH_KNOTS('',1,(#7690,#7691),.UNSPECIFIED.,.F.,
  .F.,(2,2),(-90.6,-64.6),.PIECEWISE_BEZIER_KNOTS.);
#7690 = CARTESIAN_POINT('',(3.4,26.));
#7691 = CARTESIAN_POINT('',(3.4,0.));
#7692 = ( GEOMETRIC_REPRESENTATION_CONTEXT(2) 
PARAMETRIC_REPRESENTATION_CONTEXT() REPRESENTATION_CONTEXT('2D SPACE',''
  ) );
#7693 = ORIENTED_EDGE('',*,*,#7694,.F.);
#7694 = EDGE_CURVE('',#7615,#7669,#7695,.T.);
#7695 = SURFACE_CURVE('',#7696,(#7700,#7706),.PCURVE_S1.);
#7696 = LINE('',#7697,#7698);
#7697 = CARTESIAN_POINT('',(2.,-47.2,44.5));
#7698 = VECTOR('',#7699,1.);
#7699 = DIRECTION('',(-0.,1.,0.));
#7700 = PCURVE('',#6890,#7701);
#7701 = DEFINITIONAL_REPRESENTATION('',(#7702),#7705);
#7702 = B_SPLINE_CURVE_WITH_KNOTS('',1,(#7703,#7704),.UNSPECIFIED.,.F.,
  .F.,(2,2),(71.2,75.2),.PIECEWISE_BEZIER_KNOTS.);
#7703 = CARTESIAN_POINT('',(155.2,142.4));
#7704 = CARTESIAN_POINT('',(155.2,146.4));
#7705 = ( GEOMETRIC_REPRESENTATION_CONTEXT(2) 
PARAMETRIC_REPRESENTATION_CONTEXT() REPRESENTATION_CONTEXT('2D SPACE',''
  ) );
#7706 = PCURVE('',#7707,#7712);
#7707 = PLANE('',#7708);
#7708 = AXIS2_PLACEMENT_3D('',#7709,#7710,#7711);
#7709 = CARTESIAN_POINT('',(2.,24.,41.1));
#7710 = DIRECTION('',(1.,0.,-0.));
#7711 = DIRECTION('',(0.,0.,1.));
#7712 = DEFINITIONAL_REPRESENTATION('',(#7713),#7716);
#7713 = B_SPLINE_CURVE_WITH_KNOTS('',1,(#7714,#7715),.UNSPECIFIED.,.F.,
  .F.,(2,2),(71.2,75.2),.PIECEWISE_BEZIER_KNOTS.);
#7714 = CARTESIAN_POINT('',(3.4,0.));
#7715 = CARTESIAN_POINT('',(3.4,-4.));
#7716 = ( GEOMETRIC_REPRESENTATION_CONTEXT(2) 
PARAMETRIC_REPRESENTATION_CONTEXT() REPRESENTATION_CONTEXT('2D SPACE',''
  ) );
#7717 = FACE_BOUND('',#7718,.T.);
#7718 = EDGE_LOOP('',(#7719,#7747,#7773,#7799));
#7719 = ORIENTED_EDGE('',*,*,#7720,.T.);
#7720 = EDGE_CURVE('',#7721,#7723,#7725,.T.);
#7721 = VERTEX_POINT('',#7722);
#7722 = CARTESIAN_POINT('',(2.,34.,44.5));
#7723 = VERTEX_POINT('',#7724);
#7724 = CARTESIAN_POINT('',(-24.,34.,44.5));
#7725 = SURFACE_CURVE('',#7726,(#7730,#7736),.PCURVE_S1.);
#7726 = LINE('',#7727,#7728);
#7727 = CARTESIAN_POINT('',(-88.6,34.,44.5));
#7728 = VECTOR('',#7729,1.);
#7729 = DIRECTION('',(-1.,-0.,0.));
#7730 = PCURVE('',#6890,#7731);
#7731 = DEFINITIONAL_REPRESENTATION('',(#7732),#7735);
#7732 = B_SPLINE_CURVE_WITH_KNOTS('',1,(#7733,#7734),.UNSPECIFIED.,.F.,
  .F.,(2,2),(-90.6,-64.6),.PIECEWISE_BEZIER_KNOTS.);
#7733 = CARTESIAN_POINT('',(155.2,152.4));
#7734 = CARTESIAN_POINT('',(129.2,152.4));
#7735 = ( GEOMETRIC_REPRESENTATION_CONTEXT(2) 
PARAMETRIC_REPRESENTATION_CONTEXT() REPRESENTATION_CONTEXT('2D SPACE',''
  ) );
#7736 = PCURVE('',#7737,#7742);
#7737 = PLANE('',#7738);
#7738 = AXIS2_PLACEMENT_3D('',#7739,#7740,#7741);
#7739 = CARTESIAN_POINT('',(-24.,34.,41.1));
#7740 = DIRECTION('',(-0.,1.,0.));
#7741 = DIRECTION('',(0.,0.,1.));
#7742 = DEFINITIONAL_REPRESENTATION('',(#7743),#7746);
#7743 = B_SPLINE_CURVE_WITH_KNOTS('',1,(#7744,#7745),.UNSPECIFIED.,.F.,
  .F.,(2,2),(-90.6,-64.6),.PIECEWISE_BEZIER_KNOTS.);
#7744 = CARTESIAN_POINT('',(3.4,26.));
#7745 = CARTESIAN_POINT('',(3.4,0.));
#7746 = ( GEOMETRIC_REPRESENTATION_CONTEXT(2) 
PARAMETRIC_REPRESENTATION_CONTEXT() REPRESENTATION_CONTEXT('2D SPACE',''
  ) );
#7747 = ORIENTED_EDGE('',*,*,#7748,.T.);
#7748 = EDGE_CURVE('',#7723,#7749,#7751,.T.);
#7749 = VERTEX_POINT('',#7750);
#7750 = CARTESIAN_POINT('',(-24.,38.,44.5));
#7751 = SURFACE_CURVE('',#7752,(#7756,#7762),.PCURVE_S1.);
#7752 = LINE('',#7753,#7754);
#7753 = CARTESIAN_POINT('',(-24.,-42.2,44.5));
#7754 = VECTOR('',#7755,1.);
#7755 = DIRECTION('',(-0.,1.,0.));
#7756 = PCURVE('',#6890,#7757);
#7757 = DEFINITIONAL_REPRESENTATION('',(#7758),#7761);
#7758 = B_SPLINE_CURVE_WITH_KNOTS('',1,(#7759,#7760),.UNSPECIFIED.,.F.,
  .F.,(2,2),(76.2,80.2),.PIECEWISE_BEZIER_KNOTS.);
#7759 = CARTESIAN_POINT('',(129.2,152.4));
#7760 = CARTESIAN_POINT('',(129.2,156.4));
#7761 = ( GEOMETRIC_REPRESENTATION_CONTEXT(2) 
PARAMETRIC_REPRESENTATION_CONTEXT() REPRESENTATION_CONTEXT('2D SPACE',''
  ) );
#7762 = PCURVE('',#7763,#7768);
#7763 = PLANE('',#7764);
#7764 = AXIS2_PLACEMENT_3D('',#7765,#7766,#7767);
#7765 = CARTESIAN_POINT('',(-24.,34.,41.1));
#7766 = DIRECTION('',(1.,0.,-0.));
#7767 = DIRECTION('',(0.,0.,1.));
#7768 = DEFINITIONAL_REPRESENTATION('',(#7769),#7772);
#7769 = B_SPLINE_CURVE_WITH_KNOTS('',1,(#7770,#7771),.UNSPECIFIED.,.F.,
  .F.,(2,2),(76.2,80.2),.PIECEWISE_BEZIER_KNOTS.);
#7770 = CARTESIAN_POINT('',(3.4,0.));
#7771 = CARTESIAN_POINT('',(3.4,-4.));
#7772 = ( GEOMETRIC_REPRESENTATION_CONTEXT(2) 
PARAMETRIC_REPRESENTATION_CONTEXT() REPRESENTATION_CONTEXT('2D SPACE',''
  ) );
#7773 = ORIENTED_EDGE('',*,*,#7774,.F.);
#7774 = EDGE_CURVE('',#7775,#7749,#7777,.T.);
#7775 = VERTEX_POINT('',#7776);
#7776 = CARTESIAN_POINT('',(2.,38.,44.5));
#7777 = SURFACE_CURVE('',#7778,(#7782,#7788),.PCURVE_S1.);
#7778 = LINE('',#7779,#7780);
#7779 = CARTESIAN_POINT('',(-88.6,38.,44.5));
#7780 = VECTOR('',#7781,1.);
#7781 = DIRECTION('',(-1.,-0.,0.));
#7782 = PCURVE('',#6890,#7783);
#7783 = DEFINITIONAL_REPRESENTATION('',(#7784),#7787);
#7784 = B_SPLINE_CURVE_WITH_KNOTS('',1,(#7785,#7786),.UNSPECIFIED.,.F.,
  .F.,(2,2),(-90.6,-64.6),.PIECEWISE_BEZIER_KNOTS.);
#7785 = CARTESIAN_POINT('',(155.2,156.4));
#7786 = CARTESIAN_POINT('',(129.2,156.4));
#7787 = ( GEOMETRIC_REPRESENTATION_CONTEXT(2) 
PARAMETRIC_REPRESENTATION_CONTEXT() REPRESENTATION_CONTEXT('2D SPACE',''
  ) );
#7788 = PCURVE('',#7789,#7794);
#7789 = PLANE('',#7790);
#7790 = AXIS2_PLACEMENT_3D('',#7791,#7792,#7793);
#7791 = CARTESIAN_POINT('',(-24.,38.,41.1));
#7792 = DIRECTION('',(-0.,1.,0.));
#7793 = DIRECTION('',(0.,0.,1.));
#7794 = DEFINITIONAL_REPRESENTATION('',(#7795),#7798);
#7795 = B_SPLINE_CURVE_WITH_KNOTS('',1,(#7796,#7797),.UNSPECIFIED.,.F.,
  .F.,(2,2),(-90.6,-64.6),.PIECEWISE_BEZIER_KNOTS.);
#7796 = CARTESIAN_POINT('',(3.4,26.));
#7797 = CARTESIAN_POINT('',(3.4,0.));
#7798 = ( GEOMETRIC_REPRESENTATION_CONTEXT(2) 
PARAMETRIC_REPRESENTATION_CONTEXT() REPRESENTATION_CONTEXT('2D SPACE',''
  ) );
#7799 = ORIENTED_EDGE('',*,*,#7800,.F.);
#7800 = EDGE_CURVE('',#7721,#7775,#7801,.T.);
#7801 = SURFACE_CURVE('',#7802,(#7806,#7812),.PCURVE_S1.);
#7802 = LINE('',#7803,#7804);
#7803 = CARTESIAN_POINT('',(2.,-42.2,44.5));
#7804 = VECTOR('',#7805,1.);
#7805 = DIRECTION('',(-0.,1.,0.));
#7806 = PCURVE('',#6890,#7807);
#7807 = DEFINITIONAL_REPRESENTATION('',(#7808),#7811);
#7808 = B_SPLINE_CURVE_WITH_KNOTS('',1,(#7809,#7810),.UNSPECIFIED.,.F.,
  .F.,(2,2),(76.2,80.2),.PIECEWISE_BEZIER_KNOTS.);
#7809 = CARTESIAN_POINT('',(155.2,152.4));
#7810 = CARTESIAN_POINT('',(155.2,156.4));
#7811 = ( GEOMETRIC_REPRESENTATION_CONTEXT(2) 
PARAMETRIC_REPRESENTATION_CONTEXT() REPRESENTATION_CONTEXT('2D SPACE',''
  ) );
#7812 = PCURVE('',#7813,#7818);
#7813 = PLANE('',#7814);
#7814 = AXIS2_PLACEMENT_3D('',#7815,#7816,#7817);
#7815 = CARTESIAN_POINT('',(2.,34.,41.1));
#7816 = DIRECTION('',(1.,0.,-0.));
#7817 = DIRECTION('',(0.,0.,1.));
#7818 = DEFINITIONAL_REPRESENTATION('',(#7819),#7822);
#7819 = B_SPLINE_CURVE_WITH_KNOTS('',1,(#7820,#7821),.UNSPECIFIED.,.F.,
  .F.,(2,2),(76.2,80.2),.PIECEWISE_BEZIER_KNOTS.);
#7820 = CARTESIAN_POINT('',(3.4,0.));
#7821 = CARTESIAN_POINT('',(3.4,-4.));
#7822 = ( GEOMETRIC_REPRESENTATION_CONTEXT(2) 
PARAMETRIC_REPRESENTATION_CONTEXT() REPRESENTATION_CONTEXT('2D SPACE',''
  ) );
#7823 = FACE_BOUND('',#7824,.T.);
#7824 = EDGE_LOOP('',(#7825,#7853,#7879,#7905));
#7825 = ORIENTED_EDGE('',*,*,#7826,.T.);
#7826 = EDGE_CURVE('',#7827,#7829,#7831,.T.);
#7827 = VERTEX_POINT('',#7828);
#7828 = CARTESIAN_POINT('',(2.,44.,44.5));
#7829 = VERTEX_POINT('',#7830);
#7830 = CARTESIAN_POINT('',(-24.,44.,44.5));
#7831 = SURFACE_CURVE('',#7832,(#7836,#7842),.PCURVE_S1.);
#7832 = LINE('',#7833,#7834);
#7833 = CARTESIAN_POINT('',(-88.6,44.,44.5));
#7834 = VECTOR('',#7835,1.);
#7835 = DIRECTION('',(-1.,-0.,0.));
#7836 = PCURVE('',#6890,#7837);
#7837 = DEFINITIONAL_REPRESENTATION('',(#7838),#7841);
#7838 = B_SPLINE_CURVE_WITH_KNOTS('',1,(#7839,#7840),.UNSPECIFIED.,.F.,
  .F.,(2,2),(-90.6,-64.6),.PIECEWISE_BEZIER_KNOTS.);
#7839 = CARTESIAN_POINT('',(155.2,162.4));
#7840 = CARTESIAN_POINT('',(129.2,162.4));
#7841 = ( GEOMETRIC_REPRESENTATION_CONTEXT(2) 
PARAMETRIC_REPRESENTATION_CONTEXT() REPRESENTATION_CONTEXT('2D SPACE',''
  ) );
#7842 = PCURVE('',#7843,#7848);
#7843 = PLANE('',#7844);
#7844 = AXIS2_PLACEMENT_3D('',#7845,#7846,#7847);
#7845 = CARTESIAN_POINT('',(-24.,44.,41.1));
#7846 = DIRECTION('',(-0.,1.,0.));
#7847 = DIRECTION('',(0.,0.,1.));
#7848 = DEFINITIONAL_REPRESENTATION('',(#7849),#7852);
#7849 = B_SPLINE_CURVE_WITH_KNOTS('',1,(#7850,#7851),.UNSPECIFIED.,.F.,
  .F.,(2,2),(-90.6,-64.6),.PIECEWISE_BEZIER_KNOTS.);
#7850 = CARTESIAN_POINT('',(3.4,26.));
#7851 = CARTESIAN_POINT('',(3.4,0.));
#7852 = ( GEOMETRIC_REPRESENTATION_CONTEXT(2) 
PARAMETRIC_REPRESENTATION_CONTEXT() REPRESENTATION_CONTEXT('2D SPACE',''
  ) );
#7853 = ORIENTED_EDGE('',*,*,#7854,.T.);
#7854 = EDGE_CURVE('',#7829,#7855,#7857,.T.);
#7855 = VERTEX_POINT('',#7856);
#7856 = CARTESIAN_POINT('',(-24.,48.,44.5));
#7857 = SURFACE_CURVE('',#7858,(#7862,#7868),.PCURVE_S1.);
#7858 = LINE('',#7859,#7860);
#7859 = CARTESIAN_POINT('',(-24.,-37.2,44.5));
#7860 = VECTOR('',#7861,1.);
#7861 = DIRECTION('',(-0.,1.,0.));
#7862 = PCURVE('',#6890,#7863);
#7863 = DEFINITIONAL_REPRESENTATION('',(#7864),#7867);
#7864 = B_SPLINE_CURVE_WITH_KNOTS('',1,(#7865,#7866),.UNSPECIFIED.,.F.,
  .F.,(2,2),(81.2,85.2),.PIECEWISE_BEZIER_KNOTS.);
#7865 = CARTESIAN_POINT('',(129.2,162.4));
#7866 = CARTESIAN_POINT('',(129.2,166.4));
#7867 = ( GEOMETRIC_REPRESENTATION_CONTEXT(2) 
PARAMETRIC_REPRESENTATION_CONTEXT() REPRESENTATION_CONTEXT('2D SPACE',''
  ) );
#7868 = PCURVE('',#7869,#7874);
#7869 = PLANE('',#7870);
#7870 = AXIS2_PLACEMENT_3D('',#7871,#7872,#7873);
#7871 = CARTESIAN_POINT('',(-24.,44.,41.1));
#7872 = DIRECTION('',(1.,0.,-0.));
#7873 = DIRECTION('',(0.,0.,1.));
#7874 = DEFINITIONAL_REPRESENTATION('',(#7875),#7878);
#7875 = B_SPLINE_CURVE_WITH_KNOTS('',1,(#7876,#7877),.UNSPECIFIED.,.F.,
  .F.,(2,2),(81.2,85.2),.PIECEWISE_BEZIER_KNOTS.);
#7876 = CARTESIAN_POINT('',(3.4,0.));
#7877 = CARTESIAN_POINT('',(3.4,-4.));
#7878 = ( GEOMETRIC_REPRESENTATION_CONTEXT(2) 
PARAMETRIC_REPRESENTATION_CONTEXT() REPRESENTATION_CONTEXT('2D SPACE',''
  ) );
#7879 = ORIENTED_EDGE('',*,*,#7880,.F.);
#7880 = EDGE_CURVE('',#7881,#7855,#7883,.T.);
#7881 = VERTEX_POINT('',#7882);
#7882 = CARTESIAN_POINT('',(2.,48.,44.5));
#7883 = SURFACE_CURVE('',#7884,(#7888,#7894),.PCURVE_S1.);
#7884 = LINE('',#7885,#7886);
#7885 = CARTESIAN_POINT('',(-88.6,48.,44.5));
#7886 = VECTOR('',#7887,1.);
#7887 = DIRECTION('',(-1.,-0.,0.));
#7888 = PCURVE('',#6890,#7889);
#7889 = DEFINITIONAL_REPRESENTATION('',(#7890),#7893);
#7890 = B_SPLINE_CURVE_WITH_KNOTS('',1,(#7891,#7892),.UNSPECIFIED.,.F.,
  .F.,(2,2),(-90.6,-64.6),.PIECEWISE_BEZIER_KNOTS.);
#7891 = CARTESIAN_POINT('',(155.2,166.4));
#7892 = CARTESIAN_POINT('',(129.2,166.4));
#7893 = ( GEOMETRIC_REPRESENTATION_CONTEXT(2) 
PARAMETRIC_REPRESENTATION_CONTEXT() REPRESENTATION_CONTEXT('2D SPACE',''
  ) );
#7894 = PCURVE('',#7895,#7900);
#7895 = PLANE('',#7896);
#7896 = AXIS2_PLACEMENT_3D('',#7897,#7898,#7899);
#7897 = CARTESIAN_POINT('',(-24.,48.,41.1));
#7898 = DIRECTION('',(-0.,1.,0.));
#7899 = DIRECTION('',(0.,0.,1.));
#7900 = DEFINITIONAL_REPRESENTATION('',(#7901),#7904);
#7901 = B_SPLINE_CURVE_WITH_KNOTS('',1,(#7902,#7903),.UNSPECIFIED.,.F.,
  .F.,(2,2),(-90.6,-64.6),.PIECEWISE_BEZIER_KNOTS.);
#7902 = CARTESIAN_POINT('',(3.4,26.));
#7903 = CARTESIAN_POINT('',(3.4,0.));
#7904 = ( GEOMETRIC_REPRESENTATION_CONTEXT(2) 
PARAMETRIC_REPRESENTATION_CONTEXT() REPRESENTATION_CONTEXT('2D SPACE',''
  ) );
#7905 = ORIENTED_EDGE('',*,*,#7906,.F.);
#7906 = EDGE_CURVE('',#7827,#7881,#7907,.T.);
#7907 = SURFACE_CURVE('',#7908,(#7912,#7918),.PCURVE_S1.);
#7908 = LINE('',#7909,#7910);
#7909 = CARTESIAN_POINT('',(2.,-37.2,44.5));
#7910 = VECTOR('',#7911,1.);
#7911 = DIRECTION('',(-0.,1.,0.));
#7912 = PCURVE('',#6890,#7913);
#7913 = DEFINITIONAL_REPRESENTATION('',(#7914),#7917);
#7914 = B_SPLINE_CURVE_WITH_KNOTS('',1,(#7915,#7916),.UNSPECIFIED.,.F.,
  .F.,(2,2),(81.2,85.2),.PIECEWISE_BEZIER_KNOTS.);
#7915 = CARTESIAN_POINT('',(155.2,162.4));
#7916 = CARTESIAN_POINT('',(155.2,166.4));
#7917 = ( GEOMETRIC_REPRESENTATION_CONTEXT(2) 
PARAMETRIC_REPRESENTATION_CONTEXT() REPRESENTATION_CONTEXT('2D SPACE',''
  ) );
#7918 = PCURVE('',#7919,#7924);
#7919 = PLANE('',#7920);
#7920 = AXIS2_PLACEMENT_3D('',#7921,#7922,#7923);
#7921 = CARTESIAN_POINT('',(2.,44.,41.1));
#7922 = DIRECTION('',(1.,0.,-0.));
#7923 = DIRECTION('',(0.,0.,1.));
#7924 = DEFINITIONAL_REPRESENTATION('',(#7925),#7928);
#7925 = B_SPLINE_CURVE_WITH_KNOTS('',1,(#7926,#7927),.UNSPECIFIED.,.F.,
  .F.,(2,2),(81.2,85.2),.PIECEWISE_BEZIER_KNOTS.);
#7926 = CARTESIAN_POINT('',(3.4,0.));
#7927 = CARTESIAN_POINT('',(3.4,-4.));
#7928 = ( GEOMETRIC_REPRESENTATION_CONTEXT(2) 
PARAMETRIC_REPRESENTATION_CONTEXT() REPRESENTATION_CONTEXT('2D SPACE',''
  ) );
#7929 = FACE_BOUND('',#7930,.T.);
#7930 = EDGE_LOOP('',(#7931,#7966,#7992,#8019));
#7931 = ORIENTED_EDGE('',*,*,#7932,.T.);
#7932 = EDGE_CURVE('',#7933,#7935,#7937,.T.);
#7933 = VERTEX_POINT('',#7934);
#7934 = CARTESIAN_POINT('',(-82.5,59.038873605351,44.5));
#7935 = VERTEX_POINT('',#7936);
#7936 = CARTESIAN_POINT('',(-87.5,59.038873605351,44.5));
#7937 = SURFACE_CURVE('',#7938,(#7943,#7954),.PCURVE_S1.);
#7938 = CIRCLE('',#7939,4.75);
#7939 = AXIS2_PLACEMENT_3D('',#7940,#7941,#7942);
#7940 = CARTESIAN_POINT('',(-85.,55.,44.5));
#7941 = DIRECTION('',(0.,0.,-1.));
#7942 = DIRECTION('',(0.526315789474,0.850289180074,0.));
#7943 = PCURVE('',#6890,#7944);
#7944 = DEFINITIONAL_REPRESENTATION('',(#7945),#7953);
#7945 = ( BOUNDED_CURVE() B_SPLINE_CURVE(2,(#7946,#7947,#7948,#7949,
#7950,#7951,#7952),.UNSPECIFIED.,.T.,.F.) B_SPLINE_CURVE_WITH_KNOTS((1,2
    ,2,2,2,1),(-2.094395102393,0.,2.094395102393,4.188790204786,
6.28318530718,8.377580409573),.UNSPECIFIED.) CURVE() 
GEOMETRIC_REPRESENTATION_ITEM() RATIONAL_B_SPLINE_CURVE((1.,0.5,1.,0.5,
1.,0.5,1.)) REPRESENTATION_ITEM('') );
#7946 = CARTESIAN_POINT('',(70.7,177.43887360535));
#7947 = CARTESIAN_POINT('',(77.695534289817,173.10874658642));
#7948 = CARTESIAN_POINT('',(70.447767144908,169.21549968786));
#7949 = CARTESIAN_POINT('',(63.2,165.32225278929));
#7950 = CARTESIAN_POINT('',(63.452232855092,173.54562670678));
#7951 = CARTESIAN_POINT('',(63.704465710183,181.76900062427));
#7952 = CARTESIAN_POINT('',(70.7,177.43887360535));
#7953 = ( GEOMETRIC_REPRESENTATION_CONTEXT(2) 
PARAMETRIC_REPRESENTATION_CONTEXT() REPRESENTATION_CONTEXT('2D SPACE',''
  ) );
#7954 = PCURVE('',#7955,#7960);
#7955 = CYLINDRICAL_SURFACE('',#7956,4.75);
#7956 = AXIS2_PLACEMENT_3D('',#7957,#7958,#7959);
#7957 = CARTESIAN_POINT('',(-85.,55.,37.5));
#7958 = DIRECTION('',(0.,0.,1.));
#7959 = DIRECTION('',(1.,0.,0.));
#7960 = DEFINITIONAL_REPRESENTATION('',(#7961),#7965);
#7961 = LINE('',#7962,#7963);
#7962 = CARTESIAN_POINT('',(7.299719799522,7.));
#7963 = VECTOR('',#7964,1.);
#7964 = DIRECTION('',(-1.,-0.));
#7965 = ( GEOMETRIC_REPRESENTATION_CONTEXT(2) 
PARAMETRIC_REPRESENTATION_CONTEXT() REPRESENTATION_CONTEXT('2D SPACE',''
  ) );
#7966 = ORIENTED_EDGE('',*,*,#7967,.T.);
#7967 = EDGE_CURVE('',#7935,#7968,#7970,.T.);
#7968 = VERTEX_POINT('',#7969);
#7969 = CARTESIAN_POINT('',(-87.5,69.25,44.5));
#7970 = SURFACE_CURVE('',#7971,(#7975,#7981),.PCURVE_S1.);
#7971 = LINE('',#7972,#7973);
#7972 = CARTESIAN_POINT('',(-87.5,-31.825,44.5));
#7973 = VECTOR('',#7974,1.);
#7974 = DIRECTION('',(0.,1.,0.));
#7975 = PCURVE('',#6890,#7976);
#7976 = DEFINITIONAL_REPRESENTATION('',(#7977),#7980);
#7977 = B_SPLINE_CURVE_WITH_KNOTS('',1,(#7978,#7979),.UNSPECIFIED.,.F.,
  .F.,(2,2),(86.575,101.075),.PIECEWISE_BEZIER_KNOTS.);
#7978 = CARTESIAN_POINT('',(65.7,173.15));
#7979 = CARTESIAN_POINT('',(65.7,187.65));
#7980 = ( GEOMETRIC_REPRESENTATION_CONTEXT(2) 
PARAMETRIC_REPRESENTATION_CONTEXT() REPRESENTATION_CONTEXT('2D SPACE',''
  ) );
#7981 = PCURVE('',#7982,#7987);
#7982 = PLANE('',#7983);
#7983 = AXIS2_PLACEMENT_3D('',#7984,#7985,#7986);
#7984 = CARTESIAN_POINT('',(-87.5,54.75,37.5));
#7985 = DIRECTION('',(1.,0.,0.));
#7986 = DIRECTION('',(0.,0.,1.));
#7987 = DEFINITIONAL_REPRESENTATION('',(#7988),#7991);
#7988 = B_SPLINE_CURVE_WITH_KNOTS('',1,(#7989,#7990),.UNSPECIFIED.,.F.,
  .F.,(2,2),(86.575,101.075),.PIECEWISE_BEZIER_KNOTS.);
#7989 = CARTESIAN_POINT('',(7.,0.));
#7990 = CARTESIAN_POINT('',(7.,-14.5));
#7991 = ( GEOMETRIC_REPRESENTATION_CONTEXT(2) 
PARAMETRIC_REPRESENTATION_CONTEXT() REPRESENTATION_CONTEXT('2D SPACE',''
  ) );
#7992 = ORIENTED_EDGE('',*,*,#7993,.F.);
#7993 = EDGE_CURVE('',#7994,#7968,#7996,.T.);
#7994 = VERTEX_POINT('',#7995);
#7995 = CARTESIAN_POINT('',(-82.5,69.25,44.5));
#7996 = SURFACE_CURVE('',#7997,(#8001,#8007),.PCURVE_S1.);
#7997 = LINE('',#7998,#7999);
#7998 = CARTESIAN_POINT('',(-120.35,69.25,44.5));
#7999 = VECTOR('',#8000,1.);
#8000 = DIRECTION('',(-1.,0.,0.));
#8001 = PCURVE('',#6890,#8002);
#8002 = DEFINITIONAL_REPRESENTATION('',(#8003),#8006);
#8003 = B_SPLINE_CURVE_WITH_KNOTS('',1,(#8004,#8005),.UNSPECIFIED.,.F.,
  .F.,(2,2),(-37.85,-32.85),.PIECEWISE_BEZIER_KNOTS.);
#8004 = CARTESIAN_POINT('',(70.7,187.65));
#8005 = CARTESIAN_POINT('',(65.7,187.65));
#8006 = ( GEOMETRIC_REPRESENTATION_CONTEXT(2) 
PARAMETRIC_REPRESENTATION_CONTEXT() REPRESENTATION_CONTEXT('2D SPACE',''
  ) );
#8007 = PCURVE('',#8008,#8013);
#8008 = PLANE('',#8009);
#8009 = AXIS2_PLACEMENT_3D('',#8010,#8011,#8012);
#8010 = CARTESIAN_POINT('',(-87.5,69.25,37.5));
#8011 = DIRECTION('',(0.,1.,0.));
#8012 = DIRECTION('',(0.,0.,1.));
#8013 = DEFINITIONAL_REPRESENTATION('',(#8014),#8018);
#8014 = LINE('',#8015,#8016);
#8015 = CARTESIAN_POINT('',(7.,-32.85));
#8016 = VECTOR('',#8017,1.);
#8017 = DIRECTION('',(0.,-1.));
#8018 = ( GEOMETRIC_REPRESENTATION_CONTEXT(2) 
PARAMETRIC_REPRESENTATION_CONTEXT() REPRESENTATION_CONTEXT('2D SPACE',''
  ) );
#8019 = ORIENTED_EDGE('',*,*,#8020,.F.);
#8020 = EDGE_CURVE('',#7933,#7994,#8021,.T.);
#8021 = SURFACE_CURVE('',#8022,(#8026,#8032),.PCURVE_S1.);
#8022 = LINE('',#8023,#8024);
#8023 = CARTESIAN_POINT('',(-82.5,-31.825,44.5));
#8024 = VECTOR('',#8025,1.);
#8025 = DIRECTION('',(0.,1.,0.));
#8026 = PCURVE('',#6890,#8027);
#8027 = DEFINITIONAL_REPRESENTATION('',(#8028),#8031);
#8028 = B_SPLINE_CURVE_WITH_KNOTS('',1,(#8029,#8030),.UNSPECIFIED.,.F.,
  .F.,(2,2),(86.575,101.075),.PIECEWISE_BEZIER_KNOTS.);
#8029 = CARTESIAN_POINT('',(70.7,173.15));
#8030 = CARTESIAN_POINT('',(70.7,187.65));
#8031 = ( GEOMETRIC_REPRESENTATION_CONTEXT(2) 
PARAMETRIC_REPRESENTATION_CONTEXT() REPRESENTATION_CONTEXT('2D SPACE',''
  ) );
#8032 = PCURVE('',#8033,#8038);
#8033 = PLANE('',#8034);
#8034 = AXIS2_PLACEMENT_3D('',#8035,#8036,#8037);
#8035 = CARTESIAN_POINT('',(-82.5,54.75,37.5));
#8036 = DIRECTION('',(1.,0.,0.));
#8037 = DIRECTION('',(0.,0.,1.));
#8038 = DEFINITIONAL_REPRESENTATION('',(#8039),#8042);
#8039 = B_SPLINE_CURVE_WITH_KNOTS('',1,(#8040,#8041),.UNSPECIFIED.,.F.,
  .F.,(2,2),(86.575,101.075),.PIECEWISE_BEZIER_KNOTS.);
#8040 = CARTESIAN_POINT('',(7.,0.));
#8041 = CARTESIAN_POINT('',(7.,-14.5));
#8042 = ( GEOMETRIC_REPRESENTATION_CONTEXT(2) 
PARAMETRIC_REPRESENTATION_CONTEXT() REPRESENTATION_CONTEXT('2D SPACE',''
  ) );
#8043 = FACE_BOUND('',#8044,.T.);
#8044 = EDGE_LOOP('',(#8045));
#8045 = ORIENTED_EDGE('',*,*,#8046,.F.);
#8046 = EDGE_CURVE('',#8047,#8047,#8049,.T.);
#8047 = VERTEX_POINT('',#8048);
#8048 = CARTESIAN_POINT('',(-81.9,111.5,44.5));
#8049 = SURFACE_CURVE('',#8050,(#8055,#8062),.PCURVE_S1.);
#8050 = CIRCLE('',#8051,3.1);
#8051 = AXIS2_PLACEMENT_3D('',#8052,#8053,#8054);
#8052 = CARTESIAN_POINT('',(-85.,111.5,44.5));
#8053 = DIRECTION('',(0.,0.,1.));
#8054 = DIRECTION('',(1.,0.,-0.));
#8055 = PCURVE('',#6890,#8056);
#8056 = DEFINITIONAL_REPRESENTATION('',(#8057),#8061);
#8057 = CIRCLE('',#8058,3.1);
#8058 = AXIS2_PLACEMENT_2D('',#8059,#8060);
#8059 = CARTESIAN_POINT('',(68.2,229.9));
#8060 = DIRECTION('',(1.,0.));
#8061 = ( GEOMETRIC_REPRESENTATION_CONTEXT(2) 
PARAMETRIC_REPRESENTATION_CONTEXT() REPRESENTATION_CONTEXT('2D SPACE',''
  ) );
#8062 = PCURVE('',#8063,#8068);
#8063 = CONICAL_SURFACE('',#8064,1.7,0.785398163397);
#8064 = AXIS2_PLACEMENT_3D('',#8065,#8066,#8067);
#8065 = CARTESIAN_POINT('',(-85.,111.5,43.1));
#8066 = DIRECTION('',(0.,0.,1.));
#8067 = DIRECTION('',(1.,0.,-0.));
#8068 = DEFINITIONAL_REPRESENTATION('',(#8069),#8073);
#8069 = LINE('',#8070,#8071);
#8070 = CARTESIAN_POINT('',(0.,1.4));
#8071 = VECTOR('',#8072,1.);
#8072 = DIRECTION('',(1.,0.));
#8073 = ( GEOMETRIC_REPRESENTATION_CONTEXT(2) 
PARAMETRIC_REPRESENTATION_CONTEXT() REPRESENTATION_CONTEXT('2D SPACE',''
  ) );
#8074 = FACE_BOUND('',#8075,.T.);
#8075 = EDGE_LOOP('',(#8076,#8111,#8137,#8164));
#8076 = ORIENTED_EDGE('',*,*,#8077,.T.);
#8077 = EDGE_CURVE('',#8078,#8080,#8082,.T.);
#8078 = VERTEX_POINT('',#8079);
#8079 = CARTESIAN_POINT('',(-50.96112639464,82.5,44.5));
#8080 = VERTEX_POINT('',#8081);
#8081 = CARTESIAN_POINT('',(-50.96112639464,87.5,44.5));
#8082 = SURFACE_CURVE('',#8083,(#8088,#8099),.PCURVE_S1.);
#8083 = CIRCLE('',#8084,4.75);
#8084 = AXIS2_PLACEMENT_3D('',#8085,#8086,#8087);
#8085 = CARTESIAN_POINT('',(-55.,85.,44.5));
#8086 = DIRECTION('',(0.,0.,-1.));
#8087 = DIRECTION('',(0.850289180074,-0.526315789474,0.));
#8088 = PCURVE('',#6890,#8089);
#8089 = DEFINITIONAL_REPRESENTATION('',(#8090),#8098);
#8090 = ( BOUNDED_CURVE() B_SPLINE_CURVE(2,(#8091,#8092,#8093,#8094,
#8095,#8096,#8097),.UNSPECIFIED.,.T.,.F.) B_SPLINE_CURVE_WITH_KNOTS((1,2
    ,2,2,2,1),(-2.094395102393,0.,2.094395102393,4.188790204786,
6.28318530718,8.377580409573),.UNSPECIFIED.) CURVE() 
GEOMETRIC_REPRESENTATION_ITEM() RATIONAL_B_SPLINE_CURVE((1.,0.5,1.,0.5,
1.,0.5,1.)) REPRESENTATION_ITEM('') );
#8091 = CARTESIAN_POINT('',(102.23887360535,200.9));
#8092 = CARTESIAN_POINT('',(97.908746586429,193.90446571018));
#8093 = CARTESIAN_POINT('',(94.015499687863,201.15223285509));
#8094 = CARTESIAN_POINT('',(90.122252789298,208.4));
#8095 = CARTESIAN_POINT('',(98.345626706786,208.1477671449));
#8096 = CARTESIAN_POINT('',(106.56900062427,207.89553428981));
#8097 = CARTESIAN_POINT('',(102.23887360535,200.9));
#8098 = ( GEOMETRIC_REPRESENTATION_CONTEXT(2) 
PARAMETRIC_REPRESENTATION_CONTEXT() REPRESENTATION_CONTEXT('2D SPACE',''
  ) );
#8099 = PCURVE('',#8100,#8105);
#8100 = CYLINDRICAL_SURFACE('',#8101,4.75);
#8101 = AXIS2_PLACEMENT_3D('',#8102,#8103,#8104);
#8102 = CARTESIAN_POINT('',(-55.,85.,37.5));
#8103 = DIRECTION('',(0.,0.,1.));
#8104 = DIRECTION('',(2.22044604925E-16,-1.,0.));
#8105 = DEFINITIONAL_REPRESENTATION('',(#8106),#8110);
#8106 = LINE('',#8107,#8108);
#8107 = CARTESIAN_POINT('',(7.299719799522,7.));
#8108 = VECTOR('',#8109,1.);
#8109 = DIRECTION('',(-1.,-0.));
#8110 = ( GEOMETRIC_REPRESENTATION_CONTEXT(2) 
PARAMETRIC_REPRESENTATION_CONTEXT() REPRESENTATION_CONTEXT('2D SPACE',''
  ) );
#8111 = ORIENTED_EDGE('',*,*,#8112,.T.);
#8112 = EDGE_CURVE('',#8080,#8113,#8115,.T.);
#8113 = VERTEX_POINT('',#8114);
#8114 = CARTESIAN_POINT('',(-40.75,87.5,44.5));
#8115 = SURFACE_CURVE('',#8116,(#8120,#8126),.PCURVE_S1.);
#8116 = LINE('',#8117,#8118);
#8117 = CARTESIAN_POINT('',(-104.225,87.5,44.5));
#8118 = VECTOR('',#8119,1.);
#8119 = DIRECTION('',(1.,2.22044604925E-16,-0.));
#8120 = PCURVE('',#6890,#8121);
#8121 = DEFINITIONAL_REPRESENTATION('',(#8122),#8125);
#8122 = B_SPLINE_CURVE_WITH_KNOTS('',1,(#8123,#8124),.UNSPECIFIED.,.F.,
  .F.,(2,2),(48.975,63.475),.PIECEWISE_BEZIER_KNOTS.);
#8123 = CARTESIAN_POINT('',(97.95,205.9));
#8124 = CARTESIAN_POINT('',(112.45,205.9));
#8125 = ( GEOMETRIC_REPRESENTATION_CONTEXT(2) 
PARAMETRIC_REPRESENTATION_CONTEXT() REPRESENTATION_CONTEXT('2D SPACE',''
  ) );
#8126 = PCURVE('',#8127,#8132);
#8127 = PLANE('',#8128);
#8128 = AXIS2_PLACEMENT_3D('',#8129,#8130,#8131);
#8129 = CARTESIAN_POINT('',(-55.25,87.5,37.5));
#8130 = DIRECTION('',(2.22044604925E-16,-1.,0.));
#8131 = DIRECTION('',(0.,0.,1.));
#8132 = DEFINITIONAL_REPRESENTATION('',(#8133),#8136);
#8133 = B_SPLINE_CURVE_WITH_KNOTS('',1,(#8134,#8135),.UNSPECIFIED.,.F.,
  .F.,(2,2),(48.975,63.475),.PIECEWISE_BEZIER_KNOTS.);
#8134 = CARTESIAN_POINT('',(7.,0.));
#8135 = CARTESIAN_POINT('',(7.,-14.5));
#8136 = ( GEOMETRIC_REPRESENTATION_CONTEXT(2) 
PARAMETRIC_REPRESENTATION_CONTEXT() REPRESENTATION_CONTEXT('2D SPACE',''
  ) );
#8137 = ORIENTED_EDGE('',*,*,#8138,.F.);
#8138 = EDGE_CURVE('',#8139,#8113,#8141,.T.);
#8139 = VERTEX_POINT('',#8140);
#8140 = CARTESIAN_POINT('',(-40.75,82.5,44.5));
#8141 = SURFACE_CURVE('',#8142,(#8146,#8152),.PCURVE_S1.);
#8142 = LINE('',#8143,#8144);
#8143 = CARTESIAN_POINT('',(-40.75,-15.45,44.5));
#8144 = VECTOR('',#8145,1.);
#8145 = DIRECTION('',(-2.22044604925E-16,1.,0.));
#8146 = PCURVE('',#6890,#8147);
#8147 = DEFINITIONAL_REPRESENTATION('',(#8148),#8151);
#8148 = B_SPLINE_CURVE_WITH_KNOTS('',1,(#8149,#8150),.UNSPECIFIED.,.F.,
  .F.,(2,2),(97.95,102.95),.PIECEWISE_BEZIER_KNOTS.);
#8149 = CARTESIAN_POINT('',(112.45,200.9));
#8150 = CARTESIAN_POINT('',(112.45,205.9));
#8151 = ( GEOMETRIC_REPRESENTATION_CONTEXT(2) 
PARAMETRIC_REPRESENTATION_CONTEXT() REPRESENTATION_CONTEXT('2D SPACE',''
  ) );
#8152 = PCURVE('',#8153,#8158);
#8153 = PLANE('',#8154);
#8154 = AXIS2_PLACEMENT_3D('',#8155,#8156,#8157);
#8155 = CARTESIAN_POINT('',(-40.75,87.5,37.5));
#8156 = DIRECTION('',(1.,2.22044604925E-16,0.));
#8157 = DIRECTION('',(0.,0.,1.));
#8158 = DEFINITIONAL_REPRESENTATION('',(#8159),#8163);
#8159 = LINE('',#8160,#8161);
#8160 = CARTESIAN_POINT('',(7.,102.95));
#8161 = VECTOR('',#8162,1.);
#8162 = DIRECTION('',(0.,-1.));
#8163 = ( GEOMETRIC_REPRESENTATION_CONTEXT(2) 
PARAMETRIC_REPRESENTATION_CONTEXT() REPRESENTATION_CONTEXT('2D SPACE',''
  ) );
#8164 = ORIENTED_EDGE('',*,*,#8165,.F.);
#8165 = EDGE_CURVE('',#8078,#8139,#8166,.T.);
#8166 = SURFACE_CURVE('',#8167,(#8171,#8177),.PCURVE_S1.);
#8167 = LINE('',#8168,#8169);
#8168 = CARTESIAN_POINT('',(-104.225,82.5,44.5));
#8169 = VECTOR('',#8170,1.);
#8170 = DIRECTION('',(1.,2.22044604925E-16,-0.));
#8171 = PCURVE('',#6890,#8172);
#8172 = DEFINITIONAL_REPRESENTATION('',(#8173),#8176);
#8173 = B_SPLINE_CURVE_WITH_KNOTS('',1,(#8174,#8175),.UNSPECIFIED.,.F.,
  .F.,(2,2),(48.975,63.475),.PIECEWISE_BEZIER_KNOTS.);
#8174 = CARTESIAN_POINT('',(97.95,200.9));
#8175 = CARTESIAN_POINT('',(112.45,200.9));
#8176 = ( GEOMETRIC_REPRESENTATION_CONTEXT(2) 
PARAMETRIC_REPRESENTATION_CONTEXT() REPRESENTATION_CONTEXT('2D SPACE',''
  ) );
#8177 = PCURVE('',#8178,#8183);
#8178 = PLANE('',#8179);
#8179 = AXIS2_PLACEMENT_3D('',#8180,#8181,#8182);
#8180 = CARTESIAN_POINT('',(-55.25,82.5,37.5));
#8181 = DIRECTION('',(2.22044604925E-16,-1.,0.));
#8182 = DIRECTION('',(0.,0.,1.));
#8183 = DEFINITIONAL_REPRESENTATION('',(#8184),#8187);
#8184 = B_SPLINE_CURVE_WITH_KNOTS('',1,(#8185,#8186),.UNSPECIFIED.,.F.,
  .F.,(2,2),(48.975,63.475),.PIECEWISE_BEZIER_KNOTS.);
#8185 = CARTESIAN_POINT('',(7.,0.));
#8186 = CARTESIAN_POINT('',(7.,-14.5));
#8187 = ( GEOMETRIC_REPRESENTATION_CONTEXT(2) 
PARAMETRIC_REPRESENTATION_CONTEXT() REPRESENTATION_CONTEXT('2D SPACE',''
  ) );
#8188 = FACE_BOUND('',#8189,.T.);
#8189 = EDGE_LOOP('',(#8190));
#8190 = ORIENTED_EDGE('',*,*,#8191,.F.);
#8191 = EDGE_CURVE('',#8192,#8192,#8194,.T.);
#8192 = VERTEX_POINT('',#8193);
#8193 = CARTESIAN_POINT('',(3.1,111.5,44.5));
#8194 = SURFACE_CURVE('',#8195,(#8200,#8207),.PCURVE_S1.);
#8195 = CIRCLE('',#8196,3.1);
#8196 = AXIS2_PLACEMENT_3D('',#8197,#8198,#8199);
#8197 = CARTESIAN_POINT('',(0.,111.5,44.5));
#8198 = DIRECTION('',(0.,0.,1.));
#8199 = DIRECTION('',(1.,0.,-0.));
#8200 = PCURVE('',#6890,#8201);
#8201 = DEFINITIONAL_REPRESENTATION('',(#8202),#8206);
#8202 = CIRCLE('',#8203,3.1);
#8203 = AXIS2_PLACEMENT_2D('',#8204,#8205);
#8204 = CARTESIAN_POINT('',(153.2,229.9));
#8205 = DIRECTION('',(1.,0.));
#8206 = ( GEOMETRIC_REPRESENTATION_CONTEXT(2) 
PARAMETRIC_REPRESENTATION_CONTEXT() REPRESENTATION_CONTEXT('2D SPACE',''
  ) );
#8207 = PCURVE('',#8208,#8213);
#8208 = CONICAL_SURFACE('',#8209,1.7,0.785398163397);
#8209 = AXIS2_PLACEMENT_3D('',#8210,#8211,#8212);
#8210 = CARTESIAN_POINT('',(0.,111.5,43.1));
#8211 = DIRECTION('',(0.,0.,1.));
#8212 = DIRECTION('',(1.,0.,-0.));
#8213 = DEFINITIONAL_REPRESENTATION('',(#8214),#8218);
#8214 = LINE('',#8215,#8216);
#8215 = CARTESIAN_POINT('',(0.,1.4));
#8216 = VECTOR('',#8217,1.);
#8217 = DIRECTION('',(1.,0.));
#8218 = ( GEOMETRIC_REPRESENTATION_CONTEXT(2) 
PARAMETRIC_REPRESENTATION_CONTEXT() REPRESENTATION_CONTEXT('2D SPACE',''
  ) );
#8219 = FACE_BOUND('',#8220,.T.);
#8220 = EDGE_LOOP('',(#8221,#8249,#8275,#8301));
#8221 = ORIENTED_EDGE('',*,*,#8222,.T.);
#8222 = EDGE_CURVE('',#8223,#8225,#8227,.T.);
#8223 = VERTEX_POINT('',#8224);
#8224 = CARTESIAN_POINT('',(58.,0.,44.5));
#8225 = VERTEX_POINT('',#8226);
#8226 = CARTESIAN_POINT('',(14.,0.,44.5));
#8227 = SURFACE_CURVE('',#8228,(#8232,#8238),.PCURVE_S1.);
#8228 = LINE('',#8229,#8230);
#8229 = CARTESIAN_POINT('',(-69.6,0.,44.5));
#8230 = VECTOR('',#8231,1.);
#8231 = DIRECTION('',(-1.,-0.,0.));
#8232 = PCURVE('',#6890,#8233);
#8233 = DEFINITIONAL_REPRESENTATION('',(#8234),#8237);
#8234 = B_SPLINE_CURVE_WITH_KNOTS('',1,(#8235,#8236),.UNSPECIFIED.,.F.,
  .F.,(2,2),(-127.6,-83.6),.PIECEWISE_BEZIER_KNOTS.);
#8235 = CARTESIAN_POINT('',(211.2,118.4));
#8236 = CARTESIAN_POINT('',(167.2,118.4));
#8237 = ( GEOMETRIC_REPRESENTATION_CONTEXT(2) 
PARAMETRIC_REPRESENTATION_CONTEXT() REPRESENTATION_CONTEXT('2D SPACE',''
  ) );
#8238 = PCURVE('',#8239,#8244);
#8239 = PLANE('',#8240);
#8240 = AXIS2_PLACEMENT_3D('',#8241,#8242,#8243);
#8241 = CARTESIAN_POINT('',(14.,0.,41.1));
#8242 = DIRECTION('',(-0.,1.,0.));
#8243 = DIRECTION('',(0.,0.,1.));
#8244 = DEFINITIONAL_REPRESENTATION('',(#8245),#8248);
#8245 = B_SPLINE_CURVE_WITH_KNOTS('',1,(#8246,#8247),.UNSPECIFIED.,.F.,
  .F.,(2,2),(-127.6,-83.6),.PIECEWISE_BEZIER_KNOTS.);
#8246 = CARTESIAN_POINT('',(3.4,44.));
#8247 = CARTESIAN_POINT('',(3.4,0.));
#8248 = ( GEOMETRIC_REPRESENTATION_CONTEXT(2) 
PARAMETRIC_REPRESENTATION_CONTEXT() REPRESENTATION_CONTEXT('2D SPACE',''
  ) );
#8249 = ORIENTED_EDGE('',*,*,#8250,.T.);
#8250 = EDGE_CURVE('',#8225,#8251,#8253,.T.);
#8251 = VERTEX_POINT('',#8252);
#8252 = CARTESIAN_POINT('',(14.,4.,44.5));
#8253 = SURFACE_CURVE('',#8254,(#8258,#8264),.PCURVE_S1.);
#8254 = LINE('',#8255,#8256);
#8255 = CARTESIAN_POINT('',(14.,-59.2,44.5));
#8256 = VECTOR('',#8257,1.);
#8257 = DIRECTION('',(-0.,1.,0.));
#8258 = PCURVE('',#6890,#8259);
#8259 = DEFINITIONAL_REPRESENTATION('',(#8260),#8263);
#8260 = B_SPLINE_CURVE_WITH_KNOTS('',1,(#8261,#8262),.UNSPECIFIED.,.F.,
  .F.,(2,2),(59.2,63.2),.PIECEWISE_BEZIER_KNOTS.);
#8261 = CARTESIAN_POINT('',(167.2,118.4));
#8262 = CARTESIAN_POINT('',(167.2,122.4));
#8263 = ( GEOMETRIC_REPRESENTATION_CONTEXT(2) 
PARAMETRIC_REPRESENTATION_CONTEXT() REPRESENTATION_CONTEXT('2D SPACE',''
  ) );
#8264 = PCURVE('',#8265,#8270);
#8265 = PLANE('',#8266);
#8266 = AXIS2_PLACEMENT_3D('',#8267,#8268,#8269);
#8267 = CARTESIAN_POINT('',(14.,0.,41.1));
#8268 = DIRECTION('',(1.,0.,-0.));
#8269 = DIRECTION('',(0.,0.,1.));
#8270 = DEFINITIONAL_REPRESENTATION('',(#8271),#8274);
#8271 = B_SPLINE_CURVE_WITH_KNOTS('',1,(#8272,#8273),.UNSPECIFIED.,.F.,
  .F.,(2,2),(59.2,63.2),.PIECEWISE_BEZIER_KNOTS.);
#8272 = CARTESIAN_POINT('',(3.4,0.));
#8273 = CARTESIAN_POINT('',(3.4,-4.));
#8274 = ( GEOMETRIC_REPRESENTATION_CONTEXT(2) 
PARAMETRIC_REPRESENTATION_CONTEXT() REPRESENTATION_CONTEXT('2D SPACE',''
  ) );
#8275 = ORIENTED_EDGE('',*,*,#8276,.F.);
#8276 = EDGE_CURVE('',#8277,#8251,#8279,.T.);
#8277 = VERTEX_POINT('',#8278);
#8278 = CARTESIAN_POINT('',(58.,4.,44.5));
#8279 = SURFACE_CURVE('',#8280,(#8284,#8290),.PCURVE_S1.);
#8280 = LINE('',#8281,#8282);
#8281 = CARTESIAN_POINT('',(-69.6,4.,44.5));
#8282 = VECTOR('',#8283,1.);
#8283 = DIRECTION('',(-1.,-0.,0.));
#8284 = PCURVE('',#6890,#8285);
#8285 = DEFINITIONAL_REPRESENTATION('',(#8286),#8289);
#8286 = B_SPLINE_CURVE_WITH_KNOTS('',1,(#8287,#8288),.UNSPECIFIED.,.F.,
  .F.,(2,2),(-127.6,-83.6),.PIECEWISE_BEZIER_KNOTS.);
#8287 = CARTESIAN_POINT('',(211.2,122.4));
#8288 = CARTESIAN_POINT('',(167.2,122.4));
#8289 = ( GEOMETRIC_REPRESENTATION_CONTEXT(2) 
PARAMETRIC_REPRESENTATION_CONTEXT() REPRESENTATION_CONTEXT('2D SPACE',''
  ) );
#8290 = PCURVE('',#8291,#8296);
#8291 = PLANE('',#8292);
#8292 = AXIS2_PLACEMENT_3D('',#8293,#8294,#8295);
#8293 = CARTESIAN_POINT('',(14.,4.,41.1));
#8294 = DIRECTION('',(-0.,1.,0.));
#8295 = DIRECTION('',(0.,0.,1.));
#8296 = DEFINITIONAL_REPRESENTATION('',(#8297),#8300);
#8297 = B_SPLINE_CURVE_WITH_KNOTS('',1,(#8298,#8299),.UNSPECIFIED.,.F.,
  .F.,(2,2),(-127.6,-83.6),.PIECEWISE_BEZIER_KNOTS.);
#8298 = CARTESIAN_POINT('',(3.4,44.));
#8299 = CARTESIAN_POINT('',(3.4,0.));
#8300 = ( GEOMETRIC_REPRESENTATION_CONTEXT(2) 
PARAMETRIC_REPRESENTATION_CONTEXT() REPRESENTATION_CONTEXT('2D SPACE',''
  ) );
#8301 = ORIENTED_EDGE('',*,*,#8302,.F.);
#8302 = EDGE_CURVE('',#8223,#8277,#8303,.T.);
#8303 = SURFACE_CURVE('',#8304,(#8308,#8314),.PCURVE_S1.);
#8304 = LINE('',#8305,#8306);
#8305 = CARTESIAN_POINT('',(58.,-59.2,44.5));
#8306 = VECTOR('',#8307,1.);
#8307 = DIRECTION('',(-0.,1.,0.));
#8308 = PCURVE('',#6890,#8309);
#8309 = DEFINITIONAL_REPRESENTATION('',(#8310),#8313);
#8310 = B_SPLINE_CURVE_WITH_KNOTS('',1,(#8311,#8312),.UNSPECIFIED.,.F.,
  .F.,(2,2),(59.2,63.2),.PIECEWISE_BEZIER_KNOTS.);
#8311 = CARTESIAN_POINT('',(211.2,118.4));
#8312 = CARTESIAN_POINT('',(211.2,122.4));
#8313 = ( GEOMETRIC_REPRESENTATION_CONTEXT(2) 
PARAMETRIC_REPRESENTATION_CONTEXT() REPRESENTATION_CONTEXT('2D SPACE',''
  ) );
#8314 = PCURVE('',#8315,#8320);
#8315 = PLANE('',#8316);
#8316 = AXIS2_PLACEMENT_3D('',#8317,#8318,#8319);
#8317 = CARTESIAN_POINT('',(58.,0.,41.1));
#8318 = DIRECTION('',(1.,0.,-0.));
#8319 = DIRECTION('',(0.,0.,1.));
#8320 = DEFINITIONAL_REPRESENTATION('',(#8321),#8324);
#8321 = B_SPLINE_CURVE_WITH_KNOTS('',1,(#8322,#8323),.UNSPECIFIED.,.F.,
  .F.,(2,2),(59.2,63.2),.PIECEWISE_BEZIER_KNOTS.);
#8322 = CARTESIAN_POINT('',(3.4,0.));
#8323 = CARTESIAN_POINT('',(3.4,-4.));
#8324 = ( GEOMETRIC_REPRESENTATION_CONTEXT(2) 
PARAMETRIC_REPRESENTATION_CONTEXT() REPRESENTATION_CONTEXT('2D SPACE',''
  ) );
#8325 = FACE_BOUND('',#8326,.T.);
#8326 = EDGE_LOOP('',(#8327,#8355,#8381,#8407));
#8327 = ORIENTED_EDGE('',*,*,#8328,.T.);
#8328 = EDGE_CURVE('',#8329,#8331,#8333,.T.);
#8329 = VERTEX_POINT('',#8330);
#8330 = CARTESIAN_POINT('',(58.,10.,44.5));
#8331 = VERTEX_POINT('',#8332);
#8332 = CARTESIAN_POINT('',(14.,10.,44.5));
#8333 = SURFACE_CURVE('',#8334,(#8338,#8344),.PCURVE_S1.);
#8334 = LINE('',#8335,#8336);
#8335 = CARTESIAN_POINT('',(-69.6,10.,44.5));
#8336 = VECTOR('',#8337,1.);
#8337 = DIRECTION('',(-1.,-0.,0.));
#8338 = PCURVE('',#6890,#8339);
#8339 = DEFINITIONAL_REPRESENTATION('',(#8340),#8343);
#8340 = B_SPLINE_CURVE_WITH_KNOTS('',1,(#8341,#8342),.UNSPECIFIED.,.F.,
  .F.,(2,2),(-127.6,-83.6),.PIECEWISE_BEZIER_KNOTS.);
#8341 = CARTESIAN_POINT('',(211.2,128.4));
#8342 = CARTESIAN_POINT('',(167.2,128.4));
#8343 = ( GEOMETRIC_REPRESENTATION_CONTEXT(2) 
PARAMETRIC_REPRESENTATION_CONTEXT() REPRESENTATION_CONTEXT('2D SPACE',''
  ) );
#8344 = PCURVE('',#8345,#8350);
#8345 = PLANE('',#8346);
#8346 = AXIS2_PLACEMENT_3D('',#8347,#8348,#8349);
#8347 = CARTESIAN_POINT('',(14.,10.,41.1));
#8348 = DIRECTION('',(-0.,1.,0.));
#8349 = DIRECTION('',(0.,0.,1.));
#8350 = DEFINITIONAL_REPRESENTATION('',(#8351),#8354);
#8351 = B_SPLINE_CURVE_WITH_KNOTS('',1,(#8352,#8353),.UNSPECIFIED.,.F.,
  .F.,(2,2),(-127.6,-83.6),.PIECEWISE_BEZIER_KNOTS.);
#8352 = CARTESIAN_POINT('',(3.4,44.));
#8353 = CARTESIAN_POINT('',(3.4,0.));
#8354 = ( GEOMETRIC_REPRESENTATION_CONTEXT(2) 
PARAMETRIC_REPRESENTATION_CONTEXT() REPRESENTATION_CONTEXT('2D SPACE',''
  ) );
#8355 = ORIENTED_EDGE('',*,*,#8356,.T.);
#8356 = EDGE_CURVE('',#8331,#8357,#8359,.T.);
#8357 = VERTEX_POINT('',#8358);
#8358 = CARTESIAN_POINT('',(14.,14.,44.5));
#8359 = SURFACE_CURVE('',#8360,(#8364,#8370),.PCURVE_S1.);
#8360 = LINE('',#8361,#8362);
#8361 = CARTESIAN_POINT('',(14.,-54.2,44.5));
#8362 = VECTOR('',#8363,1.);
#8363 = DIRECTION('',(-0.,1.,0.));
#8364 = PCURVE('',#6890,#8365);
#8365 = DEFINITIONAL_REPRESENTATION('',(#8366),#8369);
#8366 = B_SPLINE_CURVE_WITH_KNOTS('',1,(#8367,#8368),.UNSPECIFIED.,.F.,
  .F.,(2,2),(64.2,68.2),.PIECEWISE_BEZIER_KNOTS.);
#8367 = CARTESIAN_POINT('',(167.2,128.4));
#8368 = CARTESIAN_POINT('',(167.2,132.4));
#8369 = ( GEOMETRIC_REPRESENTATION_CONTEXT(2) 
PARAMETRIC_REPRESENTATION_CONTEXT() REPRESENTATION_CONTEXT('2D SPACE',''
  ) );
#8370 = PCURVE('',#8371,#8376);
#8371 = PLANE('',#8372);
#8372 = AXIS2_PLACEMENT_3D('',#8373,#8374,#8375);
#8373 = CARTESIAN_POINT('',(14.,10.,41.1));
#8374 = DIRECTION('',(1.,0.,-0.));
#8375 = DIRECTION('',(0.,0.,1.));
#8376 = DEFINITIONAL_REPRESENTATION('',(#8377),#8380);
#8377 = B_SPLINE_CURVE_WITH_KNOTS('',1,(#8378,#8379),.UNSPECIFIED.,.F.,
  .F.,(2,2),(64.2,68.2),.PIECEWISE_BEZIER_KNOTS.);
#8378 = CARTESIAN_POINT('',(3.4,0.));
#8379 = CARTESIAN_POINT('',(3.4,-4.));
#8380 = ( GEOMETRIC_REPRESENTATION_CONTEXT(2) 
PARAMETRIC_REPRESENTATION_CONTEXT() REPRESENTATION_CONTEXT('2D SPACE',''
  ) );
#8381 = ORIENTED_EDGE('',*,*,#8382,.F.);
#8382 = EDGE_CURVE('',#8383,#8357,#8385,.T.);
#8383 = VERTEX_POINT('',#8384);
#8384 = CARTESIAN_POINT('',(58.,14.,44.5));
#8385 = SURFACE_CURVE('',#8386,(#8390,#8396),.PCURVE_S1.);
#8386 = LINE('',#8387,#8388);
#8387 = CARTESIAN_POINT('',(-69.6,14.,44.5));
#8388 = VECTOR('',#8389,1.);
#8389 = DIRECTION('',(-1.,-0.,0.));
#8390 = PCURVE('',#6890,#8391);
#8391 = DEFINITIONAL_REPRESENTATION('',(#8392),#8395);
#8392 = B_SPLINE_CURVE_WITH_KNOTS('',1,(#8393,#8394),.UNSPECIFIED.,.F.,
  .F.,(2,2),(-127.6,-83.6),.PIECEWISE_BEZIER_KNOTS.);
#8393 = CARTESIAN_POINT('',(211.2,132.4));
#8394 = CARTESIAN_POINT('',(167.2,132.4));
#8395 = ( GEOMETRIC_REPRESENTATION_CONTEXT(2) 
PARAMETRIC_REPRESENTATION_CONTEXT() REPRESENTATION_CONTEXT('2D SPACE',''
  ) );
#8396 = PCURVE('',#8397,#8402);
#8397 = PLANE('',#8398);
#8398 = AXIS2_PLACEMENT_3D('',#8399,#8400,#8401);
#8399 = CARTESIAN_POINT('',(14.,14.,41.1));
#8400 = DIRECTION('',(-0.,1.,0.));
#8401 = DIRECTION('',(0.,0.,1.));
#8402 = DEFINITIONAL_REPRESENTATION('',(#8403),#8406);
#8403 = B_SPLINE_CURVE_WITH_KNOTS('',1,(#8404,#8405),.UNSPECIFIED.,.F.,
  .F.,(2,2),(-127.6,-83.6),.PIECEWISE_BEZIER_KNOTS.);
#8404 = CARTESIAN_POINT('',(3.4,44.));
#8405 = CARTESIAN_POINT('',(3.4,0.));
#8406 = ( GEOMETRIC_REPRESENTATION_CONTEXT(2) 
PARAMETRIC_REPRESENTATION_CONTEXT() REPRESENTATION_CONTEXT('2D SPACE',''
  ) );
#8407 = ORIENTED_EDGE('',*,*,#8408,.F.);
#8408 = EDGE_CURVE('',#8329,#8383,#8409,.T.);
#8409 = SURFACE_CURVE('',#8410,(#8414,#8420),.PCURVE_S1.);
#8410 = LINE('',#8411,#8412);
#8411 = CARTESIAN_POINT('',(58.,-54.2,44.5));
#8412 = VECTOR('',#8413,1.);
#8413 = DIRECTION('',(-0.,1.,0.));
#8414 = PCURVE('',#6890,#8415);
#8415 = DEFINITIONAL_REPRESENTATION('',(#8416),#8419);
#8416 = B_SPLINE_CURVE_WITH_KNOTS('',1,(#8417,#8418),.UNSPECIFIED.,.F.,
  .F.,(2,2),(64.2,68.2),.PIECEWISE_BEZIER_KNOTS.);
#8417 = CARTESIAN_POINT('',(211.2,128.4));
#8418 = CARTESIAN_POINT('',(211.2,132.4));
#8419 = ( GEOMETRIC_REPRESENTATION_CONTEXT(2) 
PARAMETRIC_REPRESENTATION_CONTEXT() REPRESENTATION_CONTEXT('2D SPACE',''
  ) );
#8420 = PCURVE('',#8421,#8426);
#8421 = PLANE('',#8422);
#8422 = AXIS2_PLACEMENT_3D('',#8423,#8424,#8425);
#8423 = CARTESIAN_POINT('',(58.,10.,41.1));
#8424 = DIRECTION('',(1.,0.,-0.));
#8425 = DIRECTION('',(0.,0.,1.));
#8426 = DEFINITIONAL_REPRESENTATION('',(#8427),#8430);
#8427 = B_SPLINE_CURVE_WITH_KNOTS('',1,(#8428,#8429),.UNSPECIFIED.,.F.,
  .F.,(2,2),(64.2,68.2),.PIECEWISE_BEZIER_KNOTS.);
#8428 = CARTESIAN_POINT('',(3.4,0.));
#8429 = CARTESIAN_POINT('',(3.4,-4.));
#8430 = ( GEOMETRIC_REPRESENTATION_CONTEXT(2) 
PARAMETRIC_REPRESENTATION_CONTEXT() REPRESENTATION_CONTEXT('2D SPACE',''
  ) );
#8431 = FACE_BOUND('',#8432,.T.);
#8432 = EDGE_LOOP('',(#8433,#8461,#8487,#8513));
#8433 = ORIENTED_EDGE('',*,*,#8434,.T.);
#8434 = EDGE_CURVE('',#8435,#8437,#8439,.T.);
#8435 = VERTEX_POINT('',#8436);
#8436 = CARTESIAN_POINT('',(58.,20.,44.5));
#8437 = VERTEX_POINT('',#8438);
#8438 = CARTESIAN_POINT('',(14.,20.,44.5));
#8439 = SURFACE_CURVE('',#8440,(#8444,#8450),.PCURVE_S1.);
#8440 = LINE('',#8441,#8442);
#8441 = CARTESIAN_POINT('',(-69.6,20.,44.5));
#8442 = VECTOR('',#8443,1.);
#8443 = DIRECTION('',(-1.,-0.,0.));
#8444 = PCURVE('',#6890,#8445);
#8445 = DEFINITIONAL_REPRESENTATION('',(#8446),#8449);
#8446 = B_SPLINE_CURVE_WITH_KNOTS('',1,(#8447,#8448),.UNSPECIFIED.,.F.,
  .F.,(2,2),(-127.6,-83.6),.PIECEWISE_BEZIER_KNOTS.);
#8447 = CARTESIAN_POINT('',(211.2,138.4));
#8448 = CARTESIAN_POINT('',(167.2,138.4));
#8449 = ( GEOMETRIC_REPRESENTATION_CONTEXT(2) 
PARAMETRIC_REPRESENTATION_CONTEXT() REPRESENTATION_CONTEXT('2D SPACE',''
  ) );
#8450 = PCURVE('',#8451,#8456);
#8451 = PLANE('',#8452);
#8452 = AXIS2_PLACEMENT_3D('',#8453,#8454,#8455);
#8453 = CARTESIAN_POINT('',(14.,20.,41.1));
#8454 = DIRECTION('',(-0.,1.,0.));
#8455 = DIRECTION('',(0.,0.,1.));
#8456 = DEFINITIONAL_REPRESENTATION('',(#8457),#8460);
#8457 = B_SPLINE_CURVE_WITH_KNOTS('',1,(#8458,#8459),.UNSPECIFIED.,.F.,
  .F.,(2,2),(-127.6,-83.6),.PIECEWISE_BEZIER_KNOTS.);
#8458 = CARTESIAN_POINT('',(3.4,44.));
#8459 = CARTESIAN_POINT('',(3.4,0.));
#8460 = ( GEOMETRIC_REPRESENTATION_CONTEXT(2) 
PARAMETRIC_REPRESENTATION_CONTEXT() REPRESENTATION_CONTEXT('2D SPACE',''
  ) );
#8461 = ORIENTED_EDGE('',*,*,#8462,.T.);
#8462 = EDGE_CURVE('',#8437,#8463,#8465,.T.);
#8463 = VERTEX_POINT('',#8464);
#8464 = CARTESIAN_POINT('',(14.,24.,44.5));
#8465 = SURFACE_CURVE('',#8466,(#8470,#8476),.PCURVE_S1.);
#8466 = LINE('',#8467,#8468);
#8467 = CARTESIAN_POINT('',(14.,-49.2,44.5));
#8468 = VECTOR('',#8469,1.);
#8469 = DIRECTION('',(-0.,1.,0.));
#8470 = PCURVE('',#6890,#8471);
#8471 = DEFINITIONAL_REPRESENTATION('',(#8472),#8475);
#8472 = B_SPLINE_CURVE_WITH_KNOTS('',1,(#8473,#8474),.UNSPECIFIED.,.F.,
  .F.,(2,2),(69.2,73.2),.PIECEWISE_BEZIER_KNOTS.);
#8473 = CARTESIAN_POINT('',(167.2,138.4));
#8474 = CARTESIAN_POINT('',(167.2,142.4));
#8475 = ( GEOMETRIC_REPRESENTATION_CONTEXT(2) 
PARAMETRIC_REPRESENTATION_CONTEXT() REPRESENTATION_CONTEXT('2D SPACE',''
  ) );
#8476 = PCURVE('',#8477,#8482);
#8477 = PLANE('',#8478);
#8478 = AXIS2_PLACEMENT_3D('',#8479,#8480,#8481);
#8479 = CARTESIAN_POINT('',(14.,20.,41.1));
#8480 = DIRECTION('',(1.,0.,-0.));
#8481 = DIRECTION('',(0.,0.,1.));
#8482 = DEFINITIONAL_REPRESENTATION('',(#8483),#8486);
#8483 = B_SPLINE_CURVE_WITH_KNOTS('',1,(#8484,#8485),.UNSPECIFIED.,.F.,
  .F.,(2,2),(69.2,73.2),.PIECEWISE_BEZIER_KNOTS.);
#8484 = CARTESIAN_POINT('',(3.4,0.));
#8485 = CARTESIAN_POINT('',(3.4,-4.));
#8486 = ( GEOMETRIC_REPRESENTATION_CONTEXT(2) 
PARAMETRIC_REPRESENTATION_CONTEXT() REPRESENTATION_CONTEXT('2D SPACE',''
  ) );
#8487 = ORIENTED_EDGE('',*,*,#8488,.F.);
#8488 = EDGE_CURVE('',#8489,#8463,#8491,.T.);
#8489 = VERTEX_POINT('',#8490);
#8490 = CARTESIAN_POINT('',(58.,24.,44.5));
#8491 = SURFACE_CURVE('',#8492,(#8496,#8502),.PCURVE_S1.);
#8492 = LINE('',#8493,#8494);
#8493 = CARTESIAN_POINT('',(-69.6,24.,44.5));
#8494 = VECTOR('',#8495,1.);
#8495 = DIRECTION('',(-1.,-0.,0.));
#8496 = PCURVE('',#6890,#8497);
#8497 = DEFINITIONAL_REPRESENTATION('',(#8498),#8501);
#8498 = B_SPLINE_CURVE_WITH_KNOTS('',1,(#8499,#8500),.UNSPECIFIED.,.F.,
  .F.,(2,2),(-127.6,-83.6),.PIECEWISE_BEZIER_KNOTS.);
#8499 = CARTESIAN_POINT('',(211.2,142.4));
#8500 = CARTESIAN_POINT('',(167.2,142.4));
#8501 = ( GEOMETRIC_REPRESENTATION_CONTEXT(2) 
PARAMETRIC_REPRESENTATION_CONTEXT() REPRESENTATION_CONTEXT('2D SPACE',''
  ) );
#8502 = PCURVE('',#8503,#8508);
#8503 = PLANE('',#8504);
#8504 = AXIS2_PLACEMENT_3D('',#8505,#8506,#8507);
#8505 = CARTESIAN_POINT('',(14.,24.,41.1));
#8506 = DIRECTION('',(-0.,1.,0.));
#8507 = DIRECTION('',(0.,0.,1.));
#8508 = DEFINITIONAL_REPRESENTATION('',(#8509),#8512);
#8509 = B_SPLINE_CURVE_WITH_KNOTS('',1,(#8510,#8511),.UNSPECIFIED.,.F.,
  .F.,(2,2),(-127.6,-83.6),.PIECEWISE_BEZIER_KNOTS.);
#8510 = CARTESIAN_POINT('',(3.4,44.));
#8511 = CARTESIAN_POINT('',(3.4,0.));
#8512 = ( GEOMETRIC_REPRESENTATION_CONTEXT(2) 
PARAMETRIC_REPRESENTATION_CONTEXT() REPRESENTATION_CONTEXT('2D SPACE',''
  ) );
#8513 = ORIENTED_EDGE('',*,*,#8514,.F.);
#8514 = EDGE_CURVE('',#8435,#8489,#8515,.T.);
#8515 = SURFACE_CURVE('',#8516,(#8520,#8526),.PCURVE_S1.);
#8516 = LINE('',#8517,#8518);
#8517 = CARTESIAN_POINT('',(58.,-49.2,44.5));
#8518 = VECTOR('',#8519,1.);
#8519 = DIRECTION('',(-0.,1.,0.));
#8520 = PCURVE('',#6890,#8521);
#8521 = DEFINITIONAL_REPRESENTATION('',(#8522),#8525);
#8522 = B_SPLINE_CURVE_WITH_KNOTS('',1,(#8523,#8524),.UNSPECIFIED.,.F.,
  .F.,(2,2),(69.2,73.2),.PIECEWISE_BEZIER_KNOTS.);
#8523 = CARTESIAN_POINT('',(211.2,138.4));
#8524 = CARTESIAN_POINT('',(211.2,142.4));
#8525 = ( GEOMETRIC_REPRESENTATION_CONTEXT(2) 
PARAMETRIC_REPRESENTATION_CONTEXT() REPRESENTATION_CONTEXT('2D SPACE',''
  ) );
#8526 = PCURVE('',#8527,#8532);
#8527 = PLANE('',#8528);
#8528 = AXIS2_PLACEMENT_3D('',#8529,#8530,#8531);
#8529 = CARTESIAN_POINT('',(58.,20.,41.1));
#8530 = DIRECTION('',(1.,0.,-0.));
#8531 = DIRECTION('',(0.,0.,1.));
#8532 = DEFINITIONAL_REPRESENTATION('',(#8533),#8536);
#8533 = B_SPLINE_CURVE_WITH_KNOTS('',1,(#8534,#8535),.UNSPECIFIED.,.F.,
  .F.,(2,2),(69.2,73.2),.PIECEWISE_BEZIER_KNOTS.);
#8534 = CARTESIAN_POINT('',(3.4,0.));
#8535 = CARTESIAN_POINT('',(3.4,-4.));
#8536 = ( GEOMETRIC_REPRESENTATION_CONTEXT(2) 
PARAMETRIC_REPRESENTATION_CONTEXT() REPRESENTATION_CONTEXT('2D SPACE',''
  ) );
#8537 = FACE_BOUND('',#8538,.T.);
#8538 = EDGE_LOOP('',(#8539,#8567,#8593,#8619));
#8539 = ORIENTED_EDGE('',*,*,#8540,.T.);
#8540 = EDGE_CURVE('',#8541,#8543,#8545,.T.);
#8541 = VERTEX_POINT('',#8542);
#8542 = CARTESIAN_POINT('',(58.,30.,44.5));
#8543 = VERTEX_POINT('',#8544);
#8544 = CARTESIAN_POINT('',(14.,30.,44.5));
#8545 = SURFACE_CURVE('',#8546,(#8550,#8556),.PCURVE_S1.);
#8546 = LINE('',#8547,#8548);
#8547 = CARTESIAN_POINT('',(-69.6,30.,44.5));
#8548 = VECTOR('',#8549,1.);
#8549 = DIRECTION('',(-1.,-0.,0.));
#8550 = PCURVE('',#6890,#8551);
#8551 = DEFINITIONAL_REPRESENTATION('',(#8552),#8555);
#8552 = B_SPLINE_CURVE_WITH_KNOTS('',1,(#8553,#8554),.UNSPECIFIED.,.F.,
  .F.,(2,2),(-127.6,-83.6),.PIECEWISE_BEZIER_KNOTS.);
#8553 = CARTESIAN_POINT('',(211.2,148.4));
#8554 = CARTESIAN_POINT('',(167.2,148.4));
#8555 = ( GEOMETRIC_REPRESENTATION_CONTEXT(2) 
PARAMETRIC_REPRESENTATION_CONTEXT() REPRESENTATION_CONTEXT('2D SPACE',''
  ) );
#8556 = PCURVE('',#8557,#8562);
#8557 = PLANE('',#8558);
#8558 = AXIS2_PLACEMENT_3D('',#8559,#8560,#8561);
#8559 = CARTESIAN_POINT('',(14.,30.,41.1));
#8560 = DIRECTION('',(-0.,1.,0.));
#8561 = DIRECTION('',(0.,0.,1.));
#8562 = DEFINITIONAL_REPRESENTATION('',(#8563),#8566);
#8563 = B_SPLINE_CURVE_WITH_KNOTS('',1,(#8564,#8565),.UNSPECIFIED.,.F.,
  .F.,(2,2),(-127.6,-83.6),.PIECEWISE_BEZIER_KNOTS.);
#8564 = CARTESIAN_POINT('',(3.4,44.));
#8565 = CARTESIAN_POINT('',(3.4,0.));
#8566 = ( GEOMETRIC_REPRESENTATION_CONTEXT(2) 
PARAMETRIC_REPRESENTATION_CONTEXT() REPRESENTATION_CONTEXT('2D SPACE',''
  ) );
#8567 = ORIENTED_EDGE('',*,*,#8568,.T.);
#8568 = EDGE_CURVE('',#8543,#8569,#8571,.T.);
#8569 = VERTEX_POINT('',#8570);
#8570 = CARTESIAN_POINT('',(14.,34.,44.5));
#8571 = SURFACE_CURVE('',#8572,(#8576,#8582),.PCURVE_S1.);
#8572 = LINE('',#8573,#8574);
#8573 = CARTESIAN_POINT('',(14.,-44.2,44.5));
#8574 = VECTOR('',#8575,1.);
#8575 = DIRECTION('',(-0.,1.,0.));
#8576 = PCURVE('',#6890,#8577);
#8577 = DEFINITIONAL_REPRESENTATION('',(#8578),#8581);
#8578 = B_SPLINE_CURVE_WITH_KNOTS('',1,(#8579,#8580),.UNSPECIFIED.,.F.,
  .F.,(2,2),(74.2,78.2),.PIECEWISE_BEZIER_KNOTS.);
#8579 = CARTESIAN_POINT('',(167.2,148.4));
#8580 = CARTESIAN_POINT('',(167.2,152.4));
#8581 = ( GEOMETRIC_REPRESENTATION_CONTEXT(2) 
PARAMETRIC_REPRESENTATION_CONTEXT() REPRESENTATION_CONTEXT('2D SPACE',''
  ) );
#8582 = PCURVE('',#8583,#8588);
#8583 = PLANE('',#8584);
#8584 = AXIS2_PLACEMENT_3D('',#8585,#8586,#8587);
#8585 = CARTESIAN_POINT('',(14.,30.,41.1));
#8586 = DIRECTION('',(1.,0.,-0.));
#8587 = DIRECTION('',(0.,0.,1.));
#8588 = DEFINITIONAL_REPRESENTATION('',(#8589),#8592);
#8589 = B_SPLINE_CURVE_WITH_KNOTS('',1,(#8590,#8591),.UNSPECIFIED.,.F.,
  .F.,(2,2),(74.2,78.2),.PIECEWISE_BEZIER_KNOTS.);
#8590 = CARTESIAN_POINT('',(3.4,0.));
#8591 = CARTESIAN_POINT('',(3.4,-4.));
#8592 = ( GEOMETRIC_REPRESENTATION_CONTEXT(2) 
PARAMETRIC_REPRESENTATION_CONTEXT() REPRESENTATION_CONTEXT('2D SPACE',''
  ) );
#8593 = ORIENTED_EDGE('',*,*,#8594,.F.);
#8594 = EDGE_CURVE('',#8595,#8569,#8597,.T.);
#8595 = VERTEX_POINT('',#8596);
#8596 = CARTESIAN_POINT('',(58.,34.,44.5));
#8597 = SURFACE_CURVE('',#8598,(#8602,#8608),.PCURVE_S1.);
#8598 = LINE('',#8599,#8600);
#8599 = CARTESIAN_POINT('',(-69.6,34.,44.5));
#8600 = VECTOR('',#8601,1.);
#8601 = DIRECTION('',(-1.,-0.,0.));
#8602 = PCURVE('',#6890,#8603);
#8603 = DEFINITIONAL_REPRESENTATION('',(#8604),#8607);
#8604 = B_SPLINE_CURVE_WITH_KNOTS('',1,(#8605,#8606),.UNSPECIFIED.,.F.,
  .F.,(2,2),(-127.6,-83.6),.PIECEWISE_BEZIER_KNOTS.);
#8605 = CARTESIAN_POINT('',(211.2,152.4));
#8606 = CARTESIAN_POINT('',(167.2,152.4));
#8607 = ( GEOMETRIC_REPRESENTATION_CONTEXT(2) 
PARAMETRIC_REPRESENTATION_CONTEXT() REPRESENTATION_CONTEXT('2D SPACE',''
  ) );
#8608 = PCURVE('',#8609,#8614);
#8609 = PLANE('',#8610);
#8610 = AXIS2_PLACEMENT_3D('',#8611,#8612,#8613);
#8611 = CARTESIAN_POINT('',(14.,34.,41.1));
#8612 = DIRECTION('',(-0.,1.,0.));
#8613 = DIRECTION('',(0.,0.,1.));
#8614 = DEFINITIONAL_REPRESENTATION('',(#8615),#8618);
#8615 = B_SPLINE_CURVE_WITH_KNOTS('',1,(#8616,#8617),.UNSPECIFIED.,.F.,
  .F.,(2,2),(-127.6,-83.6),.PIECEWISE_BEZIER_KNOTS.);
#8616 = CARTESIAN_POINT('',(3.4,44.));
#8617 = CARTESIAN_POINT('',(3.4,0.));
#8618 = ( GEOMETRIC_REPRESENTATION_CONTEXT(2) 
PARAMETRIC_REPRESENTATION_CONTEXT() REPRESENTATION_CONTEXT('2D SPACE',''
  ) );
#8619 = ORIENTED_EDGE('',*,*,#8620,.F.);
#8620 = EDGE_CURVE('',#8541,#8595,#8621,.T.);
#8621 = SURFACE_CURVE('',#8622,(#8626,#8632),.PCURVE_S1.);
#8622 = LINE('',#8623,#8624);
#8623 = CARTESIAN_POINT('',(58.,-44.2,44.5));
#8624 = VECTOR('',#8625,1.);
#8625 = DIRECTION('',(-0.,1.,0.));
#8626 = PCURVE('',#6890,#8627);
#8627 = DEFINITIONAL_REPRESENTATION('',(#8628),#8631);
#8628 = B_SPLINE_CURVE_WITH_KNOTS('',1,(#8629,#8630),.UNSPECIFIED.,.F.,
  .F.,(2,2),(74.2,78.2),.PIECEWISE_BEZIER_KNOTS.);
#8629 = CARTESIAN_POINT('',(211.2,148.4));
#8630 = CARTESIAN_POINT('',(211.2,152.4));
#8631 = ( GEOMETRIC_REPRESENTATION_CONTEXT(2) 
PARAMETRIC_REPRESENTATION_CONTEXT() REPRESENTATION_CONTEXT('2D SPACE',''
  ) );
#8632 = PCURVE('',#8633,#8638);
#8633 = PLANE('',#8634);
#8634 = AXIS2_PLACEMENT_3D('',#8635,#8636,#8637);
#8635 = CARTESIAN_POINT('',(58.,30.,41.1));
#8636 = DIRECTION('',(1.,0.,-0.));
#8637 = DIRECTION('',(0.,0.,1.));
#8638 = DEFINITIONAL_REPRESENTATION('',(#8639),#8642);
#8639 = B_SPLINE_CURVE_WITH_KNOTS('',1,(#8640,#8641),.UNSPECIFIED.,.F.,
  .F.,(2,2),(74.2,78.2),.PIECEWISE_BEZIER_KNOTS.);
#8640 = CARTESIAN_POINT('',(3.4,0.));
#8641 = CARTESIAN_POINT('',(3.4,-4.));
#8642 = ( GEOMETRIC_REPRESENTATION_CONTEXT(2) 
PARAMETRIC_REPRESENTATION_CONTEXT() REPRESENTATION_CONTEXT('2D SPACE',''
  ) );
#8643 = FACE_BOUND('',#8644,.T.);
#8644 = EDGE_LOOP('',(#8645,#8673,#8699,#8725));
#8645 = ORIENTED_EDGE('',*,*,#8646,.T.);
#8646 = EDGE_CURVE('',#8647,#8649,#8651,.T.);
#8647 = VERTEX_POINT('',#8648);
#8648 = CARTESIAN_POINT('',(58.,40.,44.5));
#8649 = VERTEX_POINT('',#8650);
#8650 = CARTESIAN_POINT('',(14.,40.,44.5));
#8651 = SURFACE_CURVE('',#8652,(#8656,#8662),.PCURVE_S1.);
#8652 = LINE('',#8653,#8654);
#8653 = CARTESIAN_POINT('',(-69.6,40.,44.5));
#8654 = VECTOR('',#8655,1.);
#8655 = DIRECTION('',(-1.,-0.,0.));
#8656 = PCURVE('',#6890,#8657);
#8657 = DEFINITIONAL_REPRESENTATION('',(#8658),#8661);
#8658 = B_SPLINE_CURVE_WITH_KNOTS('',1,(#8659,#8660),.UNSPECIFIED.,.F.,
  .F.,(2,2),(-127.6,-83.6),.PIECEWISE_BEZIER_KNOTS.);
#8659 = CARTESIAN_POINT('',(211.2,158.4));
#8660 = CARTESIAN_POINT('',(167.2,158.4));
#8661 = ( GEOMETRIC_REPRESENTATION_CONTEXT(2) 
PARAMETRIC_REPRESENTATION_CONTEXT() REPRESENTATION_CONTEXT('2D SPACE',''
  ) );
#8662 = PCURVE('',#8663,#8668);
#8663 = PLANE('',#8664);
#8664 = AXIS2_PLACEMENT_3D('',#8665,#8666,#8667);
#8665 = CARTESIAN_POINT('',(14.,40.,41.1));
#8666 = DIRECTION('',(-0.,1.,0.));
#8667 = DIRECTION('',(0.,0.,1.));
#8668 = DEFINITIONAL_REPRESENTATION('',(#8669),#8672);
#8669 = B_SPLINE_CURVE_WITH_KNOTS('',1,(#8670,#8671),.UNSPECIFIED.,.F.,
  .F.,(2,2),(-127.6,-83.6),.PIECEWISE_BEZIER_KNOTS.);
#8670 = CARTESIAN_POINT('',(3.4,44.));
#8671 = CARTESIAN_POINT('',(3.4,0.));
#8672 = ( GEOMETRIC_REPRESENTATION_CONTEXT(2) 
PARAMETRIC_REPRESENTATION_CONTEXT() REPRESENTATION_CONTEXT('2D SPACE',''
  ) );
#8673 = ORIENTED_EDGE('',*,*,#8674,.T.);
#8674 = EDGE_CURVE('',#8649,#8675,#8677,.T.);
#8675 = VERTEX_POINT('',#8676);
#8676 = CARTESIAN_POINT('',(14.,44.,44.5));
#8677 = SURFACE_CURVE('',#8678,(#8682,#8688),.PCURVE_S1.);
#8678 = LINE('',#8679,#8680);
#8679 = CARTESIAN_POINT('',(14.,-39.2,44.5));
#8680 = VECTOR('',#8681,1.);
#8681 = DIRECTION('',(-0.,1.,0.));
#8682 = PCURVE('',#6890,#8683);
#8683 = DEFINITIONAL_REPRESENTATION('',(#8684),#8687);
#8684 = B_SPLINE_CURVE_WITH_KNOTS('',1,(#8685,#8686),.UNSPECIFIED.,.F.,
  .F.,(2,2),(79.2,83.2),.PIECEWISE_BEZIER_KNOTS.);
#8685 = CARTESIAN_POINT('',(167.2,158.4));
#8686 = CARTESIAN_POINT('',(167.2,162.4));
#8687 = ( GEOMETRIC_REPRESENTATION_CONTEXT(2) 
PARAMETRIC_REPRESENTATION_CONTEXT() REPRESENTATION_CONTEXT('2D SPACE',''
  ) );
#8688 = PCURVE('',#8689,#8694);
#8689 = PLANE('',#8690);
#8690 = AXIS2_PLACEMENT_3D('',#8691,#8692,#8693);
#8691 = CARTESIAN_POINT('',(14.,40.,41.1));
#8692 = DIRECTION('',(1.,0.,-0.));
#8693 = DIRECTION('',(0.,0.,1.));
#8694 = DEFINITIONAL_REPRESENTATION('',(#8695),#8698);
#8695 = B_SPLINE_CURVE_WITH_KNOTS('',1,(#8696,#8697),.UNSPECIFIED.,.F.,
  .F.,(2,2),(79.2,83.2),.PIECEWISE_BEZIER_KNOTS.);
#8696 = CARTESIAN_POINT('',(3.4,0.));
#8697 = CARTESIAN_POINT('',(3.4,-4.));
#8698 = ( GEOMETRIC_REPRESENTATION_CONTEXT(2) 
PARAMETRIC_REPRESENTATION_CONTEXT() REPRESENTATION_CONTEXT('2D SPACE',''
  ) );
#8699 = ORIENTED_EDGE('',*,*,#8700,.F.);
#8700 = EDGE_CURVE('',#8701,#8675,#8703,.T.);
#8701 = VERTEX_POINT('',#8702);
#8702 = CARTESIAN_POINT('',(58.,44.,44.5));
#8703 = SURFACE_CURVE('',#8704,(#8708,#8714),.PCURVE_S1.);
#8704 = LINE('',#8705,#8706);
#8705 = CARTESIAN_POINT('',(-69.6,44.,44.5));
#8706 = VECTOR('',#8707,1.);
#8707 = DIRECTION('',(-1.,-0.,0.));
#8708 = PCURVE('',#6890,#8709);
#8709 = DEFINITIONAL_REPRESENTATION('',(#8710),#8713);
#8710 = B_SPLINE_CURVE_WITH_KNOTS('',1,(#8711,#8712),.UNSPECIFIED.,.F.,
  .F.,(2,2),(-127.6,-83.6),.PIECEWISE_BEZIER_KNOTS.);
#8711 = CARTESIAN_POINT('',(211.2,162.4));
#8712 = CARTESIAN_POINT('',(167.2,162.4));
#8713 = ( GEOMETRIC_REPRESENTATION_CONTEXT(2) 
PARAMETRIC_REPRESENTATION_CONTEXT() REPRESENTATION_CONTEXT('2D SPACE',''
  ) );
#8714 = PCURVE('',#8715,#8720);
#8715 = PLANE('',#8716);
#8716 = AXIS2_PLACEMENT_3D('',#8717,#8718,#8719);
#8717 = CARTESIAN_POINT('',(14.,44.,41.1));
#8718 = DIRECTION('',(-0.,1.,0.));
#8719 = DIRECTION('',(0.,0.,1.));
#8720 = DEFINITIONAL_REPRESENTATION('',(#8721),#8724);
#8721 = B_SPLINE_CURVE_WITH_KNOTS('',1,(#8722,#8723),.UNSPECIFIED.,.F.,
  .F.,(2,2),(-127.6,-83.6),.PIECEWISE_BEZIER_KNOTS.);
#8722 = CARTESIAN_POINT('',(3.4,44.));
#8723 = CARTESIAN_POINT('',(3.4,0.));
#8724 = ( GEOMETRIC_REPRESENTATION_CONTEXT(2) 
PARAMETRIC_REPRESENTATION_CONTEXT() REPRESENTATION_CONTEXT('2D SPACE',''
  ) );
#8725 = ORIENTED_EDGE('',*,*,#8726,.F.);
#8726 = EDGE_CURVE('',#8647,#8701,#8727,.T.);
#8727 = SURFACE_CURVE('',#8728,(#8732,#8738),.PCURVE_S1.);
#8728 = LINE('',#8729,#8730);
#8729 = CARTESIAN_POINT('',(58.,-39.2,44.5));
#8730 = VECTOR('',#8731,1.);
#8731 = DIRECTION('',(-0.,1.,0.));
#8732 = PCURVE('',#6890,#8733);
#8733 = DEFINITIONAL_REPRESENTATION('',(#8734),#8737);
#8734 = B_SPLINE_CURVE_WITH_KNOTS('',1,(#8735,#8736),.UNSPECIFIED.,.F.,
  .F.,(2,2),(79.2,83.2),.PIECEWISE_BEZIER_KNOTS.);
#8735 = CARTESIAN_POINT('',(211.2,158.4));
#8736 = CARTESIAN_POINT('',(211.2,162.4));
#8737 = ( GEOMETRIC_REPRESENTATION_CONTEXT(2) 
PARAMETRIC_REPRESENTATION_CONTEXT() REPRESENTATION_CONTEXT('2D SPACE',''
  ) );
#8738 = PCURVE('',#8739,#8744);
#8739 = PLANE('',#8740);
#8740 = AXIS2_PLACEMENT_3D('',#8741,#8742,#8743);
#8741 = CARTESIAN_POINT('',(58.,40.,41.1));
#8742 = DIRECTION('',(1.,0.,-0.));
#8743 = DIRECTION('',(0.,0.,1.));
#8744 = DEFINITIONAL_REPRESENTATION('',(#8745),#8748);
#8745 = B_SPLINE_CURVE_WITH_KNOTS('',1,(#8746,#8747),.UNSPECIFIED.,.F.,
  .F.,(2,2),(79.2,83.2),.PIECEWISE_BEZIER_KNOTS.);
#8746 = CARTESIAN_POINT('',(3.4,0.));
#8747 = CARTESIAN_POINT('',(3.4,-4.));
#8748 = ( GEOMETRIC_REPRESENTATION_CONTEXT(2) 
PARAMETRIC_REPRESENTATION_CONTEXT() REPRESENTATION_CONTEXT('2D SPACE',''
  ) );
#8749 = FACE_BOUND('',#8750,.T.);
#8750 = EDGE_LOOP('',(#8751));
#8751 = ORIENTED_EDGE('',*,*,#8752,.F.);
#8752 = EDGE_CURVE('',#8753,#8753,#8755,.T.);
#8753 = VERTEX_POINT('',#8754);
#8754 = CARTESIAN_POINT('',(152.5,-7.592810154714E-16,44.5));
#8755 = SURFACE_CURVE('',#8756,(#8761,#8768),.PCURVE_S1.);
#8756 = CIRCLE('',#8757,3.1);
#8757 = AXIS2_PLACEMENT_3D('',#8758,#8759,#8760);
#8758 = CARTESIAN_POINT('',(149.4,0.,44.5));
#8759 = DIRECTION('',(0.,0.,1.));
#8760 = DIRECTION('',(1.,0.,-0.));
#8761 = PCURVE('',#6890,#8762);
#8762 = DEFINITIONAL_REPRESENTATION('',(#8763),#8767);
#8763 = CIRCLE('',#8764,3.1);
#8764 = AXIS2_PLACEMENT_2D('',#8765,#8766);
#8765 = CARTESIAN_POINT('',(302.6,118.4));
#8766 = DIRECTION('',(1.,0.));
#8767 = ( GEOMETRIC_REPRESENTATION_CONTEXT(2) 
PARAMETRIC_REPRESENTATION_CONTEXT() REPRESENTATION_CONTEXT('2D SPACE',''
  ) );
#8768 = PCURVE('',#8769,#8774);
#8769 = CONICAL_SURFACE('',#8770,1.7,0.785398163397);
#8770 = AXIS2_PLACEMENT_3D('',#8771,#8772,#8773);
#8771 = CARTESIAN_POINT('',(149.4,0.,43.1));
#8772 = DIRECTION('',(0.,0.,1.));
#8773 = DIRECTION('',(1.,0.,-0.));
#8774 = DEFINITIONAL_REPRESENTATION('',(#8775),#8779);
#8775 = LINE('',#8776,#8777);
#8776 = CARTESIAN_POINT('',(0.,1.4));
#8777 = VECTOR('',#8778,1.);
#8778 = DIRECTION('',(1.,0.));
#8779 = ( GEOMETRIC_REPRESENTATION_CONTEXT(2) 
PARAMETRIC_REPRESENTATION_CONTEXT() REPRESENTATION_CONTEXT('2D SPACE',''
  ) );
#8780 = FACE_BOUND('',#8781,.T.);
#8781 = EDGE_LOOP('',(#8782,#8817,#8843,#8870));
#8782 = ORIENTED_EDGE('',*,*,#8783,.T.);
#8783 = EDGE_CURVE('',#8784,#8786,#8788,.T.);
#8784 = VERTEX_POINT('',#8785);
#8785 = CARTESIAN_POINT('',(87.5,59.038873605351,44.5));
#8786 = VERTEX_POINT('',#8787);
#8787 = CARTESIAN_POINT('',(82.5,59.038873605351,44.5));
#8788 = SURFACE_CURVE('',#8789,(#8794,#8805),.PCURVE_S1.);
#8789 = CIRCLE('',#8790,4.75);
#8790 = AXIS2_PLACEMENT_3D('',#8791,#8792,#8793);
#8791 = CARTESIAN_POINT('',(85.,55.,44.5));
#8792 = DIRECTION('',(0.,0.,-1.));
#8793 = DIRECTION('',(0.526315789474,0.850289180074,0.));
#8794 = PCURVE('',#6890,#8795);
#8795 = DEFINITIONAL_REPRESENTATION('',(#8796),#8804);
#8796 = ( BOUNDED_CURVE() B_SPLINE_CURVE(2,(#8797,#8798,#8799,#8800,
#8801,#8802,#8803),.UNSPECIFIED.,.T.,.F.) B_SPLINE_CURVE_WITH_KNOTS((1,2
    ,2,2,2,1),(-2.094395102393,0.,2.094395102393,4.188790204786,
6.28318530718,8.377580409573),.UNSPECIFIED.) CURVE() 
GEOMETRIC_REPRESENTATION_ITEM() RATIONAL_B_SPLINE_CURVE((1.,0.5,1.,0.5,
1.,0.5,1.)) REPRESENTATION_ITEM('') );
#8797 = CARTESIAN_POINT('',(240.7,177.43887360535));
#8798 = CARTESIAN_POINT('',(247.69553428981,173.10874658642));
#8799 = CARTESIAN_POINT('',(240.4477671449,169.21549968786));
#8800 = CARTESIAN_POINT('',(233.2,165.32225278929));
#8801 = CARTESIAN_POINT('',(233.45223285509,173.54562670678));
#8802 = CARTESIAN_POINT('',(233.70446571018,181.76900062427));
#8803 = CARTESIAN_POINT('',(240.7,177.43887360535));
#8804 = ( GEOMETRIC_REPRESENTATION_CONTEXT(2) 
PARAMETRIC_REPRESENTATION_CONTEXT() REPRESENTATION_CONTEXT('2D SPACE',''
  ) );
#8805 = PCURVE('',#8806,#8811);
#8806 = CYLINDRICAL_SURFACE('',#8807,4.75);
#8807 = AXIS2_PLACEMENT_3D('',#8808,#8809,#8810);
#8808 = CARTESIAN_POINT('',(85.,55.,37.5));
#8809 = DIRECTION('',(0.,0.,1.));
#8810 = DIRECTION('',(1.,0.,0.));
#8811 = DEFINITIONAL_REPRESENTATION('',(#8812),#8816);
#8812 = LINE('',#8813,#8814);
#8813 = CARTESIAN_POINT('',(7.299719799522,7.));
#8814 = VECTOR('',#8815,1.);
#8815 = DIRECTION('',(-1.,-0.));
#8816 = ( GEOMETRIC_REPRESENTATION_CONTEXT(2) 
PARAMETRIC_REPRESENTATION_CONTEXT() REPRESENTATION_CONTEXT('2D SPACE',''
  ) );
#8817 = ORIENTED_EDGE('',*,*,#8818,.T.);
#8818 = EDGE_CURVE('',#8786,#8819,#8821,.T.);
#8819 = VERTEX_POINT('',#8820);
#8820 = CARTESIAN_POINT('',(82.5,69.25,44.5));
#8821 = SURFACE_CURVE('',#8822,(#8826,#8832),.PCURVE_S1.);
#8822 = LINE('',#8823,#8824);
#8823 = CARTESIAN_POINT('',(82.5,-31.825,44.5));
#8824 = VECTOR('',#8825,1.);
#8825 = DIRECTION('',(0.,1.,0.));
#8826 = PCURVE('',#6890,#8827);
#8827 = DEFINITIONAL_REPRESENTATION('',(#8828),#8831);
#8828 = B_SPLINE_CURVE_WITH_KNOTS('',1,(#8829,#8830),.UNSPECIFIED.,.F.,
  .F.,(2,2),(86.575,101.075),.PIECEWISE_BEZIER_KNOTS.);
#8829 = CARTESIAN_POINT('',(235.7,173.15));
#8830 = CARTESIAN_POINT('',(235.7,187.65));
#8831 = ( GEOMETRIC_REPRESENTATION_CONTEXT(2) 
PARAMETRIC_REPRESENTATION_CONTEXT() REPRESENTATION_CONTEXT('2D SPACE',''
  ) );
#8832 = PCURVE('',#8833,#8838);
#8833 = PLANE('',#8834);
#8834 = AXIS2_PLACEMENT_3D('',#8835,#8836,#8837);
#8835 = CARTESIAN_POINT('',(82.5,54.75,37.5));
#8836 = DIRECTION('',(1.,0.,0.));
#8837 = DIRECTION('',(0.,0.,1.));
#8838 = DEFINITIONAL_REPRESENTATION('',(#8839),#8842);
#8839 = B_SPLINE_CURVE_WITH_KNOTS('',1,(#8840,#8841),.UNSPECIFIED.,.F.,
  .F.,(2,2),(86.575,101.075),.PIECEWISE_BEZIER_KNOTS.);
#8840 = CARTESIAN_POINT('',(7.,0.));
#8841 = CARTESIAN_POINT('',(7.,-14.5));
#8842 = ( GEOMETRIC_REPRESENTATION_CONTEXT(2) 
PARAMETRIC_REPRESENTATION_CONTEXT() REPRESENTATION_CONTEXT('2D SPACE',''
  ) );
#8843 = ORIENTED_EDGE('',*,*,#8844,.F.);
#8844 = EDGE_CURVE('',#8845,#8819,#8847,.T.);
#8845 = VERTEX_POINT('',#8846);
#8846 = CARTESIAN_POINT('',(87.5,69.25,44.5));
#8847 = SURFACE_CURVE('',#8848,(#8852,#8858),.PCURVE_S1.);
#8848 = LINE('',#8849,#8850);
#8849 = CARTESIAN_POINT('',(-35.35,69.25,44.5));
#8850 = VECTOR('',#8851,1.);
#8851 = DIRECTION('',(-1.,0.,0.));
#8852 = PCURVE('',#6890,#8853);
#8853 = DEFINITIONAL_REPRESENTATION('',(#8854),#8857);
#8854 = B_SPLINE_CURVE_WITH_KNOTS('',1,(#8855,#8856),.UNSPECIFIED.,.F.,
  .F.,(2,2),(-122.85,-117.85),.PIECEWISE_BEZIER_KNOTS.);
#8855 = CARTESIAN_POINT('',(240.7,187.65));
#8856 = CARTESIAN_POINT('',(235.7,187.65));
#8857 = ( GEOMETRIC_REPRESENTATION_CONTEXT(2) 
PARAMETRIC_REPRESENTATION_CONTEXT() REPRESENTATION_CONTEXT('2D SPACE',''
  ) );
#8858 = PCURVE('',#8859,#8864);
#8859 = PLANE('',#8860);
#8860 = AXIS2_PLACEMENT_3D('',#8861,#8862,#8863);
#8861 = CARTESIAN_POINT('',(82.5,69.25,37.5));
#8862 = DIRECTION('',(0.,1.,0.));
#8863 = DIRECTION('',(0.,0.,1.));
#8864 = DEFINITIONAL_REPRESENTATION('',(#8865),#8869);
#8865 = LINE('',#8866,#8867);
#8866 = CARTESIAN_POINT('',(7.,-117.85));
#8867 = VECTOR('',#8868,1.);
#8868 = DIRECTION('',(0.,-1.));
#8869 = ( GEOMETRIC_REPRESENTATION_CONTEXT(2) 
PARAMETRIC_REPRESENTATION_CONTEXT() REPRESENTATION_CONTEXT('2D SPACE',''
  ) );
#8870 = ORIENTED_EDGE('',*,*,#8871,.F.);
#8871 = EDGE_CURVE('',#8784,#8845,#8872,.T.);
#8872 = SURFACE_CURVE('',#8873,(#8877,#8883),.PCURVE_S1.);
#8873 = LINE('',#8874,#8875);
#8874 = CARTESIAN_POINT('',(87.5,-31.825,44.5));
#8875 = VECTOR('',#8876,1.);
#8876 = DIRECTION('',(0.,1.,0.));
#8877 = PCURVE('',#6890,#8878);
#8878 = DEFINITIONAL_REPRESENTATION('',(#8879),#8882);
#8879 = B_SPLINE_CURVE_WITH_KNOTS('',1,(#8880,#8881),.UNSPECIFIED.,.F.,
  .F.,(2,2),(86.575,101.075),.PIECEWISE_BEZIER_KNOTS.);
#8880 = CARTESIAN_POINT('',(240.7,173.15));
#8881 = CARTESIAN_POINT('',(240.7,187.65));
#8882 = ( GEOMETRIC_REPRESENTATION_CONTEXT(2) 
PARAMETRIC_REPRESENTATION_CONTEXT() REPRESENTATION_CONTEXT('2D SPACE',''
  ) );
#8883 = PCURVE('',#8884,#8889);
#8884 = PLANE('',#8885);
#8885 = AXIS2_PLACEMENT_3D('',#8886,#8887,#8888);
#8886 = CARTESIAN_POINT('',(87.5,54.75,37.5));
#8887 = DIRECTION('',(1.,0.,0.));
#8888 = DIRECTION('',(0.,0.,1.));
#8889 = DEFINITIONAL_REPRESENTATION('',(#8890),#8893);
#8890 = B_SPLINE_CURVE_WITH_KNOTS('',1,(#8891,#8892),.UNSPECIFIED.,.F.,
  .F.,(2,2),(86.575,101.075),.PIECEWISE_BEZIER_KNOTS.);
#8891 = CARTESIAN_POINT('',(7.,0.));
#8892 = CARTESIAN_POINT('',(7.,-14.5));
#8893 = ( GEOMETRIC_REPRESENTATION_CONTEXT(2) 
PARAMETRIC_REPRESENTATION_CONTEXT() REPRESENTATION_CONTEXT('2D SPACE',''
  ) );
#8894 = FACE_BOUND('',#8895,.T.);
#8895 = EDGE_LOOP('',(#8896));
#8896 = ORIENTED_EDGE('',*,*,#8897,.F.);
#8897 = EDGE_CURVE('',#8898,#8898,#8900,.T.);
#8898 = VERTEX_POINT('',#8899);
#8899 = CARTESIAN_POINT('',(88.1,111.5,44.5));
#8900 = SURFACE_CURVE('',#8901,(#8906,#8913),.PCURVE_S1.);
#8901 = CIRCLE('',#8902,3.1);
#8902 = AXIS2_PLACEMENT_3D('',#8903,#8904,#8905);
#8903 = CARTESIAN_POINT('',(85.,111.5,44.5));
#8904 = DIRECTION('',(0.,0.,1.));
#8905 = DIRECTION('',(1.,0.,-0.));
#8906 = PCURVE('',#6890,#8907);
#8907 = DEFINITIONAL_REPRESENTATION('',(#8908),#8912);
#8908 = CIRCLE('',#8909,3.1);
#8909 = AXIS2_PLACEMENT_2D('',#8910,#8911);
#8910 = CARTESIAN_POINT('',(238.2,229.9));
#8911 = DIRECTION('',(1.,0.));
#8912 = ( GEOMETRIC_REPRESENTATION_CONTEXT(2) 
PARAMETRIC_REPRESENTATION_CONTEXT() REPRESENTATION_CONTEXT('2D SPACE',''
  ) );
#8913 = PCURVE('',#8914,#8919);
#8914 = CONICAL_SURFACE('',#8915,1.7,0.785398163397);
#8915 = AXIS2_PLACEMENT_3D('',#8916,#8917,#8918);
#8916 = CARTESIAN_POINT('',(85.,111.5,43.1));
#8917 = DIRECTION('',(0.,0.,1.));
#8918 = DIRECTION('',(1.,0.,-0.));
#8919 = DEFINITIONAL_REPRESENTATION('',(#8920),#8924);
#8920 = LINE('',#8921,#8922);
#8921 = CARTESIAN_POINT('',(0.,1.4));
#8922 = VECTOR('',#8923,1.);
#8923 = DIRECTION('',(1.,0.));
#8924 = ( GEOMETRIC_REPRESENTATION_CONTEXT(2) 
PARAMETRIC_REPRESENTATION_CONTEXT() REPRESENTATION_CONTEXT('2D SPACE',''
  ) );
#8925 = ADVANCED_FACE('',(#8926),#6864,.T.);
#8926 = FACE_BOUND('',#8927,.T.);
#8927 = EDGE_LOOP('',(#8928,#8951,#8952,#8953));
#8928 = ORIENTED_EDGE('',*,*,#8929,.F.);
#8929 = EDGE_CURVE('',#6821,#8930,#8932,.T.);
#8930 = VERTEX_POINT('',#8931);
#8931 = CARTESIAN_POINT('',(153.2,118.4,42.1));
#8932 = SURFACE_CURVE('',#8933,(#8937,#8944),.PCURVE_S1.);
#8933 = LINE('',#8934,#8935);
#8934 = CARTESIAN_POINT('',(-153.2,118.4,42.1));
#8935 = VECTOR('',#8936,1.);
#8936 = DIRECTION('',(1.,0.,-0.));
#8937 = PCURVE('',#6864,#8938);
#8938 = DEFINITIONAL_REPRESENTATION('',(#8939),#8943);
#8939 = LINE('',#8940,#8941);
#8940 = CARTESIAN_POINT('',(0.,0.));
#8941 = VECTOR('',#8942,1.);
#8942 = DIRECTION('',(0.,1.));
#8943 = ( GEOMETRIC_REPRESENTATION_CONTEXT(2) 
PARAMETRIC_REPRESENTATION_CONTEXT() REPRESENTATION_CONTEXT('2D SPACE',''
  ) );
#8944 = PCURVE('',#6836,#8945);
#8945 = DEFINITIONAL_REPRESENTATION('',(#8946),#8950);
#8946 = LINE('',#8947,#8948);
#8947 = CARTESIAN_POINT('',(0.,236.8));
#8948 = VECTOR('',#8949,1.);
#8949 = DIRECTION('',(1.,0.));
#8950 = ( GEOMETRIC_REPRESENTATION_CONTEXT(2) 
PARAMETRIC_REPRESENTATION_CONTEXT() REPRESENTATION_CONTEXT('2D SPACE',''
  ) );
#8951 = ORIENTED_EDGE('',*,*,#6848,.T.);
#8952 = ORIENTED_EDGE('',*,*,#6979,.T.);
#8953 = ORIENTED_EDGE('',*,*,#8954,.F.);
#8954 = EDGE_CURVE('',#8930,#6980,#8955,.T.);
#8955 = SURFACE_CURVE('',#8956,(#8960,#8967),.PCURVE_S1.);
#8956 = LINE('',#8957,#8958);
#8957 = CARTESIAN_POINT('',(153.2,118.4,42.1));
#8958 = VECTOR('',#8959,1.);
#8959 = DIRECTION('',(0.,0.,1.));
#8960 = PCURVE('',#6864,#8961);
#8961 = DEFINITIONAL_REPRESENTATION('',(#8962),#8966);
#8962 = LINE('',#8963,#8964);
#8963 = CARTESIAN_POINT('',(0.,306.4));
#8964 = VECTOR('',#8965,1.);
#8965 = DIRECTION('',(1.,0.));
#8966 = ( GEOMETRIC_REPRESENTATION_CONTEXT(2) 
PARAMETRIC_REPRESENTATION_CONTEXT() REPRESENTATION_CONTEXT('2D SPACE',''
  ) );
#8967 = PCURVE('',#7119,#8968);
#8968 = DEFINITIONAL_REPRESENTATION('',(#8969),#8973);
#8969 = LINE('',#8970,#8971);
#8970 = CARTESIAN_POINT('',(0.,-236.8));
#8971 = VECTOR('',#8972,1.);
#8972 = DIRECTION('',(1.,0.));
#8973 = ( GEOMETRIC_REPRESENTATION_CONTEXT(2) 
PARAMETRIC_REPRESENTATION_CONTEXT() REPRESENTATION_CONTEXT('2D SPACE',''
  ) );
#8974 = ADVANCED_FACE('',(#8975,#9087,#9118,#9149,#9180,#9286,#9400,
    #9431,#9545,#9576,#9607,#9693,#9807,#9838,#9869,#9955,#10041,#10127,
    #10213,#10244,#10275,#10485,#10516,#10602,#10688,#10774,#10860,
    #10946,#10977,#11008,#11114,#11145),#6836,.F.);
#8975 = FACE_BOUND('',#8976,.F.);
#8976 = EDGE_LOOP('',(#8977,#8978,#8979,#8980,#9001,#9022,#9043,#9066));
#8977 = ORIENTED_EDGE('',*,*,#8929,.F.);
#8978 = ORIENTED_EDGE('',*,*,#6820,.F.);
#8979 = ORIENTED_EDGE('',*,*,#6905,.T.);
#8980 = ORIENTED_EDGE('',*,*,#8981,.T.);
#8981 = EDGE_CURVE('',#6906,#8982,#8984,.T.);
#8982 = VERTEX_POINT('',#8983);
#8983 = CARTESIAN_POINT('',(-22.,-107.4,42.1));
#8984 = SURFACE_CURVE('',#8985,(#8989,#8995),.PCURVE_S1.);
#8985 = LINE('',#8986,#8987);
#8986 = CARTESIAN_POINT('',(-22.,-123.9,42.1));
#8987 = VECTOR('',#8988,1.);
#8988 = DIRECTION('',(-0.,1.,0.));
#8989 = PCURVE('',#6836,#8990);
#8990 = DEFINITIONAL_REPRESENTATION('',(#8991),#8994);
#8991 = B_SPLINE_CURVE_WITH_KNOTS('',1,(#8992,#8993),.UNSPECIFIED.,.F.,
  .F.,(2,2),(5.5,16.5),.PIECEWISE_BEZIER_KNOTS.);
#8992 = CARTESIAN_POINT('',(131.2,0.));
#8993 = CARTESIAN_POINT('',(131.2,11.));
#8994 = ( GEOMETRIC_REPRESENTATION_CONTEXT(2) 
PARAMETRIC_REPRESENTATION_CONTEXT() REPRESENTATION_CONTEXT('2D SPACE',''
  ) );
#8995 = PCURVE('',#6965,#8996);
#8996 = DEFINITIONAL_REPRESENTATION('',(#8997),#9000);
#8997 = B_SPLINE_CURVE_WITH_KNOTS('',1,(#8998,#8999),.UNSPECIFIED.,.F.,
  .F.,(2,2),(5.5,16.5),.PIECEWISE_BEZIER_KNOTS.);
#8998 = CARTESIAN_POINT('',(1.,-11.));
#8999 = CARTESIAN_POINT('',(1.,-22.));
#9000 = ( GEOMETRIC_REPRESENTATION_CONTEXT(2) 
PARAMETRIC_REPRESENTATION_CONTEXT() REPRESENTATION_CONTEXT('2D SPACE',''
  ) );
#9001 = ORIENTED_EDGE('',*,*,#9002,.F.);
#9002 = EDGE_CURVE('',#9003,#8982,#9005,.T.);
#9003 = VERTEX_POINT('',#9004);
#9004 = CARTESIAN_POINT('',(8.,-107.4,42.1));
#9005 = SURFACE_CURVE('',#9006,(#9010,#9016),.PCURVE_S1.);
#9006 = LINE('',#9007,#9008);
#9007 = CARTESIAN_POINT('',(-87.6,-107.4,42.1));
#9008 = VECTOR('',#9009,1.);
#9009 = DIRECTION('',(-1.,-0.,0.));
#9010 = PCURVE('',#6836,#9011);
#9011 = DEFINITIONAL_REPRESENTATION('',(#9012),#9015);
#9012 = B_SPLINE_CURVE_WITH_KNOTS('',1,(#9013,#9014),.UNSPECIFIED.,.F.,
  .F.,(2,2),(-95.6,-65.6),.PIECEWISE_BEZIER_KNOTS.);
#9013 = CARTESIAN_POINT('',(161.2,11.));
#9014 = CARTESIAN_POINT('',(131.2,11.));
#9015 = ( GEOMETRIC_REPRESENTATION_CONTEXT(2) 
PARAMETRIC_REPRESENTATION_CONTEXT() REPRESENTATION_CONTEXT('2D SPACE',''
  ) );
#9016 = PCURVE('',#7040,#9017);
#9017 = DEFINITIONAL_REPRESENTATION('',(#9018),#9021);
#9018 = B_SPLINE_CURVE_WITH_KNOTS('',1,(#9019,#9020),.UNSPECIFIED.,.F.,
  .F.,(2,2),(-95.6,-65.6),.PIECEWISE_BEZIER_KNOTS.);
#9019 = CARTESIAN_POINT('',(1.,30.));
#9020 = CARTESIAN_POINT('',(1.,0.));
#9021 = ( GEOMETRIC_REPRESENTATION_CONTEXT(2) 
PARAMETRIC_REPRESENTATION_CONTEXT() REPRESENTATION_CONTEXT('2D SPACE',''
  ) );
#9022 = ORIENTED_EDGE('',*,*,#9023,.F.);
#9023 = EDGE_CURVE('',#9024,#9003,#9026,.T.);
#9024 = VERTEX_POINT('',#9025);
#9025 = CARTESIAN_POINT('',(8.,-118.4,42.1));
#9026 = SURFACE_CURVE('',#9027,(#9031,#9037),.PCURVE_S1.);
#9027 = LINE('',#9028,#9029);
#9028 = CARTESIAN_POINT('',(8.,-123.9,42.1));
#9029 = VECTOR('',#9030,1.);
#9030 = DIRECTION('',(-0.,1.,0.));
#9031 = PCURVE('',#6836,#9032);
#9032 = DEFINITIONAL_REPRESENTATION('',(#9033),#9036);
#9033 = B_SPLINE_CURVE_WITH_KNOTS('',1,(#9034,#9035),.UNSPECIFIED.,.F.,
  .F.,(2,2),(5.5,16.5),.PIECEWISE_BEZIER_KNOTS.);
#9034 = CARTESIAN_POINT('',(161.2,0.));
#9035 = CARTESIAN_POINT('',(161.2,11.));
#9036 = ( GEOMETRIC_REPRESENTATION_CONTEXT(2) 
PARAMETRIC_REPRESENTATION_CONTEXT() REPRESENTATION_CONTEXT('2D SPACE',''
  ) );
#9037 = PCURVE('',#7066,#9038);
#9038 = DEFINITIONAL_REPRESENTATION('',(#9039),#9042);
#9039 = B_SPLINE_CURVE_WITH_KNOTS('',1,(#9040,#9041),.UNSPECIFIED.,.F.,
  .F.,(2,2),(5.5,16.5),.PIECEWISE_BEZIER_KNOTS.);
#9040 = CARTESIAN_POINT('',(1.,-11.));
#9041 = CARTESIAN_POINT('',(1.,-22.));
#9042 = ( GEOMETRIC_REPRESENTATION_CONTEXT(2) 
PARAMETRIC_REPRESENTATION_CONTEXT() REPRESENTATION_CONTEXT('2D SPACE',''
  ) );
#9043 = ORIENTED_EDGE('',*,*,#9044,.T.);
#9044 = EDGE_CURVE('',#9024,#9045,#9047,.T.);
#9045 = VERTEX_POINT('',#9046);
#9046 = CARTESIAN_POINT('',(153.2,-118.4,42.1));
#9047 = SURFACE_CURVE('',#9048,(#9052,#9059),.PCURVE_S1.);
#9048 = LINE('',#9049,#9050);
#9049 = CARTESIAN_POINT('',(-153.2,-118.4,42.1));
#9050 = VECTOR('',#9051,1.);
#9051 = DIRECTION('',(1.,0.,-0.));
#9052 = PCURVE('',#6836,#9053);
#9053 = DEFINITIONAL_REPRESENTATION('',(#9054),#9058);
#9054 = LINE('',#9055,#9056);
#9055 = CARTESIAN_POINT('',(0.,0.));
#9056 = VECTOR('',#9057,1.);
#9057 = DIRECTION('',(1.,0.));
#9058 = ( GEOMETRIC_REPRESENTATION_CONTEXT(2) 
PARAMETRIC_REPRESENTATION_CONTEXT() REPRESENTATION_CONTEXT('2D SPACE',''
  ) );
#9059 = PCURVE('',#7093,#9060);
#9060 = DEFINITIONAL_REPRESENTATION('',(#9061),#9065);
#9061 = LINE('',#9062,#9063);
#9062 = CARTESIAN_POINT('',(0.,0.));
#9063 = VECTOR('',#9064,1.);
#9064 = DIRECTION('',(0.,1.));
#9065 = ( GEOMETRIC_REPRESENTATION_CONTEXT(2) 
PARAMETRIC_REPRESENTATION_CONTEXT() REPRESENTATION_CONTEXT('2D SPACE',''
  ) );
#9066 = ORIENTED_EDGE('',*,*,#9067,.T.);
#9067 = EDGE_CURVE('',#9045,#8930,#9068,.T.);
#9068 = SURFACE_CURVE('',#9069,(#9073,#9080),.PCURVE_S1.);
#9069 = LINE('',#9070,#9071);
#9070 = CARTESIAN_POINT('',(153.2,-118.4,42.1));
#9071 = VECTOR('',#9072,1.);
#9072 = DIRECTION('',(-0.,1.,0.));
#9073 = PCURVE('',#6836,#9074);
#9074 = DEFINITIONAL_REPRESENTATION('',(#9075),#9079);
#9075 = LINE('',#9076,#9077);
#9076 = CARTESIAN_POINT('',(306.4,0.));
#9077 = VECTOR('',#9078,1.);
#9078 = DIRECTION('',(0.,1.));
#9079 = ( GEOMETRIC_REPRESENTATION_CONTEXT(2) 
PARAMETRIC_REPRESENTATION_CONTEXT() REPRESENTATION_CONTEXT('2D SPACE',''
  ) );
#9080 = PCURVE('',#7119,#9081);
#9081 = DEFINITIONAL_REPRESENTATION('',(#9082),#9086);
#9082 = LINE('',#9083,#9084);
#9083 = CARTESIAN_POINT('',(0.,0.));
#9084 = VECTOR('',#9085,1.);
#9085 = DIRECTION('',(0.,-1.));
#9086 = ( GEOMETRIC_REPRESENTATION_CONTEXT(2) 
PARAMETRIC_REPRESENTATION_CONTEXT() REPRESENTATION_CONTEXT('2D SPACE',''
  ) );
#9087 = FACE_BOUND('',#9088,.F.);
#9088 = EDGE_LOOP('',(#9089));
#9089 = ORIENTED_EDGE('',*,*,#9090,.F.);
#9090 = EDGE_CURVE('',#9091,#9091,#9093,.T.);
#9091 = VERTEX_POINT('',#9092);
#9092 = CARTESIAN_POINT('',(-137.,-97.,42.1));
#9093 = SURFACE_CURVE('',#9094,(#9099,#9106),.PCURVE_S1.);
#9094 = CIRCLE('',#9095,4.);
#9095 = AXIS2_PLACEMENT_3D('',#9096,#9097,#9098);
#9096 = CARTESIAN_POINT('',(-141.,-97.,42.1));
#9097 = DIRECTION('',(0.,0.,1.));
#9098 = DIRECTION('',(1.,0.,-0.));
#9099 = PCURVE('',#6836,#9100);
#9100 = DEFINITIONAL_REPRESENTATION('',(#9101),#9105);
#9101 = CIRCLE('',#9102,4.);
#9102 = AXIS2_PLACEMENT_2D('',#9103,#9104);
#9103 = CARTESIAN_POINT('',(12.2,21.4));
#9104 = DIRECTION('',(1.,0.));
#9105 = ( GEOMETRIC_REPRESENTATION_CONTEXT(2) 
PARAMETRIC_REPRESENTATION_CONTEXT() REPRESENTATION_CONTEXT('2D SPACE',''
  ) );
#9106 = PCURVE('',#9107,#9112);
#9107 = CYLINDRICAL_SURFACE('',#9108,4.);
#9108 = AXIS2_PLACEMENT_3D('',#9109,#9110,#9111);
#9109 = CARTESIAN_POINT('',(-141.,-97.,9.2));
#9110 = DIRECTION('',(0.,0.,1.));
#9111 = DIRECTION('',(1.,0.,-0.));
#9112 = DEFINITIONAL_REPRESENTATION('',(#9113),#9117);
#9113 = LINE('',#9114,#9115);
#9114 = CARTESIAN_POINT('',(0.,32.9));
#9115 = VECTOR('',#9116,1.);
#9116 = DIRECTION('',(1.,0.));
#9117 = ( GEOMETRIC_REPRESENTATION_CONTEXT(2) 
PARAMETRIC_REPRESENTATION_CONTEXT() REPRESENTATION_CONTEXT('2D SPACE',''
  ) );
#9118 = FACE_BOUND('',#9119,.F.);
#9119 = EDGE_LOOP('',(#9120));
#9120 = ORIENTED_EDGE('',*,*,#9121,.F.);
#9121 = EDGE_CURVE('',#9122,#9122,#9124,.T.);
#9122 = VERTEX_POINT('',#9123);
#9123 = CARTESIAN_POINT('',(-83.3,-111.5,42.1));
#9124 = SURFACE_CURVE('',#9125,(#9130,#9137),.PCURVE_S1.);
#9125 = CIRCLE('',#9126,1.7);
#9126 = AXIS2_PLACEMENT_3D('',#9127,#9128,#9129);
#9127 = CARTESIAN_POINT('',(-85.,-111.5,42.1));
#9128 = DIRECTION('',(0.,0.,1.));
#9129 = DIRECTION('',(1.,0.,-0.));
#9130 = PCURVE('',#6836,#9131);
#9131 = DEFINITIONAL_REPRESENTATION('',(#9132),#9136);
#9132 = CIRCLE('',#9133,1.7);
#9133 = AXIS2_PLACEMENT_2D('',#9134,#9135);
#9134 = CARTESIAN_POINT('',(68.2,6.9));
#9135 = DIRECTION('',(1.,0.));
#9136 = ( GEOMETRIC_REPRESENTATION_CONTEXT(2) 
PARAMETRIC_REPRESENTATION_CONTEXT() REPRESENTATION_CONTEXT('2D SPACE',''
  ) );
#9137 = PCURVE('',#9138,#9143);
#9138 = CYLINDRICAL_SURFACE('',#9139,1.7);
#9139 = AXIS2_PLACEMENT_3D('',#9140,#9141,#9142);
#9140 = CARTESIAN_POINT('',(-85.,-111.5,41.1));
#9141 = DIRECTION('',(0.,0.,1.));
#9142 = DIRECTION('',(1.,0.,-0.));
#9143 = DEFINITIONAL_REPRESENTATION('',(#9144),#9148);
#9144 = LINE('',#9145,#9146);
#9145 = CARTESIAN_POINT('',(0.,1.));
#9146 = VECTOR('',#9147,1.);
#9147 = DIRECTION('',(1.,0.));
#9148 = ( GEOMETRIC_REPRESENTATION_CONTEXT(2) 
PARAMETRIC_REPRESENTATION_CONTEXT() REPRESENTATION_CONTEXT('2D SPACE',''
  ) );
#9149 = FACE_BOUND('',#9150,.F.);
#9150 = EDGE_LOOP('',(#9151));
#9151 = ORIENTED_EDGE('',*,*,#9152,.F.);
#9152 = EDGE_CURVE('',#9153,#9153,#9155,.T.);
#9153 = VERTEX_POINT('',#9154);
#9154 = CARTESIAN_POINT('',(-43.3,-111.5,42.1));
#9155 = SURFACE_CURVE('',#9156,(#9161,#9168),.PCURVE_S1.);
#9156 = CIRCLE('',#9157,1.7);
#9157 = AXIS2_PLACEMENT_3D('',#9158,#9159,#9160);
#9158 = CARTESIAN_POINT('',(-45.,-111.5,42.1));
#9159 = DIRECTION('',(0.,0.,1.));
#9160 = DIRECTION('',(1.,0.,-0.));
#9161 = PCURVE('',#6836,#9162);
#9162 = DEFINITIONAL_REPRESENTATION('',(#9163),#9167);
#9163 = CIRCLE('',#9164,1.7);
#9164 = AXIS2_PLACEMENT_2D('',#9165,#9166);
#9165 = CARTESIAN_POINT('',(108.2,6.9));
#9166 = DIRECTION('',(1.,0.));
#9167 = ( GEOMETRIC_REPRESENTATION_CONTEXT(2) 
PARAMETRIC_REPRESENTATION_CONTEXT() REPRESENTATION_CONTEXT('2D SPACE',''
  ) );
#9168 = PCURVE('',#9169,#9174);
#9169 = CYLINDRICAL_SURFACE('',#9170,1.7);
#9170 = AXIS2_PLACEMENT_3D('',#9171,#9172,#9173);
#9171 = CARTESIAN_POINT('',(-45.,-111.5,41.1));
#9172 = DIRECTION('',(0.,0.,1.));
#9173 = DIRECTION('',(1.,0.,-0.));
#9174 = DEFINITIONAL_REPRESENTATION('',(#9175),#9179);
#9175 = LINE('',#9176,#9177);
#9176 = CARTESIAN_POINT('',(0.,1.));
#9177 = VECTOR('',#9178,1.);
#9178 = DIRECTION('',(1.,0.));
#9179 = ( GEOMETRIC_REPRESENTATION_CONTEXT(2) 
PARAMETRIC_REPRESENTATION_CONTEXT() REPRESENTATION_CONTEXT('2D SPACE',''
  ) );
#9180 = FACE_BOUND('',#9181,.F.);
#9181 = EDGE_LOOP('',(#9182,#9210,#9236,#9262));
#9182 = ORIENTED_EDGE('',*,*,#9183,.T.);
#9183 = EDGE_CURVE('',#9184,#9186,#9188,.T.);
#9184 = VERTEX_POINT('',#9185);
#9185 = CARTESIAN_POINT('',(-75.,-98.,42.1));
#9186 = VERTEX_POINT('',#9187);
#9187 = CARTESIAN_POINT('',(-75.,-72.,42.1));
#9188 = SURFACE_CURVE('',#9189,(#9193,#9199),.PCURVE_S1.);
#9189 = LINE('',#9190,#9191);
#9190 = CARTESIAN_POINT('',(-75.,-95.2,42.1));
#9191 = VECTOR('',#9192,1.);
#9192 = DIRECTION('',(-2.22044604925E-16,1.,0.));
#9193 = PCURVE('',#6836,#9194);
#9194 = DEFINITIONAL_REPRESENTATION('',(#9195),#9198);
#9195 = B_SPLINE_CURVE_WITH_KNOTS('',1,(#9196,#9197),.UNSPECIFIED.,.F.,
  .F.,(2,2),(-2.8,23.2),.PIECEWISE_BEZIER_KNOTS.);
#9196 = CARTESIAN_POINT('',(78.2,20.4));
#9197 = CARTESIAN_POINT('',(78.2,46.4));
#9198 = ( GEOMETRIC_REPRESENTATION_CONTEXT(2) 
PARAMETRIC_REPRESENTATION_CONTEXT() REPRESENTATION_CONTEXT('2D SPACE',''
  ) );
#9199 = PCURVE('',#9200,#9205);
#9200 = PLANE('',#9201);
#9201 = AXIS2_PLACEMENT_3D('',#9202,#9203,#9204);
#9202 = CARTESIAN_POINT('',(-75.,-72.,38.5));
#9203 = DIRECTION('',(1.,2.22044604925E-16,0.));
#9204 = DIRECTION('',(0.,0.,1.));
#9205 = DEFINITIONAL_REPRESENTATION('',(#9206),#9209);
#9206 = B_SPLINE_CURVE_WITH_KNOTS('',1,(#9207,#9208),.UNSPECIFIED.,.F.,
  .F.,(2,2),(-2.8,23.2),.PIECEWISE_BEZIER_KNOTS.);
#9207 = CARTESIAN_POINT('',(3.6,26.));
#9208 = CARTESIAN_POINT('',(3.6,0.));
#9209 = ( GEOMETRIC_REPRESENTATION_CONTEXT(2) 
PARAMETRIC_REPRESENTATION_CONTEXT() REPRESENTATION_CONTEXT('2D SPACE',''
  ) );
#9210 = ORIENTED_EDGE('',*,*,#9211,.T.);
#9211 = EDGE_CURVE('',#9186,#9212,#9214,.T.);
#9212 = VERTEX_POINT('',#9213);
#9213 = CARTESIAN_POINT('',(-35.,-72.,42.1));
#9214 = SURFACE_CURVE('',#9215,(#9219,#9225),.PCURVE_S1.);
#9215 = LINE('',#9216,#9217);
#9216 = CARTESIAN_POINT('',(-114.1,-72.,42.1));
#9217 = VECTOR('',#9218,1.);
#9218 = DIRECTION('',(1.,2.22044604925E-16,-0.));
#9219 = PCURVE('',#6836,#9220);
#9220 = DEFINITIONAL_REPRESENTATION('',(#9221),#9224);
#9221 = B_SPLINE_CURVE_WITH_KNOTS('',1,(#9222,#9223),.UNSPECIFIED.,.F.,
  .F.,(2,2),(39.1,79.1),.PIECEWISE_BEZIER_KNOTS.);
#9222 = CARTESIAN_POINT('',(78.2,46.4));
#9223 = CARTESIAN_POINT('',(118.2,46.4));
#9224 = ( GEOMETRIC_REPRESENTATION_CONTEXT(2) 
PARAMETRIC_REPRESENTATION_CONTEXT() REPRESENTATION_CONTEXT('2D SPACE',''
  ) );
#9225 = PCURVE('',#9226,#9231);
#9226 = PLANE('',#9227);
#9227 = AXIS2_PLACEMENT_3D('',#9228,#9229,#9230);
#9228 = CARTESIAN_POINT('',(-75.,-72.,38.5));
#9229 = DIRECTION('',(2.22044604925E-16,-1.,0.));
#9230 = DIRECTION('',(0.,0.,1.));
#9231 = DEFINITIONAL_REPRESENTATION('',(#9232),#9235);
#9232 = B_SPLINE_CURVE_WITH_KNOTS('',1,(#9233,#9234),.UNSPECIFIED.,.F.,
  .F.,(2,2),(39.1,79.1),.PIECEWISE_BEZIER_KNOTS.);
#9233 = CARTESIAN_POINT('',(3.6,0.));
#9234 = CARTESIAN_POINT('',(3.6,-40.));
#9235 = ( GEOMETRIC_REPRESENTATION_CONTEXT(2) 
PARAMETRIC_REPRESENTATION_CONTEXT() REPRESENTATION_CONTEXT('2D SPACE',''
  ) );
#9236 = ORIENTED_EDGE('',*,*,#9237,.F.);
#9237 = EDGE_CURVE('',#9238,#9212,#9240,.T.);
#9238 = VERTEX_POINT('',#9239);
#9239 = CARTESIAN_POINT('',(-35.,-98.,42.1));
#9240 = SURFACE_CURVE('',#9241,(#9245,#9251),.PCURVE_S1.);
#9241 = LINE('',#9242,#9243);
#9242 = CARTESIAN_POINT('',(-35.,-95.2,42.1));
#9243 = VECTOR('',#9244,1.);
#9244 = DIRECTION('',(-2.22044604925E-16,1.,0.));
#9245 = PCURVE('',#6836,#9246);
#9246 = DEFINITIONAL_REPRESENTATION('',(#9247),#9250);
#9247 = B_SPLINE_CURVE_WITH_KNOTS('',1,(#9248,#9249),.UNSPECIFIED.,.F.,
  .F.,(2,2),(-2.8,23.2),.PIECEWISE_BEZIER_KNOTS.);
#9248 = CARTESIAN_POINT('',(118.2,20.4));
#9249 = CARTESIAN_POINT('',(118.2,46.4));
#9250 = ( GEOMETRIC_REPRESENTATION_CONTEXT(2) 
PARAMETRIC_REPRESENTATION_CONTEXT() REPRESENTATION_CONTEXT('2D SPACE',''
  ) );
#9251 = PCURVE('',#9252,#9257);
#9252 = PLANE('',#9253);
#9253 = AXIS2_PLACEMENT_3D('',#9254,#9255,#9256);
#9254 = CARTESIAN_POINT('',(-35.,-72.,38.5));
#9255 = DIRECTION('',(1.,2.22044604925E-16,0.));
#9256 = DIRECTION('',(0.,0.,1.));
#9257 = DEFINITIONAL_REPRESENTATION('',(#9258),#9261);
#9258 = B_SPLINE_CURVE_WITH_KNOTS('',1,(#9259,#9260),.UNSPECIFIED.,.F.,
  .F.,(2,2),(-2.8,23.2),.PIECEWISE_BEZIER_KNOTS.);
#9259 = CARTESIAN_POINT('',(3.6,26.));
#9260 = CARTESIAN_POINT('',(3.6,0.));
#9261 = ( GEOMETRIC_REPRESENTATION_CONTEXT(2) 
PARAMETRIC_REPRESENTATION_CONTEXT() REPRESENTATION_CONTEXT('2D SPACE',''
  ) );
#9262 = ORIENTED_EDGE('',*,*,#9263,.F.);
#9263 = EDGE_CURVE('',#9184,#9238,#9264,.T.);
#9264 = SURFACE_CURVE('',#9265,(#9269,#9275),.PCURVE_S1.);
#9265 = LINE('',#9266,#9267);
#9266 = CARTESIAN_POINT('',(-114.1,-98.,42.1));
#9267 = VECTOR('',#9268,1.);
#9268 = DIRECTION('',(1.,2.22044604925E-16,-0.));
#9269 = PCURVE('',#6836,#9270);
#9270 = DEFINITIONAL_REPRESENTATION('',(#9271),#9274);
#9271 = B_SPLINE_CURVE_WITH_KNOTS('',1,(#9272,#9273),.UNSPECIFIED.,.F.,
  .F.,(2,2),(39.1,79.1),.PIECEWISE_BEZIER_KNOTS.);
#9272 = CARTESIAN_POINT('',(78.2,20.4));
#9273 = CARTESIAN_POINT('',(118.2,20.4));
#9274 = ( GEOMETRIC_REPRESENTATION_CONTEXT(2) 
PARAMETRIC_REPRESENTATION_CONTEXT() REPRESENTATION_CONTEXT('2D SPACE',''
  ) );
#9275 = PCURVE('',#9276,#9281);
#9276 = PLANE('',#9277);
#9277 = AXIS2_PLACEMENT_3D('',#9278,#9279,#9280);
#9278 = CARTESIAN_POINT('',(-75.,-98.,38.5));
#9279 = DIRECTION('',(2.22044604925E-16,-1.,0.));
#9280 = DIRECTION('',(0.,0.,1.));
#9281 = DEFINITIONAL_REPRESENTATION('',(#9282),#9285);
#9282 = B_SPLINE_CURVE_WITH_KNOTS('',1,(#9283,#9284),.UNSPECIFIED.,.F.,
  .F.,(2,2),(39.1,79.1),.PIECEWISE_BEZIER_KNOTS.);
#9283 = CARTESIAN_POINT('',(3.6,0.));
#9284 = CARTESIAN_POINT('',(3.6,-40.));
#9285 = ( GEOMETRIC_REPRESENTATION_CONTEXT(2) 
PARAMETRIC_REPRESENTATION_CONTEXT() REPRESENTATION_CONTEXT('2D SPACE',''
  ) );
#9286 = FACE_BOUND('',#9287,.F.);
#9287 = EDGE_LOOP('',(#9288,#9318,#9346,#9374));
#9288 = ORIENTED_EDGE('',*,*,#9289,.T.);
#9289 = EDGE_CURVE('',#9290,#9292,#9294,.T.);
#9290 = VERTEX_POINT('',#9291);
#9291 = CARTESIAN_POINT('',(-15.,-72.,42.1));
#9292 = VERTEX_POINT('',#9293);
#9293 = CARTESIAN_POINT('',(-15.,-68.,42.1));
#9294 = SURFACE_CURVE('',#9295,(#9299,#9306),.PCURVE_S1.);
#9295 = LINE('',#9296,#9297);
#9296 = CARTESIAN_POINT('',(-15.,-72.,42.1));
#9297 = VECTOR('',#9298,1.);
#9298 = DIRECTION('',(-0.,1.,0.));
#9299 = PCURVE('',#6836,#9300);
#9300 = DEFINITIONAL_REPRESENTATION('',(#9301),#9305);
#9301 = LINE('',#9302,#9303);
#9302 = CARTESIAN_POINT('',(138.2,46.4));
#9303 = VECTOR('',#9304,1.);
#9304 = DIRECTION('',(0.,1.));
#9305 = ( GEOMETRIC_REPRESENTATION_CONTEXT(2) 
PARAMETRIC_REPRESENTATION_CONTEXT() REPRESENTATION_CONTEXT('2D SPACE',''
  ) );
#9306 = PCURVE('',#9307,#9312);
#9307 = PLANE('',#9308);
#9308 = AXIS2_PLACEMENT_3D('',#9309,#9310,#9311);
#9309 = CARTESIAN_POINT('',(-15.,-72.,36.1));
#9310 = DIRECTION('',(1.,0.,-0.));
#9311 = DIRECTION('',(0.,0.,1.));
#9312 = DEFINITIONAL_REPRESENTATION('',(#9313),#9317);
#9313 = LINE('',#9314,#9315);
#9314 = CARTESIAN_POINT('',(6.,0.));
#9315 = VECTOR('',#9316,1.);
#9316 = DIRECTION('',(0.,-1.));
#9317 = ( GEOMETRIC_REPRESENTATION_CONTEXT(2) 
PARAMETRIC_REPRESENTATION_CONTEXT() REPRESENTATION_CONTEXT('2D SPACE',''
  ) );
#9318 = ORIENTED_EDGE('',*,*,#9319,.T.);
#9319 = EDGE_CURVE('',#9292,#9320,#9322,.T.);
#9320 = VERTEX_POINT('',#9321);
#9321 = CARTESIAN_POINT('',(-5.,-68.,42.1));
#9322 = SURFACE_CURVE('',#9323,(#9327,#9334),.PCURVE_S1.);
#9323 = LINE('',#9324,#9325);
#9324 = CARTESIAN_POINT('',(-15.,-68.,42.1));
#9325 = VECTOR('',#9326,1.);
#9326 = DIRECTION('',(1.,0.,-0.));
#9327 = PCURVE('',#6836,#9328);
#9328 = DEFINITIONAL_REPRESENTATION('',(#9329),#9333);
#9329 = LINE('',#9330,#9331);
#9330 = CARTESIAN_POINT('',(138.2,50.4));
#9331 = VECTOR('',#9332,1.);
#9332 = DIRECTION('',(1.,0.));
#9333 = ( GEOMETRIC_REPRESENTATION_CONTEXT(2) 
PARAMETRIC_REPRESENTATION_CONTEXT() REPRESENTATION_CONTEXT('2D SPACE',''
  ) );
#9334 = PCURVE('',#9335,#9340);
#9335 = PLANE('',#9336);
#9336 = AXIS2_PLACEMENT_3D('',#9337,#9338,#9339);
#9337 = CARTESIAN_POINT('',(-15.,-68.,36.1));
#9338 = DIRECTION('',(-0.,1.,0.));
#9339 = DIRECTION('',(0.,0.,1.));
#9340 = DEFINITIONAL_REPRESENTATION('',(#9341),#9345);
#9341 = LINE('',#9342,#9343);
#9342 = CARTESIAN_POINT('',(6.,0.));
#9343 = VECTOR('',#9344,1.);
#9344 = DIRECTION('',(0.,1.));
#9345 = ( GEOMETRIC_REPRESENTATION_CONTEXT(2) 
PARAMETRIC_REPRESENTATION_CONTEXT() REPRESENTATION_CONTEXT('2D SPACE',''
  ) );
#9346 = ORIENTED_EDGE('',*,*,#9347,.F.);
#9347 = EDGE_CURVE('',#9348,#9320,#9350,.T.);
#9348 = VERTEX_POINT('',#9349);
#9349 = CARTESIAN_POINT('',(-5.,-72.,42.1));
#9350 = SURFACE_CURVE('',#9351,(#9355,#9362),.PCURVE_S1.);
#9351 = LINE('',#9352,#9353);
#9352 = CARTESIAN_POINT('',(-5.,-72.,42.1));
#9353 = VECTOR('',#9354,1.);
#9354 = DIRECTION('',(-0.,1.,0.));
#9355 = PCURVE('',#6836,#9356);
#9356 = DEFINITIONAL_REPRESENTATION('',(#9357),#9361);
#9357 = LINE('',#9358,#9359);
#9358 = CARTESIAN_POINT('',(148.2,46.4));
#9359 = VECTOR('',#9360,1.);
#9360 = DIRECTION('',(0.,1.));
#9361 = ( GEOMETRIC_REPRESENTATION_CONTEXT(2) 
PARAMETRIC_REPRESENTATION_CONTEXT() REPRESENTATION_CONTEXT('2D SPACE',''
  ) );
#9362 = PCURVE('',#9363,#9368);
#9363 = PLANE('',#9364);
#9364 = AXIS2_PLACEMENT_3D('',#9365,#9366,#9367);
#9365 = CARTESIAN_POINT('',(-5.,-72.,36.1));
#9366 = DIRECTION('',(1.,0.,-0.));
#9367 = DIRECTION('',(0.,0.,1.));
#9368 = DEFINITIONAL_REPRESENTATION('',(#9369),#9373);
#9369 = LINE('',#9370,#9371);
#9370 = CARTESIAN_POINT('',(6.,0.));
#9371 = VECTOR('',#9372,1.);
#9372 = DIRECTION('',(0.,-1.));
#9373 = ( GEOMETRIC_REPRESENTATION_CONTEXT(2) 
PARAMETRIC_REPRESENTATION_CONTEXT() REPRESENTATION_CONTEXT('2D SPACE',''
  ) );
#9374 = ORIENTED_EDGE('',*,*,#9375,.F.);
#9375 = EDGE_CURVE('',#9290,#9348,#9376,.T.);
#9376 = SURFACE_CURVE('',#9377,(#9381,#9388),.PCURVE_S1.);
#9377 = LINE('',#9378,#9379);
#9378 = CARTESIAN_POINT('',(-15.,-72.,42.1));
#9379 = VECTOR('',#9380,1.);
#9380 = DIRECTION('',(1.,0.,-0.));
#9381 = PCURVE('',#6836,#9382);
#9382 = DEFINITIONAL_REPRESENTATION('',(#9383),#9387);
#9383 = LINE('',#9384,#9385);
#9384 = CARTESIAN_POINT('',(138.2,46.4));
#9385 = VECTOR('',#9386,1.);
#9386 = DIRECTION('',(1.,0.));
#9387 = ( GEOMETRIC_REPRESENTATION_CONTEXT(2) 
PARAMETRIC_REPRESENTATION_CONTEXT() REPRESENTATION_CONTEXT('2D SPACE',''
  ) );
#9388 = PCURVE('',#9389,#9394);
#9389 = PLANE('',#9390);
#9390 = AXIS2_PLACEMENT_3D('',#9391,#9392,#9393);
#9391 = CARTESIAN_POINT('',(-15.,-72.,36.1));
#9392 = DIRECTION('',(-0.,1.,0.));
#9393 = DIRECTION('',(0.,0.,1.));
#9394 = DEFINITIONAL_REPRESENTATION('',(#9395),#9399);
#9395 = LINE('',#9396,#9397);
#9396 = CARTESIAN_POINT('',(6.,0.));
#9397 = VECTOR('',#9398,1.);
#9398 = DIRECTION('',(0.,1.));
#9399 = ( GEOMETRIC_REPRESENTATION_CONTEXT(2) 
PARAMETRIC_REPRESENTATION_CONTEXT() REPRESENTATION_CONTEXT('2D SPACE',''
  ) );
#9400 = FACE_BOUND('',#9401,.F.);
#9401 = EDGE_LOOP('',(#9402));
#9402 = ORIENTED_EDGE('',*,*,#9403,.F.);
#9403 = EDGE_CURVE('',#9404,#9404,#9406,.T.);
#9404 = VERTEX_POINT('',#9405);
#9405 = CARTESIAN_POINT('',(46.7,-111.5,42.1));
#9406 = SURFACE_CURVE('',#9407,(#9412,#9419),.PCURVE_S1.);
#9407 = CIRCLE('',#9408,1.7);
#9408 = AXIS2_PLACEMENT_3D('',#9409,#9410,#9411);
#9409 = CARTESIAN_POINT('',(45.,-111.5,42.1));
#9410 = DIRECTION('',(0.,0.,1.));
#9411 = DIRECTION('',(1.,0.,-0.));
#9412 = PCURVE('',#6836,#9413);
#9413 = DEFINITIONAL_REPRESENTATION('',(#9414),#9418);
#9414 = CIRCLE('',#9415,1.7);
#9415 = AXIS2_PLACEMENT_2D('',#9416,#9417);
#9416 = CARTESIAN_POINT('',(198.2,6.9));
#9417 = DIRECTION('',(1.,0.));
#9418 = ( GEOMETRIC_REPRESENTATION_CONTEXT(2) 
PARAMETRIC_REPRESENTATION_CONTEXT() REPRESENTATION_CONTEXT('2D SPACE',''
  ) );
#9419 = PCURVE('',#9420,#9425);
#9420 = CYLINDRICAL_SURFACE('',#9421,1.7);
#9421 = AXIS2_PLACEMENT_3D('',#9422,#9423,#9424);
#9422 = CARTESIAN_POINT('',(45.,-111.5,41.1));
#9423 = DIRECTION('',(0.,0.,1.));
#9424 = DIRECTION('',(1.,0.,-0.));
#9425 = DEFINITIONAL_REPRESENTATION('',(#9426),#9430);
#9426 = LINE('',#9427,#9428);
#9427 = CARTESIAN_POINT('',(0.,1.));
#9428 = VECTOR('',#9429,1.);
#9429 = DIRECTION('',(1.,0.));
#9430 = ( GEOMETRIC_REPRESENTATION_CONTEXT(2) 
PARAMETRIC_REPRESENTATION_CONTEXT() REPRESENTATION_CONTEXT('2D SPACE',''
  ) );
#9431 = FACE_BOUND('',#9432,.F.);
#9432 = EDGE_LOOP('',(#9433,#9463,#9491,#9519));
#9433 = ORIENTED_EDGE('',*,*,#9434,.T.);
#9434 = EDGE_CURVE('',#9435,#9437,#9439,.T.);
#9435 = VERTEX_POINT('',#9436);
#9436 = CARTESIAN_POINT('',(30.,-72.,42.1));
#9437 = VERTEX_POINT('',#9438);
#9438 = CARTESIAN_POINT('',(30.,-68.,42.1));
#9439 = SURFACE_CURVE('',#9440,(#9444,#9451),.PCURVE_S1.);
#9440 = LINE('',#9441,#9442);
#9441 = CARTESIAN_POINT('',(30.,-72.,42.1));
#9442 = VECTOR('',#9443,1.);
#9443 = DIRECTION('',(-0.,1.,0.));
#9444 = PCURVE('',#6836,#9445);
#9445 = DEFINITIONAL_REPRESENTATION('',(#9446),#9450);
#9446 = LINE('',#9447,#9448);
#9447 = CARTESIAN_POINT('',(183.2,46.4));
#9448 = VECTOR('',#9449,1.);
#9449 = DIRECTION('',(0.,1.));
#9450 = ( GEOMETRIC_REPRESENTATION_CONTEXT(2) 
PARAMETRIC_REPRESENTATION_CONTEXT() REPRESENTATION_CONTEXT('2D SPACE',''
  ) );
#9451 = PCURVE('',#9452,#9457);
#9452 = PLANE('',#9453);
#9453 = AXIS2_PLACEMENT_3D('',#9454,#9455,#9456);
#9454 = CARTESIAN_POINT('',(30.,-72.,36.1));
#9455 = DIRECTION('',(1.,0.,-0.));
#9456 = DIRECTION('',(0.,0.,1.));
#9457 = DEFINITIONAL_REPRESENTATION('',(#9458),#9462);
#9458 = LINE('',#9459,#9460);
#9459 = CARTESIAN_POINT('',(6.,0.));
#9460 = VECTOR('',#9461,1.);
#9461 = DIRECTION('',(0.,-1.));
#9462 = ( GEOMETRIC_REPRESENTATION_CONTEXT(2) 
PARAMETRIC_REPRESENTATION_CONTEXT() REPRESENTATION_CONTEXT('2D SPACE',''
  ) );
#9463 = ORIENTED_EDGE('',*,*,#9464,.T.);
#9464 = EDGE_CURVE('',#9437,#9465,#9467,.T.);
#9465 = VERTEX_POINT('',#9466);
#9466 = CARTESIAN_POINT('',(40.,-68.,42.1));
#9467 = SURFACE_CURVE('',#9468,(#9472,#9479),.PCURVE_S1.);
#9468 = LINE('',#9469,#9470);
#9469 = CARTESIAN_POINT('',(30.,-68.,42.1));
#9470 = VECTOR('',#9471,1.);
#9471 = DIRECTION('',(1.,0.,-0.));
#9472 = PCURVE('',#6836,#9473);
#9473 = DEFINITIONAL_REPRESENTATION('',(#9474),#9478);
#9474 = LINE('',#9475,#9476);
#9475 = CARTESIAN_POINT('',(183.2,50.4));
#9476 = VECTOR('',#9477,1.);
#9477 = DIRECTION('',(1.,0.));
#9478 = ( GEOMETRIC_REPRESENTATION_CONTEXT(2) 
PARAMETRIC_REPRESENTATION_CONTEXT() REPRESENTATION_CONTEXT('2D SPACE',''
  ) );
#9479 = PCURVE('',#9480,#9485);
#9480 = PLANE('',#9481);
#9481 = AXIS2_PLACEMENT_3D('',#9482,#9483,#9484);
#9482 = CARTESIAN_POINT('',(30.,-68.,36.1));
#9483 = DIRECTION('',(-0.,1.,0.));
#9484 = DIRECTION('',(0.,0.,1.));
#9485 = DEFINITIONAL_REPRESENTATION('',(#9486),#9490);
#9486 = LINE('',#9487,#9488);
#9487 = CARTESIAN_POINT('',(6.,0.));
#9488 = VECTOR('',#9489,1.);
#9489 = DIRECTION('',(0.,1.));
#9490 = ( GEOMETRIC_REPRESENTATION_CONTEXT(2) 
PARAMETRIC_REPRESENTATION_CONTEXT() REPRESENTATION_CONTEXT('2D SPACE',''
  ) );
#9491 = ORIENTED_EDGE('',*,*,#9492,.F.);
#9492 = EDGE_CURVE('',#9493,#9465,#9495,.T.);
#9493 = VERTEX_POINT('',#9494);
#9494 = CARTESIAN_POINT('',(40.,-72.,42.1));
#9495 = SURFACE_CURVE('',#9496,(#9500,#9507),.PCURVE_S1.);
#9496 = LINE('',#9497,#9498);
#9497 = CARTESIAN_POINT('',(40.,-72.,42.1));
#9498 = VECTOR('',#9499,1.);
#9499 = DIRECTION('',(-0.,1.,0.));
#9500 = PCURVE('',#6836,#9501);
#9501 = DEFINITIONAL_REPRESENTATION('',(#9502),#9506);
#9502 = LINE('',#9503,#9504);
#9503 = CARTESIAN_POINT('',(193.2,46.4));
#9504 = VECTOR('',#9505,1.);
#9505 = DIRECTION('',(0.,1.));
#9506 = ( GEOMETRIC_REPRESENTATION_CONTEXT(2) 
PARAMETRIC_REPRESENTATION_CONTEXT() REPRESENTATION_CONTEXT('2D SPACE',''
  ) );
#9507 = PCURVE('',#9508,#9513);
#9508 = PLANE('',#9509);
#9509 = AXIS2_PLACEMENT_3D('',#9510,#9511,#9512);
#9510 = CARTESIAN_POINT('',(40.,-72.,36.1));
#9511 = DIRECTION('',(1.,0.,-0.));
#9512 = DIRECTION('',(0.,0.,1.));
#9513 = DEFINITIONAL_REPRESENTATION('',(#9514),#9518);
#9514 = LINE('',#9515,#9516);
#9515 = CARTESIAN_POINT('',(6.,0.));
#9516 = VECTOR('',#9517,1.);
#9517 = DIRECTION('',(0.,-1.));
#9518 = ( GEOMETRIC_REPRESENTATION_CONTEXT(2) 
PARAMETRIC_REPRESENTATION_CONTEXT() REPRESENTATION_CONTEXT('2D SPACE',''
  ) );
#9519 = ORIENTED_EDGE('',*,*,#9520,.F.);
#9520 = EDGE_CURVE('',#9435,#9493,#9521,.T.);
#9521 = SURFACE_CURVE('',#9522,(#9526,#9533),.PCURVE_S1.);
#9522 = LINE('',#9523,#9524);
#9523 = CARTESIAN_POINT('',(30.,-72.,42.1));
#9524 = VECTOR('',#9525,1.);
#9525 = DIRECTION('',(1.,0.,-0.));
#9526 = PCURVE('',#6836,#9527);
#9527 = DEFINITIONAL_REPRESENTATION('',(#9528),#9532);
#9528 = LINE('',#9529,#9530);
#9529 = CARTESIAN_POINT('',(183.2,46.4));
#9530 = VECTOR('',#9531,1.);
#9531 = DIRECTION('',(1.,0.));
#9532 = ( GEOMETRIC_REPRESENTATION_CONTEXT(2) 
PARAMETRIC_REPRESENTATION_CONTEXT() REPRESENTATION_CONTEXT('2D SPACE',''
  ) );
#9533 = PCURVE('',#9534,#9539);
#9534 = PLANE('',#9535);
#9535 = AXIS2_PLACEMENT_3D('',#9536,#9537,#9538);
#9536 = CARTESIAN_POINT('',(30.,-72.,36.1));
#9537 = DIRECTION('',(-0.,1.,0.));
#9538 = DIRECTION('',(0.,0.,1.));
#9539 = DEFINITIONAL_REPRESENTATION('',(#9540),#9544);
#9540 = LINE('',#9541,#9542);
#9541 = CARTESIAN_POINT('',(6.,0.));
#9542 = VECTOR('',#9543,1.);
#9543 = DIRECTION('',(0.,1.));
#9544 = ( GEOMETRIC_REPRESENTATION_CONTEXT(2) 
PARAMETRIC_REPRESENTATION_CONTEXT() REPRESENTATION_CONTEXT('2D SPACE',''
  ) );
#9545 = FACE_BOUND('',#9546,.F.);
#9546 = EDGE_LOOP('',(#9547));
#9547 = ORIENTED_EDGE('',*,*,#9548,.F.);
#9548 = EDGE_CURVE('',#9549,#9549,#9551,.T.);
#9549 = VERTEX_POINT('',#9550);
#9550 = CARTESIAN_POINT('',(86.7,-111.5,42.1));
#9551 = SURFACE_CURVE('',#9552,(#9557,#9564),.PCURVE_S1.);
#9552 = CIRCLE('',#9553,1.7);
#9553 = AXIS2_PLACEMENT_3D('',#9554,#9555,#9556);
#9554 = CARTESIAN_POINT('',(85.,-111.5,42.1));
#9555 = DIRECTION('',(0.,0.,1.));
#9556 = DIRECTION('',(1.,0.,-0.));
#9557 = PCURVE('',#6836,#9558);
#9558 = DEFINITIONAL_REPRESENTATION('',(#9559),#9563);
#9559 = CIRCLE('',#9560,1.7);
#9560 = AXIS2_PLACEMENT_2D('',#9561,#9562);
#9561 = CARTESIAN_POINT('',(238.2,6.9));
#9562 = DIRECTION('',(1.,0.));
#9563 = ( GEOMETRIC_REPRESENTATION_CONTEXT(2) 
PARAMETRIC_REPRESENTATION_CONTEXT() REPRESENTATION_CONTEXT('2D SPACE',''
  ) );
#9564 = PCURVE('',#9565,#9570);
#9565 = CYLINDRICAL_SURFACE('',#9566,1.7);
#9566 = AXIS2_PLACEMENT_3D('',#9567,#9568,#9569);
#9567 = CARTESIAN_POINT('',(85.,-111.5,41.1));
#9568 = DIRECTION('',(0.,0.,1.));
#9569 = DIRECTION('',(1.,0.,-0.));
#9570 = DEFINITIONAL_REPRESENTATION('',(#9571),#9575);
#9571 = LINE('',#9572,#9573);
#9572 = CARTESIAN_POINT('',(0.,1.));
#9573 = VECTOR('',#9574,1.);
#9574 = DIRECTION('',(1.,0.));
#9575 = ( GEOMETRIC_REPRESENTATION_CONTEXT(2) 
PARAMETRIC_REPRESENTATION_CONTEXT() REPRESENTATION_CONTEXT('2D SPACE',''
  ) );
#9576 = FACE_BOUND('',#9577,.F.);
#9577 = EDGE_LOOP('',(#9578));
#9578 = ORIENTED_EDGE('',*,*,#9579,.F.);
#9579 = EDGE_CURVE('',#9580,#9580,#9582,.T.);
#9580 = VERTEX_POINT('',#9581);
#9581 = CARTESIAN_POINT('',(145.,-97.,42.1));
#9582 = SURFACE_CURVE('',#9583,(#9588,#9595),.PCURVE_S1.);
#9583 = CIRCLE('',#9584,4.);
#9584 = AXIS2_PLACEMENT_3D('',#9585,#9586,#9587);
#9585 = CARTESIAN_POINT('',(141.,-97.,42.1));
#9586 = DIRECTION('',(0.,0.,1.));
#9587 = DIRECTION('',(1.,0.,-0.));
#9588 = PCURVE('',#6836,#9589);
#9589 = DEFINITIONAL_REPRESENTATION('',(#9590),#9594);
#9590 = CIRCLE('',#9591,4.);
#9591 = AXIS2_PLACEMENT_2D('',#9592,#9593);
#9592 = CARTESIAN_POINT('',(294.2,21.4));
#9593 = DIRECTION('',(1.,0.));
#9594 = ( GEOMETRIC_REPRESENTATION_CONTEXT(2) 
PARAMETRIC_REPRESENTATION_CONTEXT() REPRESENTATION_CONTEXT('2D SPACE',''
  ) );
#9595 = PCURVE('',#9596,#9601);
#9596 = CYLINDRICAL_SURFACE('',#9597,4.);
#9597 = AXIS2_PLACEMENT_3D('',#9598,#9599,#9600);
#9598 = CARTESIAN_POINT('',(141.,-97.,9.2));
#9599 = DIRECTION('',(0.,0.,1.));
#9600 = DIRECTION('',(1.,0.,-0.));
#9601 = DEFINITIONAL_REPRESENTATION('',(#9602),#9606);
#9602 = LINE('',#9603,#9604);
#9603 = CARTESIAN_POINT('',(0.,32.9));
#9604 = VECTOR('',#9605,1.);
#9605 = DIRECTION('',(1.,0.));
#9606 = ( GEOMETRIC_REPRESENTATION_CONTEXT(2) 
PARAMETRIC_REPRESENTATION_CONTEXT() REPRESENTATION_CONTEXT('2D SPACE',''
  ) );
#9607 = FACE_BOUND('',#9608,.F.);
#9608 = EDGE_LOOP('',(#9609,#9632,#9653,#9674));
#9609 = ORIENTED_EDGE('',*,*,#9610,.T.);
#9610 = EDGE_CURVE('',#9611,#9613,#9615,.T.);
#9611 = VERTEX_POINT('',#9612);
#9612 = CARTESIAN_POINT('',(58.,-10.,42.1));
#9613 = VERTEX_POINT('',#9614);
#9614 = CARTESIAN_POINT('',(14.,-10.,42.1));
#9615 = SURFACE_CURVE('',#9616,(#9620,#9626),.PCURVE_S1.);
#9616 = LINE('',#9617,#9618);
#9617 = CARTESIAN_POINT('',(-69.6,-10.,42.1));
#9618 = VECTOR('',#9619,1.);
#9619 = DIRECTION('',(-1.,-0.,0.));
#9620 = PCURVE('',#6836,#9621);
#9621 = DEFINITIONAL_REPRESENTATION('',(#9622),#9625);
#9622 = B_SPLINE_CURVE_WITH_KNOTS('',1,(#9623,#9624),.UNSPECIFIED.,.F.,
  .F.,(2,2),(-127.6,-83.6),.PIECEWISE_BEZIER_KNOTS.);
#9623 = CARTESIAN_POINT('',(211.2,108.4));
#9624 = CARTESIAN_POINT('',(167.2,108.4));
#9625 = ( GEOMETRIC_REPRESENTATION_CONTEXT(2) 
PARAMETRIC_REPRESENTATION_CONTEXT() REPRESENTATION_CONTEXT('2D SPACE',''
  ) );
#9626 = PCURVE('',#7388,#9627);
#9627 = DEFINITIONAL_REPRESENTATION('',(#9628),#9631);
#9628 = B_SPLINE_CURVE_WITH_KNOTS('',1,(#9629,#9630),.UNSPECIFIED.,.F.,
  .F.,(2,2),(-127.6,-83.6),.PIECEWISE_BEZIER_KNOTS.);
#9629 = CARTESIAN_POINT('',(1.,44.));
#9630 = CARTESIAN_POINT('',(1.,0.));
#9631 = ( GEOMETRIC_REPRESENTATION_CONTEXT(2) 
PARAMETRIC_REPRESENTATION_CONTEXT() REPRESENTATION_CONTEXT('2D SPACE',''
  ) );
#9632 = ORIENTED_EDGE('',*,*,#9633,.T.);
#9633 = EDGE_CURVE('',#9613,#9634,#9636,.T.);
#9634 = VERTEX_POINT('',#9635);
#9635 = CARTESIAN_POINT('',(14.,-6.,42.1));
#9636 = SURFACE_CURVE('',#9637,(#9641,#9647),.PCURVE_S1.);
#9637 = LINE('',#9638,#9639);
#9638 = CARTESIAN_POINT('',(14.,-64.2,42.1));
#9639 = VECTOR('',#9640,1.);
#9640 = DIRECTION('',(-0.,1.,0.));
#9641 = PCURVE('',#6836,#9642);
#9642 = DEFINITIONAL_REPRESENTATION('',(#9643),#9646);
#9643 = B_SPLINE_CURVE_WITH_KNOTS('',1,(#9644,#9645),.UNSPECIFIED.,.F.,
  .F.,(2,2),(54.2,58.2),.PIECEWISE_BEZIER_KNOTS.);
#9644 = CARTESIAN_POINT('',(167.2,108.4));
#9645 = CARTESIAN_POINT('',(167.2,112.4));
#9646 = ( GEOMETRIC_REPRESENTATION_CONTEXT(2) 
PARAMETRIC_REPRESENTATION_CONTEXT() REPRESENTATION_CONTEXT('2D SPACE',''
  ) );
#9647 = PCURVE('',#7414,#9648);
#9648 = DEFINITIONAL_REPRESENTATION('',(#9649),#9652);
#9649 = B_SPLINE_CURVE_WITH_KNOTS('',1,(#9650,#9651),.UNSPECIFIED.,.F.,
  .F.,(2,2),(54.2,58.2),.PIECEWISE_BEZIER_KNOTS.);
#9650 = CARTESIAN_POINT('',(1.,0.));
#9651 = CARTESIAN_POINT('',(1.,-4.));
#9652 = ( GEOMETRIC_REPRESENTATION_CONTEXT(2) 
PARAMETRIC_REPRESENTATION_CONTEXT() REPRESENTATION_CONTEXT('2D SPACE',''
  ) );
#9653 = ORIENTED_EDGE('',*,*,#9654,.F.);
#9654 = EDGE_CURVE('',#9655,#9634,#9657,.T.);
#9655 = VERTEX_POINT('',#9656);
#9656 = CARTESIAN_POINT('',(58.,-6.,42.1));
#9657 = SURFACE_CURVE('',#9658,(#9662,#9668),.PCURVE_S1.);
#9658 = LINE('',#9659,#9660);
#9659 = CARTESIAN_POINT('',(-69.6,-6.,42.1));
#9660 = VECTOR('',#9661,1.);
#9661 = DIRECTION('',(-1.,-0.,0.));
#9662 = PCURVE('',#6836,#9663);
#9663 = DEFINITIONAL_REPRESENTATION('',(#9664),#9667);
#9664 = B_SPLINE_CURVE_WITH_KNOTS('',1,(#9665,#9666),.UNSPECIFIED.,.F.,
  .F.,(2,2),(-127.6,-83.6),.PIECEWISE_BEZIER_KNOTS.);
#9665 = CARTESIAN_POINT('',(211.2,112.4));
#9666 = CARTESIAN_POINT('',(167.2,112.4));
#9667 = ( GEOMETRIC_REPRESENTATION_CONTEXT(2) 
PARAMETRIC_REPRESENTATION_CONTEXT() REPRESENTATION_CONTEXT('2D SPACE',''
  ) );
#9668 = PCURVE('',#7440,#9669);
#9669 = DEFINITIONAL_REPRESENTATION('',(#9670),#9673);
#9670 = B_SPLINE_CURVE_WITH_KNOTS('',1,(#9671,#9672),.UNSPECIFIED.,.F.,
  .F.,(2,2),(-127.6,-83.6),.PIECEWISE_BEZIER_KNOTS.);
#9671 = CARTESIAN_POINT('',(1.,44.));
#9672 = CARTESIAN_POINT('',(1.,0.));
#9673 = ( GEOMETRIC_REPRESENTATION_CONTEXT(2) 
PARAMETRIC_REPRESENTATION_CONTEXT() REPRESENTATION_CONTEXT('2D SPACE',''
  ) );
#9674 = ORIENTED_EDGE('',*,*,#9675,.F.);
#9675 = EDGE_CURVE('',#9611,#9655,#9676,.T.);
#9676 = SURFACE_CURVE('',#9677,(#9681,#9687),.PCURVE_S1.);
#9677 = LINE('',#9678,#9679);
#9678 = CARTESIAN_POINT('',(58.,-64.2,42.1));
#9679 = VECTOR('',#9680,1.);
#9680 = DIRECTION('',(-0.,1.,0.));
#9681 = PCURVE('',#6836,#9682);
#9682 = DEFINITIONAL_REPRESENTATION('',(#9683),#9686);
#9683 = B_SPLINE_CURVE_WITH_KNOTS('',1,(#9684,#9685),.UNSPECIFIED.,.F.,
  .F.,(2,2),(54.2,58.2),.PIECEWISE_BEZIER_KNOTS.);
#9684 = CARTESIAN_POINT('',(211.2,108.4));
#9685 = CARTESIAN_POINT('',(211.2,112.4));
#9686 = ( GEOMETRIC_REPRESENTATION_CONTEXT(2) 
PARAMETRIC_REPRESENTATION_CONTEXT() REPRESENTATION_CONTEXT('2D SPACE',''
  ) );
#9687 = PCURVE('',#7464,#9688);
#9688 = DEFINITIONAL_REPRESENTATION('',(#9689),#9692);
#9689 = B_SPLINE_CURVE_WITH_KNOTS('',1,(#9690,#9691),.UNSPECIFIED.,.F.,
  .F.,(2,2),(54.2,58.2),.PIECEWISE_BEZIER_KNOTS.);
#9690 = CARTESIAN_POINT('',(1.,0.));
#9691 = CARTESIAN_POINT('',(1.,-4.));
#9692 = ( GEOMETRIC_REPRESENTATION_CONTEXT(2) 
PARAMETRIC_REPRESENTATION_CONTEXT() REPRESENTATION_CONTEXT('2D SPACE',''
  ) );
#9693 = FACE_BOUND('',#9694,.F.);
#9694 = EDGE_LOOP('',(#9695,#9725,#9753,#9781));
#9695 = ORIENTED_EDGE('',*,*,#9696,.T.);
#9696 = EDGE_CURVE('',#9697,#9699,#9701,.T.);
#9697 = VERTEX_POINT('',#9698);
#9698 = CARTESIAN_POINT('',(70.,-22.,42.1));
#9699 = VERTEX_POINT('',#9700);
#9700 = CARTESIAN_POINT('',(70.,-18.,42.1));
#9701 = SURFACE_CURVE('',#9702,(#9706,#9713),.PCURVE_S1.);
#9702 = LINE('',#9703,#9704);
#9703 = CARTESIAN_POINT('',(70.,-22.,42.1));
#9704 = VECTOR('',#9705,1.);
#9705 = DIRECTION('',(-0.,1.,0.));
#9706 = PCURVE('',#6836,#9707);
#9707 = DEFINITIONAL_REPRESENTATION('',(#9708),#9712);
#9708 = LINE('',#9709,#9710);
#9709 = CARTESIAN_POINT('',(223.2,96.4));
#9710 = VECTOR('',#9711,1.);
#9711 = DIRECTION('',(0.,1.));
#9712 = ( GEOMETRIC_REPRESENTATION_CONTEXT(2) 
PARAMETRIC_REPRESENTATION_CONTEXT() REPRESENTATION_CONTEXT('2D SPACE',''
  ) );
#9713 = PCURVE('',#9714,#9719);
#9714 = PLANE('',#9715);
#9715 = AXIS2_PLACEMENT_3D('',#9716,#9717,#9718);
#9716 = CARTESIAN_POINT('',(70.,-22.,36.1));
#9717 = DIRECTION('',(1.,0.,-0.));
#9718 = DIRECTION('',(0.,0.,1.));
#9719 = DEFINITIONAL_REPRESENTATION('',(#9720),#9724);
#9720 = LINE('',#9721,#9722);
#9721 = CARTESIAN_POINT('',(6.,0.));
#9722 = VECTOR('',#9723,1.);
#9723 = DIRECTION('',(0.,-1.));
#9724 = ( GEOMETRIC_REPRESENTATION_CONTEXT(2) 
PARAMETRIC_REPRESENTATION_CONTEXT() REPRESENTATION_CONTEXT('2D SPACE',''
  ) );
#9725 = ORIENTED_EDGE('',*,*,#9726,.T.);
#9726 = EDGE_CURVE('',#9699,#9727,#9729,.T.);
#9727 = VERTEX_POINT('',#9728);
#9728 = CARTESIAN_POINT('',(80.,-18.,42.1));
#9729 = SURFACE_CURVE('',#9730,(#9734,#9741),.PCURVE_S1.);
#9730 = LINE('',#9731,#9732);
#9731 = CARTESIAN_POINT('',(70.,-18.,42.1));
#9732 = VECTOR('',#9733,1.);
#9733 = DIRECTION('',(1.,0.,-0.));
#9734 = PCURVE('',#6836,#9735);
#9735 = DEFINITIONAL_REPRESENTATION('',(#9736),#9740);
#9736 = LINE('',#9737,#9738);
#9737 = CARTESIAN_POINT('',(223.2,100.4));
#9738 = VECTOR('',#9739,1.);
#9739 = DIRECTION('',(1.,0.));
#9740 = ( GEOMETRIC_REPRESENTATION_CONTEXT(2) 
PARAMETRIC_REPRESENTATION_CONTEXT() REPRESENTATION_CONTEXT('2D SPACE',''
  ) );
#9741 = PCURVE('',#9742,#9747);
#9742 = PLANE('',#9743);
#9743 = AXIS2_PLACEMENT_3D('',#9744,#9745,#9746);
#9744 = CARTESIAN_POINT('',(70.,-18.,36.1));
#9745 = DIRECTION('',(-0.,1.,0.));
#9746 = DIRECTION('',(0.,0.,1.));
#9747 = DEFINITIONAL_REPRESENTATION('',(#9748),#9752);
#9748 = LINE('',#9749,#9750);
#9749 = CARTESIAN_POINT('',(6.,0.));
#9750 = VECTOR('',#9751,1.);
#9751 = DIRECTION('',(0.,1.));
#9752 = ( GEOMETRIC_REPRESENTATION_CONTEXT(2) 
PARAMETRIC_REPRESENTATION_CONTEXT() REPRESENTATION_CONTEXT('2D SPACE',''
  ) );
#9753 = ORIENTED_EDGE('',*,*,#9754,.F.);
#9754 = EDGE_CURVE('',#9755,#9727,#9757,.T.);
#9755 = VERTEX_POINT('',#9756);
#9756 = CARTESIAN_POINT('',(80.,-22.,42.1));
#9757 = SURFACE_CURVE('',#9758,(#9762,#9769),.PCURVE_S1.);
#9758 = LINE('',#9759,#9760);
#9759 = CARTESIAN_POINT('',(80.,-22.,42.1));
#9760 = VECTOR('',#9761,1.);
#9761 = DIRECTION('',(-0.,1.,0.));
#9762 = PCURVE('',#6836,#9763);
#9763 = DEFINITIONAL_REPRESENTATION('',(#9764),#9768);
#9764 = LINE('',#9765,#9766);
#9765 = CARTESIAN_POINT('',(233.2,96.4));
#9766 = VECTOR('',#9767,1.);
#9767 = DIRECTION('',(0.,1.));
#9768 = ( GEOMETRIC_REPRESENTATION_CONTEXT(2) 
PARAMETRIC_REPRESENTATION_CONTEXT() REPRESENTATION_CONTEXT('2D SPACE',''
  ) );
#9769 = PCURVE('',#9770,#9775);
#9770 = PLANE('',#9771);
#9771 = AXIS2_PLACEMENT_3D('',#9772,#9773,#9774);
#9772 = CARTESIAN_POINT('',(80.,-22.,36.1));
#9773 = DIRECTION('',(1.,0.,-0.));
#9774 = DIRECTION('',(0.,0.,1.));
#9775 = DEFINITIONAL_REPRESENTATION('',(#9776),#9780);
#9776 = LINE('',#9777,#9778);
#9777 = CARTESIAN_POINT('',(6.,0.));
#9778 = VECTOR('',#9779,1.);
#9779 = DIRECTION('',(0.,-1.));
#9780 = ( GEOMETRIC_REPRESENTATION_CONTEXT(2) 
PARAMETRIC_REPRESENTATION_CONTEXT() REPRESENTATION_CONTEXT('2D SPACE',''
  ) );
#9781 = ORIENTED_EDGE('',*,*,#9782,.F.);
#9782 = EDGE_CURVE('',#9697,#9755,#9783,.T.);
#9783 = SURFACE_CURVE('',#9784,(#9788,#9795),.PCURVE_S1.);
#9784 = LINE('',#9785,#9786);
#9785 = CARTESIAN_POINT('',(70.,-22.,42.1));
#9786 = VECTOR('',#9787,1.);
#9787 = DIRECTION('',(1.,0.,-0.));
#9788 = PCURVE('',#6836,#9789);
#9789 = DEFINITIONAL_REPRESENTATION('',(#9790),#9794);
#9790 = LINE('',#9791,#9792);
#9791 = CARTESIAN_POINT('',(223.2,96.4));
#9792 = VECTOR('',#9793,1.);
#9793 = DIRECTION('',(1.,0.));
#9794 = ( GEOMETRIC_REPRESENTATION_CONTEXT(2) 
PARAMETRIC_REPRESENTATION_CONTEXT() REPRESENTATION_CONTEXT('2D SPACE',''
  ) );
#9795 = PCURVE('',#9796,#9801);
#9796 = PLANE('',#9797);
#9797 = AXIS2_PLACEMENT_3D('',#9798,#9799,#9800);
#9798 = CARTESIAN_POINT('',(70.,-22.,36.1));
#9799 = DIRECTION('',(-0.,1.,0.));
#9800 = DIRECTION('',(0.,0.,1.));
#9801 = DEFINITIONAL_REPRESENTATION('',(#9802),#9806);
#9802 = LINE('',#9803,#9804);
#9803 = CARTESIAN_POINT('',(6.,0.));
#9804 = VECTOR('',#9805,1.);
#9805 = DIRECTION('',(0.,1.));
#9806 = ( GEOMETRIC_REPRESENTATION_CONTEXT(2) 
PARAMETRIC_REPRESENTATION_CONTEXT() REPRESENTATION_CONTEXT('2D SPACE',''
  ) );
#9807 = FACE_BOUND('',#9808,.F.);
#9808 = EDGE_LOOP('',(#9809));
#9809 = ORIENTED_EDGE('',*,*,#9810,.F.);
#9810 = EDGE_CURVE('',#9811,#9811,#9813,.T.);
#9811 = VERTEX_POINT('',#9812);
#9812 = CARTESIAN_POINT('',(-147.7,-4.163799117101E-16,42.1));
#9813 = SURFACE_CURVE('',#9814,(#9819,#9826),.PCURVE_S1.);
#9814 = CIRCLE('',#9815,1.7);
#9815 = AXIS2_PLACEMENT_3D('',#9816,#9817,#9818);
#9816 = CARTESIAN_POINT('',(-149.4,0.,42.1));
#9817 = DIRECTION('',(0.,0.,1.));
#9818 = DIRECTION('',(1.,0.,-0.));
#9819 = PCURVE('',#6836,#9820);
#9820 = DEFINITIONAL_REPRESENTATION('',(#9821),#9825);
#9821 = CIRCLE('',#9822,1.7);
#9822 = AXIS2_PLACEMENT_2D('',#9823,#9824);
#9823 = CARTESIAN_POINT('',(3.8,118.4));
#9824 = DIRECTION('',(1.,0.));
#9825 = ( GEOMETRIC_REPRESENTATION_CONTEXT(2) 
PARAMETRIC_REPRESENTATION_CONTEXT() REPRESENTATION_CONTEXT('2D SPACE',''
  ) );
#9826 = PCURVE('',#9827,#9832);
#9827 = CYLINDRICAL_SURFACE('',#9828,1.7);
#9828 = AXIS2_PLACEMENT_3D('',#9829,#9830,#9831);
#9829 = CARTESIAN_POINT('',(-149.4,0.,41.1));
#9830 = DIRECTION('',(0.,0.,1.));
#9831 = DIRECTION('',(1.,0.,-0.));
#9832 = DEFINITIONAL_REPRESENTATION('',(#9833),#9837);
#9833 = LINE('',#9834,#9835);
#9834 = CARTESIAN_POINT('',(0.,1.));
#9835 = VECTOR('',#9836,1.);
#9836 = DIRECTION('',(1.,0.));
#9837 = ( GEOMETRIC_REPRESENTATION_CONTEXT(2) 
PARAMETRIC_REPRESENTATION_CONTEXT() REPRESENTATION_CONTEXT('2D SPACE',''
  ) );
#9838 = FACE_BOUND('',#9839,.F.);
#9839 = EDGE_LOOP('',(#9840));
#9840 = ORIENTED_EDGE('',*,*,#9841,.F.);
#9841 = EDGE_CURVE('',#9842,#9842,#9844,.T.);
#9842 = VERTEX_POINT('',#9843);
#9843 = CARTESIAN_POINT('',(-134.,-9.797174393179E-16,42.1));
#9844 = SURFACE_CURVE('',#9845,(#9850,#9857),.PCURVE_S1.);
#9845 = CIRCLE('',#9846,4.);
#9846 = AXIS2_PLACEMENT_3D('',#9847,#9848,#9849);
#9847 = CARTESIAN_POINT('',(-138.,0.,42.1));
#9848 = DIRECTION('',(0.,0.,1.));
#9849 = DIRECTION('',(1.,0.,-0.));
#9850 = PCURVE('',#6836,#9851);
#9851 = DEFINITIONAL_REPRESENTATION('',(#9852),#9856);
#9852 = CIRCLE('',#9853,4.);
#9853 = AXIS2_PLACEMENT_2D('',#9854,#9855);
#9854 = CARTESIAN_POINT('',(15.2,118.4));
#9855 = DIRECTION('',(1.,0.));
#9856 = ( GEOMETRIC_REPRESENTATION_CONTEXT(2) 
PARAMETRIC_REPRESENTATION_CONTEXT() REPRESENTATION_CONTEXT('2D SPACE',''
  ) );
#9857 = PCURVE('',#9858,#9863);
#9858 = CYLINDRICAL_SURFACE('',#9859,4.);
#9859 = AXIS2_PLACEMENT_3D('',#9860,#9861,#9862);
#9860 = CARTESIAN_POINT('',(-138.,0.,9.2));
#9861 = DIRECTION('',(0.,0.,1.));
#9862 = DIRECTION('',(1.,0.,-0.));
#9863 = DEFINITIONAL_REPRESENTATION('',(#9864),#9868);
#9864 = LINE('',#9865,#9866);
#9865 = CARTESIAN_POINT('',(0.,32.9));
#9866 = VECTOR('',#9867,1.);
#9867 = DIRECTION('',(1.,0.));
#9868 = ( GEOMETRIC_REPRESENTATION_CONTEXT(2) 
PARAMETRIC_REPRESENTATION_CONTEXT() REPRESENTATION_CONTEXT('2D SPACE',''
  ) );
#9869 = FACE_BOUND('',#9870,.F.);
#9870 = EDGE_LOOP('',(#9871,#9894,#9915,#9936));
#9871 = ORIENTED_EDGE('',*,*,#9872,.T.);
#9872 = EDGE_CURVE('',#9873,#9875,#9877,.T.);
#9873 = VERTEX_POINT('',#9874);
#9874 = CARTESIAN_POINT('',(2.,14.,42.1));
#9875 = VERTEX_POINT('',#9876);
#9876 = CARTESIAN_POINT('',(-24.,14.,42.1));
#9877 = SURFACE_CURVE('',#9878,(#9882,#9888),.PCURVE_S1.);
#9878 = LINE('',#9879,#9880);
#9879 = CARTESIAN_POINT('',(-88.6,14.,42.1));
#9880 = VECTOR('',#9881,1.);
#9881 = DIRECTION('',(-1.,-0.,0.));
#9882 = PCURVE('',#6836,#9883);
#9883 = DEFINITIONAL_REPRESENTATION('',(#9884),#9887);
#9884 = B_SPLINE_CURVE_WITH_KNOTS('',1,(#9885,#9886),.UNSPECIFIED.,.F.,
  .F.,(2,2),(-90.6,-64.6),.PIECEWISE_BEZIER_KNOTS.);
#9885 = CARTESIAN_POINT('',(155.2,132.4));
#9886 = CARTESIAN_POINT('',(129.2,132.4));
#9887 = ( GEOMETRIC_REPRESENTATION_CONTEXT(2) 
PARAMETRIC_REPRESENTATION_CONTEXT() REPRESENTATION_CONTEXT('2D SPACE',''
  ) );
#9888 = PCURVE('',#7525,#9889);
#9889 = DEFINITIONAL_REPRESENTATION('',(#9890),#9893);
#9890 = B_SPLINE_CURVE_WITH_KNOTS('',1,(#9891,#9892),.UNSPECIFIED.,.F.,
  .F.,(2,2),(-90.6,-64.6),.PIECEWISE_BEZIER_KNOTS.);
#9891 = CARTESIAN_POINT('',(1.,26.));
#9892 = CARTESIAN_POINT('',(1.,0.));
#9893 = ( GEOMETRIC_REPRESENTATION_CONTEXT(2) 
PARAMETRIC_REPRESENTATION_CONTEXT() REPRESENTATION_CONTEXT('2D SPACE',''
  ) );
#9894 = ORIENTED_EDGE('',*,*,#9895,.T.);
#9895 = EDGE_CURVE('',#9875,#9896,#9898,.T.);
#9896 = VERTEX_POINT('',#9897);
#9897 = CARTESIAN_POINT('',(-24.,18.,42.1));
#9898 = SURFACE_CURVE('',#9899,(#9903,#9909),.PCURVE_S1.);
#9899 = LINE('',#9900,#9901);
#9900 = CARTESIAN_POINT('',(-24.,-52.2,42.1));
#9901 = VECTOR('',#9902,1.);
#9902 = DIRECTION('',(-0.,1.,0.));
#9903 = PCURVE('',#6836,#9904);
#9904 = DEFINITIONAL_REPRESENTATION('',(#9905),#9908);
#9905 = B_SPLINE_CURVE_WITH_KNOTS('',1,(#9906,#9907),.UNSPECIFIED.,.F.,
  .F.,(2,2),(66.2,70.2),.PIECEWISE_BEZIER_KNOTS.);
#9906 = CARTESIAN_POINT('',(129.2,132.4));
#9907 = CARTESIAN_POINT('',(129.2,136.4));
#9908 = ( GEOMETRIC_REPRESENTATION_CONTEXT(2) 
PARAMETRIC_REPRESENTATION_CONTEXT() REPRESENTATION_CONTEXT('2D SPACE',''
  ) );
#9909 = PCURVE('',#7551,#9910);
#9910 = DEFINITIONAL_REPRESENTATION('',(#9911),#9914);
#9911 = B_SPLINE_CURVE_WITH_KNOTS('',1,(#9912,#9913),.UNSPECIFIED.,.F.,
  .F.,(2,2),(66.2,70.2),.PIECEWISE_BEZIER_KNOTS.);
#9912 = CARTESIAN_POINT('',(1.,0.));
#9913 = CARTESIAN_POINT('',(1.,-4.));
#9914 = ( GEOMETRIC_REPRESENTATION_CONTEXT(2) 
PARAMETRIC_REPRESENTATION_CONTEXT() REPRESENTATION_CONTEXT('2D SPACE',''
  ) );
#9915 = ORIENTED_EDGE('',*,*,#9916,.F.);
#9916 = EDGE_CURVE('',#9917,#9896,#9919,.T.);
#9917 = VERTEX_POINT('',#9918);
#9918 = CARTESIAN_POINT('',(2.,18.,42.1));
#9919 = SURFACE_CURVE('',#9920,(#9924,#9930),.PCURVE_S1.);
#9920 = LINE('',#9921,#9922);
#9921 = CARTESIAN_POINT('',(-88.6,18.,42.1));
#9922 = VECTOR('',#9923,1.);
#9923 = DIRECTION('',(-1.,-0.,0.));
#9924 = PCURVE('',#6836,#9925);
#9925 = DEFINITIONAL_REPRESENTATION('',(#9926),#9929);
#9926 = B_SPLINE_CURVE_WITH_KNOTS('',1,(#9927,#9928),.UNSPECIFIED.,.F.,
  .F.,(2,2),(-90.6,-64.6),.PIECEWISE_BEZIER_KNOTS.);
#9927 = CARTESIAN_POINT('',(155.2,136.4));
#9928 = CARTESIAN_POINT('',(129.2,136.4));
#9929 = ( GEOMETRIC_REPRESENTATION_CONTEXT(2) 
PARAMETRIC_REPRESENTATION_CONTEXT() REPRESENTATION_CONTEXT('2D SPACE',''
  ) );
#9930 = PCURVE('',#7577,#9931);
#9931 = DEFINITIONAL_REPRESENTATION('',(#9932),#9935);
#9932 = B_SPLINE_CURVE_WITH_KNOTS('',1,(#9933,#9934),.UNSPECIFIED.,.F.,
  .F.,(2,2),(-90.6,-64.6),.PIECEWISE_BEZIER_KNOTS.);
#9933 = CARTESIAN_POINT('',(1.,26.));
#9934 = CARTESIAN_POINT('',(1.,0.));
#9935 = ( GEOMETRIC_REPRESENTATION_CONTEXT(2) 
PARAMETRIC_REPRESENTATION_CONTEXT() REPRESENTATION_CONTEXT('2D SPACE',''
  ) );
#9936 = ORIENTED_EDGE('',*,*,#9937,.F.);
#9937 = EDGE_CURVE('',#9873,#9917,#9938,.T.);
#9938 = SURFACE_CURVE('',#9939,(#9943,#9949),.PCURVE_S1.);
#9939 = LINE('',#9940,#9941);
#9940 = CARTESIAN_POINT('',(2.,-52.2,42.1));
#9941 = VECTOR('',#9942,1.);
#9942 = DIRECTION('',(-0.,1.,0.));
#9943 = PCURVE('',#6836,#9944);
#9944 = DEFINITIONAL_REPRESENTATION('',(#9945),#9948);
#9945 = B_SPLINE_CURVE_WITH_KNOTS('',1,(#9946,#9947),.UNSPECIFIED.,.F.,
  .F.,(2,2),(66.2,70.2),.PIECEWISE_BEZIER_KNOTS.);
#9946 = CARTESIAN_POINT('',(155.2,132.4));
#9947 = CARTESIAN_POINT('',(155.2,136.4));
#9948 = ( GEOMETRIC_REPRESENTATION_CONTEXT(2) 
PARAMETRIC_REPRESENTATION_CONTEXT() REPRESENTATION_CONTEXT('2D SPACE',''
  ) );
#9949 = PCURVE('',#7601,#9950);
#9950 = DEFINITIONAL_REPRESENTATION('',(#9951),#9954);
#9951 = B_SPLINE_CURVE_WITH_KNOTS('',1,(#9952,#9953),.UNSPECIFIED.,.F.,
  .F.,(2,2),(66.2,70.2),.PIECEWISE_BEZIER_KNOTS.);
#9952 = CARTESIAN_POINT('',(1.,0.));
#9953 = CARTESIAN_POINT('',(1.,-4.));
#9954 = ( GEOMETRIC_REPRESENTATION_CONTEXT(2) 
PARAMETRIC_REPRESENTATION_CONTEXT() REPRESENTATION_CONTEXT('2D SPACE',''
  ) );
#9955 = FACE_BOUND('',#9956,.F.);
#9956 = EDGE_LOOP('',(#9957,#9980,#10001,#10022));
#9957 = ORIENTED_EDGE('',*,*,#9958,.T.);
#9958 = EDGE_CURVE('',#9959,#9961,#9963,.T.);
#9959 = VERTEX_POINT('',#9960);
#9960 = CARTESIAN_POINT('',(2.,24.,42.1));
#9961 = VERTEX_POINT('',#9962);
#9962 = CARTESIAN_POINT('',(-24.,24.,42.1));
#9963 = SURFACE_CURVE('',#9964,(#9968,#9974),.PCURVE_S1.);
#9964 = LINE('',#9965,#9966);
#9965 = CARTESIAN_POINT('',(-88.6,24.,42.1));
#9966 = VECTOR('',#9967,1.);
#9967 = DIRECTION('',(-1.,-0.,0.));
#9968 = PCURVE('',#6836,#9969);
#9969 = DEFINITIONAL_REPRESENTATION('',(#9970),#9973);
#9970 = B_SPLINE_CURVE_WITH_KNOTS('',1,(#9971,#9972),.UNSPECIFIED.,.F.,
  .F.,(2,2),(-90.6,-64.6),.PIECEWISE_BEZIER_KNOTS.);
#9971 = CARTESIAN_POINT('',(155.2,142.4));
#9972 = CARTESIAN_POINT('',(129.2,142.4));
#9973 = ( GEOMETRIC_REPRESENTATION_CONTEXT(2) 
PARAMETRIC_REPRESENTATION_CONTEXT() REPRESENTATION_CONTEXT('2D SPACE',''
  ) );
#9974 = PCURVE('',#7631,#9975);
#9975 = DEFINITIONAL_REPRESENTATION('',(#9976),#9979);
#9976 = B_SPLINE_CURVE_WITH_KNOTS('',1,(#9977,#9978),.UNSPECIFIED.,.F.,
  .F.,(2,2),(-90.6,-64.6),.PIECEWISE_BEZIER_KNOTS.);
#9977 = CARTESIAN_POINT('',(1.,26.));
#9978 = CARTESIAN_POINT('',(1.,0.));
#9979 = ( GEOMETRIC_REPRESENTATION_CONTEXT(2) 
PARAMETRIC_REPRESENTATION_CONTEXT() REPRESENTATION_CONTEXT('2D SPACE',''
  ) );
#9980 = ORIENTED_EDGE('',*,*,#9981,.T.);
#9981 = EDGE_CURVE('',#9961,#9982,#9984,.T.);
#9982 = VERTEX_POINT('',#9983);
#9983 = CARTESIAN_POINT('',(-24.,28.,42.1));
#9984 = SURFACE_CURVE('',#9985,(#9989,#9995),.PCURVE_S1.);
#9985 = LINE('',#9986,#9987);
#9986 = CARTESIAN_POINT('',(-24.,-47.2,42.1));
#9987 = VECTOR('',#9988,1.);
#9988 = DIRECTION('',(-0.,1.,0.));
#9989 = PCURVE('',#6836,#9990);
#9990 = DEFINITIONAL_REPRESENTATION('',(#9991),#9994);
#9991 = B_SPLINE_CURVE_WITH_KNOTS('',1,(#9992,#9993),.UNSPECIFIED.,.F.,
  .F.,(2,2),(71.2,75.2),.PIECEWISE_BEZIER_KNOTS.);
#9992 = CARTESIAN_POINT('',(129.2,142.4));
#9993 = CARTESIAN_POINT('',(129.2,146.4));
#9994 = ( GEOMETRIC_REPRESENTATION_CONTEXT(2) 
PARAMETRIC_REPRESENTATION_CONTEXT() REPRESENTATION_CONTEXT('2D SPACE',''
  ) );
#9995 = PCURVE('',#7657,#9996);
#9996 = DEFINITIONAL_REPRESENTATION('',(#9997),#10000);
#9997 = B_SPLINE_CURVE_WITH_KNOTS('',1,(#9998,#9999),.UNSPECIFIED.,.F.,
  .F.,(2,2),(71.2,75.2),.PIECEWISE_BEZIER_KNOTS.);
#9998 = CARTESIAN_POINT('',(1.,0.));
#9999 = CARTESIAN_POINT('',(1.,-4.));
#10000 = ( GEOMETRIC_REPRESENTATION_CONTEXT(2) 
PARAMETRIC_REPRESENTATION_CONTEXT() REPRESENTATION_CONTEXT('2D SPACE',''
  ) );
#10001 = ORIENTED_EDGE('',*,*,#10002,.F.);
#10002 = EDGE_CURVE('',#10003,#9982,#10005,.T.);
#10003 = VERTEX_POINT('',#10004);
#10004 = CARTESIAN_POINT('',(2.,28.,42.1));
#10005 = SURFACE_CURVE('',#10006,(#10010,#10016),.PCURVE_S1.);
#10006 = LINE('',#10007,#10008);
#10007 = CARTESIAN_POINT('',(-88.6,28.,42.1));
#10008 = VECTOR('',#10009,1.);
#10009 = DIRECTION('',(-1.,-0.,0.));
#10010 = PCURVE('',#6836,#10011);
#10011 = DEFINITIONAL_REPRESENTATION('',(#10012),#10015);
#10012 = B_SPLINE_CURVE_WITH_KNOTS('',1,(#10013,#10014),.UNSPECIFIED.,
  .F.,.F.,(2,2),(-90.6,-64.6),.PIECEWISE_BEZIER_KNOTS.);
#10013 = CARTESIAN_POINT('',(155.2,146.4));
#10014 = CARTESIAN_POINT('',(129.2,146.4));
#10015 = ( GEOMETRIC_REPRESENTATION_CONTEXT(2) 
PARAMETRIC_REPRESENTATION_CONTEXT() REPRESENTATION_CONTEXT('2D SPACE',''
  ) );
#10016 = PCURVE('',#7683,#10017);
#10017 = DEFINITIONAL_REPRESENTATION('',(#10018),#10021);
#10018 = B_SPLINE_CURVE_WITH_KNOTS('',1,(#10019,#10020),.UNSPECIFIED.,
  .F.,.F.,(2,2),(-90.6,-64.6),.PIECEWISE_BEZIER_KNOTS.);
#10019 = CARTESIAN_POINT('',(1.,26.));
#10020 = CARTESIAN_POINT('',(1.,0.));
#10021 = ( GEOMETRIC_REPRESENTATION_CONTEXT(2) 
PARAMETRIC_REPRESENTATION_CONTEXT() REPRESENTATION_CONTEXT('2D SPACE',''
  ) );
#10022 = ORIENTED_EDGE('',*,*,#10023,.F.);
#10023 = EDGE_CURVE('',#9959,#10003,#10024,.T.);
#10024 = SURFACE_CURVE('',#10025,(#10029,#10035),.PCURVE_S1.);
#10025 = LINE('',#10026,#10027);
#10026 = CARTESIAN_POINT('',(2.,-47.2,42.1));
#10027 = VECTOR('',#10028,1.);
#10028 = DIRECTION('',(-0.,1.,0.));
#10029 = PCURVE('',#6836,#10030);
#10030 = DEFINITIONAL_REPRESENTATION('',(#10031),#10034);
#10031 = B_SPLINE_CURVE_WITH_KNOTS('',1,(#10032,#10033),.UNSPECIFIED.,
  .F.,.F.,(2,2),(71.2,75.2),.PIECEWISE_BEZIER_KNOTS.);
#10032 = CARTESIAN_POINT('',(155.2,142.4));
#10033 = CARTESIAN_POINT('',(155.2,146.4));
#10034 = ( GEOMETRIC_REPRESENTATION_CONTEXT(2) 
PARAMETRIC_REPRESENTATION_CONTEXT() REPRESENTATION_CONTEXT('2D SPACE',''
  ) );
#10035 = PCURVE('',#7707,#10036);
#10036 = DEFINITIONAL_REPRESENTATION('',(#10037),#10040);
#10037 = B_SPLINE_CURVE_WITH_KNOTS('',1,(#10038,#10039),.UNSPECIFIED.,
  .F.,.F.,(2,2),(71.2,75.2),.PIECEWISE_BEZIER_KNOTS.);
#10038 = CARTESIAN_POINT('',(1.,0.));
#10039 = CARTESIAN_POINT('',(1.,-4.));
#10040 = ( GEOMETRIC_REPRESENTATION_CONTEXT(2) 
PARAMETRIC_REPRESENTATION_CONTEXT() REPRESENTATION_CONTEXT('2D SPACE',''
  ) );
#10041 = FACE_BOUND('',#10042,.F.);
#10042 = EDGE_LOOP('',(#10043,#10066,#10087,#10108));
#10043 = ORIENTED_EDGE('',*,*,#10044,.T.);
#10044 = EDGE_CURVE('',#10045,#10047,#10049,.T.);
#10045 = VERTEX_POINT('',#10046);
#10046 = CARTESIAN_POINT('',(2.,34.,42.1));
#10047 = VERTEX_POINT('',#10048);
#10048 = CARTESIAN_POINT('',(-24.,34.,42.1));
#10049 = SURFACE_CURVE('',#10050,(#10054,#10060),.PCURVE_S1.);
#10050 = LINE('',#10051,#10052);
#10051 = CARTESIAN_POINT('',(-88.6,34.,42.1));
#10052 = VECTOR('',#10053,1.);
#10053 = DIRECTION('',(-1.,-0.,0.));
#10054 = PCURVE('',#6836,#10055);
#10055 = DEFINITIONAL_REPRESENTATION('',(#10056),#10059);
#10056 = B_SPLINE_CURVE_WITH_KNOTS('',1,(#10057,#10058),.UNSPECIFIED.,
  .F.,.F.,(2,2),(-90.6,-64.6),.PIECEWISE_BEZIER_KNOTS.);
#10057 = CARTESIAN_POINT('',(155.2,152.4));
#10058 = CARTESIAN_POINT('',(129.2,152.4));
#10059 = ( GEOMETRIC_REPRESENTATION_CONTEXT(2) 
PARAMETRIC_REPRESENTATION_CONTEXT() REPRESENTATION_CONTEXT('2D SPACE',''
  ) );
#10060 = PCURVE('',#7737,#10061);
#10061 = DEFINITIONAL_REPRESENTATION('',(#10062),#10065);
#10062 = B_SPLINE_CURVE_WITH_KNOTS('',1,(#10063,#10064),.UNSPECIFIED.,
  .F.,.F.,(2,2),(-90.6,-64.6),.PIECEWISE_BEZIER_KNOTS.);
#10063 = CARTESIAN_POINT('',(1.,26.));
#10064 = CARTESIAN_POINT('',(1.,0.));
#10065 = ( GEOMETRIC_REPRESENTATION_CONTEXT(2) 
PARAMETRIC_REPRESENTATION_CONTEXT() REPRESENTATION_CONTEXT('2D SPACE',''
  ) );
#10066 = ORIENTED_EDGE('',*,*,#10067,.T.);
#10067 = EDGE_CURVE('',#10047,#10068,#10070,.T.);
#10068 = VERTEX_POINT('',#10069);
#10069 = CARTESIAN_POINT('',(-24.,38.,42.1));
#10070 = SURFACE_CURVE('',#10071,(#10075,#10081),.PCURVE_S1.);
#10071 = LINE('',#10072,#10073);
#10072 = CARTESIAN_POINT('',(-24.,-42.2,42.1));
#10073 = VECTOR('',#10074,1.);
#10074 = DIRECTION('',(-0.,1.,0.));
#10075 = PCURVE('',#6836,#10076);
#10076 = DEFINITIONAL_REPRESENTATION('',(#10077),#10080);
#10077 = B_SPLINE_CURVE_WITH_KNOTS('',1,(#10078,#10079),.UNSPECIFIED.,
  .F.,.F.,(2,2),(76.2,80.2),.PIECEWISE_BEZIER_KNOTS.);
#10078 = CARTESIAN_POINT('',(129.2,152.4));
#10079 = CARTESIAN_POINT('',(129.2,156.4));
#10080 = ( GEOMETRIC_REPRESENTATION_CONTEXT(2) 
PARAMETRIC_REPRESENTATION_CONTEXT() REPRESENTATION_CONTEXT('2D SPACE',''
  ) );
#10081 = PCURVE('',#7763,#10082);
#10082 = DEFINITIONAL_REPRESENTATION('',(#10083),#10086);
#10083 = B_SPLINE_CURVE_WITH_KNOTS('',1,(#10084,#10085),.UNSPECIFIED.,
  .F.,.F.,(2,2),(76.2,80.2),.PIECEWISE_BEZIER_KNOTS.);
#10084 = CARTESIAN_POINT('',(1.,0.));
#10085 = CARTESIAN_POINT('',(1.,-4.));
#10086 = ( GEOMETRIC_REPRESENTATION_CONTEXT(2) 
PARAMETRIC_REPRESENTATION_CONTEXT() REPRESENTATION_CONTEXT('2D SPACE',''
  ) );
#10087 = ORIENTED_EDGE('',*,*,#10088,.F.);
#10088 = EDGE_CURVE('',#10089,#10068,#10091,.T.);
#10089 = VERTEX_POINT('',#10090);
#10090 = CARTESIAN_POINT('',(2.,38.,42.1));
#10091 = SURFACE_CURVE('',#10092,(#10096,#10102),.PCURVE_S1.);
#10092 = LINE('',#10093,#10094);
#10093 = CARTESIAN_POINT('',(-88.6,38.,42.1));
#10094 = VECTOR('',#10095,1.);
#10095 = DIRECTION('',(-1.,-0.,0.));
#10096 = PCURVE('',#6836,#10097);
#10097 = DEFINITIONAL_REPRESENTATION('',(#10098),#10101);
#10098 = B_SPLINE_CURVE_WITH_KNOTS('',1,(#10099,#10100),.UNSPECIFIED.,
  .F.,.F.,(2,2),(-90.6,-64.6),.PIECEWISE_BEZIER_KNOTS.);
#10099 = CARTESIAN_POINT('',(155.2,156.4));
#10100 = CARTESIAN_POINT('',(129.2,156.4));
#10101 = ( GEOMETRIC_REPRESENTATION_CONTEXT(2) 
PARAMETRIC_REPRESENTATION_CONTEXT() REPRESENTATION_CONTEXT('2D SPACE',''
  ) );
#10102 = PCURVE('',#7789,#10103);
#10103 = DEFINITIONAL_REPRESENTATION('',(#10104),#10107);
#10104 = B_SPLINE_CURVE_WITH_KNOTS('',1,(#10105,#10106),.UNSPECIFIED.,
  .F.,.F.,(2,2),(-90.6,-64.6),.PIECEWISE_BEZIER_KNOTS.);
#10105 = CARTESIAN_POINT('',(1.,26.));
#10106 = CARTESIAN_POINT('',(1.,0.));
#10107 = ( GEOMETRIC_REPRESENTATION_CONTEXT(2) 
PARAMETRIC_REPRESENTATION_CONTEXT() REPRESENTATION_CONTEXT('2D SPACE',''
  ) );
#10108 = ORIENTED_EDGE('',*,*,#10109,.F.);
#10109 = EDGE_CURVE('',#10045,#10089,#10110,.T.);
#10110 = SURFACE_CURVE('',#10111,(#10115,#10121),.PCURVE_S1.);
#10111 = LINE('',#10112,#10113);
#10112 = CARTESIAN_POINT('',(2.,-42.2,42.1));
#10113 = VECTOR('',#10114,1.);
#10114 = DIRECTION('',(-0.,1.,0.));
#10115 = PCURVE('',#6836,#10116);
#10116 = DEFINITIONAL_REPRESENTATION('',(#10117),#10120);
#10117 = B_SPLINE_CURVE_WITH_KNOTS('',1,(#10118,#10119),.UNSPECIFIED.,
  .F.,.F.,(2,2),(76.2,80.2),.PIECEWISE_BEZIER_KNOTS.);
#10118 = CARTESIAN_POINT('',(155.2,152.4));
#10119 = CARTESIAN_POINT('',(155.2,156.4));
#10120 = ( GEOMETRIC_REPRESENTATION_CONTEXT(2) 
PARAMETRIC_REPRESENTATION_CONTEXT() REPRESENTATION_CONTEXT('2D SPACE',''
  ) );
#10121 = PCURVE('',#7813,#10122);
#10122 = DEFINITIONAL_REPRESENTATION('',(#10123),#10126);
#10123 = B_SPLINE_CURVE_WITH_KNOTS('',1,(#10124,#10125),.UNSPECIFIED.,
  .F.,.F.,(2,2),(76.2,80.2),.PIECEWISE_BEZIER_KNOTS.);
#10124 = CARTESIAN_POINT('',(1.,0.));
#10125 = CARTESIAN_POINT('',(1.,-4.));
#10126 = ( GEOMETRIC_REPRESENTATION_CONTEXT(2) 
PARAMETRIC_REPRESENTATION_CONTEXT() REPRESENTATION_CONTEXT('2D SPACE',''
  ) );
#10127 = FACE_BOUND('',#10128,.F.);
#10128 = EDGE_LOOP('',(#10129,#10152,#10173,#10194));
#10129 = ORIENTED_EDGE('',*,*,#10130,.T.);
#10130 = EDGE_CURVE('',#10131,#10133,#10135,.T.);
#10131 = VERTEX_POINT('',#10132);
#10132 = CARTESIAN_POINT('',(2.,44.,42.1));
#10133 = VERTEX_POINT('',#10134);
#10134 = CARTESIAN_POINT('',(-24.,44.,42.1));
#10135 = SURFACE_CURVE('',#10136,(#10140,#10146),.PCURVE_S1.);
#10136 = LINE('',#10137,#10138);
#10137 = CARTESIAN_POINT('',(-88.6,44.,42.1));
#10138 = VECTOR('',#10139,1.);
#10139 = DIRECTION('',(-1.,-0.,0.));
#10140 = PCURVE('',#6836,#10141);
#10141 = DEFINITIONAL_REPRESENTATION('',(#10142),#10145);
#10142 = B_SPLINE_CURVE_WITH_KNOTS('',1,(#10143,#10144),.UNSPECIFIED.,
  .F.,.F.,(2,2),(-90.6,-64.6),.PIECEWISE_BEZIER_KNOTS.);
#10143 = CARTESIAN_POINT('',(155.2,162.4));
#10144 = CARTESIAN_POINT('',(129.2,162.4));
#10145 = ( GEOMETRIC_REPRESENTATION_CONTEXT(2) 
PARAMETRIC_REPRESENTATION_CONTEXT() REPRESENTATION_CONTEXT('2D SPACE',''
  ) );
#10146 = PCURVE('',#7843,#10147);
#10147 = DEFINITIONAL_REPRESENTATION('',(#10148),#10151);
#10148 = B_SPLINE_CURVE_WITH_KNOTS('',1,(#10149,#10150),.UNSPECIFIED.,
  .F.,.F.,(2,2),(-90.6,-64.6),.PIECEWISE_BEZIER_KNOTS.);
#10149 = CARTESIAN_POINT('',(1.,26.));
#10150 = CARTESIAN_POINT('',(1.,0.));
#10151 = ( GEOMETRIC_REPRESENTATION_CONTEXT(2) 
PARAMETRIC_REPRESENTATION_CONTEXT() REPRESENTATION_CONTEXT('2D SPACE',''
  ) );
#10152 = ORIENTED_EDGE('',*,*,#10153,.T.);
#10153 = EDGE_CURVE('',#10133,#10154,#10156,.T.);
#10154 = VERTEX_POINT('',#10155);
#10155 = CARTESIAN_POINT('',(-24.,48.,42.1));
#10156 = SURFACE_CURVE('',#10157,(#10161,#10167),.PCURVE_S1.);
#10157 = LINE('',#10158,#10159);
#10158 = CARTESIAN_POINT('',(-24.,-37.2,42.1));
#10159 = VECTOR('',#10160,1.);
#10160 = DIRECTION('',(-0.,1.,0.));
#10161 = PCURVE('',#6836,#10162);
#10162 = DEFINITIONAL_REPRESENTATION('',(#10163),#10166);
#10163 = B_SPLINE_CURVE_WITH_KNOTS('',1,(#10164,#10165),.UNSPECIFIED.,
  .F.,.F.,(2,2),(81.2,85.2),.PIECEWISE_BEZIER_KNOTS.);
#10164 = CARTESIAN_POINT('',(129.2,162.4));
#10165 = CARTESIAN_POINT('',(129.2,166.4));
#10166 = ( GEOMETRIC_REPRESENTATION_CONTEXT(2) 
PARAMETRIC_REPRESENTATION_CONTEXT() REPRESENTATION_CONTEXT('2D SPACE',''
  ) );
#10167 = PCURVE('',#7869,#10168);
#10168 = DEFINITIONAL_REPRESENTATION('',(#10169),#10172);
#10169 = B_SPLINE_CURVE_WITH_KNOTS('',1,(#10170,#10171),.UNSPECIFIED.,
  .F.,.F.,(2,2),(81.2,85.2),.PIECEWISE_BEZIER_KNOTS.);
#10170 = CARTESIAN_POINT('',(1.,0.));
#10171 = CARTESIAN_POINT('',(1.,-4.));
#10172 = ( GEOMETRIC_REPRESENTATION_CONTEXT(2) 
PARAMETRIC_REPRESENTATION_CONTEXT() REPRESENTATION_CONTEXT('2D SPACE',''
  ) );
#10173 = ORIENTED_EDGE('',*,*,#10174,.F.);
#10174 = EDGE_CURVE('',#10175,#10154,#10177,.T.);
#10175 = VERTEX_POINT('',#10176);
#10176 = CARTESIAN_POINT('',(2.,48.,42.1));
#10177 = SURFACE_CURVE('',#10178,(#10182,#10188),.PCURVE_S1.);
#10178 = LINE('',#10179,#10180);
#10179 = CARTESIAN_POINT('',(-88.6,48.,42.1));
#10180 = VECTOR('',#10181,1.);
#10181 = DIRECTION('',(-1.,-0.,0.));
#10182 = PCURVE('',#6836,#10183);
#10183 = DEFINITIONAL_REPRESENTATION('',(#10184),#10187);
#10184 = B_SPLINE_CURVE_WITH_KNOTS('',1,(#10185,#10186),.UNSPECIFIED.,
  .F.,.F.,(2,2),(-90.6,-64.6),.PIECEWISE_BEZIER_KNOTS.);
#10185 = CARTESIAN_POINT('',(155.2,166.4));
#10186 = CARTESIAN_POINT('',(129.2,166.4));
#10187 = ( GEOMETRIC_REPRESENTATION_CONTEXT(2) 
PARAMETRIC_REPRESENTATION_CONTEXT() REPRESENTATION_CONTEXT('2D SPACE',''
  ) );
#10188 = PCURVE('',#7895,#10189);
#10189 = DEFINITIONAL_REPRESENTATION('',(#10190),#10193);
#10190 = B_SPLINE_CURVE_WITH_KNOTS('',1,(#10191,#10192),.UNSPECIFIED.,
  .F.,.F.,(2,2),(-90.6,-64.6),.PIECEWISE_BEZIER_KNOTS.);
#10191 = CARTESIAN_POINT('',(1.,26.));
#10192 = CARTESIAN_POINT('',(1.,0.));
#10193 = ( GEOMETRIC_REPRESENTATION_CONTEXT(2) 
PARAMETRIC_REPRESENTATION_CONTEXT() REPRESENTATION_CONTEXT('2D SPACE',''
  ) );
#10194 = ORIENTED_EDGE('',*,*,#10195,.F.);
#10195 = EDGE_CURVE('',#10131,#10175,#10196,.T.);
#10196 = SURFACE_CURVE('',#10197,(#10201,#10207),.PCURVE_S1.);
#10197 = LINE('',#10198,#10199);
#10198 = CARTESIAN_POINT('',(2.,-37.2,42.1));
#10199 = VECTOR('',#10200,1.);
#10200 = DIRECTION('',(-0.,1.,0.));
#10201 = PCURVE('',#6836,#10202);
#10202 = DEFINITIONAL_REPRESENTATION('',(#10203),#10206);
#10203 = B_SPLINE_CURVE_WITH_KNOTS('',1,(#10204,#10205),.UNSPECIFIED.,
  .F.,.F.,(2,2),(81.2,85.2),.PIECEWISE_BEZIER_KNOTS.);
#10204 = CARTESIAN_POINT('',(155.2,162.4));
#10205 = CARTESIAN_POINT('',(155.2,166.4));
#10206 = ( GEOMETRIC_REPRESENTATION_CONTEXT(2) 
PARAMETRIC_REPRESENTATION_CONTEXT() REPRESENTATION_CONTEXT('2D SPACE',''
  ) );
#10207 = PCURVE('',#7919,#10208);
#10208 = DEFINITIONAL_REPRESENTATION('',(#10209),#10212);
#10209 = B_SPLINE_CURVE_WITH_KNOTS('',1,(#10210,#10211),.UNSPECIFIED.,
  .F.,.F.,(2,2),(81.2,85.2),.PIECEWISE_BEZIER_KNOTS.);
#10210 = CARTESIAN_POINT('',(1.,0.));
#10211 = CARTESIAN_POINT('',(1.,-4.));
#10212 = ( GEOMETRIC_REPRESENTATION_CONTEXT(2) 
PARAMETRIC_REPRESENTATION_CONTEXT() REPRESENTATION_CONTEXT('2D SPACE',''
  ) );
#10213 = FACE_BOUND('',#10214,.F.);
#10214 = EDGE_LOOP('',(#10215));
#10215 = ORIENTED_EDGE('',*,*,#10216,.F.);
#10216 = EDGE_CURVE('',#10217,#10217,#10219,.T.);
#10217 = VERTEX_POINT('',#10218);
#10218 = CARTESIAN_POINT('',(-137.,97.,42.1));
#10219 = SURFACE_CURVE('',#10220,(#10225,#10232),.PCURVE_S1.);
#10220 = CIRCLE('',#10221,4.);
#10221 = AXIS2_PLACEMENT_3D('',#10222,#10223,#10224);
#10222 = CARTESIAN_POINT('',(-141.,97.,42.1));
#10223 = DIRECTION('',(0.,0.,1.));
#10224 = DIRECTION('',(1.,0.,-0.));
#10225 = PCURVE('',#6836,#10226);
#10226 = DEFINITIONAL_REPRESENTATION('',(#10227),#10231);
#10227 = CIRCLE('',#10228,4.);
#10228 = AXIS2_PLACEMENT_2D('',#10229,#10230);
#10229 = CARTESIAN_POINT('',(12.2,215.4));
#10230 = DIRECTION('',(1.,0.));
#10231 = ( GEOMETRIC_REPRESENTATION_CONTEXT(2) 
PARAMETRIC_REPRESENTATION_CONTEXT() REPRESENTATION_CONTEXT('2D SPACE',''
  ) );
#10232 = PCURVE('',#10233,#10238);
#10233 = CYLINDRICAL_SURFACE('',#10234,4.);
#10234 = AXIS2_PLACEMENT_3D('',#10235,#10236,#10237);
#10235 = CARTESIAN_POINT('',(-141.,97.,9.2));
#10236 = DIRECTION('',(0.,0.,1.));
#10237 = DIRECTION('',(1.,0.,-0.));
#10238 = DEFINITIONAL_REPRESENTATION('',(#10239),#10243);
#10239 = LINE('',#10240,#10241);
#10240 = CARTESIAN_POINT('',(0.,32.9));
#10241 = VECTOR('',#10242,1.);
#10242 = DIRECTION('',(1.,0.));
#10243 = ( GEOMETRIC_REPRESENTATION_CONTEXT(2) 
PARAMETRIC_REPRESENTATION_CONTEXT() REPRESENTATION_CONTEXT('2D SPACE',''
  ) );
#10244 = FACE_BOUND('',#10245,.F.);
#10245 = EDGE_LOOP('',(#10246));
#10246 = ORIENTED_EDGE('',*,*,#10247,.F.);
#10247 = EDGE_CURVE('',#10248,#10248,#10250,.T.);
#10248 = VERTEX_POINT('',#10249);
#10249 = CARTESIAN_POINT('',(-83.3,111.5,42.1));
#10250 = SURFACE_CURVE('',#10251,(#10256,#10263),.PCURVE_S1.);
#10251 = CIRCLE('',#10252,1.7);
#10252 = AXIS2_PLACEMENT_3D('',#10253,#10254,#10255);
#10253 = CARTESIAN_POINT('',(-85.,111.5,42.1));
#10254 = DIRECTION('',(0.,0.,1.));
#10255 = DIRECTION('',(1.,0.,-0.));
#10256 = PCURVE('',#6836,#10257);
#10257 = DEFINITIONAL_REPRESENTATION('',(#10258),#10262);
#10258 = CIRCLE('',#10259,1.7);
#10259 = AXIS2_PLACEMENT_2D('',#10260,#10261);
#10260 = CARTESIAN_POINT('',(68.2,229.9));
#10261 = DIRECTION('',(1.,0.));
#10262 = ( GEOMETRIC_REPRESENTATION_CONTEXT(2) 
PARAMETRIC_REPRESENTATION_CONTEXT() REPRESENTATION_CONTEXT('2D SPACE',''
  ) );
#10263 = PCURVE('',#10264,#10269);
#10264 = CYLINDRICAL_SURFACE('',#10265,1.7);
#10265 = AXIS2_PLACEMENT_3D('',#10266,#10267,#10268);
#10266 = CARTESIAN_POINT('',(-85.,111.5,41.1));
#10267 = DIRECTION('',(0.,0.,1.));
#10268 = DIRECTION('',(1.,0.,-0.));
#10269 = DEFINITIONAL_REPRESENTATION('',(#10270),#10274);
#10270 = LINE('',#10271,#10272);
#10271 = CARTESIAN_POINT('',(0.,1.));
#10272 = VECTOR('',#10273,1.);
#10273 = DIRECTION('',(1.,0.));
#10274 = ( GEOMETRIC_REPRESENTATION_CONTEXT(2) 
PARAMETRIC_REPRESENTATION_CONTEXT() REPRESENTATION_CONTEXT('2D SPACE',''
  ) );
#10275 = FACE_BOUND('',#10276,.F.);
#10276 = EDGE_LOOP('',(#10277,#10305,#10331,#10357,#10383,#10409,#10435,
    #10461));
#10277 = ORIENTED_EDGE('',*,*,#10278,.F.);
#10278 = EDGE_CURVE('',#10279,#10281,#10283,.T.);
#10279 = VERTEX_POINT('',#10280);
#10280 = CARTESIAN_POINT('',(-72.,35.,42.1));
#10281 = VERTEX_POINT('',#10282);
#10282 = CARTESIAN_POINT('',(-72.,72.,42.1));
#10283 = SURFACE_CURVE('',#10284,(#10288,#10294),.PCURVE_S1.);
#10284 = LINE('',#10285,#10286);
#10285 = CARTESIAN_POINT('',(-72.,-41.7,42.1));
#10286 = VECTOR('',#10287,1.);
#10287 = DIRECTION('',(0.,1.,0.));
#10288 = PCURVE('',#6836,#10289);
#10289 = DEFINITIONAL_REPRESENTATION('',(#10290),#10293);
#10290 = B_SPLINE_CURVE_WITH_KNOTS('',1,(#10291,#10292),.UNSPECIFIED.,
  .F.,.F.,(2,2),(76.7,116.7),.PIECEWISE_BEZIER_KNOTS.);
#10291 = CARTESIAN_POINT('',(81.2,153.4));
#10292 = CARTESIAN_POINT('',(81.2,193.4));
#10293 = ( GEOMETRIC_REPRESENTATION_CONTEXT(2) 
PARAMETRIC_REPRESENTATION_CONTEXT() REPRESENTATION_CONTEXT('2D SPACE',''
  ) );
#10294 = PCURVE('',#10295,#10300);
#10295 = PLANE('',#10296);
#10296 = AXIS2_PLACEMENT_3D('',#10297,#10298,#10299);
#10297 = CARTESIAN_POINT('',(-72.,35.,38.5));
#10298 = DIRECTION('',(1.,0.,0.));
#10299 = DIRECTION('',(0.,0.,1.));
#10300 = DEFINITIONAL_REPRESENTATION('',(#10301),#10304);
#10301 = B_SPLINE_CURVE_WITH_KNOTS('',1,(#10302,#10303),.UNSPECIFIED.,
  .F.,.F.,(2,2),(76.7,116.7),.PIECEWISE_BEZIER_KNOTS.);
#10302 = CARTESIAN_POINT('',(3.6,0.));
#10303 = CARTESIAN_POINT('',(3.6,-40.));
#10304 = ( GEOMETRIC_REPRESENTATION_CONTEXT(2) 
PARAMETRIC_REPRESENTATION_CONTEXT() REPRESENTATION_CONTEXT('2D SPACE',''
  ) );
#10305 = ORIENTED_EDGE('',*,*,#10306,.T.);
#10306 = EDGE_CURVE('',#10279,#10307,#10309,.T.);
#10307 = VERTEX_POINT('',#10308);
#10308 = CARTESIAN_POINT('',(-98.,35.,42.1));
#10309 = SURFACE_CURVE('',#10310,(#10314,#10320),.PCURVE_S1.);
#10310 = LINE('',#10311,#10312);
#10311 = CARTESIAN_POINT('',(-125.6,35.,42.1));
#10312 = VECTOR('',#10313,1.);
#10313 = DIRECTION('',(-1.,0.,0.));
#10314 = PCURVE('',#6836,#10315);
#10315 = DEFINITIONAL_REPRESENTATION('',(#10316),#10319);
#10316 = B_SPLINE_CURVE_WITH_KNOTS('',1,(#10317,#10318),.UNSPECIFIED.,
  .F.,.F.,(2,2),(-53.6,-27.6),.PIECEWISE_BEZIER_KNOTS.);
#10317 = CARTESIAN_POINT('',(81.2,153.4));
#10318 = CARTESIAN_POINT('',(55.2,153.4));
#10319 = ( GEOMETRIC_REPRESENTATION_CONTEXT(2) 
PARAMETRIC_REPRESENTATION_CONTEXT() REPRESENTATION_CONTEXT('2D SPACE',''
  ) );
#10320 = PCURVE('',#10321,#10326);
#10321 = PLANE('',#10322);
#10322 = AXIS2_PLACEMENT_3D('',#10323,#10324,#10325);
#10323 = CARTESIAN_POINT('',(-98.,35.,38.5));
#10324 = DIRECTION('',(0.,1.,0.));
#10325 = DIRECTION('',(0.,0.,1.));
#10326 = DEFINITIONAL_REPRESENTATION('',(#10327),#10330);
#10327 = B_SPLINE_CURVE_WITH_KNOTS('',1,(#10328,#10329),.UNSPECIFIED.,
  .F.,.F.,(2,2),(-53.6,-27.6),.PIECEWISE_BEZIER_KNOTS.);
#10328 = CARTESIAN_POINT('',(3.6,26.));
#10329 = CARTESIAN_POINT('',(3.6,0.));
#10330 = ( GEOMETRIC_REPRESENTATION_CONTEXT(2) 
PARAMETRIC_REPRESENTATION_CONTEXT() REPRESENTATION_CONTEXT('2D SPACE',''
  ) );
#10331 = ORIENTED_EDGE('',*,*,#10332,.T.);
#10332 = EDGE_CURVE('',#10307,#10333,#10335,.T.);
#10333 = VERTEX_POINT('',#10334);
#10334 = CARTESIAN_POINT('',(-98.,75.,42.1));
#10335 = SURFACE_CURVE('',#10336,(#10340,#10346),.PCURVE_S1.);
#10336 = LINE('',#10337,#10338);
#10337 = CARTESIAN_POINT('',(-98.,-41.7,42.1));
#10338 = VECTOR('',#10339,1.);
#10339 = DIRECTION('',(0.,1.,0.));
#10340 = PCURVE('',#6836,#10341);
#10341 = DEFINITIONAL_REPRESENTATION('',(#10342),#10345);
#10342 = B_SPLINE_CURVE_WITH_KNOTS('',1,(#10343,#10344),.UNSPECIFIED.,
  .F.,.F.,(2,2),(76.7,116.7),.PIECEWISE_BEZIER_KNOTS.);
#10343 = CARTESIAN_POINT('',(55.2,153.4));
#10344 = CARTESIAN_POINT('',(55.2,193.4));
#10345 = ( GEOMETRIC_REPRESENTATION_CONTEXT(2) 
PARAMETRIC_REPRESENTATION_CONTEXT() REPRESENTATION_CONTEXT('2D SPACE',''
  ) );
#10346 = PCURVE('',#10347,#10352);
#10347 = PLANE('',#10348);
#10348 = AXIS2_PLACEMENT_3D('',#10349,#10350,#10351);
#10349 = CARTESIAN_POINT('',(-98.,35.,38.5));
#10350 = DIRECTION('',(1.,0.,0.));
#10351 = DIRECTION('',(0.,0.,1.));
#10352 = DEFINITIONAL_REPRESENTATION('',(#10353),#10356);
#10353 = B_SPLINE_CURVE_WITH_KNOTS('',1,(#10354,#10355),.UNSPECIFIED.,
  .F.,.F.,(2,2),(76.7,116.7),.PIECEWISE_BEZIER_KNOTS.);
#10354 = CARTESIAN_POINT('',(3.6,0.));
#10355 = CARTESIAN_POINT('',(3.6,-40.));
#10356 = ( GEOMETRIC_REPRESENTATION_CONTEXT(2) 
PARAMETRIC_REPRESENTATION_CONTEXT() REPRESENTATION_CONTEXT('2D SPACE',''
  ) );
#10357 = ORIENTED_EDGE('',*,*,#10358,.F.);
#10358 = EDGE_CURVE('',#10359,#10333,#10361,.T.);
#10359 = VERTEX_POINT('',#10360);
#10360 = CARTESIAN_POINT('',(-75.,75.,42.1));
#10361 = SURFACE_CURVE('',#10362,(#10366,#10372),.PCURVE_S1.);
#10362 = LINE('',#10363,#10364);
#10363 = CARTESIAN_POINT('',(-125.6,75.,42.1));
#10364 = VECTOR('',#10365,1.);
#10365 = DIRECTION('',(-1.,0.,0.));
#10366 = PCURVE('',#6836,#10367);
#10367 = DEFINITIONAL_REPRESENTATION('',(#10368),#10371);
#10368 = B_SPLINE_CURVE_WITH_KNOTS('',1,(#10369,#10370),.UNSPECIFIED.,
  .F.,.F.,(2,2),(-53.6,-27.6),.PIECEWISE_BEZIER_KNOTS.);
#10369 = CARTESIAN_POINT('',(81.2,193.4));
#10370 = CARTESIAN_POINT('',(55.2,193.4));
#10371 = ( GEOMETRIC_REPRESENTATION_CONTEXT(2) 
PARAMETRIC_REPRESENTATION_CONTEXT() REPRESENTATION_CONTEXT('2D SPACE',''
  ) );
#10372 = PCURVE('',#10373,#10378);
#10373 = PLANE('',#10374);
#10374 = AXIS2_PLACEMENT_3D('',#10375,#10376,#10377);
#10375 = CARTESIAN_POINT('',(-98.,75.,38.5));
#10376 = DIRECTION('',(0.,1.,0.));
#10377 = DIRECTION('',(0.,0.,1.));
#10378 = DEFINITIONAL_REPRESENTATION('',(#10379),#10382);
#10379 = B_SPLINE_CURVE_WITH_KNOTS('',1,(#10380,#10381),.UNSPECIFIED.,
  .F.,.F.,(2,2),(-53.6,-27.6),.PIECEWISE_BEZIER_KNOTS.);
#10380 = CARTESIAN_POINT('',(3.6,26.));
#10381 = CARTESIAN_POINT('',(3.6,0.));
#10382 = ( GEOMETRIC_REPRESENTATION_CONTEXT(2) 
PARAMETRIC_REPRESENTATION_CONTEXT() REPRESENTATION_CONTEXT('2D SPACE',''
  ) );
#10383 = ORIENTED_EDGE('',*,*,#10384,.T.);
#10384 = EDGE_CURVE('',#10359,#10385,#10387,.T.);
#10385 = VERTEX_POINT('',#10386);
#10386 = CARTESIAN_POINT('',(-75.,98.,42.1));
#10387 = SURFACE_CURVE('',#10388,(#10392,#10398),.PCURVE_S1.);
#10388 = LINE('',#10389,#10390);
#10389 = CARTESIAN_POINT('',(-75.,-10.2,42.1));
#10390 = VECTOR('',#10391,1.);
#10391 = DIRECTION('',(-2.22044604925E-16,1.,0.));
#10392 = PCURVE('',#6836,#10393);
#10393 = DEFINITIONAL_REPRESENTATION('',(#10394),#10397);
#10394 = B_SPLINE_CURVE_WITH_KNOTS('',1,(#10395,#10396),.UNSPECIFIED.,
  .F.,.F.,(2,2),(82.2,108.2),.PIECEWISE_BEZIER_KNOTS.);
#10395 = CARTESIAN_POINT('',(78.2,190.4));
#10396 = CARTESIAN_POINT('',(78.2,216.4));
#10397 = ( GEOMETRIC_REPRESENTATION_CONTEXT(2) 
PARAMETRIC_REPRESENTATION_CONTEXT() REPRESENTATION_CONTEXT('2D SPACE',''
  ) );
#10398 = PCURVE('',#10399,#10404);
#10399 = PLANE('',#10400);
#10400 = AXIS2_PLACEMENT_3D('',#10401,#10402,#10403);
#10401 = CARTESIAN_POINT('',(-75.,98.,38.5));
#10402 = DIRECTION('',(1.,2.22044604925E-16,0.));
#10403 = DIRECTION('',(0.,0.,1.));
#10404 = DEFINITIONAL_REPRESENTATION('',(#10405),#10408);
#10405 = B_SPLINE_CURVE_WITH_KNOTS('',1,(#10406,#10407),.UNSPECIFIED.,
  .F.,.F.,(2,2),(82.2,108.2),.PIECEWISE_BEZIER_KNOTS.);
#10406 = CARTESIAN_POINT('',(3.6,26.));
#10407 = CARTESIAN_POINT('',(3.6,0.));
#10408 = ( GEOMETRIC_REPRESENTATION_CONTEXT(2) 
PARAMETRIC_REPRESENTATION_CONTEXT() REPRESENTATION_CONTEXT('2D SPACE',''
  ) );
#10409 = ORIENTED_EDGE('',*,*,#10410,.T.);
#10410 = EDGE_CURVE('',#10385,#10411,#10413,.T.);
#10411 = VERTEX_POINT('',#10412);
#10412 = CARTESIAN_POINT('',(-35.,98.,42.1));
#10413 = SURFACE_CURVE('',#10414,(#10418,#10424),.PCURVE_S1.);
#10414 = LINE('',#10415,#10416);
#10415 = CARTESIAN_POINT('',(-114.1,98.,42.1));
#10416 = VECTOR('',#10417,1.);
#10417 = DIRECTION('',(1.,2.22044604925E-16,-0.));
#10418 = PCURVE('',#6836,#10419);
#10419 = DEFINITIONAL_REPRESENTATION('',(#10420),#10423);
#10420 = B_SPLINE_CURVE_WITH_KNOTS('',1,(#10421,#10422),.UNSPECIFIED.,
  .F.,.F.,(2,2),(39.1,79.1),.PIECEWISE_BEZIER_KNOTS.);
#10421 = CARTESIAN_POINT('',(78.2,216.4));
#10422 = CARTESIAN_POINT('',(118.2,216.4));
#10423 = ( GEOMETRIC_REPRESENTATION_CONTEXT(2) 
PARAMETRIC_REPRESENTATION_CONTEXT() REPRESENTATION_CONTEXT('2D SPACE',''
  ) );
#10424 = PCURVE('',#10425,#10430);
#10425 = PLANE('',#10426);
#10426 = AXIS2_PLACEMENT_3D('',#10427,#10428,#10429);
#10427 = CARTESIAN_POINT('',(-75.,98.,38.5));
#10428 = DIRECTION('',(2.22044604925E-16,-1.,0.));
#10429 = DIRECTION('',(0.,0.,1.));
#10430 = DEFINITIONAL_REPRESENTATION('',(#10431),#10434);
#10431 = B_SPLINE_CURVE_WITH_KNOTS('',1,(#10432,#10433),.UNSPECIFIED.,
  .F.,.F.,(2,2),(39.1,79.1),.PIECEWISE_BEZIER_KNOTS.);
#10432 = CARTESIAN_POINT('',(3.6,0.));
#10433 = CARTESIAN_POINT('',(3.6,-40.));
#10434 = ( GEOMETRIC_REPRESENTATION_CONTEXT(2) 
PARAMETRIC_REPRESENTATION_CONTEXT() REPRESENTATION_CONTEXT('2D SPACE',''
  ) );
#10435 = ORIENTED_EDGE('',*,*,#10436,.F.);
#10436 = EDGE_CURVE('',#10437,#10411,#10439,.T.);
#10437 = VERTEX_POINT('',#10438);
#10438 = CARTESIAN_POINT('',(-35.,72.,42.1));
#10439 = SURFACE_CURVE('',#10440,(#10444,#10450),.PCURVE_S1.);
#10440 = LINE('',#10441,#10442);
#10441 = CARTESIAN_POINT('',(-35.,-10.2,42.1));
#10442 = VECTOR('',#10443,1.);
#10443 = DIRECTION('',(-2.22044604925E-16,1.,0.));
#10444 = PCURVE('',#6836,#10445);
#10445 = DEFINITIONAL_REPRESENTATION('',(#10446),#10449);
#10446 = B_SPLINE_CURVE_WITH_KNOTS('',1,(#10447,#10448),.UNSPECIFIED.,
  .F.,.F.,(2,2),(82.2,108.2),.PIECEWISE_BEZIER_KNOTS.);
#10447 = CARTESIAN_POINT('',(118.2,190.4));
#10448 = CARTESIAN_POINT('',(118.2,216.4));
#10449 = ( GEOMETRIC_REPRESENTATION_CONTEXT(2) 
PARAMETRIC_REPRESENTATION_CONTEXT() REPRESENTATION_CONTEXT('2D SPACE',''
  ) );
#10450 = PCURVE('',#10451,#10456);
#10451 = PLANE('',#10452);
#10452 = AXIS2_PLACEMENT_3D('',#10453,#10454,#10455);
#10453 = CARTESIAN_POINT('',(-35.,98.,38.5));
#10454 = DIRECTION('',(1.,2.22044604925E-16,0.));
#10455 = DIRECTION('',(0.,0.,1.));
#10456 = DEFINITIONAL_REPRESENTATION('',(#10457),#10460);
#10457 = B_SPLINE_CURVE_WITH_KNOTS('',1,(#10458,#10459),.UNSPECIFIED.,
  .F.,.F.,(2,2),(82.2,108.2),.PIECEWISE_BEZIER_KNOTS.);
#10458 = CARTESIAN_POINT('',(3.6,26.));
#10459 = CARTESIAN_POINT('',(3.6,0.));
#10460 = ( GEOMETRIC_REPRESENTATION_CONTEXT(2) 
PARAMETRIC_REPRESENTATION_CONTEXT() REPRESENTATION_CONTEXT('2D SPACE',''
  ) );
#10461 = ORIENTED_EDGE('',*,*,#10462,.F.);
#10462 = EDGE_CURVE('',#10281,#10437,#10463,.T.);
#10463 = SURFACE_CURVE('',#10464,(#10468,#10474),.PCURVE_S1.);
#10464 = LINE('',#10465,#10466);
#10465 = CARTESIAN_POINT('',(-114.1,72.,42.1));
#10466 = VECTOR('',#10467,1.);
#10467 = DIRECTION('',(1.,2.22044604925E-16,-0.));
#10468 = PCURVE('',#6836,#10469);
#10469 = DEFINITIONAL_REPRESENTATION('',(#10470),#10473);
#10470 = B_SPLINE_CURVE_WITH_KNOTS('',1,(#10471,#10472),.UNSPECIFIED.,
  .F.,.F.,(2,2),(39.1,79.1),.PIECEWISE_BEZIER_KNOTS.);
#10471 = CARTESIAN_POINT('',(78.2,190.4));
#10472 = CARTESIAN_POINT('',(118.2,190.4));
#10473 = ( GEOMETRIC_REPRESENTATION_CONTEXT(2) 
PARAMETRIC_REPRESENTATION_CONTEXT() REPRESENTATION_CONTEXT('2D SPACE',''
  ) );
#10474 = PCURVE('',#10475,#10480);
#10475 = PLANE('',#10476);
#10476 = AXIS2_PLACEMENT_3D('',#10477,#10478,#10479);
#10477 = CARTESIAN_POINT('',(-75.,72.,38.5));
#10478 = DIRECTION('',(2.22044604925E-16,-1.,0.));
#10479 = DIRECTION('',(0.,0.,1.));
#10480 = DEFINITIONAL_REPRESENTATION('',(#10481),#10484);
#10481 = B_SPLINE_CURVE_WITH_KNOTS('',1,(#10482,#10483),.UNSPECIFIED.,
  .F.,.F.,(2,2),(39.1,79.1),.PIECEWISE_BEZIER_KNOTS.);
#10482 = CARTESIAN_POINT('',(3.6,0.));
#10483 = CARTESIAN_POINT('',(3.6,-40.));
#10484 = ( GEOMETRIC_REPRESENTATION_CONTEXT(2) 
PARAMETRIC_REPRESENTATION_CONTEXT() REPRESENTATION_CONTEXT('2D SPACE',''
  ) );
#10485 = FACE_BOUND('',#10486,.F.);
#10486 = EDGE_LOOP('',(#10487));
#10487 = ORIENTED_EDGE('',*,*,#10488,.F.);
#10488 = EDGE_CURVE('',#10489,#10489,#10491,.T.);
#10489 = VERTEX_POINT('',#10490);
#10490 = CARTESIAN_POINT('',(1.7,111.5,42.1));
#10491 = SURFACE_CURVE('',#10492,(#10497,#10504),.PCURVE_S1.);
#10492 = CIRCLE('',#10493,1.7);
#10493 = AXIS2_PLACEMENT_3D('',#10494,#10495,#10496);
#10494 = CARTESIAN_POINT('',(0.,111.5,42.1));
#10495 = DIRECTION('',(0.,0.,1.));
#10496 = DIRECTION('',(1.,0.,-0.));
#10497 = PCURVE('',#6836,#10498);
#10498 = DEFINITIONAL_REPRESENTATION('',(#10499),#10503);
#10499 = CIRCLE('',#10500,1.7);
#10500 = AXIS2_PLACEMENT_2D('',#10501,#10502);
#10501 = CARTESIAN_POINT('',(153.2,229.9));
#10502 = DIRECTION('',(1.,0.));
#10503 = ( GEOMETRIC_REPRESENTATION_CONTEXT(2) 
PARAMETRIC_REPRESENTATION_CONTEXT() REPRESENTATION_CONTEXT('2D SPACE',''
  ) );
#10504 = PCURVE('',#10505,#10510);
#10505 = CYLINDRICAL_SURFACE('',#10506,1.7);
#10506 = AXIS2_PLACEMENT_3D('',#10507,#10508,#10509);
#10507 = CARTESIAN_POINT('',(0.,111.5,41.1));
#10508 = DIRECTION('',(0.,0.,1.));
#10509 = DIRECTION('',(1.,0.,-0.));
#10510 = DEFINITIONAL_REPRESENTATION('',(#10511),#10515);
#10511 = LINE('',#10512,#10513);
#10512 = CARTESIAN_POINT('',(0.,1.));
#10513 = VECTOR('',#10514,1.);
#10514 = DIRECTION('',(1.,0.));
#10515 = ( GEOMETRIC_REPRESENTATION_CONTEXT(2) 
PARAMETRIC_REPRESENTATION_CONTEXT() REPRESENTATION_CONTEXT('2D SPACE',''
  ) );
#10516 = FACE_BOUND('',#10517,.F.);
#10517 = EDGE_LOOP('',(#10518,#10541,#10562,#10583));
#10518 = ORIENTED_EDGE('',*,*,#10519,.T.);
#10519 = EDGE_CURVE('',#10520,#10522,#10524,.T.);
#10520 = VERTEX_POINT('',#10521);
#10521 = CARTESIAN_POINT('',(58.,0.,42.1));
#10522 = VERTEX_POINT('',#10523);
#10523 = CARTESIAN_POINT('',(14.,0.,42.1));
#10524 = SURFACE_CURVE('',#10525,(#10529,#10535),.PCURVE_S1.);
#10525 = LINE('',#10526,#10527);
#10526 = CARTESIAN_POINT('',(-69.6,0.,42.1));
#10527 = VECTOR('',#10528,1.);
#10528 = DIRECTION('',(-1.,-0.,0.));
#10529 = PCURVE('',#6836,#10530);
#10530 = DEFINITIONAL_REPRESENTATION('',(#10531),#10534);
#10531 = B_SPLINE_CURVE_WITH_KNOTS('',1,(#10532,#10533),.UNSPECIFIED.,
  .F.,.F.,(2,2),(-127.6,-83.6),.PIECEWISE_BEZIER_KNOTS.);
#10532 = CARTESIAN_POINT('',(211.2,118.4));
#10533 = CARTESIAN_POINT('',(167.2,118.4));
#10534 = ( GEOMETRIC_REPRESENTATION_CONTEXT(2) 
PARAMETRIC_REPRESENTATION_CONTEXT() REPRESENTATION_CONTEXT('2D SPACE',''
  ) );
#10535 = PCURVE('',#8239,#10536);
#10536 = DEFINITIONAL_REPRESENTATION('',(#10537),#10540);
#10537 = B_SPLINE_CURVE_WITH_KNOTS('',1,(#10538,#10539),.UNSPECIFIED.,
  .F.,.F.,(2,2),(-127.6,-83.6),.PIECEWISE_BEZIER_KNOTS.);
#10538 = CARTESIAN_POINT('',(1.,44.));
#10539 = CARTESIAN_POINT('',(1.,0.));
#10540 = ( GEOMETRIC_REPRESENTATION_CONTEXT(2) 
PARAMETRIC_REPRESENTATION_CONTEXT() REPRESENTATION_CONTEXT('2D SPACE',''
  ) );
#10541 = ORIENTED_EDGE('',*,*,#10542,.T.);
#10542 = EDGE_CURVE('',#10522,#10543,#10545,.T.);
#10543 = VERTEX_POINT('',#10544);
#10544 = CARTESIAN_POINT('',(14.,4.,42.1));
#10545 = SURFACE_CURVE('',#10546,(#10550,#10556),.PCURVE_S1.);
#10546 = LINE('',#10547,#10548);
#10547 = CARTESIAN_POINT('',(14.,-59.2,42.1));
#10548 = VECTOR('',#10549,1.);
#10549 = DIRECTION('',(-0.,1.,0.));
#10550 = PCURVE('',#6836,#10551);
#10551 = DEFINITIONAL_REPRESENTATION('',(#10552),#10555);
#10552 = B_SPLINE_CURVE_WITH_KNOTS('',1,(#10553,#10554),.UNSPECIFIED.,
  .F.,.F.,(2,2),(59.2,63.2),.PIECEWISE_BEZIER_KNOTS.);
#10553 = CARTESIAN_POINT('',(167.2,118.4));
#10554 = CARTESIAN_POINT('',(167.2,122.4));
#10555 = ( GEOMETRIC_REPRESENTATION_CONTEXT(2) 
PARAMETRIC_REPRESENTATION_CONTEXT() REPRESENTATION_CONTEXT('2D SPACE',''
  ) );
#10556 = PCURVE('',#8265,#10557);
#10557 = DEFINITIONAL_REPRESENTATION('',(#10558),#10561);
#10558 = B_SPLINE_CURVE_WITH_KNOTS('',1,(#10559,#10560),.UNSPECIFIED.,
  .F.,.F.,(2,2),(59.2,63.2),.PIECEWISE_BEZIER_KNOTS.);
#10559 = CARTESIAN_POINT('',(1.,0.));
#10560 = CARTESIAN_POINT('',(1.,-4.));
#10561 = ( GEOMETRIC_REPRESENTATION_CONTEXT(2) 
PARAMETRIC_REPRESENTATION_CONTEXT() REPRESENTATION_CONTEXT('2D SPACE',''
  ) );
#10562 = ORIENTED_EDGE('',*,*,#10563,.F.);
#10563 = EDGE_CURVE('',#10564,#10543,#10566,.T.);
#10564 = VERTEX_POINT('',#10565);
#10565 = CARTESIAN_POINT('',(58.,4.,42.1));
#10566 = SURFACE_CURVE('',#10567,(#10571,#10577),.PCURVE_S1.);
#10567 = LINE('',#10568,#10569);
#10568 = CARTESIAN_POINT('',(-69.6,4.,42.1));
#10569 = VECTOR('',#10570,1.);
#10570 = DIRECTION('',(-1.,-0.,0.));
#10571 = PCURVE('',#6836,#10572);
#10572 = DEFINITIONAL_REPRESENTATION('',(#10573),#10576);
#10573 = B_SPLINE_CURVE_WITH_KNOTS('',1,(#10574,#10575),.UNSPECIFIED.,
  .F.,.F.,(2,2),(-127.6,-83.6),.PIECEWISE_BEZIER_KNOTS.);
#10574 = CARTESIAN_POINT('',(211.2,122.4));
#10575 = CARTESIAN_POINT('',(167.2,122.4));
#10576 = ( GEOMETRIC_REPRESENTATION_CONTEXT(2) 
PARAMETRIC_REPRESENTATION_CONTEXT() REPRESENTATION_CONTEXT('2D SPACE',''
  ) );
#10577 = PCURVE('',#8291,#10578);
#10578 = DEFINITIONAL_REPRESENTATION('',(#10579),#10582);
#10579 = B_SPLINE_CURVE_WITH_KNOTS('',1,(#10580,#10581),.UNSPECIFIED.,
  .F.,.F.,(2,2),(-127.6,-83.6),.PIECEWISE_BEZIER_KNOTS.);
#10580 = CARTESIAN_POINT('',(1.,44.));
#10581 = CARTESIAN_POINT('',(1.,0.));
#10582 = ( GEOMETRIC_REPRESENTATION_CONTEXT(2) 
PARAMETRIC_REPRESENTATION_CONTEXT() REPRESENTATION_CONTEXT('2D SPACE',''
  ) );
#10583 = ORIENTED_EDGE('',*,*,#10584,.F.);
#10584 = EDGE_CURVE('',#10520,#10564,#10585,.T.);
#10585 = SURFACE_CURVE('',#10586,(#10590,#10596),.PCURVE_S1.);
#10586 = LINE('',#10587,#10588);
#10587 = CARTESIAN_POINT('',(58.,-59.2,42.1));
#10588 = VECTOR('',#10589,1.);
#10589 = DIRECTION('',(-0.,1.,0.));
#10590 = PCURVE('',#6836,#10591);
#10591 = DEFINITIONAL_REPRESENTATION('',(#10592),#10595);
#10592 = B_SPLINE_CURVE_WITH_KNOTS('',1,(#10593,#10594),.UNSPECIFIED.,
  .F.,.F.,(2,2),(59.2,63.2),.PIECEWISE_BEZIER_KNOTS.);
#10593 = CARTESIAN_POINT('',(211.2,118.4));
#10594 = CARTESIAN_POINT('',(211.2,122.4));
#10595 = ( GEOMETRIC_REPRESENTATION_CONTEXT(2) 
PARAMETRIC_REPRESENTATION_CONTEXT() REPRESENTATION_CONTEXT('2D SPACE',''
  ) );
#10596 = PCURVE('',#8315,#10597);
#10597 = DEFINITIONAL_REPRESENTATION('',(#10598),#10601);
#10598 = B_SPLINE_CURVE_WITH_KNOTS('',1,(#10599,#10600),.UNSPECIFIED.,
  .F.,.F.,(2,2),(59.2,63.2),.PIECEWISE_BEZIER_KNOTS.);
#10599 = CARTESIAN_POINT('',(1.,0.));
#10600 = CARTESIAN_POINT('',(1.,-4.));
#10601 = ( GEOMETRIC_REPRESENTATION_CONTEXT(2) 
PARAMETRIC_REPRESENTATION_CONTEXT() REPRESENTATION_CONTEXT('2D SPACE',''
  ) );
#10602 = FACE_BOUND('',#10603,.F.);
#10603 = EDGE_LOOP('',(#10604,#10627,#10648,#10669));
#10604 = ORIENTED_EDGE('',*,*,#10605,.T.);
#10605 = EDGE_CURVE('',#10606,#10608,#10610,.T.);
#10606 = VERTEX_POINT('',#10607);
#10607 = CARTESIAN_POINT('',(58.,10.,42.1));
#10608 = VERTEX_POINT('',#10609);
#10609 = CARTESIAN_POINT('',(14.,10.,42.1));
#10610 = SURFACE_CURVE('',#10611,(#10615,#10621),.PCURVE_S1.);
#10611 = LINE('',#10612,#10613);
#10612 = CARTESIAN_POINT('',(-69.6,10.,42.1));
#10613 = VECTOR('',#10614,1.);
#10614 = DIRECTION('',(-1.,-0.,0.));
#10615 = PCURVE('',#6836,#10616);
#10616 = DEFINITIONAL_REPRESENTATION('',(#10617),#10620);
#10617 = B_SPLINE_CURVE_WITH_KNOTS('',1,(#10618,#10619),.UNSPECIFIED.,
  .F.,.F.,(2,2),(-127.6,-83.6),.PIECEWISE_BEZIER_KNOTS.);
#10618 = CARTESIAN_POINT('',(211.2,128.4));
#10619 = CARTESIAN_POINT('',(167.2,128.4));
#10620 = ( GEOMETRIC_REPRESENTATION_CONTEXT(2) 
PARAMETRIC_REPRESENTATION_CONTEXT() REPRESENTATION_CONTEXT('2D SPACE',''
  ) );
#10621 = PCURVE('',#8345,#10622);
#10622 = DEFINITIONAL_REPRESENTATION('',(#10623),#10626);
#10623 = B_SPLINE_CURVE_WITH_KNOTS('',1,(#10624,#10625),.UNSPECIFIED.,
  .F.,.F.,(2,2),(-127.6,-83.6),.PIECEWISE_BEZIER_KNOTS.);
#10624 = CARTESIAN_POINT('',(1.,44.));
#10625 = CARTESIAN_POINT('',(1.,0.));
#10626 = ( GEOMETRIC_REPRESENTATION_CONTEXT(2) 
PARAMETRIC_REPRESENTATION_CONTEXT() REPRESENTATION_CONTEXT('2D SPACE',''
  ) );
#10627 = ORIENTED_EDGE('',*,*,#10628,.T.);
#10628 = EDGE_CURVE('',#10608,#10629,#10631,.T.);
#10629 = VERTEX_POINT('',#10630);
#10630 = CARTESIAN_POINT('',(14.,14.,42.1));
#10631 = SURFACE_CURVE('',#10632,(#10636,#10642),.PCURVE_S1.);
#10632 = LINE('',#10633,#10634);
#10633 = CARTESIAN_POINT('',(14.,-54.2,42.1));
#10634 = VECTOR('',#10635,1.);
#10635 = DIRECTION('',(-0.,1.,0.));
#10636 = PCURVE('',#6836,#10637);
#10637 = DEFINITIONAL_REPRESENTATION('',(#10638),#10641);
#10638 = B_SPLINE_CURVE_WITH_KNOTS('',1,(#10639,#10640),.UNSPECIFIED.,
  .F.,.F.,(2,2),(64.2,68.2),.PIECEWISE_BEZIER_KNOTS.);
#10639 = CARTESIAN_POINT('',(167.2,128.4));
#10640 = CARTESIAN_POINT('',(167.2,132.4));
#10641 = ( GEOMETRIC_REPRESENTATION_CONTEXT(2) 
PARAMETRIC_REPRESENTATION_CONTEXT() REPRESENTATION_CONTEXT('2D SPACE',''
  ) );
#10642 = PCURVE('',#8371,#10643);
#10643 = DEFINITIONAL_REPRESENTATION('',(#10644),#10647);
#10644 = B_SPLINE_CURVE_WITH_KNOTS('',1,(#10645,#10646),.UNSPECIFIED.,
  .F.,.F.,(2,2),(64.2,68.2),.PIECEWISE_BEZIER_KNOTS.);
#10645 = CARTESIAN_POINT('',(1.,0.));
#10646 = CARTESIAN_POINT('',(1.,-4.));
#10647 = ( GEOMETRIC_REPRESENTATION_CONTEXT(2) 
PARAMETRIC_REPRESENTATION_CONTEXT() REPRESENTATION_CONTEXT('2D SPACE',''
  ) );
#10648 = ORIENTED_EDGE('',*,*,#10649,.F.);
#10649 = EDGE_CURVE('',#10650,#10629,#10652,.T.);
#10650 = VERTEX_POINT('',#10651);
#10651 = CARTESIAN_POINT('',(58.,14.,42.1));
#10652 = SURFACE_CURVE('',#10653,(#10657,#10663),.PCURVE_S1.);
#10653 = LINE('',#10654,#10655);
#10654 = CARTESIAN_POINT('',(-69.6,14.,42.1));
#10655 = VECTOR('',#10656,1.);
#10656 = DIRECTION('',(-1.,-0.,0.));
#10657 = PCURVE('',#6836,#10658);
#10658 = DEFINITIONAL_REPRESENTATION('',(#10659),#10662);
#10659 = B_SPLINE_CURVE_WITH_KNOTS('',1,(#10660,#10661),.UNSPECIFIED.,
  .F.,.F.,(2,2),(-127.6,-83.6),.PIECEWISE_BEZIER_KNOTS.);
#10660 = CARTESIAN_POINT('',(211.2,132.4));
#10661 = CARTESIAN_POINT('',(167.2,132.4));
#10662 = ( GEOMETRIC_REPRESENTATION_CONTEXT(2) 
PARAMETRIC_REPRESENTATION_CONTEXT() REPRESENTATION_CONTEXT('2D SPACE',''
  ) );
#10663 = PCURVE('',#8397,#10664);
#10664 = DEFINITIONAL_REPRESENTATION('',(#10665),#10668);
#10665 = B_SPLINE_CURVE_WITH_KNOTS('',1,(#10666,#10667),.UNSPECIFIED.,
  .F.,.F.,(2,2),(-127.6,-83.6),.PIECEWISE_BEZIER_KNOTS.);
#10666 = CARTESIAN_POINT('',(1.,44.));
#10667 = CARTESIAN_POINT('',(1.,0.));
#10668 = ( GEOMETRIC_REPRESENTATION_CONTEXT(2) 
PARAMETRIC_REPRESENTATION_CONTEXT() REPRESENTATION_CONTEXT('2D SPACE',''
  ) );
#10669 = ORIENTED_EDGE('',*,*,#10670,.F.);
#10670 = EDGE_CURVE('',#10606,#10650,#10671,.T.);
#10671 = SURFACE_CURVE('',#10672,(#10676,#10682),.PCURVE_S1.);
#10672 = LINE('',#10673,#10674);
#10673 = CARTESIAN_POINT('',(58.,-54.2,42.1));
#10674 = VECTOR('',#10675,1.);
#10675 = DIRECTION('',(-0.,1.,0.));
#10676 = PCURVE('',#6836,#10677);
#10677 = DEFINITIONAL_REPRESENTATION('',(#10678),#10681);
#10678 = B_SPLINE_CURVE_WITH_KNOTS('',1,(#10679,#10680),.UNSPECIFIED.,
  .F.,.F.,(2,2),(64.2,68.2),.PIECEWISE_BEZIER_KNOTS.);
#10679 = CARTESIAN_POINT('',(211.2,128.4));
#10680 = CARTESIAN_POINT('',(211.2,132.4));
#10681 = ( GEOMETRIC_REPRESENTATION_CONTEXT(2) 
PARAMETRIC_REPRESENTATION_CONTEXT() REPRESENTATION_CONTEXT('2D SPACE',''
  ) );
#10682 = PCURVE('',#8421,#10683);
#10683 = DEFINITIONAL_REPRESENTATION('',(#10684),#10687);
#10684 = B_SPLINE_CURVE_WITH_KNOTS('',1,(#10685,#10686),.UNSPECIFIED.,
  .F.,.F.,(2,2),(64.2,68.2),.PIECEWISE_BEZIER_KNOTS.);
#10685 = CARTESIAN_POINT('',(1.,0.));
#10686 = CARTESIAN_POINT('',(1.,-4.));
#10687 = ( GEOMETRIC_REPRESENTATION_CONTEXT(2) 
PARAMETRIC_REPRESENTATION_CONTEXT() REPRESENTATION_CONTEXT('2D SPACE',''
  ) );
#10688 = FACE_BOUND('',#10689,.F.);
#10689 = EDGE_LOOP('',(#10690,#10713,#10734,#10755));
#10690 = ORIENTED_EDGE('',*,*,#10691,.T.);
#10691 = EDGE_CURVE('',#10692,#10694,#10696,.T.);
#10692 = VERTEX_POINT('',#10693);
#10693 = CARTESIAN_POINT('',(58.,20.,42.1));
#10694 = VERTEX_POINT('',#10695);
#10695 = CARTESIAN_POINT('',(14.,20.,42.1));
#10696 = SURFACE_CURVE('',#10697,(#10701,#10707),.PCURVE_S1.);
#10697 = LINE('',#10698,#10699);
#10698 = CARTESIAN_POINT('',(-69.6,20.,42.1));
#10699 = VECTOR('',#10700,1.);
#10700 = DIRECTION('',(-1.,-0.,0.));
#10701 = PCURVE('',#6836,#10702);
#10702 = DEFINITIONAL_REPRESENTATION('',(#10703),#10706);
#10703 = B_SPLINE_CURVE_WITH_KNOTS('',1,(#10704,#10705),.UNSPECIFIED.,
  .F.,.F.,(2,2),(-127.6,-83.6),.PIECEWISE_BEZIER_KNOTS.);
#10704 = CARTESIAN_POINT('',(211.2,138.4));
#10705 = CARTESIAN_POINT('',(167.2,138.4));
#10706 = ( GEOMETRIC_REPRESENTATION_CONTEXT(2) 
PARAMETRIC_REPRESENTATION_CONTEXT() REPRESENTATION_CONTEXT('2D SPACE',''
  ) );
#10707 = PCURVE('',#8451,#10708);
#10708 = DEFINITIONAL_REPRESENTATION('',(#10709),#10712);
#10709 = B_SPLINE_CURVE_WITH_KNOTS('',1,(#10710,#10711),.UNSPECIFIED.,
  .F.,.F.,(2,2),(-127.6,-83.6),.PIECEWISE_BEZIER_KNOTS.);
#10710 = CARTESIAN_POINT('',(1.,44.));
#10711 = CARTESIAN_POINT('',(1.,0.));
#10712 = ( GEOMETRIC_REPRESENTATION_CONTEXT(2) 
PARAMETRIC_REPRESENTATION_CONTEXT() REPRESENTATION_CONTEXT('2D SPACE',''
  ) );
#10713 = ORIENTED_EDGE('',*,*,#10714,.T.);
#10714 = EDGE_CURVE('',#10694,#10715,#10717,.T.);
#10715 = VERTEX_POINT('',#10716);
#10716 = CARTESIAN_POINT('',(14.,24.,42.1));
#10717 = SURFACE_CURVE('',#10718,(#10722,#10728),.PCURVE_S1.);
#10718 = LINE('',#10719,#10720);
#10719 = CARTESIAN_POINT('',(14.,-49.2,42.1));
#10720 = VECTOR('',#10721,1.);
#10721 = DIRECTION('',(-0.,1.,0.));
#10722 = PCURVE('',#6836,#10723);
#10723 = DEFINITIONAL_REPRESENTATION('',(#10724),#10727);
#10724 = B_SPLINE_CURVE_WITH_KNOTS('',1,(#10725,#10726),.UNSPECIFIED.,
  .F.,.F.,(2,2),(69.2,73.2),.PIECEWISE_BEZIER_KNOTS.);
#10725 = CARTESIAN_POINT('',(167.2,138.4));
#10726 = CARTESIAN_POINT('',(167.2,142.4));
#10727 = ( GEOMETRIC_REPRESENTATION_CONTEXT(2) 
PARAMETRIC_REPRESENTATION_CONTEXT() REPRESENTATION_CONTEXT('2D SPACE',''
  ) );
#10728 = PCURVE('',#8477,#10729);
#10729 = DEFINITIONAL_REPRESENTATION('',(#10730),#10733);
#10730 = B_SPLINE_CURVE_WITH_KNOTS('',1,(#10731,#10732),.UNSPECIFIED.,
  .F.,.F.,(2,2),(69.2,73.2),.PIECEWISE_BEZIER_KNOTS.);
#10731 = CARTESIAN_POINT('',(1.,0.));
#10732 = CARTESIAN_POINT('',(1.,-4.));
#10733 = ( GEOMETRIC_REPRESENTATION_CONTEXT(2) 
PARAMETRIC_REPRESENTATION_CONTEXT() REPRESENTATION_CONTEXT('2D SPACE',''
  ) );
#10734 = ORIENTED_EDGE('',*,*,#10735,.F.);
#10735 = EDGE_CURVE('',#10736,#10715,#10738,.T.);
#10736 = VERTEX_POINT('',#10737);
#10737 = CARTESIAN_POINT('',(58.,24.,42.1));
#10738 = SURFACE_CURVE('',#10739,(#10743,#10749),.PCURVE_S1.);
#10739 = LINE('',#10740,#10741);
#10740 = CARTESIAN_POINT('',(-69.6,24.,42.1));
#10741 = VECTOR('',#10742,1.);
#10742 = DIRECTION('',(-1.,-0.,0.));
#10743 = PCURVE('',#6836,#10744);
#10744 = DEFINITIONAL_REPRESENTATION('',(#10745),#10748);
#10745 = B_SPLINE_CURVE_WITH_KNOTS('',1,(#10746,#10747),.UNSPECIFIED.,
  .F.,.F.,(2,2),(-127.6,-83.6),.PIECEWISE_BEZIER_KNOTS.);
#10746 = CARTESIAN_POINT('',(211.2,142.4));
#10747 = CARTESIAN_POINT('',(167.2,142.4));
#10748 = ( GEOMETRIC_REPRESENTATION_CONTEXT(2) 
PARAMETRIC_REPRESENTATION_CONTEXT() REPRESENTATION_CONTEXT('2D SPACE',''
  ) );
#10749 = PCURVE('',#8503,#10750);
#10750 = DEFINITIONAL_REPRESENTATION('',(#10751),#10754);
#10751 = B_SPLINE_CURVE_WITH_KNOTS('',1,(#10752,#10753),.UNSPECIFIED.,
  .F.,.F.,(2,2),(-127.6,-83.6),.PIECEWISE_BEZIER_KNOTS.);
#10752 = CARTESIAN_POINT('',(1.,44.));
#10753 = CARTESIAN_POINT('',(1.,0.));
#10754 = ( GEOMETRIC_REPRESENTATION_CONTEXT(2) 
PARAMETRIC_REPRESENTATION_CONTEXT() REPRESENTATION_CONTEXT('2D SPACE',''
  ) );
#10755 = ORIENTED_EDGE('',*,*,#10756,.F.);
#10756 = EDGE_CURVE('',#10692,#10736,#10757,.T.);
#10757 = SURFACE_CURVE('',#10758,(#10762,#10768),.PCURVE_S1.);
#10758 = LINE('',#10759,#10760);
#10759 = CARTESIAN_POINT('',(58.,-49.2,42.1));
#10760 = VECTOR('',#10761,1.);
#10761 = DIRECTION('',(-0.,1.,0.));
#10762 = PCURVE('',#6836,#10763);
#10763 = DEFINITIONAL_REPRESENTATION('',(#10764),#10767);
#10764 = B_SPLINE_CURVE_WITH_KNOTS('',1,(#10765,#10766),.UNSPECIFIED.,
  .F.,.F.,(2,2),(69.2,73.2),.PIECEWISE_BEZIER_KNOTS.);
#10765 = CARTESIAN_POINT('',(211.2,138.4));
#10766 = CARTESIAN_POINT('',(211.2,142.4));
#10767 = ( GEOMETRIC_REPRESENTATION_CONTEXT(2) 
PARAMETRIC_REPRESENTATION_CONTEXT() REPRESENTATION_CONTEXT('2D SPACE',''
  ) );
#10768 = PCURVE('',#8527,#10769);
#10769 = DEFINITIONAL_REPRESENTATION('',(#10770),#10773);
#10770 = B_SPLINE_CURVE_WITH_KNOTS('',1,(#10771,#10772),.UNSPECIFIED.,
  .F.,.F.,(2,2),(69.2,73.2),.PIECEWISE_BEZIER_KNOTS.);
#10771 = CARTESIAN_POINT('',(1.,0.));
#10772 = CARTESIAN_POINT('',(1.,-4.));
#10773 = ( GEOMETRIC_REPRESENTATION_CONTEXT(2) 
PARAMETRIC_REPRESENTATION_CONTEXT() REPRESENTATION_CONTEXT('2D SPACE',''
  ) );
#10774 = FACE_BOUND('',#10775,.F.);
#10775 = EDGE_LOOP('',(#10776,#10799,#10820,#10841));
#10776 = ORIENTED_EDGE('',*,*,#10777,.T.);
#10777 = EDGE_CURVE('',#10778,#10780,#10782,.T.);
#10778 = VERTEX_POINT('',#10779);
#10779 = CARTESIAN_POINT('',(58.,30.,42.1));
#10780 = VERTEX_POINT('',#10781);
#10781 = CARTESIAN_POINT('',(14.,30.,42.1));
#10782 = SURFACE_CURVE('',#10783,(#10787,#10793),.PCURVE_S1.);
#10783 = LINE('',#10784,#10785);
#10784 = CARTESIAN_POINT('',(-69.6,30.,42.1));
#10785 = VECTOR('',#10786,1.);
#10786 = DIRECTION('',(-1.,-0.,0.));
#10787 = PCURVE('',#6836,#10788);
#10788 = DEFINITIONAL_REPRESENTATION('',(#10789),#10792);
#10789 = B_SPLINE_CURVE_WITH_KNOTS('',1,(#10790,#10791),.UNSPECIFIED.,
  .F.,.F.,(2,2),(-127.6,-83.6),.PIECEWISE_BEZIER_KNOTS.);
#10790 = CARTESIAN_POINT('',(211.2,148.4));
#10791 = CARTESIAN_POINT('',(167.2,148.4));
#10792 = ( GEOMETRIC_REPRESENTATION_CONTEXT(2) 
PARAMETRIC_REPRESENTATION_CONTEXT() REPRESENTATION_CONTEXT('2D SPACE',''
  ) );
#10793 = PCURVE('',#8557,#10794);
#10794 = DEFINITIONAL_REPRESENTATION('',(#10795),#10798);
#10795 = B_SPLINE_CURVE_WITH_KNOTS('',1,(#10796,#10797),.UNSPECIFIED.,
  .F.,.F.,(2,2),(-127.6,-83.6),.PIECEWISE_BEZIER_KNOTS.);
#10796 = CARTESIAN_POINT('',(1.,44.));
#10797 = CARTESIAN_POINT('',(1.,0.));
#10798 = ( GEOMETRIC_REPRESENTATION_CONTEXT(2) 
PARAMETRIC_REPRESENTATION_CONTEXT() REPRESENTATION_CONTEXT('2D SPACE',''
  ) );
#10799 = ORIENTED_EDGE('',*,*,#10800,.T.);
#10800 = EDGE_CURVE('',#10780,#10801,#10803,.T.);
#10801 = VERTEX_POINT('',#10802);
#10802 = CARTESIAN_POINT('',(14.,34.,42.1));
#10803 = SURFACE_CURVE('',#10804,(#10808,#10814),.PCURVE_S1.);
#10804 = LINE('',#10805,#10806);
#10805 = CARTESIAN_POINT('',(14.,-44.2,42.1));
#10806 = VECTOR('',#10807,1.);
#10807 = DIRECTION('',(-0.,1.,0.));
#10808 = PCURVE('',#6836,#10809);
#10809 = DEFINITIONAL_REPRESENTATION('',(#10810),#10813);
#10810 = B_SPLINE_CURVE_WITH_KNOTS('',1,(#10811,#10812),.UNSPECIFIED.,
  .F.,.F.,(2,2),(74.2,78.2),.PIECEWISE_BEZIER_KNOTS.);
#10811 = CARTESIAN_POINT('',(167.2,148.4));
#10812 = CARTESIAN_POINT('',(167.2,152.4));
#10813 = ( GEOMETRIC_REPRESENTATION_CONTEXT(2) 
PARAMETRIC_REPRESENTATION_CONTEXT() REPRESENTATION_CONTEXT('2D SPACE',''
  ) );
#10814 = PCURVE('',#8583,#10815);
#10815 = DEFINITIONAL_REPRESENTATION('',(#10816),#10819);
#10816 = B_SPLINE_CURVE_WITH_KNOTS('',1,(#10817,#10818),.UNSPECIFIED.,
  .F.,.F.,(2,2),(74.2,78.2),.PIECEWISE_BEZIER_KNOTS.);
#10817 = CARTESIAN_POINT('',(1.,0.));
#10818 = CARTESIAN_POINT('',(1.,-4.));
#10819 = ( GEOMETRIC_REPRESENTATION_CONTEXT(2) 
PARAMETRIC_REPRESENTATION_CONTEXT() REPRESENTATION_CONTEXT('2D SPACE',''
  ) );
#10820 = ORIENTED_EDGE('',*,*,#10821,.F.);
#10821 = EDGE_CURVE('',#10822,#10801,#10824,.T.);
#10822 = VERTEX_POINT('',#10823);
#10823 = CARTESIAN_POINT('',(58.,34.,42.1));
#10824 = SURFACE_CURVE('',#10825,(#10829,#10835),.PCURVE_S1.);
#10825 = LINE('',#10826,#10827);
#10826 = CARTESIAN_POINT('',(-69.6,34.,42.1));
#10827 = VECTOR('',#10828,1.);
#10828 = DIRECTION('',(-1.,-0.,0.));
#10829 = PCURVE('',#6836,#10830);
#10830 = DEFINITIONAL_REPRESENTATION('',(#10831),#10834);
#10831 = B_SPLINE_CURVE_WITH_KNOTS('',1,(#10832,#10833),.UNSPECIFIED.,
  .F.,.F.,(2,2),(-127.6,-83.6),.PIECEWISE_BEZIER_KNOTS.);
#10832 = CARTESIAN_POINT('',(211.2,152.4));
#10833 = CARTESIAN_POINT('',(167.2,152.4));
#10834 = ( GEOMETRIC_REPRESENTATION_CONTEXT(2) 
PARAMETRIC_REPRESENTATION_CONTEXT() REPRESENTATION_CONTEXT('2D SPACE',''
  ) );
#10835 = PCURVE('',#8609,#10836);
#10836 = DEFINITIONAL_REPRESENTATION('',(#10837),#10840);
#10837 = B_SPLINE_CURVE_WITH_KNOTS('',1,(#10838,#10839),.UNSPECIFIED.,
  .F.,.F.,(2,2),(-127.6,-83.6),.PIECEWISE_BEZIER_KNOTS.);
#10838 = CARTESIAN_POINT('',(1.,44.));
#10839 = CARTESIAN_POINT('',(1.,0.));
#10840 = ( GEOMETRIC_REPRESENTATION_CONTEXT(2) 
PARAMETRIC_REPRESENTATION_CONTEXT() REPRESENTATION_CONTEXT('2D SPACE',''
  ) );
#10841 = ORIENTED_EDGE('',*,*,#10842,.F.);
#10842 = EDGE_CURVE('',#10778,#10822,#10843,.T.);
#10843 = SURFACE_CURVE('',#10844,(#10848,#10854),.PCURVE_S1.);
#10844 = LINE('',#10845,#10846);
#10845 = CARTESIAN_POINT('',(58.,-44.2,42.1));
#10846 = VECTOR('',#10847,1.);
#10847 = DIRECTION('',(-0.,1.,0.));
#10848 = PCURVE('',#6836,#10849);
#10849 = DEFINITIONAL_REPRESENTATION('',(#10850),#10853);
#10850 = B_SPLINE_CURVE_WITH_KNOTS('',1,(#10851,#10852),.UNSPECIFIED.,
  .F.,.F.,(2,2),(74.2,78.2),.PIECEWISE_BEZIER_KNOTS.);
#10851 = CARTESIAN_POINT('',(211.2,148.4));
#10852 = CARTESIAN_POINT('',(211.2,152.4));
#10853 = ( GEOMETRIC_REPRESENTATION_CONTEXT(2) 
PARAMETRIC_REPRESENTATION_CONTEXT() REPRESENTATION_CONTEXT('2D SPACE',''
  ) );
#10854 = PCURVE('',#8633,#10855);
#10855 = DEFINITIONAL_REPRESENTATION('',(#10856),#10859);
#10856 = B_SPLINE_CURVE_WITH_KNOTS('',1,(#10857,#10858),.UNSPECIFIED.,
  .F.,.F.,(2,2),(74.2,78.2),.PIECEWISE_BEZIER_KNOTS.);
#10857 = CARTESIAN_POINT('',(1.,0.));
#10858 = CARTESIAN_POINT('',(1.,-4.));
#10859 = ( GEOMETRIC_REPRESENTATION_CONTEXT(2) 
PARAMETRIC_REPRESENTATION_CONTEXT() REPRESENTATION_CONTEXT('2D SPACE',''
  ) );
#10860 = FACE_BOUND('',#10861,.F.);
#10861 = EDGE_LOOP('',(#10862,#10885,#10906,#10927));
#10862 = ORIENTED_EDGE('',*,*,#10863,.T.);
#10863 = EDGE_CURVE('',#10864,#10866,#10868,.T.);
#10864 = VERTEX_POINT('',#10865);
#10865 = CARTESIAN_POINT('',(58.,40.,42.1));
#10866 = VERTEX_POINT('',#10867);
#10867 = CARTESIAN_POINT('',(14.,40.,42.1));
#10868 = SURFACE_CURVE('',#10869,(#10873,#10879),.PCURVE_S1.);
#10869 = LINE('',#10870,#10871);
#10870 = CARTESIAN_POINT('',(-69.6,40.,42.1));
#10871 = VECTOR('',#10872,1.);
#10872 = DIRECTION('',(-1.,-0.,0.));
#10873 = PCURVE('',#6836,#10874);
#10874 = DEFINITIONAL_REPRESENTATION('',(#10875),#10878);
#10875 = B_SPLINE_CURVE_WITH_KNOTS('',1,(#10876,#10877),.UNSPECIFIED.,
  .F.,.F.,(2,2),(-127.6,-83.6),.PIECEWISE_BEZIER_KNOTS.);
#10876 = CARTESIAN_POINT('',(211.2,158.4));
#10877 = CARTESIAN_POINT('',(167.2,158.4));
#10878 = ( GEOMETRIC_REPRESENTATION_CONTEXT(2) 
PARAMETRIC_REPRESENTATION_CONTEXT() REPRESENTATION_CONTEXT('2D SPACE',''
  ) );
#10879 = PCURVE('',#8663,#10880);
#10880 = DEFINITIONAL_REPRESENTATION('',(#10881),#10884);
#10881 = B_SPLINE_CURVE_WITH_KNOTS('',1,(#10882,#10883),.UNSPECIFIED.,
  .F.,.F.,(2,2),(-127.6,-83.6),.PIECEWISE_BEZIER_KNOTS.);
#10882 = CARTESIAN_POINT('',(1.,44.));
#10883 = CARTESIAN_POINT('',(1.,0.));
#10884 = ( GEOMETRIC_REPRESENTATION_CONTEXT(2) 
PARAMETRIC_REPRESENTATION_CONTEXT() REPRESENTATION_CONTEXT('2D SPACE',''
  ) );
#10885 = ORIENTED_EDGE('',*,*,#10886,.T.);
#10886 = EDGE_CURVE('',#10866,#10887,#10889,.T.);
#10887 = VERTEX_POINT('',#10888);
#10888 = CARTESIAN_POINT('',(14.,44.,42.1));
#10889 = SURFACE_CURVE('',#10890,(#10894,#10900),.PCURVE_S1.);
#10890 = LINE('',#10891,#10892);
#10891 = CARTESIAN_POINT('',(14.,-39.2,42.1));
#10892 = VECTOR('',#10893,1.);
#10893 = DIRECTION('',(-0.,1.,0.));
#10894 = PCURVE('',#6836,#10895);
#10895 = DEFINITIONAL_REPRESENTATION('',(#10896),#10899);
#10896 = B_SPLINE_CURVE_WITH_KNOTS('',1,(#10897,#10898),.UNSPECIFIED.,
  .F.,.F.,(2,2),(79.2,83.2),.PIECEWISE_BEZIER_KNOTS.);
#10897 = CARTESIAN_POINT('',(167.2,158.4));
#10898 = CARTESIAN_POINT('',(167.2,162.4));
#10899 = ( GEOMETRIC_REPRESENTATION_CONTEXT(2) 
PARAMETRIC_REPRESENTATION_CONTEXT() REPRESENTATION_CONTEXT('2D SPACE',''
  ) );
#10900 = PCURVE('',#8689,#10901);
#10901 = DEFINITIONAL_REPRESENTATION('',(#10902),#10905);
#10902 = B_SPLINE_CURVE_WITH_KNOTS('',1,(#10903,#10904),.UNSPECIFIED.,
  .F.,.F.,(2,2),(79.2,83.2),.PIECEWISE_BEZIER_KNOTS.);
#10903 = CARTESIAN_POINT('',(1.,0.));
#10904 = CARTESIAN_POINT('',(1.,-4.));
#10905 = ( GEOMETRIC_REPRESENTATION_CONTEXT(2) 
PARAMETRIC_REPRESENTATION_CONTEXT() REPRESENTATION_CONTEXT('2D SPACE',''
  ) );
#10906 = ORIENTED_EDGE('',*,*,#10907,.F.);
#10907 = EDGE_CURVE('',#10908,#10887,#10910,.T.);
#10908 = VERTEX_POINT('',#10909);
#10909 = CARTESIAN_POINT('',(58.,44.,42.1));
#10910 = SURFACE_CURVE('',#10911,(#10915,#10921),.PCURVE_S1.);
#10911 = LINE('',#10912,#10913);
#10912 = CARTESIAN_POINT('',(-69.6,44.,42.1));
#10913 = VECTOR('',#10914,1.);
#10914 = DIRECTION('',(-1.,-0.,0.));
#10915 = PCURVE('',#6836,#10916);
#10916 = DEFINITIONAL_REPRESENTATION('',(#10917),#10920);
#10917 = B_SPLINE_CURVE_WITH_KNOTS('',1,(#10918,#10919),.UNSPECIFIED.,
  .F.,.F.,(2,2),(-127.6,-83.6),.PIECEWISE_BEZIER_KNOTS.);
#10918 = CARTESIAN_POINT('',(211.2,162.4));
#10919 = CARTESIAN_POINT('',(167.2,162.4));
#10920 = ( GEOMETRIC_REPRESENTATION_CONTEXT(2) 
PARAMETRIC_REPRESENTATION_CONTEXT() REPRESENTATION_CONTEXT('2D SPACE',''
  ) );
#10921 = PCURVE('',#8715,#10922);
#10922 = DEFINITIONAL_REPRESENTATION('',(#10923),#10926);
#10923 = B_SPLINE_CURVE_WITH_KNOTS('',1,(#10924,#10925),.UNSPECIFIED.,
  .F.,.F.,(2,2),(-127.6,-83.6),.PIECEWISE_BEZIER_KNOTS.);
#10924 = CARTESIAN_POINT('',(1.,44.));
#10925 = CARTESIAN_POINT('',(1.,0.));
#10926 = ( GEOMETRIC_REPRESENTATION_CONTEXT(2) 
PARAMETRIC_REPRESENTATION_CONTEXT() REPRESENTATION_CONTEXT('2D SPACE',''
  ) );
#10927 = ORIENTED_EDGE('',*,*,#10928,.F.);
#10928 = EDGE_CURVE('',#10864,#10908,#10929,.T.);
#10929 = SURFACE_CURVE('',#10930,(#10934,#10940),.PCURVE_S1.);
#10930 = LINE('',#10931,#10932);
#10931 = CARTESIAN_POINT('',(58.,-39.2,42.1));
#10932 = VECTOR('',#10933,1.);
#10933 = DIRECTION('',(-0.,1.,0.));
#10934 = PCURVE('',#6836,#10935);
#10935 = DEFINITIONAL_REPRESENTATION('',(#10936),#10939);
#10936 = B_SPLINE_CURVE_WITH_KNOTS('',1,(#10937,#10938),.UNSPECIFIED.,
  .F.,.F.,(2,2),(79.2,83.2),.PIECEWISE_BEZIER_KNOTS.);
#10937 = CARTESIAN_POINT('',(211.2,158.4));
#10938 = CARTESIAN_POINT('',(211.2,162.4));
#10939 = ( GEOMETRIC_REPRESENTATION_CONTEXT(2) 
PARAMETRIC_REPRESENTATION_CONTEXT() REPRESENTATION_CONTEXT('2D SPACE',''
  ) );
#10940 = PCURVE('',#8739,#10941);
#10941 = DEFINITIONAL_REPRESENTATION('',(#10942),#10945);
#10942 = B_SPLINE_CURVE_WITH_KNOTS('',1,(#10943,#10944),.UNSPECIFIED.,
  .F.,.F.,(2,2),(79.2,83.2),.PIECEWISE_BEZIER_KNOTS.);
#10943 = CARTESIAN_POINT('',(1.,0.));
#10944 = CARTESIAN_POINT('',(1.,-4.));
#10945 = ( GEOMETRIC_REPRESENTATION_CONTEXT(2) 
PARAMETRIC_REPRESENTATION_CONTEXT() REPRESENTATION_CONTEXT('2D SPACE',''
  ) );
#10946 = FACE_BOUND('',#10947,.F.);
#10947 = EDGE_LOOP('',(#10948));
#10948 = ORIENTED_EDGE('',*,*,#10949,.F.);
#10949 = EDGE_CURVE('',#10950,#10950,#10952,.T.);
#10950 = VERTEX_POINT('',#10951);
#10951 = CARTESIAN_POINT('',(145.,-9.797174393179E-16,42.1));
#10952 = SURFACE_CURVE('',#10953,(#10958,#10965),.PCURVE_S1.);
#10953 = CIRCLE('',#10954,4.);
#10954 = AXIS2_PLACEMENT_3D('',#10955,#10956,#10957);
#10955 = CARTESIAN_POINT('',(141.,0.,42.1));
#10956 = DIRECTION('',(0.,0.,1.));
#10957 = DIRECTION('',(1.,0.,-0.));
#10958 = PCURVE('',#6836,#10959);
#10959 = DEFINITIONAL_REPRESENTATION('',(#10960),#10964);
#10960 = CIRCLE('',#10961,4.);
#10961 = AXIS2_PLACEMENT_2D('',#10962,#10963);
#10962 = CARTESIAN_POINT('',(294.2,118.4));
#10963 = DIRECTION('',(1.,0.));
#10964 = ( GEOMETRIC_REPRESENTATION_CONTEXT(2) 
PARAMETRIC_REPRESENTATION_CONTEXT() REPRESENTATION_CONTEXT('2D SPACE',''
  ) );
#10965 = PCURVE('',#10966,#10971);
#10966 = CYLINDRICAL_SURFACE('',#10967,4.);
#10967 = AXIS2_PLACEMENT_3D('',#10968,#10969,#10970);
#10968 = CARTESIAN_POINT('',(141.,0.,9.2));
#10969 = DIRECTION('',(0.,0.,1.));
#10970 = DIRECTION('',(1.,0.,-0.));
#10971 = DEFINITIONAL_REPRESENTATION('',(#10972),#10976);
#10972 = LINE('',#10973,#10974);
#10973 = CARTESIAN_POINT('',(0.,32.9));
#10974 = VECTOR('',#10975,1.);
#10975 = DIRECTION('',(1.,0.));
#10976 = ( GEOMETRIC_REPRESENTATION_CONTEXT(2) 
PARAMETRIC_REPRESENTATION_CONTEXT() REPRESENTATION_CONTEXT('2D SPACE',''
  ) );
#10977 = FACE_BOUND('',#10978,.F.);
#10978 = EDGE_LOOP('',(#10979));
#10979 = ORIENTED_EDGE('',*,*,#10980,.F.);
#10980 = EDGE_CURVE('',#10981,#10981,#10983,.T.);
#10981 = VERTEX_POINT('',#10982);
#10982 = CARTESIAN_POINT('',(151.1,-4.163799117101E-16,42.1));
#10983 = SURFACE_CURVE('',#10984,(#10989,#10996),.PCURVE_S1.);
#10984 = CIRCLE('',#10985,1.7);
#10985 = AXIS2_PLACEMENT_3D('',#10986,#10987,#10988);
#10986 = CARTESIAN_POINT('',(149.4,0.,42.1));
#10987 = DIRECTION('',(0.,0.,1.));
#10988 = DIRECTION('',(1.,0.,-0.));
#10989 = PCURVE('',#6836,#10990);
#10990 = DEFINITIONAL_REPRESENTATION('',(#10991),#10995);
#10991 = CIRCLE('',#10992,1.7);
#10992 = AXIS2_PLACEMENT_2D('',#10993,#10994);
#10993 = CARTESIAN_POINT('',(302.6,118.4));
#10994 = DIRECTION('',(1.,0.));
#10995 = ( GEOMETRIC_REPRESENTATION_CONTEXT(2) 
PARAMETRIC_REPRESENTATION_CONTEXT() REPRESENTATION_CONTEXT('2D SPACE',''
  ) );
#10996 = PCURVE('',#10997,#11002);
#10997 = CYLINDRICAL_SURFACE('',#10998,1.7);
#10998 = AXIS2_PLACEMENT_3D('',#10999,#11000,#11001);
#10999 = CARTESIAN_POINT('',(149.4,0.,41.1));
#11000 = DIRECTION('',(0.,0.,1.));
#11001 = DIRECTION('',(1.,0.,-0.));
#11002 = DEFINITIONAL_REPRESENTATION('',(#11003),#11007);
#11003 = LINE('',#11004,#11005);
#11004 = CARTESIAN_POINT('',(0.,1.));
#11005 = VECTOR('',#11006,1.);
#11006 = DIRECTION('',(1.,0.));
#11007 = ( GEOMETRIC_REPRESENTATION_CONTEXT(2) 
PARAMETRIC_REPRESENTATION_CONTEXT() REPRESENTATION_CONTEXT('2D SPACE',''
  ) );
#11008 = FACE_BOUND('',#11009,.F.);
#11009 = EDGE_LOOP('',(#11010,#11038,#11064,#11090));
#11010 = ORIENTED_EDGE('',*,*,#11011,.T.);
#11011 = EDGE_CURVE('',#11012,#11014,#11016,.T.);
#11012 = VERTEX_POINT('',#11013);
#11013 = CARTESIAN_POINT('',(98.,35.,42.1));
#11014 = VERTEX_POINT('',#11015);
#11015 = CARTESIAN_POINT('',(72.,35.,42.1));
#11016 = SURFACE_CURVE('',#11017,(#11021,#11027),.PCURVE_S1.);
#11017 = LINE('',#11018,#11019);
#11018 = CARTESIAN_POINT('',(-40.6,35.,42.1));
#11019 = VECTOR('',#11020,1.);
#11020 = DIRECTION('',(-1.,0.,0.));
#11021 = PCURVE('',#6836,#11022);
#11022 = DEFINITIONAL_REPRESENTATION('',(#11023),#11026);
#11023 = B_SPLINE_CURVE_WITH_KNOTS('',1,(#11024,#11025),.UNSPECIFIED.,
  .F.,.F.,(2,2),(-138.6,-112.6),.PIECEWISE_BEZIER_KNOTS.);
#11024 = CARTESIAN_POINT('',(251.2,153.4));
#11025 = CARTESIAN_POINT('',(225.2,153.4));
#11026 = ( GEOMETRIC_REPRESENTATION_CONTEXT(2) 
PARAMETRIC_REPRESENTATION_CONTEXT() REPRESENTATION_CONTEXT('2D SPACE',''
  ) );
#11027 = PCURVE('',#11028,#11033);
#11028 = PLANE('',#11029);
#11029 = AXIS2_PLACEMENT_3D('',#11030,#11031,#11032);
#11030 = CARTESIAN_POINT('',(72.,35.,38.5));
#11031 = DIRECTION('',(0.,1.,0.));
#11032 = DIRECTION('',(0.,0.,1.));
#11033 = DEFINITIONAL_REPRESENTATION('',(#11034),#11037);
#11034 = B_SPLINE_CURVE_WITH_KNOTS('',1,(#11035,#11036),.UNSPECIFIED.,
  .F.,.F.,(2,2),(-138.6,-112.6),.PIECEWISE_BEZIER_KNOTS.);
#11035 = CARTESIAN_POINT('',(3.6,26.));
#11036 = CARTESIAN_POINT('',(3.6,0.));
#11037 = ( GEOMETRIC_REPRESENTATION_CONTEXT(2) 
PARAMETRIC_REPRESENTATION_CONTEXT() REPRESENTATION_CONTEXT('2D SPACE',''
  ) );
#11038 = ORIENTED_EDGE('',*,*,#11039,.T.);
#11039 = EDGE_CURVE('',#11014,#11040,#11042,.T.);
#11040 = VERTEX_POINT('',#11041);
#11041 = CARTESIAN_POINT('',(72.,75.,42.1));
#11042 = SURFACE_CURVE('',#11043,(#11047,#11053),.PCURVE_S1.);
#11043 = LINE('',#11044,#11045);
#11044 = CARTESIAN_POINT('',(72.,-41.7,42.1));
#11045 = VECTOR('',#11046,1.);
#11046 = DIRECTION('',(0.,1.,0.));
#11047 = PCURVE('',#6836,#11048);
#11048 = DEFINITIONAL_REPRESENTATION('',(#11049),#11052);
#11049 = B_SPLINE_CURVE_WITH_KNOTS('',1,(#11050,#11051),.UNSPECIFIED.,
  .F.,.F.,(2,2),(76.7,116.7),.PIECEWISE_BEZIER_KNOTS.);
#11050 = CARTESIAN_POINT('',(225.2,153.4));
#11051 = CARTESIAN_POINT('',(225.2,193.4));
#11052 = ( GEOMETRIC_REPRESENTATION_CONTEXT(2) 
PARAMETRIC_REPRESENTATION_CONTEXT() REPRESENTATION_CONTEXT('2D SPACE',''
  ) );
#11053 = PCURVE('',#11054,#11059);
#11054 = PLANE('',#11055);
#11055 = AXIS2_PLACEMENT_3D('',#11056,#11057,#11058);
#11056 = CARTESIAN_POINT('',(72.,35.,38.5));
#11057 = DIRECTION('',(1.,0.,0.));
#11058 = DIRECTION('',(0.,0.,1.));
#11059 = DEFINITIONAL_REPRESENTATION('',(#11060),#11063);
#11060 = B_SPLINE_CURVE_WITH_KNOTS('',1,(#11061,#11062),.UNSPECIFIED.,
  .F.,.F.,(2,2),(76.7,116.7),.PIECEWISE_BEZIER_KNOTS.);
#11061 = CARTESIAN_POINT('',(3.6,0.));
#11062 = CARTESIAN_POINT('',(3.6,-40.));
#11063 = ( GEOMETRIC_REPRESENTATION_CONTEXT(2) 
PARAMETRIC_REPRESENTATION_CONTEXT() REPRESENTATION_CONTEXT('2D SPACE',''
  ) );
#11064 = ORIENTED_EDGE('',*,*,#11065,.F.);
#11065 = EDGE_CURVE('',#11066,#11040,#11068,.T.);
#11066 = VERTEX_POINT('',#11067);
#11067 = CARTESIAN_POINT('',(98.,75.,42.1));
#11068 = SURFACE_CURVE('',#11069,(#11073,#11079),.PCURVE_S1.);
#11069 = LINE('',#11070,#11071);
#11070 = CARTESIAN_POINT('',(-40.6,75.,42.1));
#11071 = VECTOR('',#11072,1.);
#11072 = DIRECTION('',(-1.,0.,0.));
#11073 = PCURVE('',#6836,#11074);
#11074 = DEFINITIONAL_REPRESENTATION('',(#11075),#11078);
#11075 = B_SPLINE_CURVE_WITH_KNOTS('',1,(#11076,#11077),.UNSPECIFIED.,
  .F.,.F.,(2,2),(-138.6,-112.6),.PIECEWISE_BEZIER_KNOTS.);
#11076 = CARTESIAN_POINT('',(251.2,193.4));
#11077 = CARTESIAN_POINT('',(225.2,193.4));
#11078 = ( GEOMETRIC_REPRESENTATION_CONTEXT(2) 
PARAMETRIC_REPRESENTATION_CONTEXT() REPRESENTATION_CONTEXT('2D SPACE',''
  ) );
#11079 = PCURVE('',#11080,#11085);
#11080 = PLANE('',#11081);
#11081 = AXIS2_PLACEMENT_3D('',#11082,#11083,#11084);
#11082 = CARTESIAN_POINT('',(72.,75.,38.5));
#11083 = DIRECTION('',(0.,1.,0.));
#11084 = DIRECTION('',(0.,0.,1.));
#11085 = DEFINITIONAL_REPRESENTATION('',(#11086),#11089);
#11086 = B_SPLINE_CURVE_WITH_KNOTS('',1,(#11087,#11088),.UNSPECIFIED.,
  .F.,.F.,(2,2),(-138.6,-112.6),.PIECEWISE_BEZIER_KNOTS.);
#11087 = CARTESIAN_POINT('',(3.6,26.));
#11088 = CARTESIAN_POINT('',(3.6,0.));
#11089 = ( GEOMETRIC_REPRESENTATION_CONTEXT(2) 
PARAMETRIC_REPRESENTATION_CONTEXT() REPRESENTATION_CONTEXT('2D SPACE',''
  ) );
#11090 = ORIENTED_EDGE('',*,*,#11091,.F.);
#11091 = EDGE_CURVE('',#11012,#11066,#11092,.T.);
#11092 = SURFACE_CURVE('',#11093,(#11097,#11103),.PCURVE_S1.);
#11093 = LINE('',#11094,#11095);
#11094 = CARTESIAN_POINT('',(98.,-41.7,42.1));
#11095 = VECTOR('',#11096,1.);
#11096 = DIRECTION('',(0.,1.,0.));
#11097 = PCURVE('',#6836,#11098);
#11098 = DEFINITIONAL_REPRESENTATION('',(#11099),#11102);
#11099 = B_SPLINE_CURVE_WITH_KNOTS('',1,(#11100,#11101),.UNSPECIFIED.,
  .F.,.F.,(2,2),(76.7,116.7),.PIECEWISE_BEZIER_KNOTS.);
#11100 = CARTESIAN_POINT('',(251.2,153.4));
#11101 = CARTESIAN_POINT('',(251.2,193.4));
#11102 = ( GEOMETRIC_REPRESENTATION_CONTEXT(2) 
PARAMETRIC_REPRESENTATION_CONTEXT() REPRESENTATION_CONTEXT('2D SPACE',''
  ) );
#11103 = PCURVE('',#11104,#11109);
#11104 = PLANE('',#11105);
#11105 = AXIS2_PLACEMENT_3D('',#11106,#11107,#11108);
#11106 = CARTESIAN_POINT('',(98.,35.,38.5));
#11107 = DIRECTION('',(1.,0.,0.));
#11108 = DIRECTION('',(0.,0.,1.));
#11109 = DEFINITIONAL_REPRESENTATION('',(#11110),#11113);
#11110 = B_SPLINE_CURVE_WITH_KNOTS('',1,(#11111,#11112),.UNSPECIFIED.,
  .F.,.F.,(2,2),(76.7,116.7),.PIECEWISE_BEZIER_KNOTS.);
#11111 = CARTESIAN_POINT('',(3.6,0.));
#11112 = CARTESIAN_POINT('',(3.6,-40.));
#11113 = ( GEOMETRIC_REPRESENTATION_CONTEXT(2) 
PARAMETRIC_REPRESENTATION_CONTEXT() REPRESENTATION_CONTEXT('2D SPACE',''
  ) );
#11114 = FACE_BOUND('',#11115,.F.);
#11115 = EDGE_LOOP('',(#11116));
#11116 = ORIENTED_EDGE('',*,*,#11117,.F.);
#11117 = EDGE_CURVE('',#11118,#11118,#11120,.T.);
#11118 = VERTEX_POINT('',#11119);
#11119 = CARTESIAN_POINT('',(86.7,111.5,42.1));
#11120 = SURFACE_CURVE('',#11121,(#11126,#11133),.PCURVE_S1.);
#11121 = CIRCLE('',#11122,1.7);
#11122 = AXIS2_PLACEMENT_3D('',#11123,#11124,#11125);
#11123 = CARTESIAN_POINT('',(85.,111.5,42.1));
#11124 = DIRECTION('',(0.,0.,1.));
#11125 = DIRECTION('',(1.,0.,-0.));
#11126 = PCURVE('',#6836,#11127);
#11127 = DEFINITIONAL_REPRESENTATION('',(#11128),#11132);
#11128 = CIRCLE('',#11129,1.7);
#11129 = AXIS2_PLACEMENT_2D('',#11130,#11131);
#11130 = CARTESIAN_POINT('',(238.2,229.9));
#11131 = DIRECTION('',(1.,0.));
#11132 = ( GEOMETRIC_REPRESENTATION_CONTEXT(2) 
PARAMETRIC_REPRESENTATION_CONTEXT() REPRESENTATION_CONTEXT('2D SPACE',''
  ) );
#11133 = PCURVE('',#11134,#11139);
#11134 = CYLINDRICAL_SURFACE('',#11135,1.7);
#11135 = AXIS2_PLACEMENT_3D('',#11136,#11137,#11138);
#11136 = CARTESIAN_POINT('',(85.,111.5,41.1));
#11137 = DIRECTION('',(0.,0.,1.));
#11138 = DIRECTION('',(1.,0.,-0.));
#11139 = DEFINITIONAL_REPRESENTATION('',(#11140),#11144);
#11140 = LINE('',#11141,#11142);
#11141 = CARTESIAN_POINT('',(0.,1.));
#11142 = VECTOR('',#11143,1.);
#11143 = DIRECTION('',(1.,0.));
#11144 = ( GEOMETRIC_REPRESENTATION_CONTEXT(2) 
PARAMETRIC_REPRESENTATION_CONTEXT() REPRESENTATION_CONTEXT('2D SPACE',''
  ) );
#11145 = FACE_BOUND('',#11146,.F.);
#11146 = EDGE_LOOP('',(#11147));
#11147 = ORIENTED_EDGE('',*,*,#11148,.F.);
#11148 = EDGE_CURVE('',#11149,#11149,#11151,.T.);
#11149 = VERTEX_POINT('',#11150);
#11150 = CARTESIAN_POINT('',(145.,97.,42.1));
#11151 = SURFACE_CURVE('',#11152,(#11157,#11164),.PCURVE_S1.);
#11152 = CIRCLE('',#11153,4.);
#11153 = AXIS2_PLACEMENT_3D('',#11154,#11155,#11156);
#11154 = CARTESIAN_POINT('',(141.,97.,42.1));
#11155 = DIRECTION('',(0.,0.,1.));
#11156 = DIRECTION('',(1.,0.,-0.));
#11157 = PCURVE('',#6836,#11158);
#11158 = DEFINITIONAL_REPRESENTATION('',(#11159),#11163);
#11159 = CIRCLE('',#11160,4.);
#11160 = AXIS2_PLACEMENT_2D('',#11161,#11162);
#11161 = CARTESIAN_POINT('',(294.2,215.4));
#11162 = DIRECTION('',(1.,0.));
#11163 = ( GEOMETRIC_REPRESENTATION_CONTEXT(2) 
PARAMETRIC_REPRESENTATION_CONTEXT() REPRESENTATION_CONTEXT('2D SPACE',''
  ) );
#11164 = PCURVE('',#11165,#11170);
#11165 = CYLINDRICAL_SURFACE('',#11166,4.);
#11166 = AXIS2_PLACEMENT_3D('',#11167,#11168,#11169);
#11167 = CARTESIAN_POINT('',(141.,97.,9.2));
#11168 = DIRECTION('',(0.,0.,1.));
#11169 = DIRECTION('',(1.,0.,-0.));
#11170 = DEFINITIONAL_REPRESENTATION('',(#11171),#11175);
#11171 = LINE('',#11172,#11173);
#11172 = CARTESIAN_POINT('',(0.,32.9));
#11173 = VECTOR('',#11174,1.);
#11174 = DIRECTION('',(1.,0.));
#11175 = ( GEOMETRIC_REPRESENTATION_CONTEXT(2) 
PARAMETRIC_REPRESENTATION_CONTEXT() REPRESENTATION_CONTEXT('2D SPACE',''
  ) );
#11176 = ADVANCED_FACE('',(#11177),#6965,.T.);
#11177 = FACE_BOUND('',#11178,.T.);
#11178 = EDGE_LOOP('',(#11179,#11200,#11201,#11202));
#11179 = ORIENTED_EDGE('',*,*,#11180,.T.);
#11180 = EDGE_CURVE('',#8982,#7005,#11181,.T.);
#11181 = SURFACE_CURVE('',#11182,(#11186,#11193),.PCURVE_S1.);
#11182 = LINE('',#11183,#11184);
#11183 = CARTESIAN_POINT('',(-22.,-107.4,41.1));
#11184 = VECTOR('',#11185,1.);
#11185 = DIRECTION('',(0.,0.,1.));
#11186 = PCURVE('',#6965,#11187);
#11187 = DEFINITIONAL_REPRESENTATION('',(#11188),#11192);
#11188 = LINE('',#11189,#11190);
#11189 = CARTESIAN_POINT('',(0.,-22.));
#11190 = VECTOR('',#11191,1.);
#11191 = DIRECTION('',(1.,0.));
#11192 = ( GEOMETRIC_REPRESENTATION_CONTEXT(2) 
PARAMETRIC_REPRESENTATION_CONTEXT() REPRESENTATION_CONTEXT('2D SPACE',''
  ) );
#11193 = PCURVE('',#7040,#11194);
#11194 = DEFINITIONAL_REPRESENTATION('',(#11195),#11199);
#11195 = LINE('',#11196,#11197);
#11196 = CARTESIAN_POINT('',(0.,0.));
#11197 = VECTOR('',#11198,1.);
#11198 = DIRECTION('',(1.,0.));
#11199 = ( GEOMETRIC_REPRESENTATION_CONTEXT(2) 
PARAMETRIC_REPRESENTATION_CONTEXT() REPRESENTATION_CONTEXT('2D SPACE',''
  ) );
#11200 = ORIENTED_EDGE('',*,*,#7004,.F.);
#11201 = ORIENTED_EDGE('',*,*,#6952,.T.);
#11202 = ORIENTED_EDGE('',*,*,#8981,.T.);
#11203 = ADVANCED_FACE('',(#11204),#7119,.T.);
#11204 = FACE_BOUND('',#11205,.T.);
#11205 = EDGE_LOOP('',(#11206,#11227,#11228,#11229));
#11206 = ORIENTED_EDGE('',*,*,#11207,.F.);
#11207 = EDGE_CURVE('',#9045,#7078,#11208,.T.);
#11208 = SURFACE_CURVE('',#11209,(#11213,#11220),.PCURVE_S1.);
#11209 = LINE('',#11210,#11211);
#11210 = CARTESIAN_POINT('',(153.2,-118.4,42.1));
#11211 = VECTOR('',#11212,1.);
#11212 = DIRECTION('',(0.,0.,1.));
#11213 = PCURVE('',#7119,#11214);
#11214 = DEFINITIONAL_REPRESENTATION('',(#11215),#11219);
#11215 = LINE('',#11216,#11217);
#11216 = CARTESIAN_POINT('',(0.,0.));
#11217 = VECTOR('',#11218,1.);
#11218 = DIRECTION('',(1.,0.));
#11219 = ( GEOMETRIC_REPRESENTATION_CONTEXT(2) 
PARAMETRIC_REPRESENTATION_CONTEXT() REPRESENTATION_CONTEXT('2D SPACE',''
  ) );
#11220 = PCURVE('',#7093,#11221);
#11221 = DEFINITIONAL_REPRESENTATION('',(#11222),#11226);
#11222 = LINE('',#11223,#11224);
#11223 = CARTESIAN_POINT('',(0.,306.4));
#11224 = VECTOR('',#11225,1.);
#11225 = DIRECTION('',(1.,0.));
#11226 = ( GEOMETRIC_REPRESENTATION_CONTEXT(2) 
PARAMETRIC_REPRESENTATION_CONTEXT() REPRESENTATION_CONTEXT('2D SPACE',''
  ) );
#11227 = ORIENTED_EDGE('',*,*,#9067,.T.);
#11228 = ORIENTED_EDGE('',*,*,#8954,.T.);
#11229 = ORIENTED_EDGE('',*,*,#7105,.F.);
#11230 = ADVANCED_FACE('',(#11231),#7093,.F.);
#11231 = FACE_BOUND('',#11232,.F.);
#11232 = EDGE_LOOP('',(#11233,#11234,#11253,#11254));
#11233 = ORIENTED_EDGE('',*,*,#9044,.F.);
#11234 = ORIENTED_EDGE('',*,*,#11235,.F.);
#11235 = EDGE_CURVE('',#7052,#9024,#11236,.T.);
#11236 = SURFACE_CURVE('',#11237,(#11241,#11247),.PCURVE_S1.);
#11237 = LINE('',#11238,#11239);
#11238 = CARTESIAN_POINT('',(8.,-118.4,41.6));
#11239 = VECTOR('',#11240,1.);
#11240 = DIRECTION('',(-0.,0.,-1.));
#11241 = PCURVE('',#7093,#11242);
#11242 = DEFINITIONAL_REPRESENTATION('',(#11243),#11246);
#11243 = B_SPLINE_CURVE_WITH_KNOTS('',1,(#11244,#11245),.UNSPECIFIED.,
  .F.,.F.,(2,2),(-2.9,-0.5),.PIECEWISE_BEZIER_KNOTS.);
#11244 = CARTESIAN_POINT('',(2.4,161.2));
#11245 = CARTESIAN_POINT('',(0.,161.2));
#11246 = ( GEOMETRIC_REPRESENTATION_CONTEXT(2) 
PARAMETRIC_REPRESENTATION_CONTEXT() REPRESENTATION_CONTEXT('2D SPACE',''
  ) );
#11247 = PCURVE('',#7066,#11248);
#11248 = DEFINITIONAL_REPRESENTATION('',(#11249),#11252);
#11249 = B_SPLINE_CURVE_WITH_KNOTS('',1,(#11250,#11251),.UNSPECIFIED.,
  .F.,.F.,(2,2),(-2.9,-0.5),.PIECEWISE_BEZIER_KNOTS.);
#11250 = CARTESIAN_POINT('',(3.4,-11.));
#11251 = CARTESIAN_POINT('',(1.,-11.));
#11252 = ( GEOMETRIC_REPRESENTATION_CONTEXT(2) 
PARAMETRIC_REPRESENTATION_CONTEXT() REPRESENTATION_CONTEXT('2D SPACE',''
  ) );
#11253 = ORIENTED_EDGE('',*,*,#7077,.T.);
#11254 = ORIENTED_EDGE('',*,*,#11207,.F.);
#11255 = ADVANCED_FACE('',(#11256),#7066,.F.);
#11256 = FACE_BOUND('',#11257,.F.);
#11257 = EDGE_LOOP('',(#11258,#11279,#11280,#11281));
#11258 = ORIENTED_EDGE('',*,*,#11259,.T.);
#11259 = EDGE_CURVE('',#9003,#7026,#11260,.T.);
#11260 = SURFACE_CURVE('',#11261,(#11265,#11272),.PCURVE_S1.);
#11261 = LINE('',#11262,#11263);
#11262 = CARTESIAN_POINT('',(8.,-107.4,41.1));
#11263 = VECTOR('',#11264,1.);
#11264 = DIRECTION('',(0.,0.,1.));
#11265 = PCURVE('',#7066,#11266);
#11266 = DEFINITIONAL_REPRESENTATION('',(#11267),#11271);
#11267 = LINE('',#11268,#11269);
#11268 = CARTESIAN_POINT('',(0.,-22.));
#11269 = VECTOR('',#11270,1.);
#11270 = DIRECTION('',(1.,0.));
#11271 = ( GEOMETRIC_REPRESENTATION_CONTEXT(2) 
PARAMETRIC_REPRESENTATION_CONTEXT() REPRESENTATION_CONTEXT('2D SPACE',''
  ) );
#11272 = PCURVE('',#7040,#11273);
#11273 = DEFINITIONAL_REPRESENTATION('',(#11274),#11278);
#11274 = LINE('',#11275,#11276);
#11275 = CARTESIAN_POINT('',(0.,30.));
#11276 = VECTOR('',#11277,1.);
#11277 = DIRECTION('',(1.,0.));
#11278 = ( GEOMETRIC_REPRESENTATION_CONTEXT(2) 
PARAMETRIC_REPRESENTATION_CONTEXT() REPRESENTATION_CONTEXT('2D SPACE',''
  ) );
#11279 = ORIENTED_EDGE('',*,*,#7051,.F.);
#11280 = ORIENTED_EDGE('',*,*,#11235,.T.);
#11281 = ORIENTED_EDGE('',*,*,#9023,.T.);
#11282 = ADVANCED_FACE('',(#11283),#7040,.F.);
#11283 = FACE_BOUND('',#11284,.F.);
#11284 = EDGE_LOOP('',(#11285,#11286,#11287,#11288));
#11285 = ORIENTED_EDGE('',*,*,#11259,.F.);
#11286 = ORIENTED_EDGE('',*,*,#9002,.T.);
#11287 = ORIENTED_EDGE('',*,*,#11180,.T.);
#11288 = ORIENTED_EDGE('',*,*,#7025,.F.);
#11289 = ADVANCED_FACE('',(#11290),#7150,.F.);
#11290 = FACE_BOUND('',#11291,.F.);
#11291 = EDGE_LOOP('',(#11292,#11293,#11316,#11338));
#11292 = ORIENTED_EDGE('',*,*,#7133,.F.);
#11293 = ORIENTED_EDGE('',*,*,#11294,.F.);
#11294 = EDGE_CURVE('',#11295,#7134,#11297,.T.);
#11295 = VERTEX_POINT('',#11296);
#11296 = CARTESIAN_POINT('',(-83.3,-111.5,43.1));
#11297 = SEAM_CURVE('',#11298,(#11302,#11309),.PCURVE_S1.);
#11298 = LINE('',#11299,#11300);
#11299 = CARTESIAN_POINT('',(-83.3,-111.5,43.1));
#11300 = VECTOR('',#11301,1.);
#11301 = DIRECTION('',(0.707106781187,-1.731912112471E-16,0.707106781187
    ));
#11302 = PCURVE('',#7150,#11303);
#11303 = DEFINITIONAL_REPRESENTATION('',(#11304),#11308);
#11304 = LINE('',#11305,#11306);
#11305 = CARTESIAN_POINT('',(6.28318530718,-0.));
#11306 = VECTOR('',#11307,1.);
#11307 = DIRECTION('',(0.,1.));
#11308 = ( GEOMETRIC_REPRESENTATION_CONTEXT(2) 
PARAMETRIC_REPRESENTATION_CONTEXT() REPRESENTATION_CONTEXT('2D SPACE',''
  ) );
#11309 = PCURVE('',#7150,#11310);
#11310 = DEFINITIONAL_REPRESENTATION('',(#11311),#11315);
#11311 = LINE('',#11312,#11313);
#11312 = CARTESIAN_POINT('',(0.,-0.));
#11313 = VECTOR('',#11314,1.);
#11314 = DIRECTION('',(0.,1.));
#11315 = ( GEOMETRIC_REPRESENTATION_CONTEXT(2) 
PARAMETRIC_REPRESENTATION_CONTEXT() REPRESENTATION_CONTEXT('2D SPACE',''
  ) );
#11316 = ORIENTED_EDGE('',*,*,#11317,.T.);
#11317 = EDGE_CURVE('',#11295,#11295,#11318,.T.);
#11318 = SURFACE_CURVE('',#11319,(#11324,#11331),.PCURVE_S1.);
#11319 = CIRCLE('',#11320,1.7);
#11320 = AXIS2_PLACEMENT_3D('',#11321,#11322,#11323);
#11321 = CARTESIAN_POINT('',(-85.,-111.5,43.1));
#11322 = DIRECTION('',(0.,0.,1.));
#11323 = DIRECTION('',(1.,0.,-0.));
#11324 = PCURVE('',#7150,#11325);
#11325 = DEFINITIONAL_REPRESENTATION('',(#11326),#11330);
#11326 = LINE('',#11327,#11328);
#11327 = CARTESIAN_POINT('',(0.,0.));
#11328 = VECTOR('',#11329,1.);
#11329 = DIRECTION('',(1.,0.));
#11330 = ( GEOMETRIC_REPRESENTATION_CONTEXT(2) 
PARAMETRIC_REPRESENTATION_CONTEXT() REPRESENTATION_CONTEXT('2D SPACE',''
  ) );
#11331 = PCURVE('',#9138,#11332);
#11332 = DEFINITIONAL_REPRESENTATION('',(#11333),#11337);
#11333 = LINE('',#11334,#11335);
#11334 = CARTESIAN_POINT('',(0.,2.));
#11335 = VECTOR('',#11336,1.);
#11336 = DIRECTION('',(1.,0.));
#11337 = ( GEOMETRIC_REPRESENTATION_CONTEXT(2) 
PARAMETRIC_REPRESENTATION_CONTEXT() REPRESENTATION_CONTEXT('2D SPACE',''
  ) );
#11338 = ORIENTED_EDGE('',*,*,#11294,.T.);
#11339 = ADVANCED_FACE('',(#11340),#7181,.F.);
#11340 = FACE_BOUND('',#11341,.F.);
#11341 = EDGE_LOOP('',(#11342,#11343,#11366,#11388));
#11342 = ORIENTED_EDGE('',*,*,#7164,.F.);
#11343 = ORIENTED_EDGE('',*,*,#11344,.F.);
#11344 = EDGE_CURVE('',#11345,#7165,#11347,.T.);
#11345 = VERTEX_POINT('',#11346);
#11346 = CARTESIAN_POINT('',(-43.3,-111.5,43.1));
#11347 = SEAM_CURVE('',#11348,(#11352,#11359),.PCURVE_S1.);
#11348 = LINE('',#11349,#11350);
#11349 = CARTESIAN_POINT('',(-43.3,-111.5,43.1));
#11350 = VECTOR('',#11351,1.);
#11351 = DIRECTION('',(0.707106781187,-1.731912112471E-16,0.707106781187
    ));
#11352 = PCURVE('',#7181,#11353);
#11353 = DEFINITIONAL_REPRESENTATION('',(#11354),#11358);
#11354 = LINE('',#11355,#11356);
#11355 = CARTESIAN_POINT('',(6.28318530718,-0.));
#11356 = VECTOR('',#11357,1.);
#11357 = DIRECTION('',(0.,1.));
#11358 = ( GEOMETRIC_REPRESENTATION_CONTEXT(2) 
PARAMETRIC_REPRESENTATION_CONTEXT() REPRESENTATION_CONTEXT('2D SPACE',''
  ) );
#11359 = PCURVE('',#7181,#11360);
#11360 = DEFINITIONAL_REPRESENTATION('',(#11361),#11365);
#11361 = LINE('',#11362,#11363);
#11362 = CARTESIAN_POINT('',(0.,-0.));
#11363 = VECTOR('',#11364,1.);
#11364 = DIRECTION('',(0.,1.));
#11365 = ( GEOMETRIC_REPRESENTATION_CONTEXT(2) 
PARAMETRIC_REPRESENTATION_CONTEXT() REPRESENTATION_CONTEXT('2D SPACE',''
  ) );
#11366 = ORIENTED_EDGE('',*,*,#11367,.T.);
#11367 = EDGE_CURVE('',#11345,#11345,#11368,.T.);
#11368 = SURFACE_CURVE('',#11369,(#11374,#11381),.PCURVE_S1.);
#11369 = CIRCLE('',#11370,1.7);
#11370 = AXIS2_PLACEMENT_3D('',#11371,#11372,#11373);
#11371 = CARTESIAN_POINT('',(-45.,-111.5,43.1));
#11372 = DIRECTION('',(0.,0.,1.));
#11373 = DIRECTION('',(1.,0.,-0.));
#11374 = PCURVE('',#7181,#11375);
#11375 = DEFINITIONAL_REPRESENTATION('',(#11376),#11380);
#11376 = LINE('',#11377,#11378);
#11377 = CARTESIAN_POINT('',(0.,0.));
#11378 = VECTOR('',#11379,1.);
#11379 = DIRECTION('',(1.,0.));
#11380 = ( GEOMETRIC_REPRESENTATION_CONTEXT(2) 
PARAMETRIC_REPRESENTATION_CONTEXT() REPRESENTATION_CONTEXT('2D SPACE',''
  ) );
#11381 = PCURVE('',#9169,#11382);
#11382 = DEFINITIONAL_REPRESENTATION('',(#11383),#11387);
#11383 = LINE('',#11384,#11385);
#11384 = CARTESIAN_POINT('',(0.,2.));
#11385 = VECTOR('',#11386,1.);
#11386 = DIRECTION('',(1.,0.));
#11387 = ( GEOMETRIC_REPRESENTATION_CONTEXT(2) 
PARAMETRIC_REPRESENTATION_CONTEXT() REPRESENTATION_CONTEXT('2D SPACE',''
  ) );
#11388 = ORIENTED_EDGE('',*,*,#11344,.T.);
#11389 = ADVANCED_FACE('',(#11390),#7218,.F.);
#11390 = FACE_BOUND('',#11391,.F.);
#11391 = EDGE_LOOP('',(#11392,#11413,#11414,#11435,#11464,#11493,#11519,
    #11552,#11578,#11607));
#11392 = ORIENTED_EDGE('',*,*,#11393,.T.);
#11393 = EDGE_CURVE('',#11394,#7196,#11396,.T.);
#11394 = VERTEX_POINT('',#11395);
#11395 = CARTESIAN_POINT('',(-50.96112639464,-87.5,42.3));
#11396 = SURFACE_CURVE('',#11397,(#11401,#11407),.PCURVE_S1.);
#11397 = LINE('',#11398,#11399);
#11398 = CARTESIAN_POINT('',(-50.96112639464,-87.5,37.5));
#11399 = VECTOR('',#11400,1.);
#11400 = DIRECTION('',(0.,0.,1.));
#11401 = PCURVE('',#7218,#11402);
#11402 = DEFINITIONAL_REPRESENTATION('',(#11403),#11406);
#11403 = B_SPLINE_CURVE_WITH_KNOTS('',1,(#11404,#11405),.UNSPECIFIED.,
  .F.,.F.,(2,2),(1.,7.),.PIECEWISE_BEZIER_KNOTS.);
#11404 = CARTESIAN_POINT('',(7.299719799522,1.));
#11405 = CARTESIAN_POINT('',(7.299719799522,7.));
#11406 = ( GEOMETRIC_REPRESENTATION_CONTEXT(2) 
PARAMETRIC_REPRESENTATION_CONTEXT() REPRESENTATION_CONTEXT('2D SPACE',''
  ) );
#11407 = PCURVE('',#7296,#11408);
#11408 = DEFINITIONAL_REPRESENTATION('',(#11409),#11412);
#11409 = B_SPLINE_CURVE_WITH_KNOTS('',1,(#11410,#11411),.UNSPECIFIED.,
  .F.,.F.,(2,2),(0.9999994,7.0000006),.PIECEWISE_BEZIER_KNOTS.);
#11410 = CARTESIAN_POINT('',(0.9999994,-4.288873605351));
#11411 = CARTESIAN_POINT('',(7.0000006,-4.288873605351));
#11412 = ( GEOMETRIC_REPRESENTATION_CONTEXT(2) 
PARAMETRIC_REPRESENTATION_CONTEXT() REPRESENTATION_CONTEXT('2D SPACE',''
  ) );
#11413 = ORIENTED_EDGE('',*,*,#7195,.T.);
#11414 = ORIENTED_EDGE('',*,*,#11415,.F.);
#11415 = EDGE_CURVE('',#11416,#7198,#11418,.T.);
#11416 = VERTEX_POINT('',#11417);
#11417 = CARTESIAN_POINT('',(-50.96112639464,-82.5,42.3));
#11418 = SURFACE_CURVE('',#11419,(#11423,#11429),.PCURVE_S1.);
#11419 = LINE('',#11420,#11421);
#11420 = CARTESIAN_POINT('',(-50.96112639464,-82.5,37.5));
#11421 = VECTOR('',#11422,1.);
#11422 = DIRECTION('',(0.,0.,1.));
#11423 = PCURVE('',#7218,#11424);
#11424 = DEFINITIONAL_REPRESENTATION('',(#11425),#11428);
#11425 = B_SPLINE_CURVE_WITH_KNOTS('',1,(#11426,#11427),.UNSPECIFIED.,
  .F.,.F.,(2,2),(1.,7.),.PIECEWISE_BEZIER_KNOTS.);
#11426 = CARTESIAN_POINT('',(2.125058161247,1.));
#11427 = CARTESIAN_POINT('',(2.125058161247,7.));
#11428 = ( GEOMETRIC_REPRESENTATION_CONTEXT(2) 
PARAMETRIC_REPRESENTATION_CONTEXT() REPRESENTATION_CONTEXT('2D SPACE',''
  ) );
#11429 = PCURVE('',#7245,#11430);
#11430 = DEFINITIONAL_REPRESENTATION('',(#11431),#11434);
#11431 = B_SPLINE_CURVE_WITH_KNOTS('',1,(#11432,#11433),.UNSPECIFIED.,
  .F.,.F.,(2,2),(0.9999994,7.0000006),.PIECEWISE_BEZIER_KNOTS.);
#11432 = CARTESIAN_POINT('',(0.9999994,-4.288873605351));
#11433 = CARTESIAN_POINT('',(7.0000006,-4.288873605351));
#11434 = ( GEOMETRIC_REPRESENTATION_CONTEXT(2) 
PARAMETRIC_REPRESENTATION_CONTEXT() REPRESENTATION_CONTEXT('2D SPACE',''
  ) );
#11435 = ORIENTED_EDGE('',*,*,#11436,.T.);
#11436 = EDGE_CURVE('',#11416,#11437,#11439,.T.);
#11437 = VERTEX_POINT('',#11438);
#11438 = CARTESIAN_POINT('',(-55.,-80.25,42.3));
#11439 = SURFACE_CURVE('',#11440,(#11445,#11452),.PCURVE_S1.);
#11440 = CIRCLE('',#11441,4.75);
#11441 = AXIS2_PLACEMENT_3D('',#11442,#11443,#11444);
#11442 = CARTESIAN_POINT('',(-55.,-85.,42.3));
#11443 = DIRECTION('',(0.,0.,1.));
#11444 = DIRECTION('',(2.22044604925E-16,-1.,0.));
#11445 = PCURVE('',#7218,#11446);
#11446 = DEFINITIONAL_REPRESENTATION('',(#11447),#11451);
#11447 = LINE('',#11448,#11449);
#11448 = CARTESIAN_POINT('',(0.,4.8));
#11449 = VECTOR('',#11450,1.);
#11450 = DIRECTION('',(1.,0.));
#11451 = ( GEOMETRIC_REPRESENTATION_CONTEXT(2) 
PARAMETRIC_REPRESENTATION_CONTEXT() REPRESENTATION_CONTEXT('2D SPACE',''
  ) );
#11452 = PCURVE('',#11453,#11458);
#11453 = PLANE('',#11454);
#11454 = AXIS2_PLACEMENT_3D('',#11455,#11456,#11457);
#11455 = CARTESIAN_POINT('',(-55.25,-80.25,42.3));
#11456 = DIRECTION('',(0.,0.,1.));
#11457 = DIRECTION('',(2.22044604925E-16,-1.,0.));
#11458 = DEFINITIONAL_REPRESENTATION('',(#11459),#11463);
#11459 = CIRCLE('',#11460,4.75);
#11460 = AXIS2_PLACEMENT_2D('',#11461,#11462);
#11461 = CARTESIAN_POINT('',(4.75,0.25));
#11462 = DIRECTION('',(1.,0.));
#11463 = ( GEOMETRIC_REPRESENTATION_CONTEXT(2) 
PARAMETRIC_REPRESENTATION_CONTEXT() REPRESENTATION_CONTEXT('2D SPACE',''
  ) );
#11464 = ORIENTED_EDGE('',*,*,#11465,.T.);
#11465 = EDGE_CURVE('',#11437,#11466,#11468,.T.);
#11466 = VERTEX_POINT('',#11467);
#11467 = CARTESIAN_POINT('',(-55.25,-80.25658350974,42.3));
#11468 = SURFACE_CURVE('',#11469,(#11474,#11481),.PCURVE_S1.);
#11469 = CIRCLE('',#11470,4.75);
#11470 = AXIS2_PLACEMENT_3D('',#11471,#11472,#11473);
#11471 = CARTESIAN_POINT('',(-55.,-85.,42.3));
#11472 = DIRECTION('',(0.,0.,1.));
#11473 = DIRECTION('',(2.22044604925E-16,-1.,0.));
#11474 = PCURVE('',#7218,#11475);
#11475 = DEFINITIONAL_REPRESENTATION('',(#11476),#11480);
#11476 = LINE('',#11477,#11478);
#11477 = CARTESIAN_POINT('',(0.,4.8));
#11478 = VECTOR('',#11479,1.);
#11479 = DIRECTION('',(1.,0.));
#11480 = ( GEOMETRIC_REPRESENTATION_CONTEXT(2) 
PARAMETRIC_REPRESENTATION_CONTEXT() REPRESENTATION_CONTEXT('2D SPACE',''
  ) );
#11481 = PCURVE('',#11482,#11487);
#11482 = PLANE('',#11483);
#11483 = AXIS2_PLACEMENT_3D('',#11484,#11485,#11486);
#11484 = CARTESIAN_POINT('',(-55.25,-80.25,42.3));
#11485 = DIRECTION('',(0.,0.,1.));
#11486 = DIRECTION('',(2.22044604925E-16,-1.,0.));
#11487 = DEFINITIONAL_REPRESENTATION('',(#11488),#11492);
#11488 = CIRCLE('',#11489,4.75);
#11489 = AXIS2_PLACEMENT_2D('',#11490,#11491);
#11490 = CARTESIAN_POINT('',(4.75,0.25));
#11491 = DIRECTION('',(1.,0.));
#11492 = ( GEOMETRIC_REPRESENTATION_CONTEXT(2) 
PARAMETRIC_REPRESENTATION_CONTEXT() REPRESENTATION_CONTEXT('2D SPACE',''
  ) );
#11493 = ORIENTED_EDGE('',*,*,#11494,.F.);
#11494 = EDGE_CURVE('',#11495,#11466,#11497,.T.);
#11495 = VERTEX_POINT('',#11496);
#11496 = CARTESIAN_POINT('',(-55.25,-80.25658350974,38.5));
#11497 = SURFACE_CURVE('',#11498,(#11502,#11508),.PCURVE_S1.);
#11498 = LINE('',#11499,#11500);
#11499 = CARTESIAN_POINT('',(-55.25,-80.25658350974,37.5));
#11500 = VECTOR('',#11501,1.);
#11501 = DIRECTION('',(0.,0.,1.));
#11502 = PCURVE('',#7218,#11503);
#11503 = DEFINITIONAL_REPRESENTATION('',(#11504),#11507);
#11504 = B_SPLINE_CURVE_WITH_KNOTS('',1,(#11505,#11506),.UNSPECIFIED.,
  .F.,.F.,(2,2),(0.9999994,5.28),.PIECEWISE_BEZIER_KNOTS.);
#11505 = CARTESIAN_POINT('',(3.194248561851,0.9999994));
#11506 = CARTESIAN_POINT('',(3.194248561851,5.28));
#11507 = ( GEOMETRIC_REPRESENTATION_CONTEXT(2) 
PARAMETRIC_REPRESENTATION_CONTEXT() REPRESENTATION_CONTEXT('2D SPACE',''
  ) );
#11508 = PCURVE('',#11509,#11514);
#11509 = PLANE('',#11510);
#11510 = AXIS2_PLACEMENT_3D('',#11511,#11512,#11513);
#11511 = CARTESIAN_POINT('',(-55.25,-80.25,37.5));
#11512 = DIRECTION('',(1.,2.22044604925E-16,0.));
#11513 = DIRECTION('',(0.,0.,1.));
#11514 = DEFINITIONAL_REPRESENTATION('',(#11515),#11518);
#11515 = B_SPLINE_CURVE_WITH_KNOTS('',1,(#11516,#11517),.UNSPECIFIED.,
  .F.,.F.,(2,2),(0.9999994,5.28),.PIECEWISE_BEZIER_KNOTS.);
#11516 = CARTESIAN_POINT('',(0.9999994,6.583509747429E-03));
#11517 = CARTESIAN_POINT('',(5.28,6.583509747429E-03));
#11518 = ( GEOMETRIC_REPRESENTATION_CONTEXT(2) 
PARAMETRIC_REPRESENTATION_CONTEXT() REPRESENTATION_CONTEXT('2D SPACE',''
  ) );
#11519 = ORIENTED_EDGE('',*,*,#11520,.F.);
#11520 = EDGE_CURVE('',#11521,#11495,#11523,.T.);
#11521 = VERTEX_POINT('',#11522);
#11522 = CARTESIAN_POINT('',(-55.25,-89.74341649025,38.5));
#11523 = SURFACE_CURVE('',#11524,(#11529,#11536),.PCURVE_S1.);
#11524 = CIRCLE('',#11525,4.75);
#11525 = AXIS2_PLACEMENT_3D('',#11526,#11527,#11528);
#11526 = CARTESIAN_POINT('',(-55.,-85.,38.5));
#11527 = DIRECTION('',(0.,0.,-1.));
#11528 = DIRECTION('',(0.850289180074,-0.526315789474,0.));
#11529 = PCURVE('',#7218,#11530);
#11530 = DEFINITIONAL_REPRESENTATION('',(#11531),#11535);
#11531 = LINE('',#11532,#11533);
#11532 = CARTESIAN_POINT('',(7.299719799522,1.));
#11533 = VECTOR('',#11534,1.);
#11534 = DIRECTION('',(-1.,-0.));
#11535 = ( GEOMETRIC_REPRESENTATION_CONTEXT(2) 
PARAMETRIC_REPRESENTATION_CONTEXT() REPRESENTATION_CONTEXT('2D SPACE',''
  ) );
#11536 = PCURVE('',#11537,#11542);
#11537 = PLANE('',#11538);
#11538 = AXIS2_PLACEMENT_3D('',#11539,#11540,#11541);
#11539 = CARTESIAN_POINT('',(-75.,-72.,38.5));
#11540 = DIRECTION('',(0.,0.,1.));
#11541 = DIRECTION('',(2.22044604925E-16,-1.,0.));
#11542 = DEFINITIONAL_REPRESENTATION('',(#11543),#11551);
#11543 = ( BOUNDED_CURVE() B_SPLINE_CURVE(2,(#11544,#11545,#11546,#11547
    ,#11548,#11549,#11550),.UNSPECIFIED.,.T.,.F.) 
B_SPLINE_CURVE_WITH_KNOTS((1,2,2,2,2,1),(-2.094395102393,0.,
    2.094395102393,4.188790204786,6.28318530718,8.377580409573),
.UNSPECIFIED.) CURVE() GEOMETRIC_REPRESENTATION_ITEM() 
RATIONAL_B_SPLINE_CURVE((1.,0.5,1.,0.5,1.,0.5,1.)) REPRESENTATION_ITEM(
  '') );
#11544 = CARTESIAN_POINT('',(15.5,24.038873605351));
#11545 = CARTESIAN_POINT('',(22.495534289817,19.708746586429));
#11546 = CARTESIAN_POINT('',(15.247767144908,15.815499687863));
#11547 = CARTESIAN_POINT('',(8.,11.922252789298));
#11548 = CARTESIAN_POINT('',(8.252232855092,20.145626706786));
#11549 = CARTESIAN_POINT('',(8.504465710183,28.369000624273));
#11550 = CARTESIAN_POINT('',(15.5,24.038873605351));
#11551 = ( GEOMETRIC_REPRESENTATION_CONTEXT(2) 
PARAMETRIC_REPRESENTATION_CONTEXT() REPRESENTATION_CONTEXT('2D SPACE',''
  ) );
#11552 = ORIENTED_EDGE('',*,*,#11553,.T.);
#11553 = EDGE_CURVE('',#11521,#11554,#11556,.T.);
#11554 = VERTEX_POINT('',#11555);
#11555 = CARTESIAN_POINT('',(-55.25,-89.74341649025,42.3));
#11556 = SURFACE_CURVE('',#11557,(#11561,#11567),.PCURVE_S1.);
#11557 = LINE('',#11558,#11559);
#11558 = CARTESIAN_POINT('',(-55.25,-89.74341649025,37.5));
#11559 = VECTOR('',#11560,1.);
#11560 = DIRECTION('',(0.,0.,1.));
#11561 = PCURVE('',#7218,#11562);
#11562 = DEFINITIONAL_REPRESENTATION('',(#11563),#11566);
#11563 = B_SPLINE_CURVE_WITH_KNOTS('',1,(#11564,#11565),.UNSPECIFIED.,
  .F.,.F.,(2,2),(0.9999994,5.28),.PIECEWISE_BEZIER_KNOTS.);
#11564 = CARTESIAN_POINT('',(6.230529398918,0.9999994));
#11565 = CARTESIAN_POINT('',(6.230529398918,5.28));
#11566 = ( GEOMETRIC_REPRESENTATION_CONTEXT(2) 
PARAMETRIC_REPRESENTATION_CONTEXT() REPRESENTATION_CONTEXT('2D SPACE',''
  ) );
#11567 = PCURVE('',#11568,#11573);
#11568 = PLANE('',#11569);
#11569 = AXIS2_PLACEMENT_3D('',#11570,#11571,#11572);
#11570 = CARTESIAN_POINT('',(-55.25,-80.25,37.5));
#11571 = DIRECTION('',(1.,2.22044604925E-16,0.));
#11572 = DIRECTION('',(0.,0.,1.));
#11573 = DEFINITIONAL_REPRESENTATION('',(#11574),#11577);
#11574 = B_SPLINE_CURVE_WITH_KNOTS('',1,(#11575,#11576),.UNSPECIFIED.,
  .F.,.F.,(2,2),(0.9999994,5.28),.PIECEWISE_BEZIER_KNOTS.);
#11575 = CARTESIAN_POINT('',(0.9999994,9.493416490253));
#11576 = CARTESIAN_POINT('',(5.28,9.493416490253));
#11577 = ( GEOMETRIC_REPRESENTATION_CONTEXT(2) 
PARAMETRIC_REPRESENTATION_CONTEXT() REPRESENTATION_CONTEXT('2D SPACE',''
  ) );
#11578 = ORIENTED_EDGE('',*,*,#11579,.T.);
#11579 = EDGE_CURVE('',#11554,#11580,#11582,.T.);
#11580 = VERTEX_POINT('',#11581);
#11581 = CARTESIAN_POINT('',(-55.,-89.75,42.3));
#11582 = SURFACE_CURVE('',#11583,(#11588,#11595),.PCURVE_S1.);
#11583 = CIRCLE('',#11584,4.75);
#11584 = AXIS2_PLACEMENT_3D('',#11585,#11586,#11587);
#11585 = CARTESIAN_POINT('',(-55.,-85.,42.3));
#11586 = DIRECTION('',(0.,0.,1.));
#11587 = DIRECTION('',(2.22044604925E-16,-1.,0.));
#11588 = PCURVE('',#7218,#11589);
#11589 = DEFINITIONAL_REPRESENTATION('',(#11590),#11594);
#11590 = LINE('',#11591,#11592);
#11591 = CARTESIAN_POINT('',(0.,4.8));
#11592 = VECTOR('',#11593,1.);
#11593 = DIRECTION('',(1.,0.));
#11594 = ( GEOMETRIC_REPRESENTATION_CONTEXT(2) 
PARAMETRIC_REPRESENTATION_CONTEXT() REPRESENTATION_CONTEXT('2D SPACE',''
  ) );
#11595 = PCURVE('',#11596,#11601);
#11596 = PLANE('',#11597);
#11597 = AXIS2_PLACEMENT_3D('',#11598,#11599,#11600);
#11598 = CARTESIAN_POINT('',(-55.25,-80.25,42.3));
#11599 = DIRECTION('',(0.,0.,1.));
#11600 = DIRECTION('',(2.22044604925E-16,-1.,0.));
#11601 = DEFINITIONAL_REPRESENTATION('',(#11602),#11606);
#11602 = CIRCLE('',#11603,4.75);
#11603 = AXIS2_PLACEMENT_2D('',#11604,#11605);
#11604 = CARTESIAN_POINT('',(4.75,0.25));
#11605 = DIRECTION('',(1.,0.));
#11606 = ( GEOMETRIC_REPRESENTATION_CONTEXT(2) 
PARAMETRIC_REPRESENTATION_CONTEXT() REPRESENTATION_CONTEXT('2D SPACE',''
  ) );
#11607 = ORIENTED_EDGE('',*,*,#11608,.T.);
#11608 = EDGE_CURVE('',#11580,#11394,#11609,.T.);
#11609 = SURFACE_CURVE('',#11610,(#11615,#11622),.PCURVE_S1.);
#11610 = CIRCLE('',#11611,4.75);
#11611 = AXIS2_PLACEMENT_3D('',#11612,#11613,#11614);
#11612 = CARTESIAN_POINT('',(-55.,-85.,42.3));
#11613 = DIRECTION('',(0.,0.,1.));
#11614 = DIRECTION('',(2.22044604925E-16,-1.,0.));
#11615 = PCURVE('',#7218,#11616);
#11616 = DEFINITIONAL_REPRESENTATION('',(#11617),#11621);
#11617 = LINE('',#11618,#11619);
#11618 = CARTESIAN_POINT('',(0.,4.8));
#11619 = VECTOR('',#11620,1.);
#11620 = DIRECTION('',(1.,0.));
#11621 = ( GEOMETRIC_REPRESENTATION_CONTEXT(2) 
PARAMETRIC_REPRESENTATION_CONTEXT() REPRESENTATION_CONTEXT('2D SPACE',''
  ) );
#11622 = PCURVE('',#11623,#11628);
#11623 = PLANE('',#11624);
#11624 = AXIS2_PLACEMENT_3D('',#11625,#11626,#11627);
#11625 = CARTESIAN_POINT('',(-55.25,-80.25,42.3));
#11626 = DIRECTION('',(0.,0.,1.));
#11627 = DIRECTION('',(2.22044604925E-16,-1.,0.));
#11628 = DEFINITIONAL_REPRESENTATION('',(#11629),#11633);
#11629 = CIRCLE('',#11630,4.75);
#11630 = AXIS2_PLACEMENT_2D('',#11631,#11632);
#11631 = CARTESIAN_POINT('',(4.75,0.25));
#11632 = DIRECTION('',(1.,0.));
#11633 = ( GEOMETRIC_REPRESENTATION_CONTEXT(2) 
PARAMETRIC_REPRESENTATION_CONTEXT() REPRESENTATION_CONTEXT('2D SPACE',''
  ) );
#11634 = ADVANCED_FACE('',(#11635),#7296,.F.);
#11635 = FACE_BOUND('',#11636,.F.);
#11636 = EDGE_LOOP('',(#11637,#11658,#11679,#11680));
#11637 = ORIENTED_EDGE('',*,*,#11638,.F.);
#11638 = EDGE_CURVE('',#11639,#11394,#11641,.T.);
#11639 = VERTEX_POINT('',#11640);
#11640 = CARTESIAN_POINT('',(-40.75,-87.5,42.3));
#11641 = SURFACE_CURVE('',#11642,(#11646,#11652),.PCURVE_S1.);
#11642 = LINE('',#11643,#11644);
#11643 = CARTESIAN_POINT('',(-55.25,-87.5,42.3));
#11644 = VECTOR('',#11645,1.);
#11645 = DIRECTION('',(-1.,-2.22044604925E-16,0.));
#11646 = PCURVE('',#7296,#11647);
#11647 = DEFINITIONAL_REPRESENTATION('',(#11648),#11651);
#11648 = B_SPLINE_CURVE_WITH_KNOTS('',1,(#11649,#11650),.UNSPECIFIED.,
  .F.,.F.,(2,2),(-14.5,-4.288873605351),.PIECEWISE_BEZIER_KNOTS.);
#11649 = CARTESIAN_POINT('',(4.8,-14.5));
#11650 = CARTESIAN_POINT('',(4.8,-4.288873605351));
#11651 = ( GEOMETRIC_REPRESENTATION_CONTEXT(2) 
PARAMETRIC_REPRESENTATION_CONTEXT() REPRESENTATION_CONTEXT('2D SPACE',''
  ) );
#11652 = PCURVE('',#11623,#11653);
#11653 = DEFINITIONAL_REPRESENTATION('',(#11654),#11657);
#11654 = B_SPLINE_CURVE_WITH_KNOTS('',1,(#11655,#11656),.UNSPECIFIED.,
  .F.,.F.,(2,2),(-14.5,-4.288873605351),.PIECEWISE_BEZIER_KNOTS.);
#11655 = CARTESIAN_POINT('',(7.25,14.5));
#11656 = CARTESIAN_POINT('',(7.25,4.288873605351));
#11657 = ( GEOMETRIC_REPRESENTATION_CONTEXT(2) 
PARAMETRIC_REPRESENTATION_CONTEXT() REPRESENTATION_CONTEXT('2D SPACE',''
  ) );
#11658 = ORIENTED_EDGE('',*,*,#11659,.T.);
#11659 = EDGE_CURVE('',#11639,#7257,#11660,.T.);
#11660 = SURFACE_CURVE('',#11661,(#11665,#11672),.PCURVE_S1.);
#11661 = LINE('',#11662,#11663);
#11662 = CARTESIAN_POINT('',(-40.75,-87.5,37.5));
#11663 = VECTOR('',#11664,1.);
#11664 = DIRECTION('',(0.,0.,1.));
#11665 = PCURVE('',#7296,#11666);
#11666 = DEFINITIONAL_REPRESENTATION('',(#11667),#11671);
#11667 = LINE('',#11668,#11669);
#11668 = CARTESIAN_POINT('',(0.,-14.5));
#11669 = VECTOR('',#11670,1.);
#11670 = DIRECTION('',(1.,0.));
#11671 = ( GEOMETRIC_REPRESENTATION_CONTEXT(2) 
PARAMETRIC_REPRESENTATION_CONTEXT() REPRESENTATION_CONTEXT('2D SPACE',''
  ) );
#11672 = PCURVE('',#7271,#11673);
#11673 = DEFINITIONAL_REPRESENTATION('',(#11674),#11678);
#11674 = LINE('',#11675,#11676);
#11675 = CARTESIAN_POINT('',(0.,5.));
#11676 = VECTOR('',#11677,1.);
#11677 = DIRECTION('',(1.,0.));
#11678 = ( GEOMETRIC_REPRESENTATION_CONTEXT(2) 
PARAMETRIC_REPRESENTATION_CONTEXT() REPRESENTATION_CONTEXT('2D SPACE',''
  ) );
#11679 = ORIENTED_EDGE('',*,*,#7283,.F.);
#11680 = ORIENTED_EDGE('',*,*,#11393,.F.);
#11681 = ADVANCED_FACE('',(#11682),#7245,.T.);
#11682 = FACE_BOUND('',#11683,.T.);
#11683 = EDGE_LOOP('',(#11684,#11705,#11726,#11727));
#11684 = ORIENTED_EDGE('',*,*,#11685,.F.);
#11685 = EDGE_CURVE('',#11686,#11416,#11688,.T.);
#11686 = VERTEX_POINT('',#11687);
#11687 = CARTESIAN_POINT('',(-40.75,-82.5,42.3));
#11688 = SURFACE_CURVE('',#11689,(#11693,#11699),.PCURVE_S1.);
#11689 = LINE('',#11690,#11691);
#11690 = CARTESIAN_POINT('',(-55.25,-82.5,42.3));
#11691 = VECTOR('',#11692,1.);
#11692 = DIRECTION('',(-1.,-2.22044604925E-16,0.));
#11693 = PCURVE('',#7245,#11694);
#11694 = DEFINITIONAL_REPRESENTATION('',(#11695),#11698);
#11695 = B_SPLINE_CURVE_WITH_KNOTS('',1,(#11696,#11697),.UNSPECIFIED.,
  .F.,.F.,(2,2),(-14.5,-4.288873605351),.PIECEWISE_BEZIER_KNOTS.);
#11696 = CARTESIAN_POINT('',(4.8,-14.5));
#11697 = CARTESIAN_POINT('',(4.8,-4.288873605351));
#11698 = ( GEOMETRIC_REPRESENTATION_CONTEXT(2) 
PARAMETRIC_REPRESENTATION_CONTEXT() REPRESENTATION_CONTEXT('2D SPACE',''
  ) );
#11699 = PCURVE('',#11453,#11700);
#11700 = DEFINITIONAL_REPRESENTATION('',(#11701),#11704);
#11701 = B_SPLINE_CURVE_WITH_KNOTS('',1,(#11702,#11703),.UNSPECIFIED.,
  .F.,.F.,(2,2),(-14.5,-4.288873605351),.PIECEWISE_BEZIER_KNOTS.);
#11702 = CARTESIAN_POINT('',(2.25,14.5));
#11703 = CARTESIAN_POINT('',(2.25,4.288873605351));
#11704 = ( GEOMETRIC_REPRESENTATION_CONTEXT(2) 
PARAMETRIC_REPRESENTATION_CONTEXT() REPRESENTATION_CONTEXT('2D SPACE',''
  ) );
#11705 = ORIENTED_EDGE('',*,*,#11706,.T.);
#11706 = EDGE_CURVE('',#11686,#7231,#11707,.T.);
#11707 = SURFACE_CURVE('',#11708,(#11712,#11719),.PCURVE_S1.);
#11708 = LINE('',#11709,#11710);
#11709 = CARTESIAN_POINT('',(-40.75,-82.5,37.5));
#11710 = VECTOR('',#11711,1.);
#11711 = DIRECTION('',(0.,0.,1.));
#11712 = PCURVE('',#7245,#11713);
#11713 = DEFINITIONAL_REPRESENTATION('',(#11714),#11718);
#11714 = LINE('',#11715,#11716);
#11715 = CARTESIAN_POINT('',(0.,-14.5));
#11716 = VECTOR('',#11717,1.);
#11717 = DIRECTION('',(1.,0.));
#11718 = ( GEOMETRIC_REPRESENTATION_CONTEXT(2) 
PARAMETRIC_REPRESENTATION_CONTEXT() REPRESENTATION_CONTEXT('2D SPACE',''
  ) );
#11719 = PCURVE('',#7271,#11720);
#11720 = DEFINITIONAL_REPRESENTATION('',(#11721),#11725);
#11721 = LINE('',#11722,#11723);
#11722 = CARTESIAN_POINT('',(0.,0.));
#11723 = VECTOR('',#11724,1.);
#11724 = DIRECTION('',(1.,0.));
#11725 = ( GEOMETRIC_REPRESENTATION_CONTEXT(2) 
PARAMETRIC_REPRESENTATION_CONTEXT() REPRESENTATION_CONTEXT('2D SPACE',''
  ) );
#11726 = ORIENTED_EDGE('',*,*,#7230,.F.);
#11727 = ORIENTED_EDGE('',*,*,#11415,.F.);
#11728 = ADVANCED_FACE('',(#11729),#7271,.F.);
#11729 = FACE_BOUND('',#11730,.F.);
#11730 = EDGE_LOOP('',(#11731,#11732,#11755,#11783,#11806,#11834,#11855,
    #11856));
#11731 = ORIENTED_EDGE('',*,*,#11659,.F.);
#11732 = ORIENTED_EDGE('',*,*,#11733,.T.);
#11733 = EDGE_CURVE('',#11639,#11734,#11736,.T.);
#11734 = VERTEX_POINT('',#11735);
#11735 = CARTESIAN_POINT('',(-40.75,-89.75,42.3));
#11736 = SURFACE_CURVE('',#11737,(#11741,#11748),.PCURVE_S1.);
#11737 = LINE('',#11738,#11739);
#11738 = CARTESIAN_POINT('',(-40.75,-80.25,42.3));
#11739 = VECTOR('',#11740,1.);
#11740 = DIRECTION('',(2.22044604925E-16,-1.,0.));
#11741 = PCURVE('',#7271,#11742);
#11742 = DEFINITIONAL_REPRESENTATION('',(#11743),#11747);
#11743 = LINE('',#11744,#11745);
#11744 = CARTESIAN_POINT('',(4.8,-2.25));
#11745 = VECTOR('',#11746,1.);
#11746 = DIRECTION('',(0.,1.));
#11747 = ( GEOMETRIC_REPRESENTATION_CONTEXT(2) 
PARAMETRIC_REPRESENTATION_CONTEXT() REPRESENTATION_CONTEXT('2D SPACE',''
  ) );
#11748 = PCURVE('',#11623,#11749);
#11749 = DEFINITIONAL_REPRESENTATION('',(#11750),#11754);
#11750 = LINE('',#11751,#11752);
#11751 = CARTESIAN_POINT('',(0.,14.5));
#11752 = VECTOR('',#11753,1.);
#11753 = DIRECTION('',(1.,0.));
#11754 = ( GEOMETRIC_REPRESENTATION_CONTEXT(2) 
PARAMETRIC_REPRESENTATION_CONTEXT() REPRESENTATION_CONTEXT('2D SPACE',''
  ) );
#11755 = ORIENTED_EDGE('',*,*,#11756,.F.);
#11756 = EDGE_CURVE('',#11757,#11734,#11759,.T.);
#11757 = VERTEX_POINT('',#11758);
#11758 = CARTESIAN_POINT('',(-40.75,-89.75,38.5));
#11759 = SURFACE_CURVE('',#11760,(#11764,#11771),.PCURVE_S1.);
#11760 = LINE('',#11761,#11762);
#11761 = CARTESIAN_POINT('',(-40.75,-89.75,37.5));
#11762 = VECTOR('',#11763,1.);
#11763 = DIRECTION('',(0.,0.,1.));
#11764 = PCURVE('',#7271,#11765);
#11765 = DEFINITIONAL_REPRESENTATION('',(#11766),#11770);
#11766 = LINE('',#11767,#11768);
#11767 = CARTESIAN_POINT('',(0.,7.25));
#11768 = VECTOR('',#11769,1.);
#11769 = DIRECTION('',(1.,0.));
#11770 = ( GEOMETRIC_REPRESENTATION_CONTEXT(2) 
PARAMETRIC_REPRESENTATION_CONTEXT() REPRESENTATION_CONTEXT('2D SPACE',''
  ) );
#11771 = PCURVE('',#11772,#11777);
#11772 = PLANE('',#11773);
#11773 = AXIS2_PLACEMENT_3D('',#11774,#11775,#11776);
#11774 = CARTESIAN_POINT('',(-55.25,-89.75,37.5));
#11775 = DIRECTION('',(2.22044604925E-16,-1.,0.));
#11776 = DIRECTION('',(0.,0.,1.));
#11777 = DEFINITIONAL_REPRESENTATION('',(#11778),#11782);
#11778 = LINE('',#11779,#11780);
#11779 = CARTESIAN_POINT('',(0.,-14.5));
#11780 = VECTOR('',#11781,1.);
#11781 = DIRECTION('',(1.,0.));
#11782 = ( GEOMETRIC_REPRESENTATION_CONTEXT(2) 
PARAMETRIC_REPRESENTATION_CONTEXT() REPRESENTATION_CONTEXT('2D SPACE',''
  ) );
#11783 = ORIENTED_EDGE('',*,*,#11784,.F.);
#11784 = EDGE_CURVE('',#11785,#11757,#11787,.T.);
#11785 = VERTEX_POINT('',#11786);
#11786 = CARTESIAN_POINT('',(-40.75,-80.25,38.5));
#11787 = SURFACE_CURVE('',#11788,(#11792,#11799),.PCURVE_S1.);
#11788 = LINE('',#11789,#11790);
#11789 = CARTESIAN_POINT('',(-40.75,-80.25,38.5));
#11790 = VECTOR('',#11791,1.);
#11791 = DIRECTION('',(0.,-1.,0.));
#11792 = PCURVE('',#7271,#11793);
#11793 = DEFINITIONAL_REPRESENTATION('',(#11794),#11798);
#11794 = LINE('',#11795,#11796);
#11795 = CARTESIAN_POINT('',(1.,-2.25));
#11796 = VECTOR('',#11797,1.);
#11797 = DIRECTION('',(0.,1.));
#11798 = ( GEOMETRIC_REPRESENTATION_CONTEXT(2) 
PARAMETRIC_REPRESENTATION_CONTEXT() REPRESENTATION_CONTEXT('2D SPACE',''
  ) );
#11799 = PCURVE('',#11537,#11800);
#11800 = DEFINITIONAL_REPRESENTATION('',(#11801),#11805);
#11801 = LINE('',#11802,#11803);
#11802 = CARTESIAN_POINT('',(8.25,34.25));
#11803 = VECTOR('',#11804,1.);
#11804 = DIRECTION('',(1.,-2.22044604925E-16));
#11805 = ( GEOMETRIC_REPRESENTATION_CONTEXT(2) 
PARAMETRIC_REPRESENTATION_CONTEXT() REPRESENTATION_CONTEXT('2D SPACE',''
  ) );
#11806 = ORIENTED_EDGE('',*,*,#11807,.T.);
#11807 = EDGE_CURVE('',#11785,#11808,#11810,.T.);
#11808 = VERTEX_POINT('',#11809);
#11809 = CARTESIAN_POINT('',(-40.75,-80.25,42.3));
#11810 = SURFACE_CURVE('',#11811,(#11815,#11822),.PCURVE_S1.);
#11811 = LINE('',#11812,#11813);
#11812 = CARTESIAN_POINT('',(-40.75,-80.25,37.5));
#11813 = VECTOR('',#11814,1.);
#11814 = DIRECTION('',(0.,0.,1.));
#11815 = PCURVE('',#7271,#11816);
#11816 = DEFINITIONAL_REPRESENTATION('',(#11817),#11821);
#11817 = LINE('',#11818,#11819);
#11818 = CARTESIAN_POINT('',(0.,-2.25));
#11819 = VECTOR('',#11820,1.);
#11820 = DIRECTION('',(1.,0.));
#11821 = ( GEOMETRIC_REPRESENTATION_CONTEXT(2) 
PARAMETRIC_REPRESENTATION_CONTEXT() REPRESENTATION_CONTEXT('2D SPACE',''
  ) );
#11822 = PCURVE('',#11823,#11828);
#11823 = PLANE('',#11824);
#11824 = AXIS2_PLACEMENT_3D('',#11825,#11826,#11827);
#11825 = CARTESIAN_POINT('',(-55.25,-80.25,37.5));
#11826 = DIRECTION('',(2.22044604925E-16,-1.,0.));
#11827 = DIRECTION('',(0.,0.,1.));
#11828 = DEFINITIONAL_REPRESENTATION('',(#11829),#11833);
#11829 = LINE('',#11830,#11831);
#11830 = CARTESIAN_POINT('',(0.,-14.5));
#11831 = VECTOR('',#11832,1.);
#11832 = DIRECTION('',(1.,0.));
#11833 = ( GEOMETRIC_REPRESENTATION_CONTEXT(2) 
PARAMETRIC_REPRESENTATION_CONTEXT() REPRESENTATION_CONTEXT('2D SPACE',''
  ) );
#11834 = ORIENTED_EDGE('',*,*,#11835,.T.);
#11835 = EDGE_CURVE('',#11808,#11686,#11836,.T.);
#11836 = SURFACE_CURVE('',#11837,(#11841,#11848),.PCURVE_S1.);
#11837 = LINE('',#11838,#11839);
#11838 = CARTESIAN_POINT('',(-40.75,-80.25,42.3));
#11839 = VECTOR('',#11840,1.);
#11840 = DIRECTION('',(2.22044604925E-16,-1.,0.));
#11841 = PCURVE('',#7271,#11842);
#11842 = DEFINITIONAL_REPRESENTATION('',(#11843),#11847);
#11843 = LINE('',#11844,#11845);
#11844 = CARTESIAN_POINT('',(4.8,-2.25));
#11845 = VECTOR('',#11846,1.);
#11846 = DIRECTION('',(0.,1.));
#11847 = ( GEOMETRIC_REPRESENTATION_CONTEXT(2) 
PARAMETRIC_REPRESENTATION_CONTEXT() REPRESENTATION_CONTEXT('2D SPACE',''
  ) );
#11848 = PCURVE('',#11453,#11849);
#11849 = DEFINITIONAL_REPRESENTATION('',(#11850),#11854);
#11850 = LINE('',#11851,#11852);
#11851 = CARTESIAN_POINT('',(0.,14.5));
#11852 = VECTOR('',#11853,1.);
#11853 = DIRECTION('',(1.,0.));
#11854 = ( GEOMETRIC_REPRESENTATION_CONTEXT(2) 
PARAMETRIC_REPRESENTATION_CONTEXT() REPRESENTATION_CONTEXT('2D SPACE',''
  ) );
#11855 = ORIENTED_EDGE('',*,*,#11706,.T.);
#11856 = ORIENTED_EDGE('',*,*,#7256,.F.);
#11857 = ADVANCED_FACE('',(#11858),#7326,.F.);
#11858 = FACE_BOUND('',#11859,.F.);
#11859 = EDGE_LOOP('',(#11860,#11861,#11884,#11906));
#11860 = ORIENTED_EDGE('',*,*,#7309,.F.);
#11861 = ORIENTED_EDGE('',*,*,#11862,.F.);
#11862 = EDGE_CURVE('',#11863,#7310,#11865,.T.);
#11863 = VERTEX_POINT('',#11864);
#11864 = CARTESIAN_POINT('',(46.7,-111.5,43.1));
#11865 = SEAM_CURVE('',#11866,(#11870,#11877),.PCURVE_S1.);
#11866 = LINE('',#11867,#11868);
#11867 = CARTESIAN_POINT('',(46.7,-111.5,43.1));
#11868 = VECTOR('',#11869,1.);
#11869 = DIRECTION('',(0.707106781187,-1.731912112471E-16,0.707106781187
    ));
#11870 = PCURVE('',#7326,#11871);
#11871 = DEFINITIONAL_REPRESENTATION('',(#11872),#11876);
#11872 = LINE('',#11873,#11874);
#11873 = CARTESIAN_POINT('',(6.28318530718,-0.));
#11874 = VECTOR('',#11875,1.);
#11875 = DIRECTION('',(0.,1.));
#11876 = ( GEOMETRIC_REPRESENTATION_CONTEXT(2) 
PARAMETRIC_REPRESENTATION_CONTEXT() REPRESENTATION_CONTEXT('2D SPACE',''
  ) );
#11877 = PCURVE('',#7326,#11878);
#11878 = DEFINITIONAL_REPRESENTATION('',(#11879),#11883);
#11879 = LINE('',#11880,#11881);
#11880 = CARTESIAN_POINT('',(0.,-0.));
#11881 = VECTOR('',#11882,1.);
#11882 = DIRECTION('',(0.,1.));
#11883 = ( GEOMETRIC_REPRESENTATION_CONTEXT(2) 
PARAMETRIC_REPRESENTATION_CONTEXT() REPRESENTATION_CONTEXT('2D SPACE',''
  ) );
#11884 = ORIENTED_EDGE('',*,*,#11885,.T.);
#11885 = EDGE_CURVE('',#11863,#11863,#11886,.T.);
#11886 = SURFACE_CURVE('',#11887,(#11892,#11899),.PCURVE_S1.);
#11887 = CIRCLE('',#11888,1.7);
#11888 = AXIS2_PLACEMENT_3D('',#11889,#11890,#11891);
#11889 = CARTESIAN_POINT('',(45.,-111.5,43.1));
#11890 = DIRECTION('',(0.,0.,1.));
#11891 = DIRECTION('',(1.,0.,-0.));
#11892 = PCURVE('',#7326,#11893);
#11893 = DEFINITIONAL_REPRESENTATION('',(#11894),#11898);
#11894 = LINE('',#11895,#11896);
#11895 = CARTESIAN_POINT('',(0.,0.));
#11896 = VECTOR('',#11897,1.);
#11897 = DIRECTION('',(1.,0.));
#11898 = ( GEOMETRIC_REPRESENTATION_CONTEXT(2) 
PARAMETRIC_REPRESENTATION_CONTEXT() REPRESENTATION_CONTEXT('2D SPACE',''
  ) );
#11899 = PCURVE('',#9420,#11900);
#11900 = DEFINITIONAL_REPRESENTATION('',(#11901),#11905);
#11901 = LINE('',#11902,#11903);
#11902 = CARTESIAN_POINT('',(0.,2.));
#11903 = VECTOR('',#11904,1.);
#11904 = DIRECTION('',(1.,0.));
#11905 = ( GEOMETRIC_REPRESENTATION_CONTEXT(2) 
PARAMETRIC_REPRESENTATION_CONTEXT() REPRESENTATION_CONTEXT('2D SPACE',''
  ) );
#11906 = ORIENTED_EDGE('',*,*,#11862,.T.);
#11907 = ADVANCED_FACE('',(#11908),#7357,.F.);
#11908 = FACE_BOUND('',#11909,.F.);
#11909 = EDGE_LOOP('',(#11910,#11911,#11934,#11956));
#11910 = ORIENTED_EDGE('',*,*,#7340,.F.);
#11911 = ORIENTED_EDGE('',*,*,#11912,.F.);
#11912 = EDGE_CURVE('',#11913,#7341,#11915,.T.);
#11913 = VERTEX_POINT('',#11914);
#11914 = CARTESIAN_POINT('',(86.7,-111.5,43.1));
#11915 = SEAM_CURVE('',#11916,(#11920,#11927),.PCURVE_S1.);
#11916 = LINE('',#11917,#11918);
#11917 = CARTESIAN_POINT('',(86.7,-111.5,43.1));
#11918 = VECTOR('',#11919,1.);
#11919 = DIRECTION('',(0.707106781187,-1.731912112471E-16,0.707106781187
    ));
#11920 = PCURVE('',#7357,#11921);
#11921 = DEFINITIONAL_REPRESENTATION('',(#11922),#11926);
#11922 = LINE('',#11923,#11924);
#11923 = CARTESIAN_POINT('',(6.28318530718,-0.));
#11924 = VECTOR('',#11925,1.);
#11925 = DIRECTION('',(0.,1.));
#11926 = ( GEOMETRIC_REPRESENTATION_CONTEXT(2) 
PARAMETRIC_REPRESENTATION_CONTEXT() REPRESENTATION_CONTEXT('2D SPACE',''
  ) );
#11927 = PCURVE('',#7357,#11928);
#11928 = DEFINITIONAL_REPRESENTATION('',(#11929),#11933);
#11929 = LINE('',#11930,#11931);
#11930 = CARTESIAN_POINT('',(0.,-0.));
#11931 = VECTOR('',#11932,1.);
#11932 = DIRECTION('',(0.,1.));
#11933 = ( GEOMETRIC_REPRESENTATION_CONTEXT(2) 
PARAMETRIC_REPRESENTATION_CONTEXT() REPRESENTATION_CONTEXT('2D SPACE',''
  ) );
#11934 = ORIENTED_EDGE('',*,*,#11935,.T.);
#11935 = EDGE_CURVE('',#11913,#11913,#11936,.T.);
#11936 = SURFACE_CURVE('',#11937,(#11942,#11949),.PCURVE_S1.);
#11937 = CIRCLE('',#11938,1.7);
#11938 = AXIS2_PLACEMENT_3D('',#11939,#11940,#11941);
#11939 = CARTESIAN_POINT('',(85.,-111.5,43.1));
#11940 = DIRECTION('',(0.,0.,1.));
#11941 = DIRECTION('',(1.,0.,-0.));
#11942 = PCURVE('',#7357,#11943);
#11943 = DEFINITIONAL_REPRESENTATION('',(#11944),#11948);
#11944 = LINE('',#11945,#11946);
#11945 = CARTESIAN_POINT('',(0.,0.));
#11946 = VECTOR('',#11947,1.);
#11947 = DIRECTION('',(1.,0.));
#11948 = ( GEOMETRIC_REPRESENTATION_CONTEXT(2) 
PARAMETRIC_REPRESENTATION_CONTEXT() REPRESENTATION_CONTEXT('2D SPACE',''
  ) );
#11949 = PCURVE('',#9565,#11950);
#11950 = DEFINITIONAL_REPRESENTATION('',(#11951),#11955);
#11951 = LINE('',#11952,#11953);
#11952 = CARTESIAN_POINT('',(0.,2.));
#11953 = VECTOR('',#11954,1.);
#11954 = DIRECTION('',(1.,0.));
#11955 = ( GEOMETRIC_REPRESENTATION_CONTEXT(2) 
PARAMETRIC_REPRESENTATION_CONTEXT() REPRESENTATION_CONTEXT('2D SPACE',''
  ) );
#11956 = ORIENTED_EDGE('',*,*,#11912,.T.);
#11957 = ADVANCED_FACE('',(#11958),#7388,.T.);
#11958 = FACE_BOUND('',#11959,.T.);
#11959 = EDGE_LOOP('',(#11960,#11981,#11982,#12003));
#11960 = ORIENTED_EDGE('',*,*,#11961,.F.);
#11961 = EDGE_CURVE('',#9611,#7372,#11962,.T.);
#11962 = SURFACE_CURVE('',#11963,(#11967,#11974),.PCURVE_S1.);
#11963 = LINE('',#11964,#11965);
#11964 = CARTESIAN_POINT('',(58.,-10.,41.1));
#11965 = VECTOR('',#11966,1.);
#11966 = DIRECTION('',(0.,0.,1.));
#11967 = PCURVE('',#7388,#11968);
#11968 = DEFINITIONAL_REPRESENTATION('',(#11969),#11973);
#11969 = LINE('',#11970,#11971);
#11970 = CARTESIAN_POINT('',(0.,44.));
#11971 = VECTOR('',#11972,1.);
#11972 = DIRECTION('',(1.,0.));
#11973 = ( GEOMETRIC_REPRESENTATION_CONTEXT(2) 
PARAMETRIC_REPRESENTATION_CONTEXT() REPRESENTATION_CONTEXT('2D SPACE',''
  ) );
#11974 = PCURVE('',#7464,#11975);
#11975 = DEFINITIONAL_REPRESENTATION('',(#11976),#11980);
#11976 = LINE('',#11977,#11978);
#11977 = CARTESIAN_POINT('',(0.,0.));
#11978 = VECTOR('',#11979,1.);
#11979 = DIRECTION('',(1.,0.));
#11980 = ( GEOMETRIC_REPRESENTATION_CONTEXT(2) 
PARAMETRIC_REPRESENTATION_CONTEXT() REPRESENTATION_CONTEXT('2D SPACE',''
  ) );
#11981 = ORIENTED_EDGE('',*,*,#9610,.T.);
#11982 = ORIENTED_EDGE('',*,*,#11983,.T.);
#11983 = EDGE_CURVE('',#9613,#7374,#11984,.T.);
#11984 = SURFACE_CURVE('',#11985,(#11989,#11996),.PCURVE_S1.);
#11985 = LINE('',#11986,#11987);
#11986 = CARTESIAN_POINT('',(14.,-10.,41.1));
#11987 = VECTOR('',#11988,1.);
#11988 = DIRECTION('',(0.,0.,1.));
#11989 = PCURVE('',#7388,#11990);
#11990 = DEFINITIONAL_REPRESENTATION('',(#11991),#11995);
#11991 = LINE('',#11992,#11993);
#11992 = CARTESIAN_POINT('',(0.,0.));
#11993 = VECTOR('',#11994,1.);
#11994 = DIRECTION('',(1.,0.));
#11995 = ( GEOMETRIC_REPRESENTATION_CONTEXT(2) 
PARAMETRIC_REPRESENTATION_CONTEXT() REPRESENTATION_CONTEXT('2D SPACE',''
  ) );
#11996 = PCURVE('',#7414,#11997);
#11997 = DEFINITIONAL_REPRESENTATION('',(#11998),#12002);
#11998 = LINE('',#11999,#12000);
#11999 = CARTESIAN_POINT('',(0.,0.));
#12000 = VECTOR('',#12001,1.);
#12001 = DIRECTION('',(1.,0.));
#12002 = ( GEOMETRIC_REPRESENTATION_CONTEXT(2) 
PARAMETRIC_REPRESENTATION_CONTEXT() REPRESENTATION_CONTEXT('2D SPACE',''
  ) );
#12003 = ORIENTED_EDGE('',*,*,#7371,.F.);
#12004 = ADVANCED_FACE('',(#12005),#7464,.F.);
#12005 = FACE_BOUND('',#12006,.F.);
#12006 = EDGE_LOOP('',(#12007,#12008,#12009,#12030));
#12007 = ORIENTED_EDGE('',*,*,#11961,.F.);
#12008 = ORIENTED_EDGE('',*,*,#9675,.T.);
#12009 = ORIENTED_EDGE('',*,*,#12010,.T.);
#12010 = EDGE_CURVE('',#9655,#7426,#12011,.T.);
#12011 = SURFACE_CURVE('',#12012,(#12016,#12023),.PCURVE_S1.);
#12012 = LINE('',#12013,#12014);
#12013 = CARTESIAN_POINT('',(58.,-6.,41.1));
#12014 = VECTOR('',#12015,1.);
#12015 = DIRECTION('',(0.,0.,1.));
#12016 = PCURVE('',#7464,#12017);
#12017 = DEFINITIONAL_REPRESENTATION('',(#12018),#12022);
#12018 = LINE('',#12019,#12020);
#12019 = CARTESIAN_POINT('',(0.,-4.));
#12020 = VECTOR('',#12021,1.);
#12021 = DIRECTION('',(1.,0.));
#12022 = ( GEOMETRIC_REPRESENTATION_CONTEXT(2) 
PARAMETRIC_REPRESENTATION_CONTEXT() REPRESENTATION_CONTEXT('2D SPACE',''
  ) );
#12023 = PCURVE('',#7440,#12024);
#12024 = DEFINITIONAL_REPRESENTATION('',(#12025),#12029);
#12025 = LINE('',#12026,#12027);
#12026 = CARTESIAN_POINT('',(0.,44.));
#12027 = VECTOR('',#12028,1.);
#12028 = DIRECTION('',(1.,0.));
#12029 = ( GEOMETRIC_REPRESENTATION_CONTEXT(2) 
PARAMETRIC_REPRESENTATION_CONTEXT() REPRESENTATION_CONTEXT('2D SPACE',''
  ) );
#12030 = ORIENTED_EDGE('',*,*,#7451,.F.);
#12031 = ADVANCED_FACE('',(#12032),#7414,.T.);
#12032 = FACE_BOUND('',#12033,.T.);
#12033 = EDGE_LOOP('',(#12034,#12035,#12036,#12057));
#12034 = ORIENTED_EDGE('',*,*,#11983,.F.);
#12035 = ORIENTED_EDGE('',*,*,#9633,.T.);
#12036 = ORIENTED_EDGE('',*,*,#12037,.T.);
#12037 = EDGE_CURVE('',#9634,#7400,#12038,.T.);
#12038 = SURFACE_CURVE('',#12039,(#12043,#12050),.PCURVE_S1.);
#12039 = LINE('',#12040,#12041);
#12040 = CARTESIAN_POINT('',(14.,-6.,41.1));
#12041 = VECTOR('',#12042,1.);
#12042 = DIRECTION('',(0.,0.,1.));
#12043 = PCURVE('',#7414,#12044);
#12044 = DEFINITIONAL_REPRESENTATION('',(#12045),#12049);
#12045 = LINE('',#12046,#12047);
#12046 = CARTESIAN_POINT('',(0.,-4.));
#12047 = VECTOR('',#12048,1.);
#12048 = DIRECTION('',(1.,0.));
#12049 = ( GEOMETRIC_REPRESENTATION_CONTEXT(2) 
PARAMETRIC_REPRESENTATION_CONTEXT() REPRESENTATION_CONTEXT('2D SPACE',''
  ) );
#12050 = PCURVE('',#7440,#12051);
#12051 = DEFINITIONAL_REPRESENTATION('',(#12052),#12056);
#12052 = LINE('',#12053,#12054);
#12053 = CARTESIAN_POINT('',(0.,0.));
#12054 = VECTOR('',#12055,1.);
#12055 = DIRECTION('',(1.,0.));
#12056 = ( GEOMETRIC_REPRESENTATION_CONTEXT(2) 
PARAMETRIC_REPRESENTATION_CONTEXT() REPRESENTATION_CONTEXT('2D SPACE',''
  ) );
#12057 = ORIENTED_EDGE('',*,*,#7399,.F.);
#12058 = ADVANCED_FACE('',(#12059),#7440,.F.);
#12059 = FACE_BOUND('',#12060,.F.);
#12060 = EDGE_LOOP('',(#12061,#12062,#12063,#12064));
#12061 = ORIENTED_EDGE('',*,*,#12010,.F.);
#12062 = ORIENTED_EDGE('',*,*,#9654,.T.);
#12063 = ORIENTED_EDGE('',*,*,#12037,.T.);
#12064 = ORIENTED_EDGE('',*,*,#7425,.F.);
#12065 = ADVANCED_FACE('',(#12066),#7494,.F.);
#12066 = FACE_BOUND('',#12067,.F.);
#12067 = EDGE_LOOP('',(#12068,#12069,#12092,#12114));
#12068 = ORIENTED_EDGE('',*,*,#7477,.F.);
#12069 = ORIENTED_EDGE('',*,*,#12070,.F.);
#12070 = EDGE_CURVE('',#12071,#7478,#12073,.T.);
#12071 = VERTEX_POINT('',#12072);
#12072 = CARTESIAN_POINT('',(-147.7,-4.163799117101E-16,43.1));
#12073 = SEAM_CURVE('',#12074,(#12078,#12085),.PCURVE_S1.);
#12074 = LINE('',#12075,#12076);
#12075 = CARTESIAN_POINT('',(-147.7,-4.163799117101E-16,43.1));
#12076 = VECTOR('',#12077,1.);
#12077 = DIRECTION('',(0.707106781187,-1.731912112471E-16,0.707106781187
    ));
#12078 = PCURVE('',#7494,#12079);
#12079 = DEFINITIONAL_REPRESENTATION('',(#12080),#12084);
#12080 = LINE('',#12081,#12082);
#12081 = CARTESIAN_POINT('',(6.28318530718,-0.));
#12082 = VECTOR('',#12083,1.);
#12083 = DIRECTION('',(0.,1.));
#12084 = ( GEOMETRIC_REPRESENTATION_CONTEXT(2) 
PARAMETRIC_REPRESENTATION_CONTEXT() REPRESENTATION_CONTEXT('2D SPACE',''
  ) );
#12085 = PCURVE('',#7494,#12086);
#12086 = DEFINITIONAL_REPRESENTATION('',(#12087),#12091);
#12087 = LINE('',#12088,#12089);
#12088 = CARTESIAN_POINT('',(0.,-0.));
#12089 = VECTOR('',#12090,1.);
#12090 = DIRECTION('',(0.,1.));
#12091 = ( GEOMETRIC_REPRESENTATION_CONTEXT(2) 
PARAMETRIC_REPRESENTATION_CONTEXT() REPRESENTATION_CONTEXT('2D SPACE',''
  ) );
#12092 = ORIENTED_EDGE('',*,*,#12093,.T.);
#12093 = EDGE_CURVE('',#12071,#12071,#12094,.T.);
#12094 = SURFACE_CURVE('',#12095,(#12100,#12107),.PCURVE_S1.);
#12095 = CIRCLE('',#12096,1.7);
#12096 = AXIS2_PLACEMENT_3D('',#12097,#12098,#12099);
#12097 = CARTESIAN_POINT('',(-149.4,0.,43.1));
#12098 = DIRECTION('',(0.,0.,1.));
#12099 = DIRECTION('',(1.,0.,-0.));
#12100 = PCURVE('',#7494,#12101);
#12101 = DEFINITIONAL_REPRESENTATION('',(#12102),#12106);
#12102 = LINE('',#12103,#12104);
#12103 = CARTESIAN_POINT('',(0.,0.));
#12104 = VECTOR('',#12105,1.);
#12105 = DIRECTION('',(1.,0.));
#12106 = ( GEOMETRIC_REPRESENTATION_CONTEXT(2) 
PARAMETRIC_REPRESENTATION_CONTEXT() REPRESENTATION_CONTEXT('2D SPACE',''
  ) );
#12107 = PCURVE('',#9827,#12108);
#12108 = DEFINITIONAL_REPRESENTATION('',(#12109),#12113);
#12109 = LINE('',#12110,#12111);
#12110 = CARTESIAN_POINT('',(0.,2.));
#12111 = VECTOR('',#12112,1.);
#12112 = DIRECTION('',(1.,0.));
#12113 = ( GEOMETRIC_REPRESENTATION_CONTEXT(2) 
PARAMETRIC_REPRESENTATION_CONTEXT() REPRESENTATION_CONTEXT('2D SPACE',''
  ) );
#12114 = ORIENTED_EDGE('',*,*,#12070,.T.);
#12115 = ADVANCED_FACE('',(#12116),#7525,.T.);
#12116 = FACE_BOUND('',#12117,.T.);
#12117 = EDGE_LOOP('',(#12118,#12139,#12140,#12161));
#12118 = ORIENTED_EDGE('',*,*,#12119,.F.);
#12119 = EDGE_CURVE('',#9873,#7509,#12120,.T.);
#12120 = SURFACE_CURVE('',#12121,(#12125,#12132),.PCURVE_S1.);
#12121 = LINE('',#12122,#12123);
#12122 = CARTESIAN_POINT('',(2.,14.,41.1));
#12123 = VECTOR('',#12124,1.);
#12124 = DIRECTION('',(0.,0.,1.));
#12125 = PCURVE('',#7525,#12126);
#12126 = DEFINITIONAL_REPRESENTATION('',(#12127),#12131);
#12127 = LINE('',#12128,#12129);
#12128 = CARTESIAN_POINT('',(0.,26.));
#12129 = VECTOR('',#12130,1.);
#12130 = DIRECTION('',(1.,0.));
#12131 = ( GEOMETRIC_REPRESENTATION_CONTEXT(2) 
PARAMETRIC_REPRESENTATION_CONTEXT() REPRESENTATION_CONTEXT('2D SPACE',''
  ) );
#12132 = PCURVE('',#7601,#12133);
#12133 = DEFINITIONAL_REPRESENTATION('',(#12134),#12138);
#12134 = LINE('',#12135,#12136);
#12135 = CARTESIAN_POINT('',(0.,0.));
#12136 = VECTOR('',#12137,1.);
#12137 = DIRECTION('',(1.,0.));
#12138 = ( GEOMETRIC_REPRESENTATION_CONTEXT(2) 
PARAMETRIC_REPRESENTATION_CONTEXT() REPRESENTATION_CONTEXT('2D SPACE',''
  ) );
#12139 = ORIENTED_EDGE('',*,*,#9872,.T.);
#12140 = ORIENTED_EDGE('',*,*,#12141,.T.);
#12141 = EDGE_CURVE('',#9875,#7511,#12142,.T.);
#12142 = SURFACE_CURVE('',#12143,(#12147,#12154),.PCURVE_S1.);
#12143 = LINE('',#12144,#12145);
#12144 = CARTESIAN_POINT('',(-24.,14.,41.1));
#12145 = VECTOR('',#12146,1.);
#12146 = DIRECTION('',(0.,0.,1.));
#12147 = PCURVE('',#7525,#12148);
#12148 = DEFINITIONAL_REPRESENTATION('',(#12149),#12153);
#12149 = LINE('',#12150,#12151);
#12150 = CARTESIAN_POINT('',(0.,0.));
#12151 = VECTOR('',#12152,1.);
#12152 = DIRECTION('',(1.,0.));
#12153 = ( GEOMETRIC_REPRESENTATION_CONTEXT(2) 
PARAMETRIC_REPRESENTATION_CONTEXT() REPRESENTATION_CONTEXT('2D SPACE',''
  ) );
#12154 = PCURVE('',#7551,#12155);
#12155 = DEFINITIONAL_REPRESENTATION('',(#12156),#12160);
#12156 = LINE('',#12157,#12158);
#12157 = CARTESIAN_POINT('',(0.,0.));
#12158 = VECTOR('',#12159,1.);
#12159 = DIRECTION('',(1.,0.));
#12160 = ( GEOMETRIC_REPRESENTATION_CONTEXT(2) 
PARAMETRIC_REPRESENTATION_CONTEXT() REPRESENTATION_CONTEXT('2D SPACE',''
  ) );
#12161 = ORIENTED_EDGE('',*,*,#7508,.F.);
#12162 = ADVANCED_FACE('',(#12163),#7601,.F.);
#12163 = FACE_BOUND('',#12164,.F.);
#12164 = EDGE_LOOP('',(#12165,#12166,#12167,#12188));
#12165 = ORIENTED_EDGE('',*,*,#12119,.F.);
#12166 = ORIENTED_EDGE('',*,*,#9937,.T.);
#12167 = ORIENTED_EDGE('',*,*,#12168,.T.);
#12168 = EDGE_CURVE('',#9917,#7563,#12169,.T.);
#12169 = SURFACE_CURVE('',#12170,(#12174,#12181),.PCURVE_S1.);
#12170 = LINE('',#12171,#12172);
#12171 = CARTESIAN_POINT('',(2.,18.,41.1));
#12172 = VECTOR('',#12173,1.);
#12173 = DIRECTION('',(0.,0.,1.));
#12174 = PCURVE('',#7601,#12175);
#12175 = DEFINITIONAL_REPRESENTATION('',(#12176),#12180);
#12176 = LINE('',#12177,#12178);
#12177 = CARTESIAN_POINT('',(0.,-4.));
#12178 = VECTOR('',#12179,1.);
#12179 = DIRECTION('',(1.,0.));
#12180 = ( GEOMETRIC_REPRESENTATION_CONTEXT(2) 
PARAMETRIC_REPRESENTATION_CONTEXT() REPRESENTATION_CONTEXT('2D SPACE',''
  ) );
#12181 = PCURVE('',#7577,#12182);
#12182 = DEFINITIONAL_REPRESENTATION('',(#12183),#12187);
#12183 = LINE('',#12184,#12185);
#12184 = CARTESIAN_POINT('',(0.,26.));
#12185 = VECTOR('',#12186,1.);
#12186 = DIRECTION('',(1.,0.));
#12187 = ( GEOMETRIC_REPRESENTATION_CONTEXT(2) 
PARAMETRIC_REPRESENTATION_CONTEXT() REPRESENTATION_CONTEXT('2D SPACE',''
  ) );
#12188 = ORIENTED_EDGE('',*,*,#7588,.F.);
#12189 = ADVANCED_FACE('',(#12190),#7551,.T.);
#12190 = FACE_BOUND('',#12191,.T.);
#12191 = EDGE_LOOP('',(#12192,#12193,#12194,#12215));
#12192 = ORIENTED_EDGE('',*,*,#12141,.F.);
#12193 = ORIENTED_EDGE('',*,*,#9895,.T.);
#12194 = ORIENTED_EDGE('',*,*,#12195,.T.);
#12195 = EDGE_CURVE('',#9896,#7537,#12196,.T.);
#12196 = SURFACE_CURVE('',#12197,(#12201,#12208),.PCURVE_S1.);
#12197 = LINE('',#12198,#12199);
#12198 = CARTESIAN_POINT('',(-24.,18.,41.1));
#12199 = VECTOR('',#12200,1.);
#12200 = DIRECTION('',(0.,0.,1.));
#12201 = PCURVE('',#7551,#12202);
#12202 = DEFINITIONAL_REPRESENTATION('',(#12203),#12207);
#12203 = LINE('',#12204,#12205);
#12204 = CARTESIAN_POINT('',(0.,-4.));
#12205 = VECTOR('',#12206,1.);
#12206 = DIRECTION('',(1.,0.));
#12207 = ( GEOMETRIC_REPRESENTATION_CONTEXT(2) 
PARAMETRIC_REPRESENTATION_CONTEXT() REPRESENTATION_CONTEXT('2D SPACE',''
  ) );
#12208 = PCURVE('',#7577,#12209);
#12209 = DEFINITIONAL_REPRESENTATION('',(#12210),#12214);
#12210 = LINE('',#12211,#12212);
#12211 = CARTESIAN_POINT('',(0.,0.));
#12212 = VECTOR('',#12213,1.);
#12213 = DIRECTION('',(1.,0.));
#12214 = ( GEOMETRIC_REPRESENTATION_CONTEXT(2) 
PARAMETRIC_REPRESENTATION_CONTEXT() REPRESENTATION_CONTEXT('2D SPACE',''
  ) );
#12215 = ORIENTED_EDGE('',*,*,#7536,.F.);
#12216 = ADVANCED_FACE('',(#12217),#7577,.F.);
#12217 = FACE_BOUND('',#12218,.F.);
#12218 = EDGE_LOOP('',(#12219,#12220,#12221,#12222));
#12219 = ORIENTED_EDGE('',*,*,#12168,.F.);
#12220 = ORIENTED_EDGE('',*,*,#9916,.T.);
#12221 = ORIENTED_EDGE('',*,*,#12195,.T.);
#12222 = ORIENTED_EDGE('',*,*,#7562,.F.);
#12223 = ADVANCED_FACE('',(#12224),#7631,.T.);
#12224 = FACE_BOUND('',#12225,.T.);
#12225 = EDGE_LOOP('',(#12226,#12247,#12248,#12269));
#12226 = ORIENTED_EDGE('',*,*,#12227,.F.);
#12227 = EDGE_CURVE('',#9959,#7615,#12228,.T.);
#12228 = SURFACE_CURVE('',#12229,(#12233,#12240),.PCURVE_S1.);
#12229 = LINE('',#12230,#12231);
#12230 = CARTESIAN_POINT('',(2.,24.,41.1));
#12231 = VECTOR('',#12232,1.);
#12232 = DIRECTION('',(0.,0.,1.));
#12233 = PCURVE('',#7631,#12234);
#12234 = DEFINITIONAL_REPRESENTATION('',(#12235),#12239);
#12235 = LINE('',#12236,#12237);
#12236 = CARTESIAN_POINT('',(0.,26.));
#12237 = VECTOR('',#12238,1.);
#12238 = DIRECTION('',(1.,0.));
#12239 = ( GEOMETRIC_REPRESENTATION_CONTEXT(2) 
PARAMETRIC_REPRESENTATION_CONTEXT() REPRESENTATION_CONTEXT('2D SPACE',''
  ) );
#12240 = PCURVE('',#7707,#12241);
#12241 = DEFINITIONAL_REPRESENTATION('',(#12242),#12246);
#12242 = LINE('',#12243,#12244);
#12243 = CARTESIAN_POINT('',(0.,0.));
#12244 = VECTOR('',#12245,1.);
#12245 = DIRECTION('',(1.,0.));
#12246 = ( GEOMETRIC_REPRESENTATION_CONTEXT(2) 
PARAMETRIC_REPRESENTATION_CONTEXT() REPRESENTATION_CONTEXT('2D SPACE',''
  ) );
#12247 = ORIENTED_EDGE('',*,*,#9958,.T.);
#12248 = ORIENTED_EDGE('',*,*,#12249,.T.);
#12249 = EDGE_CURVE('',#9961,#7617,#12250,.T.);
#12250 = SURFACE_CURVE('',#12251,(#12255,#12262),.PCURVE_S1.);
#12251 = LINE('',#12252,#12253);
#12252 = CARTESIAN_POINT('',(-24.,24.,41.1));
#12253 = VECTOR('',#12254,1.);
#12254 = DIRECTION('',(0.,0.,1.));
#12255 = PCURVE('',#7631,#12256);
#12256 = DEFINITIONAL_REPRESENTATION('',(#12257),#12261);
#12257 = LINE('',#12258,#12259);
#12258 = CARTESIAN_POINT('',(0.,0.));
#12259 = VECTOR('',#12260,1.);
#12260 = DIRECTION('',(1.,0.));
#12261 = ( GEOMETRIC_REPRESENTATION_CONTEXT(2) 
PARAMETRIC_REPRESENTATION_CONTEXT() REPRESENTATION_CONTEXT('2D SPACE',''
  ) );
#12262 = PCURVE('',#7657,#12263);
#12263 = DEFINITIONAL_REPRESENTATION('',(#12264),#12268);
#12264 = LINE('',#12265,#12266);
#12265 = CARTESIAN_POINT('',(0.,0.));
#12266 = VECTOR('',#12267,1.);
#12267 = DIRECTION('',(1.,0.));
#12268 = ( GEOMETRIC_REPRESENTATION_CONTEXT(2) 
PARAMETRIC_REPRESENTATION_CONTEXT() REPRESENTATION_CONTEXT('2D SPACE',''
  ) );
#12269 = ORIENTED_EDGE('',*,*,#7614,.F.);
#12270 = ADVANCED_FACE('',(#12271),#7707,.F.);
#12271 = FACE_BOUND('',#12272,.F.);
#12272 = EDGE_LOOP('',(#12273,#12274,#12275,#12296));
#12273 = ORIENTED_EDGE('',*,*,#12227,.F.);
#12274 = ORIENTED_EDGE('',*,*,#10023,.T.);
#12275 = ORIENTED_EDGE('',*,*,#12276,.T.);
#12276 = EDGE_CURVE('',#10003,#7669,#12277,.T.);
#12277 = SURFACE_CURVE('',#12278,(#12282,#12289),.PCURVE_S1.);
#12278 = LINE('',#12279,#12280);
#12279 = CARTESIAN_POINT('',(2.,28.,41.1));
#12280 = VECTOR('',#12281,1.);
#12281 = DIRECTION('',(0.,0.,1.));
#12282 = PCURVE('',#7707,#12283);
#12283 = DEFINITIONAL_REPRESENTATION('',(#12284),#12288);
#12284 = LINE('',#12285,#12286);
#12285 = CARTESIAN_POINT('',(0.,-4.));
#12286 = VECTOR('',#12287,1.);
#12287 = DIRECTION('',(1.,0.));
#12288 = ( GEOMETRIC_REPRESENTATION_CONTEXT(2) 
PARAMETRIC_REPRESENTATION_CONTEXT() REPRESENTATION_CONTEXT('2D SPACE',''
  ) );
#12289 = PCURVE('',#7683,#12290);
#12290 = DEFINITIONAL_REPRESENTATION('',(#12291),#12295);
#12291 = LINE('',#12292,#12293);
#12292 = CARTESIAN_POINT('',(0.,26.));
#12293 = VECTOR('',#12294,1.);
#12294 = DIRECTION('',(1.,0.));
#12295 = ( GEOMETRIC_REPRESENTATION_CONTEXT(2) 
PARAMETRIC_REPRESENTATION_CONTEXT() REPRESENTATION_CONTEXT('2D SPACE',''
  ) );
#12296 = ORIENTED_EDGE('',*,*,#7694,.F.);
#12297 = ADVANCED_FACE('',(#12298),#7657,.T.);
#12298 = FACE_BOUND('',#12299,.T.);
#12299 = EDGE_LOOP('',(#12300,#12301,#12302,#12323));
#12300 = ORIENTED_EDGE('',*,*,#12249,.F.);
#12301 = ORIENTED_EDGE('',*,*,#9981,.T.);
#12302 = ORIENTED_EDGE('',*,*,#12303,.T.);
#12303 = EDGE_CURVE('',#9982,#7643,#12304,.T.);
#12304 = SURFACE_CURVE('',#12305,(#12309,#12316),.PCURVE_S1.);
#12305 = LINE('',#12306,#12307);
#12306 = CARTESIAN_POINT('',(-24.,28.,41.1));
#12307 = VECTOR('',#12308,1.);
#12308 = DIRECTION('',(0.,0.,1.));
#12309 = PCURVE('',#7657,#12310);
#12310 = DEFINITIONAL_REPRESENTATION('',(#12311),#12315);
#12311 = LINE('',#12312,#12313);
#12312 = CARTESIAN_POINT('',(0.,-4.));
#12313 = VECTOR('',#12314,1.);
#12314 = DIRECTION('',(1.,0.));
#12315 = ( GEOMETRIC_REPRESENTATION_CONTEXT(2) 
PARAMETRIC_REPRESENTATION_CONTEXT() REPRESENTATION_CONTEXT('2D SPACE',''
  ) );
#12316 = PCURVE('',#7683,#12317);
#12317 = DEFINITIONAL_REPRESENTATION('',(#12318),#12322);
#12318 = LINE('',#12319,#12320);
#12319 = CARTESIAN_POINT('',(0.,0.));
#12320 = VECTOR('',#12321,1.);
#12321 = DIRECTION('',(1.,0.));
#12322 = ( GEOMETRIC_REPRESENTATION_CONTEXT(2) 
PARAMETRIC_REPRESENTATION_CONTEXT() REPRESENTATION_CONTEXT('2D SPACE',''
  ) );
#12323 = ORIENTED_EDGE('',*,*,#7642,.F.);
#12324 = ADVANCED_FACE('',(#12325),#7683,.F.);
#12325 = FACE_BOUND('',#12326,.F.);
#12326 = EDGE_LOOP('',(#12327,#12328,#12329,#12330));
#12327 = ORIENTED_EDGE('',*,*,#12276,.F.);
#12328 = ORIENTED_EDGE('',*,*,#10002,.T.);
#12329 = ORIENTED_EDGE('',*,*,#12303,.T.);
#12330 = ORIENTED_EDGE('',*,*,#7668,.F.);
#12331 = ADVANCED_FACE('',(#12332),#7737,.T.);
#12332 = FACE_BOUND('',#12333,.T.);
#12333 = EDGE_LOOP('',(#12334,#12355,#12356,#12377));
#12334 = ORIENTED_EDGE('',*,*,#12335,.F.);
#12335 = EDGE_CURVE('',#10045,#7721,#12336,.T.);
#12336 = SURFACE_CURVE('',#12337,(#12341,#12348),.PCURVE_S1.);
#12337 = LINE('',#12338,#12339);
#12338 = CARTESIAN_POINT('',(2.,34.,41.1));
#12339 = VECTOR('',#12340,1.);
#12340 = DIRECTION('',(0.,0.,1.));
#12341 = PCURVE('',#7737,#12342);
#12342 = DEFINITIONAL_REPRESENTATION('',(#12343),#12347);
#12343 = LINE('',#12344,#12345);
#12344 = CARTESIAN_POINT('',(0.,26.));
#12345 = VECTOR('',#12346,1.);
#12346 = DIRECTION('',(1.,0.));
#12347 = ( GEOMETRIC_REPRESENTATION_CONTEXT(2) 
PARAMETRIC_REPRESENTATION_CONTEXT() REPRESENTATION_CONTEXT('2D SPACE',''
  ) );
#12348 = PCURVE('',#7813,#12349);
#12349 = DEFINITIONAL_REPRESENTATION('',(#12350),#12354);
#12350 = LINE('',#12351,#12352);
#12351 = CARTESIAN_POINT('',(0.,0.));
#12352 = VECTOR('',#12353,1.);
#12353 = DIRECTION('',(1.,0.));
#12354 = ( GEOMETRIC_REPRESENTATION_CONTEXT(2) 
PARAMETRIC_REPRESENTATION_CONTEXT() REPRESENTATION_CONTEXT('2D SPACE',''
  ) );
#12355 = ORIENTED_EDGE('',*,*,#10044,.T.);
#12356 = ORIENTED_EDGE('',*,*,#12357,.T.);
#12357 = EDGE_CURVE('',#10047,#7723,#12358,.T.);
#12358 = SURFACE_CURVE('',#12359,(#12363,#12370),.PCURVE_S1.);
#12359 = LINE('',#12360,#12361);
#12360 = CARTESIAN_POINT('',(-24.,34.,41.1));
#12361 = VECTOR('',#12362,1.);
#12362 = DIRECTION('',(0.,0.,1.));
#12363 = PCURVE('',#7737,#12364);
#12364 = DEFINITIONAL_REPRESENTATION('',(#12365),#12369);
#12365 = LINE('',#12366,#12367);
#12366 = CARTESIAN_POINT('',(0.,0.));
#12367 = VECTOR('',#12368,1.);
#12368 = DIRECTION('',(1.,0.));
#12369 = ( GEOMETRIC_REPRESENTATION_CONTEXT(2) 
PARAMETRIC_REPRESENTATION_CONTEXT() REPRESENTATION_CONTEXT('2D SPACE',''
  ) );
#12370 = PCURVE('',#7763,#12371);
#12371 = DEFINITIONAL_REPRESENTATION('',(#12372),#12376);
#12372 = LINE('',#12373,#12374);
#12373 = CARTESIAN_POINT('',(0.,0.));
#12374 = VECTOR('',#12375,1.);
#12375 = DIRECTION('',(1.,0.));
#12376 = ( GEOMETRIC_REPRESENTATION_CONTEXT(2) 
PARAMETRIC_REPRESENTATION_CONTEXT() REPRESENTATION_CONTEXT('2D SPACE',''
  ) );
#12377 = ORIENTED_EDGE('',*,*,#7720,.F.);
#12378 = ADVANCED_FACE('',(#12379),#7813,.F.);
#12379 = FACE_BOUND('',#12380,.F.);
#12380 = EDGE_LOOP('',(#12381,#12382,#12383,#12404));
#12381 = ORIENTED_EDGE('',*,*,#12335,.F.);
#12382 = ORIENTED_EDGE('',*,*,#10109,.T.);
#12383 = ORIENTED_EDGE('',*,*,#12384,.T.);
#12384 = EDGE_CURVE('',#10089,#7775,#12385,.T.);
#12385 = SURFACE_CURVE('',#12386,(#12390,#12397),.PCURVE_S1.);
#12386 = LINE('',#12387,#12388);
#12387 = CARTESIAN_POINT('',(2.,38.,41.1));
#12388 = VECTOR('',#12389,1.);
#12389 = DIRECTION('',(0.,0.,1.));
#12390 = PCURVE('',#7813,#12391);
#12391 = DEFINITIONAL_REPRESENTATION('',(#12392),#12396);
#12392 = LINE('',#12393,#12394);
#12393 = CARTESIAN_POINT('',(0.,-4.));
#12394 = VECTOR('',#12395,1.);
#12395 = DIRECTION('',(1.,0.));
#12396 = ( GEOMETRIC_REPRESENTATION_CONTEXT(2) 
PARAMETRIC_REPRESENTATION_CONTEXT() REPRESENTATION_CONTEXT('2D SPACE',''
  ) );
#12397 = PCURVE('',#7789,#12398);
#12398 = DEFINITIONAL_REPRESENTATION('',(#12399),#12403);
#12399 = LINE('',#12400,#12401);
#12400 = CARTESIAN_POINT('',(0.,26.));
#12401 = VECTOR('',#12402,1.);
#12402 = DIRECTION('',(1.,0.));
#12403 = ( GEOMETRIC_REPRESENTATION_CONTEXT(2) 
PARAMETRIC_REPRESENTATION_CONTEXT() REPRESENTATION_CONTEXT('2D SPACE',''
  ) );
#12404 = ORIENTED_EDGE('',*,*,#7800,.F.);
#12405 = ADVANCED_FACE('',(#12406),#7763,.T.);
#12406 = FACE_BOUND('',#12407,.T.);
#12407 = EDGE_LOOP('',(#12408,#12409,#12410,#12431));
#12408 = ORIENTED_EDGE('',*,*,#12357,.F.);
#12409 = ORIENTED_EDGE('',*,*,#10067,.T.);
#12410 = ORIENTED_EDGE('',*,*,#12411,.T.);
#12411 = EDGE_CURVE('',#10068,#7749,#12412,.T.);
#12412 = SURFACE_CURVE('',#12413,(#12417,#12424),.PCURVE_S1.);
#12413 = LINE('',#12414,#12415);
#12414 = CARTESIAN_POINT('',(-24.,38.,41.1));
#12415 = VECTOR('',#12416,1.);
#12416 = DIRECTION('',(0.,0.,1.));
#12417 = PCURVE('',#7763,#12418);
#12418 = DEFINITIONAL_REPRESENTATION('',(#12419),#12423);
#12419 = LINE('',#12420,#12421);
#12420 = CARTESIAN_POINT('',(0.,-4.));
#12421 = VECTOR('',#12422,1.);
#12422 = DIRECTION('',(1.,0.));
#12423 = ( GEOMETRIC_REPRESENTATION_CONTEXT(2) 
PARAMETRIC_REPRESENTATION_CONTEXT() REPRESENTATION_CONTEXT('2D SPACE',''
  ) );
#12424 = PCURVE('',#7789,#12425);
#12425 = DEFINITIONAL_REPRESENTATION('',(#12426),#12430);
#12426 = LINE('',#12427,#12428);
#12427 = CARTESIAN_POINT('',(0.,0.));
#12428 = VECTOR('',#12429,1.);
#12429 = DIRECTION('',(1.,0.));
#12430 = ( GEOMETRIC_REPRESENTATION_CONTEXT(2) 
PARAMETRIC_REPRESENTATION_CONTEXT() REPRESENTATION_CONTEXT('2D SPACE',''
  ) );
#12431 = ORIENTED_EDGE('',*,*,#7748,.F.);
#12432 = ADVANCED_FACE('',(#12433),#7789,.F.);
#12433 = FACE_BOUND('',#12434,.F.);
#12434 = EDGE_LOOP('',(#12435,#12436,#12437,#12438));
#12435 = ORIENTED_EDGE('',*,*,#12384,.F.);
#12436 = ORIENTED_EDGE('',*,*,#10088,.T.);
#12437 = ORIENTED_EDGE('',*,*,#12411,.T.);
#12438 = ORIENTED_EDGE('',*,*,#7774,.F.);
#12439 = ADVANCED_FACE('',(#12440),#7843,.T.);
#12440 = FACE_BOUND('',#12441,.T.);
#12441 = EDGE_LOOP('',(#12442,#12463,#12464,#12485));
#12442 = ORIENTED_EDGE('',*,*,#12443,.F.);
#12443 = EDGE_CURVE('',#10131,#7827,#12444,.T.);
#12444 = SURFACE_CURVE('',#12445,(#12449,#12456),.PCURVE_S1.);
#12445 = LINE('',#12446,#12447);
#12446 = CARTESIAN_POINT('',(2.,44.,41.1));
#12447 = VECTOR('',#12448,1.);
#12448 = DIRECTION('',(0.,0.,1.));
#12449 = PCURVE('',#7843,#12450);
#12450 = DEFINITIONAL_REPRESENTATION('',(#12451),#12455);
#12451 = LINE('',#12452,#12453);
#12452 = CARTESIAN_POINT('',(0.,26.));
#12453 = VECTOR('',#12454,1.);
#12454 = DIRECTION('',(1.,0.));
#12455 = ( GEOMETRIC_REPRESENTATION_CONTEXT(2) 
PARAMETRIC_REPRESENTATION_CONTEXT() REPRESENTATION_CONTEXT('2D SPACE',''
  ) );
#12456 = PCURVE('',#7919,#12457);
#12457 = DEFINITIONAL_REPRESENTATION('',(#12458),#12462);
#12458 = LINE('',#12459,#12460);
#12459 = CARTESIAN_POINT('',(0.,0.));
#12460 = VECTOR('',#12461,1.);
#12461 = DIRECTION('',(1.,0.));
#12462 = ( GEOMETRIC_REPRESENTATION_CONTEXT(2) 
PARAMETRIC_REPRESENTATION_CONTEXT() REPRESENTATION_CONTEXT('2D SPACE',''
  ) );
#12463 = ORIENTED_EDGE('',*,*,#10130,.T.);
#12464 = ORIENTED_EDGE('',*,*,#12465,.T.);
#12465 = EDGE_CURVE('',#10133,#7829,#12466,.T.);
#12466 = SURFACE_CURVE('',#12467,(#12471,#12478),.PCURVE_S1.);
#12467 = LINE('',#12468,#12469);
#12468 = CARTESIAN_POINT('',(-24.,44.,41.1));
#12469 = VECTOR('',#12470,1.);
#12470 = DIRECTION('',(0.,0.,1.));
#12471 = PCURVE('',#7843,#12472);
#12472 = DEFINITIONAL_REPRESENTATION('',(#12473),#12477);
#12473 = LINE('',#12474,#12475);
#12474 = CARTESIAN_POINT('',(0.,0.));
#12475 = VECTOR('',#12476,1.);
#12476 = DIRECTION('',(1.,0.));
#12477 = ( GEOMETRIC_REPRESENTATION_CONTEXT(2) 
PARAMETRIC_REPRESENTATION_CONTEXT() REPRESENTATION_CONTEXT('2D SPACE',''
  ) );
#12478 = PCURVE('',#7869,#12479);
#12479 = DEFINITIONAL_REPRESENTATION('',(#12480),#12484);
#12480 = LINE('',#12481,#12482);
#12481 = CARTESIAN_POINT('',(0.,0.));
#12482 = VECTOR('',#12483,1.);
#12483 = DIRECTION('',(1.,0.));
#12484 = ( GEOMETRIC_REPRESENTATION_CONTEXT(2) 
PARAMETRIC_REPRESENTATION_CONTEXT() REPRESENTATION_CONTEXT('2D SPACE',''
  ) );
#12485 = ORIENTED_EDGE('',*,*,#7826,.F.);
#12486 = ADVANCED_FACE('',(#12487),#7919,.F.);
#12487 = FACE_BOUND('',#12488,.F.);
#12488 = EDGE_LOOP('',(#12489,#12490,#12491,#12512));
#12489 = ORIENTED_EDGE('',*,*,#12443,.F.);
#12490 = ORIENTED_EDGE('',*,*,#10195,.T.);
#12491 = ORIENTED_EDGE('',*,*,#12492,.T.);
#12492 = EDGE_CURVE('',#10175,#7881,#12493,.T.);
#12493 = SURFACE_CURVE('',#12494,(#12498,#12505),.PCURVE_S1.);
#12494 = LINE('',#12495,#12496);
#12495 = CARTESIAN_POINT('',(2.,48.,41.1));
#12496 = VECTOR('',#12497,1.);
#12497 = DIRECTION('',(0.,0.,1.));
#12498 = PCURVE('',#7919,#12499);
#12499 = DEFINITIONAL_REPRESENTATION('',(#12500),#12504);
#12500 = LINE('',#12501,#12502);
#12501 = CARTESIAN_POINT('',(0.,-4.));
#12502 = VECTOR('',#12503,1.);
#12503 = DIRECTION('',(1.,0.));
#12504 = ( GEOMETRIC_REPRESENTATION_CONTEXT(2) 
PARAMETRIC_REPRESENTATION_CONTEXT() REPRESENTATION_CONTEXT('2D SPACE',''
  ) );
#12505 = PCURVE('',#7895,#12506);
#12506 = DEFINITIONAL_REPRESENTATION('',(#12507),#12511);
#12507 = LINE('',#12508,#12509);
#12508 = CARTESIAN_POINT('',(0.,26.));
#12509 = VECTOR('',#12510,1.);
#12510 = DIRECTION('',(1.,0.));
#12511 = ( GEOMETRIC_REPRESENTATION_CONTEXT(2) 
PARAMETRIC_REPRESENTATION_CONTEXT() REPRESENTATION_CONTEXT('2D SPACE',''
  ) );
#12512 = ORIENTED_EDGE('',*,*,#7906,.F.);
#12513 = ADVANCED_FACE('',(#12514),#7869,.T.);
#12514 = FACE_BOUND('',#12515,.T.);
#12515 = EDGE_LOOP('',(#12516,#12517,#12518,#12539));
#12516 = ORIENTED_EDGE('',*,*,#12465,.F.);
#12517 = ORIENTED_EDGE('',*,*,#10153,.T.);
#12518 = ORIENTED_EDGE('',*,*,#12519,.T.);
#12519 = EDGE_CURVE('',#10154,#7855,#12520,.T.);
#12520 = SURFACE_CURVE('',#12521,(#12525,#12532),.PCURVE_S1.);
#12521 = LINE('',#12522,#12523);
#12522 = CARTESIAN_POINT('',(-24.,48.,41.1));
#12523 = VECTOR('',#12524,1.);
#12524 = DIRECTION('',(0.,0.,1.));
#12525 = PCURVE('',#7869,#12526);
#12526 = DEFINITIONAL_REPRESENTATION('',(#12527),#12531);
#12527 = LINE('',#12528,#12529);
#12528 = CARTESIAN_POINT('',(0.,-4.));
#12529 = VECTOR('',#12530,1.);
#12530 = DIRECTION('',(1.,0.));
#12531 = ( GEOMETRIC_REPRESENTATION_CONTEXT(2) 
PARAMETRIC_REPRESENTATION_CONTEXT() REPRESENTATION_CONTEXT('2D SPACE',''
  ) );
#12532 = PCURVE('',#7895,#12533);
#12533 = DEFINITIONAL_REPRESENTATION('',(#12534),#12538);
#12534 = LINE('',#12535,#12536);
#12535 = CARTESIAN_POINT('',(0.,0.));
#12536 = VECTOR('',#12537,1.);
#12537 = DIRECTION('',(1.,0.));
#12538 = ( GEOMETRIC_REPRESENTATION_CONTEXT(2) 
PARAMETRIC_REPRESENTATION_CONTEXT() REPRESENTATION_CONTEXT('2D SPACE',''
  ) );
#12539 = ORIENTED_EDGE('',*,*,#7854,.F.);
#12540 = ADVANCED_FACE('',(#12541),#7895,.F.);
#12541 = FACE_BOUND('',#12542,.F.);
#12542 = EDGE_LOOP('',(#12543,#12544,#12545,#12546));
#12543 = ORIENTED_EDGE('',*,*,#12492,.F.);
#12544 = ORIENTED_EDGE('',*,*,#10174,.T.);
#12545 = ORIENTED_EDGE('',*,*,#12519,.T.);
#12546 = ORIENTED_EDGE('',*,*,#7880,.F.);
#12547 = ADVANCED_FACE('',(#12548),#7955,.F.);
#12548 = FACE_BOUND('',#12549,.F.);
#12549 = EDGE_LOOP('',(#12550,#12571,#12572,#12593,#12622,#12651,#12677,
    #12710,#12736,#12765));
#12550 = ORIENTED_EDGE('',*,*,#12551,.T.);
#12551 = EDGE_CURVE('',#12552,#7933,#12554,.T.);
#12552 = VERTEX_POINT('',#12553);
#12553 = CARTESIAN_POINT('',(-82.5,59.038873605351,42.3));
#12554 = SURFACE_CURVE('',#12555,(#12559,#12565),.PCURVE_S1.);
#12555 = LINE('',#12556,#12557);
#12556 = CARTESIAN_POINT('',(-82.5,59.038873605351,37.5));
#12557 = VECTOR('',#12558,1.);
#12558 = DIRECTION('',(0.,0.,1.));
#12559 = PCURVE('',#7955,#12560);
#12560 = DEFINITIONAL_REPRESENTATION('',(#12561),#12564);
#12561 = B_SPLINE_CURVE_WITH_KNOTS('',1,(#12562,#12563),.UNSPECIFIED.,
  .F.,.F.,(2,2),(1.,7.),.PIECEWISE_BEZIER_KNOTS.);
#12562 = CARTESIAN_POINT('',(7.299719799522,1.));
#12563 = CARTESIAN_POINT('',(7.299719799522,7.));
#12564 = ( GEOMETRIC_REPRESENTATION_CONTEXT(2) 
PARAMETRIC_REPRESENTATION_CONTEXT() REPRESENTATION_CONTEXT('2D SPACE',''
  ) );
#12565 = PCURVE('',#8033,#12566);
#12566 = DEFINITIONAL_REPRESENTATION('',(#12567),#12570);
#12567 = B_SPLINE_CURVE_WITH_KNOTS('',1,(#12568,#12569),.UNSPECIFIED.,
  .F.,.F.,(2,2),(0.9999994,7.0000006),.PIECEWISE_BEZIER_KNOTS.);
#12568 = CARTESIAN_POINT('',(0.9999994,-4.288873605351));
#12569 = CARTESIAN_POINT('',(7.0000006,-4.288873605351));
#12570 = ( GEOMETRIC_REPRESENTATION_CONTEXT(2) 
PARAMETRIC_REPRESENTATION_CONTEXT() REPRESENTATION_CONTEXT('2D SPACE',''
  ) );
#12571 = ORIENTED_EDGE('',*,*,#7932,.T.);
#12572 = ORIENTED_EDGE('',*,*,#12573,.F.);
#12573 = EDGE_CURVE('',#12574,#7935,#12576,.T.);
#12574 = VERTEX_POINT('',#12575);
#12575 = CARTESIAN_POINT('',(-87.5,59.038873605351,42.3));
#12576 = SURFACE_CURVE('',#12577,(#12581,#12587),.PCURVE_S1.);
#12577 = LINE('',#12578,#12579);
#12578 = CARTESIAN_POINT('',(-87.5,59.038873605351,37.5));
#12579 = VECTOR('',#12580,1.);
#12580 = DIRECTION('',(0.,0.,1.));
#12581 = PCURVE('',#7955,#12582);
#12582 = DEFINITIONAL_REPRESENTATION('',(#12583),#12586);
#12583 = B_SPLINE_CURVE_WITH_KNOTS('',1,(#12584,#12585),.UNSPECIFIED.,
  .F.,.F.,(2,2),(1.,7.),.PIECEWISE_BEZIER_KNOTS.);
#12584 = CARTESIAN_POINT('',(2.125058161247,1.));
#12585 = CARTESIAN_POINT('',(2.125058161247,7.));
#12586 = ( GEOMETRIC_REPRESENTATION_CONTEXT(2) 
PARAMETRIC_REPRESENTATION_CONTEXT() REPRESENTATION_CONTEXT('2D SPACE',''
  ) );
#12587 = PCURVE('',#7982,#12588);
#12588 = DEFINITIONAL_REPRESENTATION('',(#12589),#12592);
#12589 = B_SPLINE_CURVE_WITH_KNOTS('',1,(#12590,#12591),.UNSPECIFIED.,
  .F.,.F.,(2,2),(0.9999994,7.0000006),.PIECEWISE_BEZIER_KNOTS.);
#12590 = CARTESIAN_POINT('',(0.9999994,-4.288873605351));
#12591 = CARTESIAN_POINT('',(7.0000006,-4.288873605351));
#12592 = ( GEOMETRIC_REPRESENTATION_CONTEXT(2) 
PARAMETRIC_REPRESENTATION_CONTEXT() REPRESENTATION_CONTEXT('2D SPACE',''
  ) );
#12593 = ORIENTED_EDGE('',*,*,#12594,.T.);
#12594 = EDGE_CURVE('',#12574,#12595,#12597,.T.);
#12595 = VERTEX_POINT('',#12596);
#12596 = CARTESIAN_POINT('',(-89.75,55.,42.3));
#12597 = SURFACE_CURVE('',#12598,(#12603,#12610),.PCURVE_S1.);
#12598 = CIRCLE('',#12599,4.75);
#12599 = AXIS2_PLACEMENT_3D('',#12600,#12601,#12602);
#12600 = CARTESIAN_POINT('',(-85.,55.,42.3));
#12601 = DIRECTION('',(0.,0.,1.));
#12602 = DIRECTION('',(1.,0.,-0.));
#12603 = PCURVE('',#7955,#12604);
#12604 = DEFINITIONAL_REPRESENTATION('',(#12605),#12609);
#12605 = LINE('',#12606,#12607);
#12606 = CARTESIAN_POINT('',(0.,4.8));
#12607 = VECTOR('',#12608,1.);
#12608 = DIRECTION('',(1.,0.));
#12609 = ( GEOMETRIC_REPRESENTATION_CONTEXT(2) 
PARAMETRIC_REPRESENTATION_CONTEXT() REPRESENTATION_CONTEXT('2D SPACE',''
  ) );
#12610 = PCURVE('',#12611,#12616);
#12611 = PLANE('',#12612);
#12612 = AXIS2_PLACEMENT_3D('',#12613,#12614,#12615);
#12613 = CARTESIAN_POINT('',(-89.75,54.75,42.3));
#12614 = DIRECTION('',(0.,0.,1.));
#12615 = DIRECTION('',(1.,0.,0.));
#12616 = DEFINITIONAL_REPRESENTATION('',(#12617),#12621);
#12617 = CIRCLE('',#12618,4.75);
#12618 = AXIS2_PLACEMENT_2D('',#12619,#12620);
#12619 = CARTESIAN_POINT('',(4.75,0.25));
#12620 = DIRECTION('',(1.,0.));
#12621 = ( GEOMETRIC_REPRESENTATION_CONTEXT(2) 
PARAMETRIC_REPRESENTATION_CONTEXT() REPRESENTATION_CONTEXT('2D SPACE',''
  ) );
#12622 = ORIENTED_EDGE('',*,*,#12623,.T.);
#12623 = EDGE_CURVE('',#12595,#12624,#12626,.T.);
#12624 = VERTEX_POINT('',#12625);
#12625 = CARTESIAN_POINT('',(-89.74341649025,54.75,42.3));
#12626 = SURFACE_CURVE('',#12627,(#12632,#12639),.PCURVE_S1.);
#12627 = CIRCLE('',#12628,4.75);
#12628 = AXIS2_PLACEMENT_3D('',#12629,#12630,#12631);
#12629 = CARTESIAN_POINT('',(-85.,55.,42.3));
#12630 = DIRECTION('',(0.,0.,1.));
#12631 = DIRECTION('',(1.,0.,-0.));
#12632 = PCURVE('',#7955,#12633);
#12633 = DEFINITIONAL_REPRESENTATION('',(#12634),#12638);
#12634 = LINE('',#12635,#12636);
#12635 = CARTESIAN_POINT('',(0.,4.8));
#12636 = VECTOR('',#12637,1.);
#12637 = DIRECTION('',(1.,0.));
#12638 = ( GEOMETRIC_REPRESENTATION_CONTEXT(2) 
PARAMETRIC_REPRESENTATION_CONTEXT() REPRESENTATION_CONTEXT('2D SPACE',''
  ) );
#12639 = PCURVE('',#12640,#12645);
#12640 = PLANE('',#12641);
#12641 = AXIS2_PLACEMENT_3D('',#12642,#12643,#12644);
#12642 = CARTESIAN_POINT('',(-89.75,54.75,42.3));
#12643 = DIRECTION('',(0.,0.,1.));
#12644 = DIRECTION('',(1.,0.,0.));
#12645 = DEFINITIONAL_REPRESENTATION('',(#12646),#12650);
#12646 = CIRCLE('',#12647,4.75);
#12647 = AXIS2_PLACEMENT_2D('',#12648,#12649);
#12648 = CARTESIAN_POINT('',(4.75,0.25));
#12649 = DIRECTION('',(1.,0.));
#12650 = ( GEOMETRIC_REPRESENTATION_CONTEXT(2) 
PARAMETRIC_REPRESENTATION_CONTEXT() REPRESENTATION_CONTEXT('2D SPACE',''
  ) );
#12651 = ORIENTED_EDGE('',*,*,#12652,.F.);
#12652 = EDGE_CURVE('',#12653,#12624,#12655,.T.);
#12653 = VERTEX_POINT('',#12654);
#12654 = CARTESIAN_POINT('',(-89.74341649025,54.75,38.5));
#12655 = SURFACE_CURVE('',#12656,(#12660,#12666),.PCURVE_S1.);
#12656 = LINE('',#12657,#12658);
#12657 = CARTESIAN_POINT('',(-89.74341649025,54.75,37.5));
#12658 = VECTOR('',#12659,1.);
#12659 = DIRECTION('',(0.,0.,1.));
#12660 = PCURVE('',#7955,#12661);
#12661 = DEFINITIONAL_REPRESENTATION('',(#12662),#12665);
#12662 = B_SPLINE_CURVE_WITH_KNOTS('',1,(#12663,#12664),.UNSPECIFIED.,
  .F.,.F.,(2,2),(0.9999994,5.28),.PIECEWISE_BEZIER_KNOTS.);
#12663 = CARTESIAN_POINT('',(3.194248561851,0.9999994));
#12664 = CARTESIAN_POINT('',(3.194248561851,5.28));
#12665 = ( GEOMETRIC_REPRESENTATION_CONTEXT(2) 
PARAMETRIC_REPRESENTATION_CONTEXT() REPRESENTATION_CONTEXT('2D SPACE',''
  ) );
#12666 = PCURVE('',#12667,#12672);
#12667 = PLANE('',#12668);
#12668 = AXIS2_PLACEMENT_3D('',#12669,#12670,#12671);
#12669 = CARTESIAN_POINT('',(-89.75,54.75,37.5));
#12670 = DIRECTION('',(0.,1.,0.));
#12671 = DIRECTION('',(0.,0.,1.));
#12672 = DEFINITIONAL_REPRESENTATION('',(#12673),#12676);
#12673 = B_SPLINE_CURVE_WITH_KNOTS('',1,(#12674,#12675),.UNSPECIFIED.,
  .F.,.F.,(2,2),(0.9999994,5.28),.PIECEWISE_BEZIER_KNOTS.);
#12674 = CARTESIAN_POINT('',(0.9999994,6.583509747429E-03));
#12675 = CARTESIAN_POINT('',(5.28,6.583509747429E-03));
#12676 = ( GEOMETRIC_REPRESENTATION_CONTEXT(2) 
PARAMETRIC_REPRESENTATION_CONTEXT() REPRESENTATION_CONTEXT('2D SPACE',''
  ) );
#12677 = ORIENTED_EDGE('',*,*,#12678,.F.);
#12678 = EDGE_CURVE('',#12679,#12653,#12681,.T.);
#12679 = VERTEX_POINT('',#12680);
#12680 = CARTESIAN_POINT('',(-80.25658350974,54.75,38.5));
#12681 = SURFACE_CURVE('',#12682,(#12687,#12694),.PCURVE_S1.);
#12682 = CIRCLE('',#12683,4.75);
#12683 = AXIS2_PLACEMENT_3D('',#12684,#12685,#12686);
#12684 = CARTESIAN_POINT('',(-85.,55.,38.5));
#12685 = DIRECTION('',(0.,0.,-1.));
#12686 = DIRECTION('',(0.526315789474,0.850289180074,0.));
#12687 = PCURVE('',#7955,#12688);
#12688 = DEFINITIONAL_REPRESENTATION('',(#12689),#12693);
#12689 = LINE('',#12690,#12691);
#12690 = CARTESIAN_POINT('',(7.299719799522,1.));
#12691 = VECTOR('',#12692,1.);
#12692 = DIRECTION('',(-1.,-0.));
#12693 = ( GEOMETRIC_REPRESENTATION_CONTEXT(2) 
PARAMETRIC_REPRESENTATION_CONTEXT() REPRESENTATION_CONTEXT('2D SPACE',''
  ) );
#12694 = PCURVE('',#12695,#12700);
#12695 = PLANE('',#12696);
#12696 = AXIS2_PLACEMENT_3D('',#12697,#12698,#12699);
#12697 = CARTESIAN_POINT('',(-98.,35.,38.5));
#12698 = DIRECTION('',(0.,0.,1.));
#12699 = DIRECTION('',(1.,0.,0.));
#12700 = DEFINITIONAL_REPRESENTATION('',(#12701),#12709);
#12701 = ( BOUNDED_CURVE() B_SPLINE_CURVE(2,(#12702,#12703,#12704,#12705
    ,#12706,#12707,#12708),.UNSPECIFIED.,.T.,.F.) 
B_SPLINE_CURVE_WITH_KNOTS((1,2,2,2,2,1),(-2.094395102393,0.,
    2.094395102393,4.188790204786,6.28318530718,8.377580409573),
.UNSPECIFIED.) CURVE() GEOMETRIC_REPRESENTATION_ITEM() 
RATIONAL_B_SPLINE_CURVE((1.,0.5,1.,0.5,1.,0.5,1.)) REPRESENTATION_ITEM(
  '') );
#12702 = CARTESIAN_POINT('',(15.5,24.038873605351));
#12703 = CARTESIAN_POINT('',(22.495534289817,19.708746586429));
#12704 = CARTESIAN_POINT('',(15.247767144908,15.815499687863));
#12705 = CARTESIAN_POINT('',(8.,11.922252789298));
#12706 = CARTESIAN_POINT('',(8.252232855092,20.145626706786));
#12707 = CARTESIAN_POINT('',(8.504465710183,28.369000624273));
#12708 = CARTESIAN_POINT('',(15.5,24.038873605351));
#12709 = ( GEOMETRIC_REPRESENTATION_CONTEXT(2) 
PARAMETRIC_REPRESENTATION_CONTEXT() REPRESENTATION_CONTEXT('2D SPACE',''
  ) );
#12710 = ORIENTED_EDGE('',*,*,#12711,.T.);
#12711 = EDGE_CURVE('',#12679,#12712,#12714,.T.);
#12712 = VERTEX_POINT('',#12713);
#12713 = CARTESIAN_POINT('',(-80.25658350974,54.75,42.3));
#12714 = SURFACE_CURVE('',#12715,(#12719,#12725),.PCURVE_S1.);
#12715 = LINE('',#12716,#12717);
#12716 = CARTESIAN_POINT('',(-80.25658350974,54.75,37.5));
#12717 = VECTOR('',#12718,1.);
#12718 = DIRECTION('',(0.,0.,1.));
#12719 = PCURVE('',#7955,#12720);
#12720 = DEFINITIONAL_REPRESENTATION('',(#12721),#12724);
#12721 = B_SPLINE_CURVE_WITH_KNOTS('',1,(#12722,#12723),.UNSPECIFIED.,
  .F.,.F.,(2,2),(0.9999994,5.28),.PIECEWISE_BEZIER_KNOTS.);
#12722 = CARTESIAN_POINT('',(6.230529398918,0.9999994));
#12723 = CARTESIAN_POINT('',(6.230529398918,5.28));
#12724 = ( GEOMETRIC_REPRESENTATION_CONTEXT(2) 
PARAMETRIC_REPRESENTATION_CONTEXT() REPRESENTATION_CONTEXT('2D SPACE',''
  ) );
#12725 = PCURVE('',#12726,#12731);
#12726 = PLANE('',#12727);
#12727 = AXIS2_PLACEMENT_3D('',#12728,#12729,#12730);
#12728 = CARTESIAN_POINT('',(-89.75,54.75,37.5));
#12729 = DIRECTION('',(0.,1.,0.));
#12730 = DIRECTION('',(0.,0.,1.));
#12731 = DEFINITIONAL_REPRESENTATION('',(#12732),#12735);
#12732 = B_SPLINE_CURVE_WITH_KNOTS('',1,(#12733,#12734),.UNSPECIFIED.,
  .F.,.F.,(2,2),(0.9999994,5.28),.PIECEWISE_BEZIER_KNOTS.);
#12733 = CARTESIAN_POINT('',(0.9999994,9.493416490253));
#12734 = CARTESIAN_POINT('',(5.28,9.493416490253));
#12735 = ( GEOMETRIC_REPRESENTATION_CONTEXT(2) 
PARAMETRIC_REPRESENTATION_CONTEXT() REPRESENTATION_CONTEXT('2D SPACE',''
  ) );
#12736 = ORIENTED_EDGE('',*,*,#12737,.T.);
#12737 = EDGE_CURVE('',#12712,#12738,#12740,.T.);
#12738 = VERTEX_POINT('',#12739);
#12739 = CARTESIAN_POINT('',(-80.25,55.,42.3));
#12740 = SURFACE_CURVE('',#12741,(#12746,#12753),.PCURVE_S1.);
#12741 = CIRCLE('',#12742,4.75);
#12742 = AXIS2_PLACEMENT_3D('',#12743,#12744,#12745);
#12743 = CARTESIAN_POINT('',(-85.,55.,42.3));
#12744 = DIRECTION('',(0.,0.,1.));
#12745 = DIRECTION('',(1.,0.,-0.));
#12746 = PCURVE('',#7955,#12747);
#12747 = DEFINITIONAL_REPRESENTATION('',(#12748),#12752);
#12748 = LINE('',#12749,#12750);
#12749 = CARTESIAN_POINT('',(0.,4.8));
#12750 = VECTOR('',#12751,1.);
#12751 = DIRECTION('',(1.,0.));
#12752 = ( GEOMETRIC_REPRESENTATION_CONTEXT(2) 
PARAMETRIC_REPRESENTATION_CONTEXT() REPRESENTATION_CONTEXT('2D SPACE',''
  ) );
#12753 = PCURVE('',#12754,#12759);
#12754 = PLANE('',#12755);
#12755 = AXIS2_PLACEMENT_3D('',#12756,#12757,#12758);
#12756 = CARTESIAN_POINT('',(-89.75,54.75,42.3));
#12757 = DIRECTION('',(0.,0.,1.));
#12758 = DIRECTION('',(1.,0.,0.));
#12759 = DEFINITIONAL_REPRESENTATION('',(#12760),#12764);
#12760 = CIRCLE('',#12761,4.75);
#12761 = AXIS2_PLACEMENT_2D('',#12762,#12763);
#12762 = CARTESIAN_POINT('',(4.75,0.25));
#12763 = DIRECTION('',(1.,0.));
#12764 = ( GEOMETRIC_REPRESENTATION_CONTEXT(2) 
PARAMETRIC_REPRESENTATION_CONTEXT() REPRESENTATION_CONTEXT('2D SPACE',''
  ) );
#12765 = ORIENTED_EDGE('',*,*,#12766,.T.);
#12766 = EDGE_CURVE('',#12738,#12552,#12767,.T.);
#12767 = SURFACE_CURVE('',#12768,(#12773,#12780),.PCURVE_S1.);
#12768 = CIRCLE('',#12769,4.75);
#12769 = AXIS2_PLACEMENT_3D('',#12770,#12771,#12772);
#12770 = CARTESIAN_POINT('',(-85.,55.,42.3));
#12771 = DIRECTION('',(0.,0.,1.));
#12772 = DIRECTION('',(1.,0.,-0.));
#12773 = PCURVE('',#7955,#12774);
#12774 = DEFINITIONAL_REPRESENTATION('',(#12775),#12779);
#12775 = LINE('',#12776,#12777);
#12776 = CARTESIAN_POINT('',(0.,4.8));
#12777 = VECTOR('',#12778,1.);
#12778 = DIRECTION('',(1.,0.));
#12779 = ( GEOMETRIC_REPRESENTATION_CONTEXT(2) 
PARAMETRIC_REPRESENTATION_CONTEXT() REPRESENTATION_CONTEXT('2D SPACE',''
  ) );
#12780 = PCURVE('',#12781,#12786);
#12781 = PLANE('',#12782);
#12782 = AXIS2_PLACEMENT_3D('',#12783,#12784,#12785);
#12783 = CARTESIAN_POINT('',(-89.75,54.75,42.3));
#12784 = DIRECTION('',(0.,0.,1.));
#12785 = DIRECTION('',(1.,0.,0.));
#12786 = DEFINITIONAL_REPRESENTATION('',(#12787),#12791);
#12787 = CIRCLE('',#12788,4.75);
#12788 = AXIS2_PLACEMENT_2D('',#12789,#12790);
#12789 = CARTESIAN_POINT('',(4.75,0.25));
#12790 = DIRECTION('',(1.,0.));
#12791 = ( GEOMETRIC_REPRESENTATION_CONTEXT(2) 
PARAMETRIC_REPRESENTATION_CONTEXT() REPRESENTATION_CONTEXT('2D SPACE',''
  ) );
#12792 = ADVANCED_FACE('',(#12793),#8033,.F.);
#12793 = FACE_BOUND('',#12794,.F.);
#12794 = EDGE_LOOP('',(#12795,#12816,#12837,#12838));
#12795 = ORIENTED_EDGE('',*,*,#12796,.F.);
#12796 = EDGE_CURVE('',#12797,#12552,#12799,.T.);
#12797 = VERTEX_POINT('',#12798);
#12798 = CARTESIAN_POINT('',(-82.5,69.25,42.3));
#12799 = SURFACE_CURVE('',#12800,(#12804,#12810),.PCURVE_S1.);
#12800 = LINE('',#12801,#12802);
#12801 = CARTESIAN_POINT('',(-82.5,54.75,42.3));
#12802 = VECTOR('',#12803,1.);
#12803 = DIRECTION('',(0.,-1.,0.));
#12804 = PCURVE('',#8033,#12805);
#12805 = DEFINITIONAL_REPRESENTATION('',(#12806),#12809);
#12806 = B_SPLINE_CURVE_WITH_KNOTS('',1,(#12807,#12808),.UNSPECIFIED.,
  .F.,.F.,(2,2),(-14.5,-4.288873605351),.PIECEWISE_BEZIER_KNOTS.);
#12807 = CARTESIAN_POINT('',(4.8,-14.5));
#12808 = CARTESIAN_POINT('',(4.8,-4.288873605351));
#12809 = ( GEOMETRIC_REPRESENTATION_CONTEXT(2) 
PARAMETRIC_REPRESENTATION_CONTEXT() REPRESENTATION_CONTEXT('2D SPACE',''
  ) );
#12810 = PCURVE('',#12781,#12811);
#12811 = DEFINITIONAL_REPRESENTATION('',(#12812),#12815);
#12812 = B_SPLINE_CURVE_WITH_KNOTS('',1,(#12813,#12814),.UNSPECIFIED.,
  .F.,.F.,(2,2),(-14.5,-4.288873605351),.PIECEWISE_BEZIER_KNOTS.);
#12813 = CARTESIAN_POINT('',(7.25,14.5));
#12814 = CARTESIAN_POINT('',(7.25,4.288873605351));
#12815 = ( GEOMETRIC_REPRESENTATION_CONTEXT(2) 
PARAMETRIC_REPRESENTATION_CONTEXT() REPRESENTATION_CONTEXT('2D SPACE',''
  ) );
#12816 = ORIENTED_EDGE('',*,*,#12817,.T.);
#12817 = EDGE_CURVE('',#12797,#7994,#12818,.T.);
#12818 = SURFACE_CURVE('',#12819,(#12823,#12830),.PCURVE_S1.);
#12819 = LINE('',#12820,#12821);
#12820 = CARTESIAN_POINT('',(-82.5,69.25,37.5));
#12821 = VECTOR('',#12822,1.);
#12822 = DIRECTION('',(0.,0.,1.));
#12823 = PCURVE('',#8033,#12824);
#12824 = DEFINITIONAL_REPRESENTATION('',(#12825),#12829);
#12825 = LINE('',#12826,#12827);
#12826 = CARTESIAN_POINT('',(0.,-14.5));
#12827 = VECTOR('',#12828,1.);
#12828 = DIRECTION('',(1.,0.));
#12829 = ( GEOMETRIC_REPRESENTATION_CONTEXT(2) 
PARAMETRIC_REPRESENTATION_CONTEXT() REPRESENTATION_CONTEXT('2D SPACE',''
  ) );
#12830 = PCURVE('',#8008,#12831);
#12831 = DEFINITIONAL_REPRESENTATION('',(#12832),#12836);
#12832 = LINE('',#12833,#12834);
#12833 = CARTESIAN_POINT('',(0.,5.));
#12834 = VECTOR('',#12835,1.);
#12835 = DIRECTION('',(1.,0.));
#12836 = ( GEOMETRIC_REPRESENTATION_CONTEXT(2) 
PARAMETRIC_REPRESENTATION_CONTEXT() REPRESENTATION_CONTEXT('2D SPACE',''
  ) );
#12837 = ORIENTED_EDGE('',*,*,#8020,.F.);
#12838 = ORIENTED_EDGE('',*,*,#12551,.F.);
#12839 = ADVANCED_FACE('',(#12840),#7982,.T.);
#12840 = FACE_BOUND('',#12841,.T.);
#12841 = EDGE_LOOP('',(#12842,#12863,#12884,#12885));
#12842 = ORIENTED_EDGE('',*,*,#12843,.F.);
#12843 = EDGE_CURVE('',#12844,#12574,#12846,.T.);
#12844 = VERTEX_POINT('',#12845);
#12845 = CARTESIAN_POINT('',(-87.5,69.25,42.3));
#12846 = SURFACE_CURVE('',#12847,(#12851,#12857),.PCURVE_S1.);
#12847 = LINE('',#12848,#12849);
#12848 = CARTESIAN_POINT('',(-87.5,54.75,42.3));
#12849 = VECTOR('',#12850,1.);
#12850 = DIRECTION('',(0.,-1.,0.));
#12851 = PCURVE('',#7982,#12852);
#12852 = DEFINITIONAL_REPRESENTATION('',(#12853),#12856);
#12853 = B_SPLINE_CURVE_WITH_KNOTS('',1,(#12854,#12855),.UNSPECIFIED.,
  .F.,.F.,(2,2),(-14.5,-4.288873605351),.PIECEWISE_BEZIER_KNOTS.);
#12854 = CARTESIAN_POINT('',(4.8,-14.5));
#12855 = CARTESIAN_POINT('',(4.8,-4.288873605351));
#12856 = ( GEOMETRIC_REPRESENTATION_CONTEXT(2) 
PARAMETRIC_REPRESENTATION_CONTEXT() REPRESENTATION_CONTEXT('2D SPACE',''
  ) );
#12857 = PCURVE('',#12611,#12858);
#12858 = DEFINITIONAL_REPRESENTATION('',(#12859),#12862);
#12859 = B_SPLINE_CURVE_WITH_KNOTS('',1,(#12860,#12861),.UNSPECIFIED.,
  .F.,.F.,(2,2),(-14.5,-4.288873605351),.PIECEWISE_BEZIER_KNOTS.);
#12860 = CARTESIAN_POINT('',(2.25,14.5));
#12861 = CARTESIAN_POINT('',(2.25,4.288873605351));
#12862 = ( GEOMETRIC_REPRESENTATION_CONTEXT(2) 
PARAMETRIC_REPRESENTATION_CONTEXT() REPRESENTATION_CONTEXT('2D SPACE',''
  ) );
#12863 = ORIENTED_EDGE('',*,*,#12864,.T.);
#12864 = EDGE_CURVE('',#12844,#7968,#12865,.T.);
#12865 = SURFACE_CURVE('',#12866,(#12870,#12877),.PCURVE_S1.);
#12866 = LINE('',#12867,#12868);
#12867 = CARTESIAN_POINT('',(-87.5,69.25,37.5));
#12868 = VECTOR('',#12869,1.);
#12869 = DIRECTION('',(0.,0.,1.));
#12870 = PCURVE('',#7982,#12871);
#12871 = DEFINITIONAL_REPRESENTATION('',(#12872),#12876);
#12872 = LINE('',#12873,#12874);
#12873 = CARTESIAN_POINT('',(0.,-14.5));
#12874 = VECTOR('',#12875,1.);
#12875 = DIRECTION('',(1.,0.));
#12876 = ( GEOMETRIC_REPRESENTATION_CONTEXT(2) 
PARAMETRIC_REPRESENTATION_CONTEXT() REPRESENTATION_CONTEXT('2D SPACE',''
  ) );
#12877 = PCURVE('',#8008,#12878);
#12878 = DEFINITIONAL_REPRESENTATION('',(#12879),#12883);
#12879 = LINE('',#12880,#12881);
#12880 = CARTESIAN_POINT('',(0.,0.));
#12881 = VECTOR('',#12882,1.);
#12882 = DIRECTION('',(1.,0.));
#12883 = ( GEOMETRIC_REPRESENTATION_CONTEXT(2) 
PARAMETRIC_REPRESENTATION_CONTEXT() REPRESENTATION_CONTEXT('2D SPACE',''
  ) );
#12884 = ORIENTED_EDGE('',*,*,#7967,.F.);
#12885 = ORIENTED_EDGE('',*,*,#12573,.F.);
#12886 = ADVANCED_FACE('',(#12887),#8008,.F.);
#12887 = FACE_BOUND('',#12888,.F.);
#12888 = EDGE_LOOP('',(#12889,#12890,#12913,#12941,#12964,#12992,#13013,
    #13014));
#12889 = ORIENTED_EDGE('',*,*,#12817,.F.);
#12890 = ORIENTED_EDGE('',*,*,#12891,.T.);
#12891 = EDGE_CURVE('',#12797,#12892,#12894,.T.);
#12892 = VERTEX_POINT('',#12893);
#12893 = CARTESIAN_POINT('',(-80.25,69.25,42.3));
#12894 = SURFACE_CURVE('',#12895,(#12899,#12906),.PCURVE_S1.);
#12895 = LINE('',#12896,#12897);
#12896 = CARTESIAN_POINT('',(-89.75,69.25,42.3));
#12897 = VECTOR('',#12898,1.);
#12898 = DIRECTION('',(1.,0.,0.));
#12899 = PCURVE('',#8008,#12900);
#12900 = DEFINITIONAL_REPRESENTATION('',(#12901),#12905);
#12901 = LINE('',#12902,#12903);
#12902 = CARTESIAN_POINT('',(4.8,-2.25));
#12903 = VECTOR('',#12904,1.);
#12904 = DIRECTION('',(0.,1.));
#12905 = ( GEOMETRIC_REPRESENTATION_CONTEXT(2) 
PARAMETRIC_REPRESENTATION_CONTEXT() REPRESENTATION_CONTEXT('2D SPACE',''
  ) );
#12906 = PCURVE('',#12781,#12907);
#12907 = DEFINITIONAL_REPRESENTATION('',(#12908),#12912);
#12908 = LINE('',#12909,#12910);
#12909 = CARTESIAN_POINT('',(0.,14.5));
#12910 = VECTOR('',#12911,1.);
#12911 = DIRECTION('',(1.,0.));
#12912 = ( GEOMETRIC_REPRESENTATION_CONTEXT(2) 
PARAMETRIC_REPRESENTATION_CONTEXT() REPRESENTATION_CONTEXT('2D SPACE',''
  ) );
#12913 = ORIENTED_EDGE('',*,*,#12914,.F.);
#12914 = EDGE_CURVE('',#12915,#12892,#12917,.T.);
#12915 = VERTEX_POINT('',#12916);
#12916 = CARTESIAN_POINT('',(-80.25,69.25,38.5));
#12917 = SURFACE_CURVE('',#12918,(#12922,#12929),.PCURVE_S1.);
#12918 = LINE('',#12919,#12920);
#12919 = CARTESIAN_POINT('',(-80.25,69.25,37.5));
#12920 = VECTOR('',#12921,1.);
#12921 = DIRECTION('',(0.,0.,1.));
#12922 = PCURVE('',#8008,#12923);
#12923 = DEFINITIONAL_REPRESENTATION('',(#12924),#12928);
#12924 = LINE('',#12925,#12926);
#12925 = CARTESIAN_POINT('',(0.,7.25));
#12926 = VECTOR('',#12927,1.);
#12927 = DIRECTION('',(1.,0.));
#12928 = ( GEOMETRIC_REPRESENTATION_CONTEXT(2) 
PARAMETRIC_REPRESENTATION_CONTEXT() REPRESENTATION_CONTEXT('2D SPACE',''
  ) );
#12929 = PCURVE('',#12930,#12935);
#12930 = PLANE('',#12931);
#12931 = AXIS2_PLACEMENT_3D('',#12932,#12933,#12934);
#12932 = CARTESIAN_POINT('',(-80.25,54.75,37.5));
#12933 = DIRECTION('',(1.,0.,0.));
#12934 = DIRECTION('',(0.,0.,1.));
#12935 = DEFINITIONAL_REPRESENTATION('',(#12936),#12940);
#12936 = LINE('',#12937,#12938);
#12937 = CARTESIAN_POINT('',(0.,-14.5));
#12938 = VECTOR('',#12939,1.);
#12939 = DIRECTION('',(1.,0.));
#12940 = ( GEOMETRIC_REPRESENTATION_CONTEXT(2) 
PARAMETRIC_REPRESENTATION_CONTEXT() REPRESENTATION_CONTEXT('2D SPACE',''
  ) );
#12941 = ORIENTED_EDGE('',*,*,#12942,.F.);
#12942 = EDGE_CURVE('',#12943,#12915,#12945,.T.);
#12943 = VERTEX_POINT('',#12944);
#12944 = CARTESIAN_POINT('',(-89.75,69.25,38.5));
#12945 = SURFACE_CURVE('',#12946,(#12950,#12957),.PCURVE_S1.);
#12946 = LINE('',#12947,#12948);
#12947 = CARTESIAN_POINT('',(-89.75,69.25,38.5));
#12948 = VECTOR('',#12949,1.);
#12949 = DIRECTION('',(1.,0.,0.));
#12950 = PCURVE('',#8008,#12951);
#12951 = DEFINITIONAL_REPRESENTATION('',(#12952),#12956);
#12952 = LINE('',#12953,#12954);
#12953 = CARTESIAN_POINT('',(1.,-2.25));
#12954 = VECTOR('',#12955,1.);
#12955 = DIRECTION('',(0.,1.));
#12956 = ( GEOMETRIC_REPRESENTATION_CONTEXT(2) 
PARAMETRIC_REPRESENTATION_CONTEXT() REPRESENTATION_CONTEXT('2D SPACE',''
  ) );
#12957 = PCURVE('',#12695,#12958);
#12958 = DEFINITIONAL_REPRESENTATION('',(#12959),#12963);
#12959 = LINE('',#12960,#12961);
#12960 = CARTESIAN_POINT('',(8.25,34.25));
#12961 = VECTOR('',#12962,1.);
#12962 = DIRECTION('',(1.,0.));
#12963 = ( GEOMETRIC_REPRESENTATION_CONTEXT(2) 
PARAMETRIC_REPRESENTATION_CONTEXT() REPRESENTATION_CONTEXT('2D SPACE',''
  ) );
#12964 = ORIENTED_EDGE('',*,*,#12965,.T.);
#12965 = EDGE_CURVE('',#12943,#12966,#12968,.T.);
#12966 = VERTEX_POINT('',#12967);
#12967 = CARTESIAN_POINT('',(-89.75,69.25,42.3));
#12968 = SURFACE_CURVE('',#12969,(#12973,#12980),.PCURVE_S1.);
#12969 = LINE('',#12970,#12971);
#12970 = CARTESIAN_POINT('',(-89.75,69.25,37.5));
#12971 = VECTOR('',#12972,1.);
#12972 = DIRECTION('',(0.,0.,1.));
#12973 = PCURVE('',#8008,#12974);
#12974 = DEFINITIONAL_REPRESENTATION('',(#12975),#12979);
#12975 = LINE('',#12976,#12977);
#12976 = CARTESIAN_POINT('',(0.,-2.25));
#12977 = VECTOR('',#12978,1.);
#12978 = DIRECTION('',(1.,0.));
#12979 = ( GEOMETRIC_REPRESENTATION_CONTEXT(2) 
PARAMETRIC_REPRESENTATION_CONTEXT() REPRESENTATION_CONTEXT('2D SPACE',''
  ) );
#12980 = PCURVE('',#12981,#12986);
#12981 = PLANE('',#12982);
#12982 = AXIS2_PLACEMENT_3D('',#12983,#12984,#12985);
#12983 = CARTESIAN_POINT('',(-89.75,54.75,37.5));
#12984 = DIRECTION('',(1.,0.,0.));
#12985 = DIRECTION('',(0.,0.,1.));
#12986 = DEFINITIONAL_REPRESENTATION('',(#12987),#12991);
#12987 = LINE('',#12988,#12989);
#12988 = CARTESIAN_POINT('',(0.,-14.5));
#12989 = VECTOR('',#12990,1.);
#12990 = DIRECTION('',(1.,0.));
#12991 = ( GEOMETRIC_REPRESENTATION_CONTEXT(2) 
PARAMETRIC_REPRESENTATION_CONTEXT() REPRESENTATION_CONTEXT('2D SPACE',''
  ) );
#12992 = ORIENTED_EDGE('',*,*,#12993,.T.);
#12993 = EDGE_CURVE('',#12966,#12844,#12994,.T.);
#12994 = SURFACE_CURVE('',#12995,(#12999,#13006),.PCURVE_S1.);
#12995 = LINE('',#12996,#12997);
#12996 = CARTESIAN_POINT('',(-89.75,69.25,42.3));
#12997 = VECTOR('',#12998,1.);
#12998 = DIRECTION('',(1.,0.,0.));
#12999 = PCURVE('',#8008,#13000);
#13000 = DEFINITIONAL_REPRESENTATION('',(#13001),#13005);
#13001 = LINE('',#13002,#13003);
#13002 = CARTESIAN_POINT('',(4.8,-2.25));
#13003 = VECTOR('',#13004,1.);
#13004 = DIRECTION('',(0.,1.));
#13005 = ( GEOMETRIC_REPRESENTATION_CONTEXT(2) 
PARAMETRIC_REPRESENTATION_CONTEXT() REPRESENTATION_CONTEXT('2D SPACE',''
  ) );
#13006 = PCURVE('',#12611,#13007);
#13007 = DEFINITIONAL_REPRESENTATION('',(#13008),#13012);
#13008 = LINE('',#13009,#13010);
#13009 = CARTESIAN_POINT('',(0.,14.5));
#13010 = VECTOR('',#13011,1.);
#13011 = DIRECTION('',(1.,0.));
#13012 = ( GEOMETRIC_REPRESENTATION_CONTEXT(2) 
PARAMETRIC_REPRESENTATION_CONTEXT() REPRESENTATION_CONTEXT('2D SPACE',''
  ) );
#13013 = ORIENTED_EDGE('',*,*,#12864,.T.);
#13014 = ORIENTED_EDGE('',*,*,#7993,.F.);
#13015 = ADVANCED_FACE('',(#13016),#8063,.F.);
#13016 = FACE_BOUND('',#13017,.F.);
#13017 = EDGE_LOOP('',(#13018,#13019,#13042,#13064));
#13018 = ORIENTED_EDGE('',*,*,#8046,.F.);
#13019 = ORIENTED_EDGE('',*,*,#13020,.F.);
#13020 = EDGE_CURVE('',#13021,#8047,#13023,.T.);
#13021 = VERTEX_POINT('',#13022);
#13022 = CARTESIAN_POINT('',(-83.3,111.5,43.1));
#13023 = SEAM_CURVE('',#13024,(#13028,#13035),.PCURVE_S1.);
#13024 = LINE('',#13025,#13026);
#13025 = CARTESIAN_POINT('',(-83.3,111.5,43.1));
#13026 = VECTOR('',#13027,1.);
#13027 = DIRECTION('',(0.707106781187,-1.731912112471E-16,0.707106781187
    ));
#13028 = PCURVE('',#8063,#13029);
#13029 = DEFINITIONAL_REPRESENTATION('',(#13030),#13034);
#13030 = LINE('',#13031,#13032);
#13031 = CARTESIAN_POINT('',(6.28318530718,-0.));
#13032 = VECTOR('',#13033,1.);
#13033 = DIRECTION('',(0.,1.));
#13034 = ( GEOMETRIC_REPRESENTATION_CONTEXT(2) 
PARAMETRIC_REPRESENTATION_CONTEXT() REPRESENTATION_CONTEXT('2D SPACE',''
  ) );
#13035 = PCURVE('',#8063,#13036);
#13036 = DEFINITIONAL_REPRESENTATION('',(#13037),#13041);
#13037 = LINE('',#13038,#13039);
#13038 = CARTESIAN_POINT('',(0.,-0.));
#13039 = VECTOR('',#13040,1.);
#13040 = DIRECTION('',(0.,1.));
#13041 = ( GEOMETRIC_REPRESENTATION_CONTEXT(2) 
PARAMETRIC_REPRESENTATION_CONTEXT() REPRESENTATION_CONTEXT('2D SPACE',''
  ) );
#13042 = ORIENTED_EDGE('',*,*,#13043,.T.);
#13043 = EDGE_CURVE('',#13021,#13021,#13044,.T.);
#13044 = SURFACE_CURVE('',#13045,(#13050,#13057),.PCURVE_S1.);
#13045 = CIRCLE('',#13046,1.7);
#13046 = AXIS2_PLACEMENT_3D('',#13047,#13048,#13049);
#13047 = CARTESIAN_POINT('',(-85.,111.5,43.1));
#13048 = DIRECTION('',(0.,0.,1.));
#13049 = DIRECTION('',(1.,0.,-0.));
#13050 = PCURVE('',#8063,#13051);
#13051 = DEFINITIONAL_REPRESENTATION('',(#13052),#13056);
#13052 = LINE('',#13053,#13054);
#13053 = CARTESIAN_POINT('',(0.,0.));
#13054 = VECTOR('',#13055,1.);
#13055 = DIRECTION('',(1.,0.));
#13056 = ( GEOMETRIC_REPRESENTATION_CONTEXT(2) 
PARAMETRIC_REPRESENTATION_CONTEXT() REPRESENTATION_CONTEXT('2D SPACE',''
  ) );
#13057 = PCURVE('',#10264,#13058);
#13058 = DEFINITIONAL_REPRESENTATION('',(#13059),#13063);
#13059 = LINE('',#13060,#13061);
#13060 = CARTESIAN_POINT('',(0.,2.));
#13061 = VECTOR('',#13062,1.);
#13062 = DIRECTION('',(1.,0.));
#13063 = ( GEOMETRIC_REPRESENTATION_CONTEXT(2) 
PARAMETRIC_REPRESENTATION_CONTEXT() REPRESENTATION_CONTEXT('2D SPACE',''
  ) );
#13064 = ORIENTED_EDGE('',*,*,#13020,.T.);
#13065 = ADVANCED_FACE('',(#13066),#8100,.F.);
#13066 = FACE_BOUND('',#13067,.F.);
#13067 = EDGE_LOOP('',(#13068,#13089,#13090,#13111,#13140,#13169,#13195,
    #13223,#13249,#13278));
#13068 = ORIENTED_EDGE('',*,*,#13069,.T.);
#13069 = EDGE_CURVE('',#13070,#8078,#13072,.T.);
#13070 = VERTEX_POINT('',#13071);
#13071 = CARTESIAN_POINT('',(-50.96112639464,82.5,42.3));
#13072 = SURFACE_CURVE('',#13073,(#13077,#13083),.PCURVE_S1.);
#13073 = LINE('',#13074,#13075);
#13074 = CARTESIAN_POINT('',(-50.96112639464,82.5,37.5));
#13075 = VECTOR('',#13076,1.);
#13076 = DIRECTION('',(0.,0.,1.));
#13077 = PCURVE('',#8100,#13078);
#13078 = DEFINITIONAL_REPRESENTATION('',(#13079),#13082);
#13079 = B_SPLINE_CURVE_WITH_KNOTS('',1,(#13080,#13081),.UNSPECIFIED.,
  .F.,.F.,(2,2),(1.,7.),.PIECEWISE_BEZIER_KNOTS.);
#13080 = CARTESIAN_POINT('',(7.299719799522,1.));
#13081 = CARTESIAN_POINT('',(7.299719799522,7.));
#13082 = ( GEOMETRIC_REPRESENTATION_CONTEXT(2) 
PARAMETRIC_REPRESENTATION_CONTEXT() REPRESENTATION_CONTEXT('2D SPACE',''
  ) );
#13083 = PCURVE('',#8178,#13084);
#13084 = DEFINITIONAL_REPRESENTATION('',(#13085),#13088);
#13085 = B_SPLINE_CURVE_WITH_KNOTS('',1,(#13086,#13087),.UNSPECIFIED.,
  .F.,.F.,(2,2),(0.9999994,7.0000006),.PIECEWISE_BEZIER_KNOTS.);
#13086 = CARTESIAN_POINT('',(0.9999994,-4.288873605351));
#13087 = CARTESIAN_POINT('',(7.0000006,-4.288873605351));
#13088 = ( GEOMETRIC_REPRESENTATION_CONTEXT(2) 
PARAMETRIC_REPRESENTATION_CONTEXT() REPRESENTATION_CONTEXT('2D SPACE',''
  ) );
#13089 = ORIENTED_EDGE('',*,*,#8077,.T.);
#13090 = ORIENTED_EDGE('',*,*,#13091,.F.);
#13091 = EDGE_CURVE('',#13092,#8080,#13094,.T.);
#13092 = VERTEX_POINT('',#13093);
#13093 = CARTESIAN_POINT('',(-50.96112639464,87.5,42.3));
#13094 = SURFACE_CURVE('',#13095,(#13099,#13105),.PCURVE_S1.);
#13095 = LINE('',#13096,#13097);
#13096 = CARTESIAN_POINT('',(-50.96112639464,87.5,37.5));
#13097 = VECTOR('',#13098,1.);
#13098 = DIRECTION('',(0.,0.,1.));
#13099 = PCURVE('',#8100,#13100);
#13100 = DEFINITIONAL_REPRESENTATION('',(#13101),#13104);
#13101 = B_SPLINE_CURVE_WITH_KNOTS('',1,(#13102,#13103),.UNSPECIFIED.,
  .F.,.F.,(2,2),(1.,7.),.PIECEWISE_BEZIER_KNOTS.);
#13102 = CARTESIAN_POINT('',(2.125058161247,1.));
#13103 = CARTESIAN_POINT('',(2.125058161247,7.));
#13104 = ( GEOMETRIC_REPRESENTATION_CONTEXT(2) 
PARAMETRIC_REPRESENTATION_CONTEXT() REPRESENTATION_CONTEXT('2D SPACE',''
  ) );
#13105 = PCURVE('',#8127,#13106);
#13106 = DEFINITIONAL_REPRESENTATION('',(#13107),#13110);
#13107 = B_SPLINE_CURVE_WITH_KNOTS('',1,(#13108,#13109),.UNSPECIFIED.,
  .F.,.F.,(2,2),(0.9999994,7.0000006),.PIECEWISE_BEZIER_KNOTS.);
#13108 = CARTESIAN_POINT('',(0.9999994,-4.288873605351));
#13109 = CARTESIAN_POINT('',(7.0000006,-4.288873605351));
#13110 = ( GEOMETRIC_REPRESENTATION_CONTEXT(2) 
PARAMETRIC_REPRESENTATION_CONTEXT() REPRESENTATION_CONTEXT('2D SPACE',''
  ) );
#13111 = ORIENTED_EDGE('',*,*,#13112,.T.);
#13112 = EDGE_CURVE('',#13092,#13113,#13115,.T.);
#13113 = VERTEX_POINT('',#13114);
#13114 = CARTESIAN_POINT('',(-55.,89.75,42.3));
#13115 = SURFACE_CURVE('',#13116,(#13121,#13128),.PCURVE_S1.);
#13116 = CIRCLE('',#13117,4.75);
#13117 = AXIS2_PLACEMENT_3D('',#13118,#13119,#13120);
#13118 = CARTESIAN_POINT('',(-55.,85.,42.3));
#13119 = DIRECTION('',(0.,0.,1.));
#13120 = DIRECTION('',(2.22044604925E-16,-1.,0.));
#13121 = PCURVE('',#8100,#13122);
#13122 = DEFINITIONAL_REPRESENTATION('',(#13123),#13127);
#13123 = LINE('',#13124,#13125);
#13124 = CARTESIAN_POINT('',(0.,4.8));
#13125 = VECTOR('',#13126,1.);
#13126 = DIRECTION('',(1.,0.));
#13127 = ( GEOMETRIC_REPRESENTATION_CONTEXT(2) 
PARAMETRIC_REPRESENTATION_CONTEXT() REPRESENTATION_CONTEXT('2D SPACE',''
  ) );
#13128 = PCURVE('',#13129,#13134);
#13129 = PLANE('',#13130);
#13130 = AXIS2_PLACEMENT_3D('',#13131,#13132,#13133);
#13131 = CARTESIAN_POINT('',(-55.25,89.75,42.3));
#13132 = DIRECTION('',(0.,0.,1.));
#13133 = DIRECTION('',(2.22044604925E-16,-1.,0.));
#13134 = DEFINITIONAL_REPRESENTATION('',(#13135),#13139);
#13135 = CIRCLE('',#13136,4.75);
#13136 = AXIS2_PLACEMENT_2D('',#13137,#13138);
#13137 = CARTESIAN_POINT('',(4.75,0.25));
#13138 = DIRECTION('',(1.,0.));
#13139 = ( GEOMETRIC_REPRESENTATION_CONTEXT(2) 
PARAMETRIC_REPRESENTATION_CONTEXT() REPRESENTATION_CONTEXT('2D SPACE',''
  ) );
#13140 = ORIENTED_EDGE('',*,*,#13141,.T.);
#13141 = EDGE_CURVE('',#13113,#13142,#13144,.T.);
#13142 = VERTEX_POINT('',#13143);
#13143 = CARTESIAN_POINT('',(-55.25,89.743416490253,42.3));
#13144 = SURFACE_CURVE('',#13145,(#13150,#13157),.PCURVE_S1.);
#13145 = CIRCLE('',#13146,4.75);
#13146 = AXIS2_PLACEMENT_3D('',#13147,#13148,#13149);
#13147 = CARTESIAN_POINT('',(-55.,85.,42.3));
#13148 = DIRECTION('',(0.,0.,1.));
#13149 = DIRECTION('',(2.22044604925E-16,-1.,0.));
#13150 = PCURVE('',#8100,#13151);
#13151 = DEFINITIONAL_REPRESENTATION('',(#13152),#13156);
#13152 = LINE('',#13153,#13154);
#13153 = CARTESIAN_POINT('',(0.,4.8));
#13154 = VECTOR('',#13155,1.);
#13155 = DIRECTION('',(1.,0.));
#13156 = ( GEOMETRIC_REPRESENTATION_CONTEXT(2) 
PARAMETRIC_REPRESENTATION_CONTEXT() REPRESENTATION_CONTEXT('2D SPACE',''
  ) );
#13157 = PCURVE('',#13158,#13163);
#13158 = PLANE('',#13159);
#13159 = AXIS2_PLACEMENT_3D('',#13160,#13161,#13162);
#13160 = CARTESIAN_POINT('',(-55.25,89.75,42.3));
#13161 = DIRECTION('',(0.,0.,1.));
#13162 = DIRECTION('',(2.22044604925E-16,-1.,0.));
#13163 = DEFINITIONAL_REPRESENTATION('',(#13164),#13168);
#13164 = CIRCLE('',#13165,4.75);
#13165 = AXIS2_PLACEMENT_2D('',#13166,#13167);
#13166 = CARTESIAN_POINT('',(4.75,0.25));
#13167 = DIRECTION('',(1.,0.));
#13168 = ( GEOMETRIC_REPRESENTATION_CONTEXT(2) 
PARAMETRIC_REPRESENTATION_CONTEXT() REPRESENTATION_CONTEXT('2D SPACE',''
  ) );
#13169 = ORIENTED_EDGE('',*,*,#13170,.F.);
#13170 = EDGE_CURVE('',#13171,#13142,#13173,.T.);
#13171 = VERTEX_POINT('',#13172);
#13172 = CARTESIAN_POINT('',(-55.25,89.743416490253,38.5));
#13173 = SURFACE_CURVE('',#13174,(#13178,#13184),.PCURVE_S1.);
#13174 = LINE('',#13175,#13176);
#13175 = CARTESIAN_POINT('',(-55.25,89.743416490253,37.5));
#13176 = VECTOR('',#13177,1.);
#13177 = DIRECTION('',(0.,0.,1.));
#13178 = PCURVE('',#8100,#13179);
#13179 = DEFINITIONAL_REPRESENTATION('',(#13180),#13183);
#13180 = B_SPLINE_CURVE_WITH_KNOTS('',1,(#13181,#13182),.UNSPECIFIED.,
  .F.,.F.,(2,2),(0.9999994,5.28),.PIECEWISE_BEZIER_KNOTS.);
#13181 = CARTESIAN_POINT('',(3.194248561851,0.9999994));
#13182 = CARTESIAN_POINT('',(3.194248561851,5.28));
#13183 = ( GEOMETRIC_REPRESENTATION_CONTEXT(2) 
PARAMETRIC_REPRESENTATION_CONTEXT() REPRESENTATION_CONTEXT('2D SPACE',''
  ) );
#13184 = PCURVE('',#13185,#13190);
#13185 = PLANE('',#13186);
#13186 = AXIS2_PLACEMENT_3D('',#13187,#13188,#13189);
#13187 = CARTESIAN_POINT('',(-55.25,89.75,37.5));
#13188 = DIRECTION('',(1.,2.22044604925E-16,0.));
#13189 = DIRECTION('',(0.,0.,1.));
#13190 = DEFINITIONAL_REPRESENTATION('',(#13191),#13194);
#13191 = B_SPLINE_CURVE_WITH_KNOTS('',1,(#13192,#13193),.UNSPECIFIED.,
  .F.,.F.,(2,2),(0.9999994,5.28),.PIECEWISE_BEZIER_KNOTS.);
#13192 = CARTESIAN_POINT('',(0.9999994,6.583509747429E-03));
#13193 = CARTESIAN_POINT('',(5.28,6.583509747429E-03));
#13194 = ( GEOMETRIC_REPRESENTATION_CONTEXT(2) 
PARAMETRIC_REPRESENTATION_CONTEXT() REPRESENTATION_CONTEXT('2D SPACE',''
  ) );
#13195 = ORIENTED_EDGE('',*,*,#13196,.F.);
#13196 = EDGE_CURVE('',#13197,#13171,#13199,.T.);
#13197 = VERTEX_POINT('',#13198);
#13198 = CARTESIAN_POINT('',(-55.25,80.256583509747,38.5));
#13199 = SURFACE_CURVE('',#13200,(#13205,#13212),.PCURVE_S1.);
#13200 = CIRCLE('',#13201,4.75);
#13201 = AXIS2_PLACEMENT_3D('',#13202,#13203,#13204);
#13202 = CARTESIAN_POINT('',(-55.,85.,38.5));
#13203 = DIRECTION('',(0.,0.,-1.));
#13204 = DIRECTION('',(0.850289180074,-0.526315789474,0.));
#13205 = PCURVE('',#8100,#13206);
#13206 = DEFINITIONAL_REPRESENTATION('',(#13207),#13211);
#13207 = LINE('',#13208,#13209);
#13208 = CARTESIAN_POINT('',(7.299719799522,1.));
#13209 = VECTOR('',#13210,1.);
#13210 = DIRECTION('',(-1.,-0.));
#13211 = ( GEOMETRIC_REPRESENTATION_CONTEXT(2) 
PARAMETRIC_REPRESENTATION_CONTEXT() REPRESENTATION_CONTEXT('2D SPACE',''
  ) );
#13212 = PCURVE('',#12695,#13213);
#13213 = DEFINITIONAL_REPRESENTATION('',(#13214),#13222);
#13214 = ( BOUNDED_CURVE() B_SPLINE_CURVE(2,(#13215,#13216,#13217,#13218
    ,#13219,#13220,#13221),.UNSPECIFIED.,.T.,.F.) 
B_SPLINE_CURVE_WITH_KNOTS((1,2,2,2,2,1),(-2.094395102393,0.,
    2.094395102393,4.188790204786,6.28318530718,8.377580409573),
.UNSPECIFIED.) CURVE() GEOMETRIC_REPRESENTATION_ITEM() 
RATIONAL_B_SPLINE_CURVE((1.,0.5,1.,0.5,1.,0.5,1.)) REPRESENTATION_ITEM(
  '') );
#13215 = CARTESIAN_POINT('',(47.038873605351,47.5));
#13216 = CARTESIAN_POINT('',(42.708746586429,40.504465710183));
#13217 = CARTESIAN_POINT('',(38.815499687863,47.752232855092));
#13218 = CARTESIAN_POINT('',(34.922252789298,55.));
#13219 = CARTESIAN_POINT('',(43.145626706786,54.747767144908));
#13220 = CARTESIAN_POINT('',(51.369000624273,54.495534289817));
#13221 = CARTESIAN_POINT('',(47.038873605351,47.5));
#13222 = ( GEOMETRIC_REPRESENTATION_CONTEXT(2) 
PARAMETRIC_REPRESENTATION_CONTEXT() REPRESENTATION_CONTEXT('2D SPACE',''
  ) );
#13223 = ORIENTED_EDGE('',*,*,#13224,.T.);
#13224 = EDGE_CURVE('',#13197,#13225,#13227,.T.);
#13225 = VERTEX_POINT('',#13226);
#13226 = CARTESIAN_POINT('',(-55.25,80.256583509747,42.3));
#13227 = SURFACE_CURVE('',#13228,(#13232,#13238),.PCURVE_S1.);
#13228 = LINE('',#13229,#13230);
#13229 = CARTESIAN_POINT('',(-55.25,80.256583509747,37.5));
#13230 = VECTOR('',#13231,1.);
#13231 = DIRECTION('',(0.,0.,1.));
#13232 = PCURVE('',#8100,#13233);
#13233 = DEFINITIONAL_REPRESENTATION('',(#13234),#13237);
#13234 = B_SPLINE_CURVE_WITH_KNOTS('',1,(#13235,#13236),.UNSPECIFIED.,
  .F.,.F.,(2,2),(0.9999994,5.28),.PIECEWISE_BEZIER_KNOTS.);
#13235 = CARTESIAN_POINT('',(6.230529398918,0.9999994));
#13236 = CARTESIAN_POINT('',(6.230529398918,5.28));
#13237 = ( GEOMETRIC_REPRESENTATION_CONTEXT(2) 
PARAMETRIC_REPRESENTATION_CONTEXT() REPRESENTATION_CONTEXT('2D SPACE',''
  ) );
#13238 = PCURVE('',#13239,#13244);
#13239 = PLANE('',#13240);
#13240 = AXIS2_PLACEMENT_3D('',#13241,#13242,#13243);
#13241 = CARTESIAN_POINT('',(-55.25,89.75,37.5));
#13242 = DIRECTION('',(1.,2.22044604925E-16,0.));
#13243 = DIRECTION('',(0.,0.,1.));
#13244 = DEFINITIONAL_REPRESENTATION('',(#13245),#13248);
#13245 = B_SPLINE_CURVE_WITH_KNOTS('',1,(#13246,#13247),.UNSPECIFIED.,
  .F.,.F.,(2,2),(0.9999994,5.28),.PIECEWISE_BEZIER_KNOTS.);
#13246 = CARTESIAN_POINT('',(0.9999994,9.493416490253));
#13247 = CARTESIAN_POINT('',(5.28,9.493416490253));
#13248 = ( GEOMETRIC_REPRESENTATION_CONTEXT(2) 
PARAMETRIC_REPRESENTATION_CONTEXT() REPRESENTATION_CONTEXT('2D SPACE',''
  ) );
#13249 = ORIENTED_EDGE('',*,*,#13250,.T.);
#13250 = EDGE_CURVE('',#13225,#13251,#13253,.T.);
#13251 = VERTEX_POINT('',#13252);
#13252 = CARTESIAN_POINT('',(-55.,80.25,42.3));
#13253 = SURFACE_CURVE('',#13254,(#13259,#13266),.PCURVE_S1.);
#13254 = CIRCLE('',#13255,4.75);
#13255 = AXIS2_PLACEMENT_3D('',#13256,#13257,#13258);
#13256 = CARTESIAN_POINT('',(-55.,85.,42.3));
#13257 = DIRECTION('',(0.,0.,1.));
#13258 = DIRECTION('',(2.22044604925E-16,-1.,0.));
#13259 = PCURVE('',#8100,#13260);
#13260 = DEFINITIONAL_REPRESENTATION('',(#13261),#13265);
#13261 = LINE('',#13262,#13263);
#13262 = CARTESIAN_POINT('',(0.,4.8));
#13263 = VECTOR('',#13264,1.);
#13264 = DIRECTION('',(1.,0.));
#13265 = ( GEOMETRIC_REPRESENTATION_CONTEXT(2) 
PARAMETRIC_REPRESENTATION_CONTEXT() REPRESENTATION_CONTEXT('2D SPACE',''
  ) );
#13266 = PCURVE('',#13267,#13272);
#13267 = PLANE('',#13268);
#13268 = AXIS2_PLACEMENT_3D('',#13269,#13270,#13271);
#13269 = CARTESIAN_POINT('',(-55.25,89.75,42.3));
#13270 = DIRECTION('',(0.,0.,1.));
#13271 = DIRECTION('',(2.22044604925E-16,-1.,0.));
#13272 = DEFINITIONAL_REPRESENTATION('',(#13273),#13277);
#13273 = CIRCLE('',#13274,4.75);
#13274 = AXIS2_PLACEMENT_2D('',#13275,#13276);
#13275 = CARTESIAN_POINT('',(4.75,0.25));
#13276 = DIRECTION('',(1.,0.));
#13277 = ( GEOMETRIC_REPRESENTATION_CONTEXT(2) 
PARAMETRIC_REPRESENTATION_CONTEXT() REPRESENTATION_CONTEXT('2D SPACE',''
  ) );
#13278 = ORIENTED_EDGE('',*,*,#13279,.T.);
#13279 = EDGE_CURVE('',#13251,#13070,#13280,.T.);
#13280 = SURFACE_CURVE('',#13281,(#13286,#13293),.PCURVE_S1.);
#13281 = CIRCLE('',#13282,4.75);
#13282 = AXIS2_PLACEMENT_3D('',#13283,#13284,#13285);
#13283 = CARTESIAN_POINT('',(-55.,85.,42.3));
#13284 = DIRECTION('',(0.,0.,1.));
#13285 = DIRECTION('',(2.22044604925E-16,-1.,0.));
#13286 = PCURVE('',#8100,#13287);
#13287 = DEFINITIONAL_REPRESENTATION('',(#13288),#13292);
#13288 = LINE('',#13289,#13290);
#13289 = CARTESIAN_POINT('',(0.,4.8));
#13290 = VECTOR('',#13291,1.);
#13291 = DIRECTION('',(1.,0.));
#13292 = ( GEOMETRIC_REPRESENTATION_CONTEXT(2) 
PARAMETRIC_REPRESENTATION_CONTEXT() REPRESENTATION_CONTEXT('2D SPACE',''
  ) );
#13293 = PCURVE('',#13294,#13299);
#13294 = PLANE('',#13295);
#13295 = AXIS2_PLACEMENT_3D('',#13296,#13297,#13298);
#13296 = CARTESIAN_POINT('',(-55.25,89.75,42.3));
#13297 = DIRECTION('',(0.,0.,1.));
#13298 = DIRECTION('',(2.22044604925E-16,-1.,0.));
#13299 = DEFINITIONAL_REPRESENTATION('',(#13300),#13304);
#13300 = CIRCLE('',#13301,4.75);
#13301 = AXIS2_PLACEMENT_2D('',#13302,#13303);
#13302 = CARTESIAN_POINT('',(4.75,0.25));
#13303 = DIRECTION('',(1.,0.));
#13304 = ( GEOMETRIC_REPRESENTATION_CONTEXT(2) 
PARAMETRIC_REPRESENTATION_CONTEXT() REPRESENTATION_CONTEXT('2D SPACE',''
  ) );
#13305 = ADVANCED_FACE('',(#13306),#8178,.F.);
#13306 = FACE_BOUND('',#13307,.F.);
#13307 = EDGE_LOOP('',(#13308,#13329,#13350,#13351));
#13308 = ORIENTED_EDGE('',*,*,#13309,.F.);
#13309 = EDGE_CURVE('',#13310,#13070,#13312,.T.);
#13310 = VERTEX_POINT('',#13311);
#13311 = CARTESIAN_POINT('',(-40.75,82.5,42.3));
#13312 = SURFACE_CURVE('',#13313,(#13317,#13323),.PCURVE_S1.);
#13313 = LINE('',#13314,#13315);
#13314 = CARTESIAN_POINT('',(-55.25,82.5,42.3));
#13315 = VECTOR('',#13316,1.);
#13316 = DIRECTION('',(-1.,-2.22044604925E-16,0.));
#13317 = PCURVE('',#8178,#13318);
#13318 = DEFINITIONAL_REPRESENTATION('',(#13319),#13322);
#13319 = B_SPLINE_CURVE_WITH_KNOTS('',1,(#13320,#13321),.UNSPECIFIED.,
  .F.,.F.,(2,2),(-14.5,-4.288873605351),.PIECEWISE_BEZIER_KNOTS.);
#13320 = CARTESIAN_POINT('',(4.8,-14.5));
#13321 = CARTESIAN_POINT('',(4.8,-4.288873605351));
#13322 = ( GEOMETRIC_REPRESENTATION_CONTEXT(2) 
PARAMETRIC_REPRESENTATION_CONTEXT() REPRESENTATION_CONTEXT('2D SPACE',''
  ) );
#13323 = PCURVE('',#13294,#13324);
#13324 = DEFINITIONAL_REPRESENTATION('',(#13325),#13328);
#13325 = B_SPLINE_CURVE_WITH_KNOTS('',1,(#13326,#13327),.UNSPECIFIED.,
  .F.,.F.,(2,2),(-14.5,-4.288873605351),.PIECEWISE_BEZIER_KNOTS.);
#13326 = CARTESIAN_POINT('',(7.25,14.5));
#13327 = CARTESIAN_POINT('',(7.25,4.288873605351));
#13328 = ( GEOMETRIC_REPRESENTATION_CONTEXT(2) 
PARAMETRIC_REPRESENTATION_CONTEXT() REPRESENTATION_CONTEXT('2D SPACE',''
  ) );
#13329 = ORIENTED_EDGE('',*,*,#13330,.T.);
#13330 = EDGE_CURVE('',#13310,#8139,#13331,.T.);
#13331 = SURFACE_CURVE('',#13332,(#13336,#13343),.PCURVE_S1.);
#13332 = LINE('',#13333,#13334);
#13333 = CARTESIAN_POINT('',(-40.75,82.5,37.5));
#13334 = VECTOR('',#13335,1.);
#13335 = DIRECTION('',(0.,0.,1.));
#13336 = PCURVE('',#8178,#13337);
#13337 = DEFINITIONAL_REPRESENTATION('',(#13338),#13342);
#13338 = LINE('',#13339,#13340);
#13339 = CARTESIAN_POINT('',(0.,-14.5));
#13340 = VECTOR('',#13341,1.);
#13341 = DIRECTION('',(1.,0.));
#13342 = ( GEOMETRIC_REPRESENTATION_CONTEXT(2) 
PARAMETRIC_REPRESENTATION_CONTEXT() REPRESENTATION_CONTEXT('2D SPACE',''
  ) );
#13343 = PCURVE('',#8153,#13344);
#13344 = DEFINITIONAL_REPRESENTATION('',(#13345),#13349);
#13345 = LINE('',#13346,#13347);
#13346 = CARTESIAN_POINT('',(0.,5.));
#13347 = VECTOR('',#13348,1.);
#13348 = DIRECTION('',(1.,0.));
#13349 = ( GEOMETRIC_REPRESENTATION_CONTEXT(2) 
PARAMETRIC_REPRESENTATION_CONTEXT() REPRESENTATION_CONTEXT('2D SPACE',''
  ) );
#13350 = ORIENTED_EDGE('',*,*,#8165,.F.);
#13351 = ORIENTED_EDGE('',*,*,#13069,.F.);
#13352 = ADVANCED_FACE('',(#13353),#8127,.T.);
#13353 = FACE_BOUND('',#13354,.T.);
#13354 = EDGE_LOOP('',(#13355,#13376,#13397,#13398));
#13355 = ORIENTED_EDGE('',*,*,#13356,.F.);
#13356 = EDGE_CURVE('',#13357,#13092,#13359,.T.);
#13357 = VERTEX_POINT('',#13358);
#13358 = CARTESIAN_POINT('',(-40.75,87.5,42.3));
#13359 = SURFACE_CURVE('',#13360,(#13364,#13370),.PCURVE_S1.);
#13360 = LINE('',#13361,#13362);
#13361 = CARTESIAN_POINT('',(-55.25,87.5,42.3));
#13362 = VECTOR('',#13363,1.);
#13363 = DIRECTION('',(-1.,-2.22044604925E-16,0.));
#13364 = PCURVE('',#8127,#13365);
#13365 = DEFINITIONAL_REPRESENTATION('',(#13366),#13369);
#13366 = B_SPLINE_CURVE_WITH_KNOTS('',1,(#13367,#13368),.UNSPECIFIED.,
  .F.,.F.,(2,2),(-14.5,-4.288873605351),.PIECEWISE_BEZIER_KNOTS.);
#13367 = CARTESIAN_POINT('',(4.8,-14.5));
#13368 = CARTESIAN_POINT('',(4.8,-4.288873605351));
#13369 = ( GEOMETRIC_REPRESENTATION_CONTEXT(2) 
PARAMETRIC_REPRESENTATION_CONTEXT() REPRESENTATION_CONTEXT('2D SPACE',''
  ) );
#13370 = PCURVE('',#13129,#13371);
#13371 = DEFINITIONAL_REPRESENTATION('',(#13372),#13375);
#13372 = B_SPLINE_CURVE_WITH_KNOTS('',1,(#13373,#13374),.UNSPECIFIED.,
  .F.,.F.,(2,2),(-14.5,-4.288873605351),.PIECEWISE_BEZIER_KNOTS.);
#13373 = CARTESIAN_POINT('',(2.25,14.5));
#13374 = CARTESIAN_POINT('',(2.25,4.288873605351));
#13375 = ( GEOMETRIC_REPRESENTATION_CONTEXT(2) 
PARAMETRIC_REPRESENTATION_CONTEXT() REPRESENTATION_CONTEXT('2D SPACE',''
  ) );
#13376 = ORIENTED_EDGE('',*,*,#13377,.T.);
#13377 = EDGE_CURVE('',#13357,#8113,#13378,.T.);
#13378 = SURFACE_CURVE('',#13379,(#13383,#13390),.PCURVE_S1.);
#13379 = LINE('',#13380,#13381);
#13380 = CARTESIAN_POINT('',(-40.75,87.5,37.5));
#13381 = VECTOR('',#13382,1.);
#13382 = DIRECTION('',(0.,0.,1.));
#13383 = PCURVE('',#8127,#13384);
#13384 = DEFINITIONAL_REPRESENTATION('',(#13385),#13389);
#13385 = LINE('',#13386,#13387);
#13386 = CARTESIAN_POINT('',(0.,-14.5));
#13387 = VECTOR('',#13388,1.);
#13388 = DIRECTION('',(1.,0.));
#13389 = ( GEOMETRIC_REPRESENTATION_CONTEXT(2) 
PARAMETRIC_REPRESENTATION_CONTEXT() REPRESENTATION_CONTEXT('2D SPACE',''
  ) );
#13390 = PCURVE('',#8153,#13391);
#13391 = DEFINITIONAL_REPRESENTATION('',(#13392),#13396);
#13392 = LINE('',#13393,#13394);
#13393 = CARTESIAN_POINT('',(0.,0.));
#13394 = VECTOR('',#13395,1.);
#13395 = DIRECTION('',(1.,0.));
#13396 = ( GEOMETRIC_REPRESENTATION_CONTEXT(2) 
PARAMETRIC_REPRESENTATION_CONTEXT() REPRESENTATION_CONTEXT('2D SPACE',''
  ) );
#13397 = ORIENTED_EDGE('',*,*,#8112,.F.);
#13398 = ORIENTED_EDGE('',*,*,#13091,.F.);
#13399 = ADVANCED_FACE('',(#13400),#8153,.F.);
#13400 = FACE_BOUND('',#13401,.F.);
#13401 = EDGE_LOOP('',(#13402,#13403,#13426,#13454,#13477,#13505,#13526,
    #13527));
#13402 = ORIENTED_EDGE('',*,*,#13330,.F.);
#13403 = ORIENTED_EDGE('',*,*,#13404,.T.);
#13404 = EDGE_CURVE('',#13310,#13405,#13407,.T.);
#13405 = VERTEX_POINT('',#13406);
#13406 = CARTESIAN_POINT('',(-40.75,80.25,42.3));
#13407 = SURFACE_CURVE('',#13408,(#13412,#13419),.PCURVE_S1.);
#13408 = LINE('',#13409,#13410);
#13409 = CARTESIAN_POINT('',(-40.75,89.75,42.3));
#13410 = VECTOR('',#13411,1.);
#13411 = DIRECTION('',(2.22044604925E-16,-1.,0.));
#13412 = PCURVE('',#8153,#13413);
#13413 = DEFINITIONAL_REPRESENTATION('',(#13414),#13418);
#13414 = LINE('',#13415,#13416);
#13415 = CARTESIAN_POINT('',(4.8,-2.25));
#13416 = VECTOR('',#13417,1.);
#13417 = DIRECTION('',(0.,1.));
#13418 = ( GEOMETRIC_REPRESENTATION_CONTEXT(2) 
PARAMETRIC_REPRESENTATION_CONTEXT() REPRESENTATION_CONTEXT('2D SPACE',''
  ) );
#13419 = PCURVE('',#13294,#13420);
#13420 = DEFINITIONAL_REPRESENTATION('',(#13421),#13425);
#13421 = LINE('',#13422,#13423);
#13422 = CARTESIAN_POINT('',(0.,14.5));
#13423 = VECTOR('',#13424,1.);
#13424 = DIRECTION('',(1.,0.));
#13425 = ( GEOMETRIC_REPRESENTATION_CONTEXT(2) 
PARAMETRIC_REPRESENTATION_CONTEXT() REPRESENTATION_CONTEXT('2D SPACE',''
  ) );
#13426 = ORIENTED_EDGE('',*,*,#13427,.F.);
#13427 = EDGE_CURVE('',#13428,#13405,#13430,.T.);
#13428 = VERTEX_POINT('',#13429);
#13429 = CARTESIAN_POINT('',(-40.75,80.25,38.5));
#13430 = SURFACE_CURVE('',#13431,(#13435,#13442),.PCURVE_S1.);
#13431 = LINE('',#13432,#13433);
#13432 = CARTESIAN_POINT('',(-40.75,80.25,37.5));
#13433 = VECTOR('',#13434,1.);
#13434 = DIRECTION('',(0.,0.,1.));
#13435 = PCURVE('',#8153,#13436);
#13436 = DEFINITIONAL_REPRESENTATION('',(#13437),#13441);
#13437 = LINE('',#13438,#13439);
#13438 = CARTESIAN_POINT('',(0.,7.25));
#13439 = VECTOR('',#13440,1.);
#13440 = DIRECTION('',(1.,0.));
#13441 = ( GEOMETRIC_REPRESENTATION_CONTEXT(2) 
PARAMETRIC_REPRESENTATION_CONTEXT() REPRESENTATION_CONTEXT('2D SPACE',''
  ) );
#13442 = PCURVE('',#13443,#13448);
#13443 = PLANE('',#13444);
#13444 = AXIS2_PLACEMENT_3D('',#13445,#13446,#13447);
#13445 = CARTESIAN_POINT('',(-55.25,80.25,37.5));
#13446 = DIRECTION('',(2.22044604925E-16,-1.,0.));
#13447 = DIRECTION('',(0.,0.,1.));
#13448 = DEFINITIONAL_REPRESENTATION('',(#13449),#13453);
#13449 = LINE('',#13450,#13451);
#13450 = CARTESIAN_POINT('',(0.,-14.5));
#13451 = VECTOR('',#13452,1.);
#13452 = DIRECTION('',(1.,0.));
#13453 = ( GEOMETRIC_REPRESENTATION_CONTEXT(2) 
PARAMETRIC_REPRESENTATION_CONTEXT() REPRESENTATION_CONTEXT('2D SPACE',''
  ) );
#13454 = ORIENTED_EDGE('',*,*,#13455,.F.);
#13455 = EDGE_CURVE('',#13456,#13428,#13458,.T.);
#13456 = VERTEX_POINT('',#13457);
#13457 = CARTESIAN_POINT('',(-40.75,89.75,38.5));
#13458 = SURFACE_CURVE('',#13459,(#13463,#13470),.PCURVE_S1.);
#13459 = LINE('',#13460,#13461);
#13460 = CARTESIAN_POINT('',(-40.75,89.75,38.5));
#13461 = VECTOR('',#13462,1.);
#13462 = DIRECTION('',(0.,-1.,0.));
#13463 = PCURVE('',#8153,#13464);
#13464 = DEFINITIONAL_REPRESENTATION('',(#13465),#13469);
#13465 = LINE('',#13466,#13467);
#13466 = CARTESIAN_POINT('',(1.,-2.25));
#13467 = VECTOR('',#13468,1.);
#13468 = DIRECTION('',(0.,1.));
#13469 = ( GEOMETRIC_REPRESENTATION_CONTEXT(2) 
PARAMETRIC_REPRESENTATION_CONTEXT() REPRESENTATION_CONTEXT('2D SPACE',''
  ) );
#13470 = PCURVE('',#12695,#13471);
#13471 = DEFINITIONAL_REPRESENTATION('',(#13472),#13476);
#13472 = LINE('',#13473,#13474);
#13473 = CARTESIAN_POINT('',(57.25,54.75));
#13474 = VECTOR('',#13475,1.);
#13475 = DIRECTION('',(0.,-1.));
#13476 = ( GEOMETRIC_REPRESENTATION_CONTEXT(2) 
PARAMETRIC_REPRESENTATION_CONTEXT() REPRESENTATION_CONTEXT('2D SPACE',''
  ) );
#13477 = ORIENTED_EDGE('',*,*,#13478,.T.);
#13478 = EDGE_CURVE('',#13456,#13479,#13481,.T.);
#13479 = VERTEX_POINT('',#13480);
#13480 = CARTESIAN_POINT('',(-40.75,89.75,42.3));
#13481 = SURFACE_CURVE('',#13482,(#13486,#13493),.PCURVE_S1.);
#13482 = LINE('',#13483,#13484);
#13483 = CARTESIAN_POINT('',(-40.75,89.75,37.5));
#13484 = VECTOR('',#13485,1.);
#13485 = DIRECTION('',(0.,0.,1.));
#13486 = PCURVE('',#8153,#13487);
#13487 = DEFINITIONAL_REPRESENTATION('',(#13488),#13492);
#13488 = LINE('',#13489,#13490);
#13489 = CARTESIAN_POINT('',(0.,-2.25));
#13490 = VECTOR('',#13491,1.);
#13491 = DIRECTION('',(1.,0.));
#13492 = ( GEOMETRIC_REPRESENTATION_CONTEXT(2) 
PARAMETRIC_REPRESENTATION_CONTEXT() REPRESENTATION_CONTEXT('2D SPACE',''
  ) );
#13493 = PCURVE('',#13494,#13499);
#13494 = PLANE('',#13495);
#13495 = AXIS2_PLACEMENT_3D('',#13496,#13497,#13498);
#13496 = CARTESIAN_POINT('',(-55.25,89.75,37.5));
#13497 = DIRECTION('',(2.22044604925E-16,-1.,0.));
#13498 = DIRECTION('',(0.,0.,1.));
#13499 = DEFINITIONAL_REPRESENTATION('',(#13500),#13504);
#13500 = LINE('',#13501,#13502);
#13501 = CARTESIAN_POINT('',(0.,-14.5));
#13502 = VECTOR('',#13503,1.);
#13503 = DIRECTION('',(1.,0.));
#13504 = ( GEOMETRIC_REPRESENTATION_CONTEXT(2) 
PARAMETRIC_REPRESENTATION_CONTEXT() REPRESENTATION_CONTEXT('2D SPACE',''
  ) );
#13505 = ORIENTED_EDGE('',*,*,#13506,.T.);
#13506 = EDGE_CURVE('',#13479,#13357,#13507,.T.);
#13507 = SURFACE_CURVE('',#13508,(#13512,#13519),.PCURVE_S1.);
#13508 = LINE('',#13509,#13510);
#13509 = CARTESIAN_POINT('',(-40.75,89.75,42.3));
#13510 = VECTOR('',#13511,1.);
#13511 = DIRECTION('',(2.22044604925E-16,-1.,0.));
#13512 = PCURVE('',#8153,#13513);
#13513 = DEFINITIONAL_REPRESENTATION('',(#13514),#13518);
#13514 = LINE('',#13515,#13516);
#13515 = CARTESIAN_POINT('',(4.8,-2.25));
#13516 = VECTOR('',#13517,1.);
#13517 = DIRECTION('',(0.,1.));
#13518 = ( GEOMETRIC_REPRESENTATION_CONTEXT(2) 
PARAMETRIC_REPRESENTATION_CONTEXT() REPRESENTATION_CONTEXT('2D SPACE',''
  ) );
#13519 = PCURVE('',#13129,#13520);
#13520 = DEFINITIONAL_REPRESENTATION('',(#13521),#13525);
#13521 = LINE('',#13522,#13523);
#13522 = CARTESIAN_POINT('',(0.,14.5));
#13523 = VECTOR('',#13524,1.);
#13524 = DIRECTION('',(1.,0.));
#13525 = ( GEOMETRIC_REPRESENTATION_CONTEXT(2) 
PARAMETRIC_REPRESENTATION_CONTEXT() REPRESENTATION_CONTEXT('2D SPACE',''
  ) );
#13526 = ORIENTED_EDGE('',*,*,#13377,.T.);
#13527 = ORIENTED_EDGE('',*,*,#8138,.F.);
#13528 = ADVANCED_FACE('',(#13529),#8208,.F.);
#13529 = FACE_BOUND('',#13530,.F.);
#13530 = EDGE_LOOP('',(#13531,#13532,#13555,#13577));
#13531 = ORIENTED_EDGE('',*,*,#8191,.F.);
#13532 = ORIENTED_EDGE('',*,*,#13533,.F.);
#13533 = EDGE_CURVE('',#13534,#8192,#13536,.T.);
#13534 = VERTEX_POINT('',#13535);
#13535 = CARTESIAN_POINT('',(1.7,111.5,43.1));
#13536 = SEAM_CURVE('',#13537,(#13541,#13548),.PCURVE_S1.);
#13537 = LINE('',#13538,#13539);
#13538 = CARTESIAN_POINT('',(1.7,111.5,43.1));
#13539 = VECTOR('',#13540,1.);
#13540 = DIRECTION('',(0.707106781187,-1.731912112471E-16,0.707106781187
    ));
#13541 = PCURVE('',#8208,#13542);
#13542 = DEFINITIONAL_REPRESENTATION('',(#13543),#13547);
#13543 = LINE('',#13544,#13545);
#13544 = CARTESIAN_POINT('',(6.28318530718,-0.));
#13545 = VECTOR('',#13546,1.);
#13546 = DIRECTION('',(0.,1.));
#13547 = ( GEOMETRIC_REPRESENTATION_CONTEXT(2) 
PARAMETRIC_REPRESENTATION_CONTEXT() REPRESENTATION_CONTEXT('2D SPACE',''
  ) );
#13548 = PCURVE('',#8208,#13549);
#13549 = DEFINITIONAL_REPRESENTATION('',(#13550),#13554);
#13550 = LINE('',#13551,#13552);
#13551 = CARTESIAN_POINT('',(0.,-0.));
#13552 = VECTOR('',#13553,1.);
#13553 = DIRECTION('',(0.,1.));
#13554 = ( GEOMETRIC_REPRESENTATION_CONTEXT(2) 
PARAMETRIC_REPRESENTATION_CONTEXT() REPRESENTATION_CONTEXT('2D SPACE',''
  ) );
#13555 = ORIENTED_EDGE('',*,*,#13556,.T.);
#13556 = EDGE_CURVE('',#13534,#13534,#13557,.T.);
#13557 = SURFACE_CURVE('',#13558,(#13563,#13570),.PCURVE_S1.);
#13558 = CIRCLE('',#13559,1.7);
#13559 = AXIS2_PLACEMENT_3D('',#13560,#13561,#13562);
#13560 = CARTESIAN_POINT('',(0.,111.5,43.1));
#13561 = DIRECTION('',(0.,0.,1.));
#13562 = DIRECTION('',(1.,0.,-0.));
#13563 = PCURVE('',#8208,#13564);
#13564 = DEFINITIONAL_REPRESENTATION('',(#13565),#13569);
#13565 = LINE('',#13566,#13567);
#13566 = CARTESIAN_POINT('',(0.,0.));
#13567 = VECTOR('',#13568,1.);
#13568 = DIRECTION('',(1.,0.));
#13569 = ( GEOMETRIC_REPRESENTATION_CONTEXT(2) 
PARAMETRIC_REPRESENTATION_CONTEXT() REPRESENTATION_CONTEXT('2D SPACE',''
  ) );
#13570 = PCURVE('',#10505,#13571);
#13571 = DEFINITIONAL_REPRESENTATION('',(#13572),#13576);
#13572 = LINE('',#13573,#13574);
#13573 = CARTESIAN_POINT('',(0.,2.));
#13574 = VECTOR('',#13575,1.);
#13575 = DIRECTION('',(1.,0.));
#13576 = ( GEOMETRIC_REPRESENTATION_CONTEXT(2) 
PARAMETRIC_REPRESENTATION_CONTEXT() REPRESENTATION_CONTEXT('2D SPACE',''
  ) );
#13577 = ORIENTED_EDGE('',*,*,#13533,.T.);
#13578 = ADVANCED_FACE('',(#13579),#8239,.T.);
#13579 = FACE_BOUND('',#13580,.T.);
#13580 = EDGE_LOOP('',(#13581,#13602,#13603,#13624));
#13581 = ORIENTED_EDGE('',*,*,#13582,.F.);
#13582 = EDGE_CURVE('',#10520,#8223,#13583,.T.);
#13583 = SURFACE_CURVE('',#13584,(#13588,#13595),.PCURVE_S1.);
#13584 = LINE('',#13585,#13586);
#13585 = CARTESIAN_POINT('',(58.,0.,41.1));
#13586 = VECTOR('',#13587,1.);
#13587 = DIRECTION('',(0.,0.,1.));
#13588 = PCURVE('',#8239,#13589);
#13589 = DEFINITIONAL_REPRESENTATION('',(#13590),#13594);
#13590 = LINE('',#13591,#13592);
#13591 = CARTESIAN_POINT('',(0.,44.));
#13592 = VECTOR('',#13593,1.);
#13593 = DIRECTION('',(1.,0.));
#13594 = ( GEOMETRIC_REPRESENTATION_CONTEXT(2) 
PARAMETRIC_REPRESENTATION_CONTEXT() REPRESENTATION_CONTEXT('2D SPACE',''
  ) );
#13595 = PCURVE('',#8315,#13596);
#13596 = DEFINITIONAL_REPRESENTATION('',(#13597),#13601);
#13597 = LINE('',#13598,#13599);
#13598 = CARTESIAN_POINT('',(0.,0.));
#13599 = VECTOR('',#13600,1.);
#13600 = DIRECTION('',(1.,0.));
#13601 = ( GEOMETRIC_REPRESENTATION_CONTEXT(2) 
PARAMETRIC_REPRESENTATION_CONTEXT() REPRESENTATION_CONTEXT('2D SPACE',''
  ) );
#13602 = ORIENTED_EDGE('',*,*,#10519,.T.);
#13603 = ORIENTED_EDGE('',*,*,#13604,.T.);
#13604 = EDGE_CURVE('',#10522,#8225,#13605,.T.);
#13605 = SURFACE_CURVE('',#13606,(#13610,#13617),.PCURVE_S1.);
#13606 = LINE('',#13607,#13608);
#13607 = CARTESIAN_POINT('',(14.,0.,41.1));
#13608 = VECTOR('',#13609,1.);
#13609 = DIRECTION('',(0.,0.,1.));
#13610 = PCURVE('',#8239,#13611);
#13611 = DEFINITIONAL_REPRESENTATION('',(#13612),#13616);
#13612 = LINE('',#13613,#13614);
#13613 = CARTESIAN_POINT('',(0.,0.));
#13614 = VECTOR('',#13615,1.);
#13615 = DIRECTION('',(1.,0.));
#13616 = ( GEOMETRIC_REPRESENTATION_CONTEXT(2) 
PARAMETRIC_REPRESENTATION_CONTEXT() REPRESENTATION_CONTEXT('2D SPACE',''
  ) );
#13617 = PCURVE('',#8265,#13618);
#13618 = DEFINITIONAL_REPRESENTATION('',(#13619),#13623);
#13619 = LINE('',#13620,#13621);
#13620 = CARTESIAN_POINT('',(0.,0.));
#13621 = VECTOR('',#13622,1.);
#13622 = DIRECTION('',(1.,0.));
#13623 = ( GEOMETRIC_REPRESENTATION_CONTEXT(2) 
PARAMETRIC_REPRESENTATION_CONTEXT() REPRESENTATION_CONTEXT('2D SPACE',''
  ) );
#13624 = ORIENTED_EDGE('',*,*,#8222,.F.);
#13625 = ADVANCED_FACE('',(#13626),#8315,.F.);
#13626 = FACE_BOUND('',#13627,.F.);
#13627 = EDGE_LOOP('',(#13628,#13629,#13630,#13651));
#13628 = ORIENTED_EDGE('',*,*,#13582,.F.);
#13629 = ORIENTED_EDGE('',*,*,#10584,.T.);
#13630 = ORIENTED_EDGE('',*,*,#13631,.T.);
#13631 = EDGE_CURVE('',#10564,#8277,#13632,.T.);
#13632 = SURFACE_CURVE('',#13633,(#13637,#13644),.PCURVE_S1.);
#13633 = LINE('',#13634,#13635);
#13634 = CARTESIAN_POINT('',(58.,4.,41.1));
#13635 = VECTOR('',#13636,1.);
#13636 = DIRECTION('',(0.,0.,1.));
#13637 = PCURVE('',#8315,#13638);
#13638 = DEFINITIONAL_REPRESENTATION('',(#13639),#13643);
#13639 = LINE('',#13640,#13641);
#13640 = CARTESIAN_POINT('',(0.,-4.));
#13641 = VECTOR('',#13642,1.);
#13642 = DIRECTION('',(1.,0.));
#13643 = ( GEOMETRIC_REPRESENTATION_CONTEXT(2) 
PARAMETRIC_REPRESENTATION_CONTEXT() REPRESENTATION_CONTEXT('2D SPACE',''
  ) );
#13644 = PCURVE('',#8291,#13645);
#13645 = DEFINITIONAL_REPRESENTATION('',(#13646),#13650);
#13646 = LINE('',#13647,#13648);
#13647 = CARTESIAN_POINT('',(0.,44.));
#13648 = VECTOR('',#13649,1.);
#13649 = DIRECTION('',(1.,0.));
#13650 = ( GEOMETRIC_REPRESENTATION_CONTEXT(2) 
PARAMETRIC_REPRESENTATION_CONTEXT() REPRESENTATION_CONTEXT('2D SPACE',''
  ) );
#13651 = ORIENTED_EDGE('',*,*,#8302,.F.);
#13652 = ADVANCED_FACE('',(#13653),#8265,.T.);
#13653 = FACE_BOUND('',#13654,.T.);
#13654 = EDGE_LOOP('',(#13655,#13656,#13657,#13678));
#13655 = ORIENTED_EDGE('',*,*,#13604,.F.);
#13656 = ORIENTED_EDGE('',*,*,#10542,.T.);
#13657 = ORIENTED_EDGE('',*,*,#13658,.T.);
#13658 = EDGE_CURVE('',#10543,#8251,#13659,.T.);
#13659 = SURFACE_CURVE('',#13660,(#13664,#13671),.PCURVE_S1.);
#13660 = LINE('',#13661,#13662);
#13661 = CARTESIAN_POINT('',(14.,4.,41.1));
#13662 = VECTOR('',#13663,1.);
#13663 = DIRECTION('',(0.,0.,1.));
#13664 = PCURVE('',#8265,#13665);
#13665 = DEFINITIONAL_REPRESENTATION('',(#13666),#13670);
#13666 = LINE('',#13667,#13668);
#13667 = CARTESIAN_POINT('',(0.,-4.));
#13668 = VECTOR('',#13669,1.);
#13669 = DIRECTION('',(1.,0.));
#13670 = ( GEOMETRIC_REPRESENTATION_CONTEXT(2) 
PARAMETRIC_REPRESENTATION_CONTEXT() REPRESENTATION_CONTEXT('2D SPACE',''
  ) );
#13671 = PCURVE('',#8291,#13672);
#13672 = DEFINITIONAL_REPRESENTATION('',(#13673),#13677);
#13673 = LINE('',#13674,#13675);
#13674 = CARTESIAN_POINT('',(0.,0.));
#13675 = VECTOR('',#13676,1.);
#13676 = DIRECTION('',(1.,0.));
#13677 = ( GEOMETRIC_REPRESENTATION_CONTEXT(2) 
PARAMETRIC_REPRESENTATION_CONTEXT() REPRESENTATION_CONTEXT('2D SPACE',''
  ) );
#13678 = ORIENTED_EDGE('',*,*,#8250,.F.);
#13679 = ADVANCED_FACE('',(#13680),#8291,.F.);
#13680 = FACE_BOUND('',#13681,.F.);
#13681 = EDGE_LOOP('',(#13682,#13683,#13684,#13685));
#13682 = ORIENTED_EDGE('',*,*,#13631,.F.);
#13683 = ORIENTED_EDGE('',*,*,#10563,.T.);
#13684 = ORIENTED_EDGE('',*,*,#13658,.T.);
#13685 = ORIENTED_EDGE('',*,*,#8276,.F.);
#13686 = ADVANCED_FACE('',(#13687),#8345,.T.);
#13687 = FACE_BOUND('',#13688,.T.);
#13688 = EDGE_LOOP('',(#13689,#13710,#13711,#13732));
#13689 = ORIENTED_EDGE('',*,*,#13690,.F.);
#13690 = EDGE_CURVE('',#10606,#8329,#13691,.T.);
#13691 = SURFACE_CURVE('',#13692,(#13696,#13703),.PCURVE_S1.);
#13692 = LINE('',#13693,#13694);
#13693 = CARTESIAN_POINT('',(58.,10.,41.1));
#13694 = VECTOR('',#13695,1.);
#13695 = DIRECTION('',(0.,0.,1.));
#13696 = PCURVE('',#8345,#13697);
#13697 = DEFINITIONAL_REPRESENTATION('',(#13698),#13702);
#13698 = LINE('',#13699,#13700);
#13699 = CARTESIAN_POINT('',(0.,44.));
#13700 = VECTOR('',#13701,1.);
#13701 = DIRECTION('',(1.,0.));
#13702 = ( GEOMETRIC_REPRESENTATION_CONTEXT(2) 
PARAMETRIC_REPRESENTATION_CONTEXT() REPRESENTATION_CONTEXT('2D SPACE',''
  ) );
#13703 = PCURVE('',#8421,#13704);
#13704 = DEFINITIONAL_REPRESENTATION('',(#13705),#13709);
#13705 = LINE('',#13706,#13707);
#13706 = CARTESIAN_POINT('',(0.,0.));
#13707 = VECTOR('',#13708,1.);
#13708 = DIRECTION('',(1.,0.));
#13709 = ( GEOMETRIC_REPRESENTATION_CONTEXT(2) 
PARAMETRIC_REPRESENTATION_CONTEXT() REPRESENTATION_CONTEXT('2D SPACE',''
  ) );
#13710 = ORIENTED_EDGE('',*,*,#10605,.T.);
#13711 = ORIENTED_EDGE('',*,*,#13712,.T.);
#13712 = EDGE_CURVE('',#10608,#8331,#13713,.T.);
#13713 = SURFACE_CURVE('',#13714,(#13718,#13725),.PCURVE_S1.);
#13714 = LINE('',#13715,#13716);
#13715 = CARTESIAN_POINT('',(14.,10.,41.1));
#13716 = VECTOR('',#13717,1.);
#13717 = DIRECTION('',(0.,0.,1.));
#13718 = PCURVE('',#8345,#13719);
#13719 = DEFINITIONAL_REPRESENTATION('',(#13720),#13724);
#13720 = LINE('',#13721,#13722);
#13721 = CARTESIAN_POINT('',(0.,0.));
#13722 = VECTOR('',#13723,1.);
#13723 = DIRECTION('',(1.,0.));
#13724 = ( GEOMETRIC_REPRESENTATION_CONTEXT(2) 
PARAMETRIC_REPRESENTATION_CONTEXT() REPRESENTATION_CONTEXT('2D SPACE',''
  ) );
#13725 = PCURVE('',#8371,#13726);
#13726 = DEFINITIONAL_REPRESENTATION('',(#13727),#13731);
#13727 = LINE('',#13728,#13729);
#13728 = CARTESIAN_POINT('',(0.,0.));
#13729 = VECTOR('',#13730,1.);
#13730 = DIRECTION('',(1.,0.));
#13731 = ( GEOMETRIC_REPRESENTATION_CONTEXT(2) 
PARAMETRIC_REPRESENTATION_CONTEXT() REPRESENTATION_CONTEXT('2D SPACE',''
  ) );
#13732 = ORIENTED_EDGE('',*,*,#8328,.F.);
#13733 = ADVANCED_FACE('',(#13734),#8421,.F.);
#13734 = FACE_BOUND('',#13735,.F.);
#13735 = EDGE_LOOP('',(#13736,#13737,#13738,#13759));
#13736 = ORIENTED_EDGE('',*,*,#13690,.F.);
#13737 = ORIENTED_EDGE('',*,*,#10670,.T.);
#13738 = ORIENTED_EDGE('',*,*,#13739,.T.);
#13739 = EDGE_CURVE('',#10650,#8383,#13740,.T.);
#13740 = SURFACE_CURVE('',#13741,(#13745,#13752),.PCURVE_S1.);
#13741 = LINE('',#13742,#13743);
#13742 = CARTESIAN_POINT('',(58.,14.,41.1));
#13743 = VECTOR('',#13744,1.);
#13744 = DIRECTION('',(0.,0.,1.));
#13745 = PCURVE('',#8421,#13746);
#13746 = DEFINITIONAL_REPRESENTATION('',(#13747),#13751);
#13747 = LINE('',#13748,#13749);
#13748 = CARTESIAN_POINT('',(0.,-4.));
#13749 = VECTOR('',#13750,1.);
#13750 = DIRECTION('',(1.,0.));
#13751 = ( GEOMETRIC_REPRESENTATION_CONTEXT(2) 
PARAMETRIC_REPRESENTATION_CONTEXT() REPRESENTATION_CONTEXT('2D SPACE',''
  ) );
#13752 = PCURVE('',#8397,#13753);
#13753 = DEFINITIONAL_REPRESENTATION('',(#13754),#13758);
#13754 = LINE('',#13755,#13756);
#13755 = CARTESIAN_POINT('',(0.,44.));
#13756 = VECTOR('',#13757,1.);
#13757 = DIRECTION('',(1.,0.));
#13758 = ( GEOMETRIC_REPRESENTATION_CONTEXT(2) 
PARAMETRIC_REPRESENTATION_CONTEXT() REPRESENTATION_CONTEXT('2D SPACE',''
  ) );
#13759 = ORIENTED_EDGE('',*,*,#8408,.F.);
#13760 = ADVANCED_FACE('',(#13761),#8371,.T.);
#13761 = FACE_BOUND('',#13762,.T.);
#13762 = EDGE_LOOP('',(#13763,#13764,#13765,#13786));
#13763 = ORIENTED_EDGE('',*,*,#13712,.F.);
#13764 = ORIENTED_EDGE('',*,*,#10628,.T.);
#13765 = ORIENTED_EDGE('',*,*,#13766,.T.);
#13766 = EDGE_CURVE('',#10629,#8357,#13767,.T.);
#13767 = SURFACE_CURVE('',#13768,(#13772,#13779),.PCURVE_S1.);
#13768 = LINE('',#13769,#13770);
#13769 = CARTESIAN_POINT('',(14.,14.,41.1));
#13770 = VECTOR('',#13771,1.);
#13771 = DIRECTION('',(0.,0.,1.));
#13772 = PCURVE('',#8371,#13773);
#13773 = DEFINITIONAL_REPRESENTATION('',(#13774),#13778);
#13774 = LINE('',#13775,#13776);
#13775 = CARTESIAN_POINT('',(0.,-4.));
#13776 = VECTOR('',#13777,1.);
#13777 = DIRECTION('',(1.,0.));
#13778 = ( GEOMETRIC_REPRESENTATION_CONTEXT(2) 
PARAMETRIC_REPRESENTATION_CONTEXT() REPRESENTATION_CONTEXT('2D SPACE',''
  ) );
#13779 = PCURVE('',#8397,#13780);
#13780 = DEFINITIONAL_REPRESENTATION('',(#13781),#13785);
#13781 = LINE('',#13782,#13783);
#13782 = CARTESIAN_POINT('',(0.,0.));
#13783 = VECTOR('',#13784,1.);
#13784 = DIRECTION('',(1.,0.));
#13785 = ( GEOMETRIC_REPRESENTATION_CONTEXT(2) 
PARAMETRIC_REPRESENTATION_CONTEXT() REPRESENTATION_CONTEXT('2D SPACE',''
  ) );
#13786 = ORIENTED_EDGE('',*,*,#8356,.F.);
#13787 = ADVANCED_FACE('',(#13788),#8397,.F.);
#13788 = FACE_BOUND('',#13789,.F.);
#13789 = EDGE_LOOP('',(#13790,#13791,#13792,#13793));
#13790 = ORIENTED_EDGE('',*,*,#13739,.F.);
#13791 = ORIENTED_EDGE('',*,*,#10649,.T.);
#13792 = ORIENTED_EDGE('',*,*,#13766,.T.);
#13793 = ORIENTED_EDGE('',*,*,#8382,.F.);
#13794 = ADVANCED_FACE('',(#13795),#8451,.T.);
#13795 = FACE_BOUND('',#13796,.T.);
#13796 = EDGE_LOOP('',(#13797,#13818,#13819,#13840));
#13797 = ORIENTED_EDGE('',*,*,#13798,.F.);
#13798 = EDGE_CURVE('',#10692,#8435,#13799,.T.);
#13799 = SURFACE_CURVE('',#13800,(#13804,#13811),.PCURVE_S1.);
#13800 = LINE('',#13801,#13802);
#13801 = CARTESIAN_POINT('',(58.,20.,41.1));
#13802 = VECTOR('',#13803,1.);
#13803 = DIRECTION('',(0.,0.,1.));
#13804 = PCURVE('',#8451,#13805);
#13805 = DEFINITIONAL_REPRESENTATION('',(#13806),#13810);
#13806 = LINE('',#13807,#13808);
#13807 = CARTESIAN_POINT('',(0.,44.));
#13808 = VECTOR('',#13809,1.);
#13809 = DIRECTION('',(1.,0.));
#13810 = ( GEOMETRIC_REPRESENTATION_CONTEXT(2) 
PARAMETRIC_REPRESENTATION_CONTEXT() REPRESENTATION_CONTEXT('2D SPACE',''
  ) );
#13811 = PCURVE('',#8527,#13812);
#13812 = DEFINITIONAL_REPRESENTATION('',(#13813),#13817);
#13813 = LINE('',#13814,#13815);
#13814 = CARTESIAN_POINT('',(0.,0.));
#13815 = VECTOR('',#13816,1.);
#13816 = DIRECTION('',(1.,0.));
#13817 = ( GEOMETRIC_REPRESENTATION_CONTEXT(2) 
PARAMETRIC_REPRESENTATION_CONTEXT() REPRESENTATION_CONTEXT('2D SPACE',''
  ) );
#13818 = ORIENTED_EDGE('',*,*,#10691,.T.);
#13819 = ORIENTED_EDGE('',*,*,#13820,.T.);
#13820 = EDGE_CURVE('',#10694,#8437,#13821,.T.);
#13821 = SURFACE_CURVE('',#13822,(#13826,#13833),.PCURVE_S1.);
#13822 = LINE('',#13823,#13824);
#13823 = CARTESIAN_POINT('',(14.,20.,41.1));
#13824 = VECTOR('',#13825,1.);
#13825 = DIRECTION('',(0.,0.,1.));
#13826 = PCURVE('',#8451,#13827);
#13827 = DEFINITIONAL_REPRESENTATION('',(#13828),#13832);
#13828 = LINE('',#13829,#13830);
#13829 = CARTESIAN_POINT('',(0.,0.));
#13830 = VECTOR('',#13831,1.);
#13831 = DIRECTION('',(1.,0.));
#13832 = ( GEOMETRIC_REPRESENTATION_CONTEXT(2) 
PARAMETRIC_REPRESENTATION_CONTEXT() REPRESENTATION_CONTEXT('2D SPACE',''
  ) );
#13833 = PCURVE('',#8477,#13834);
#13834 = DEFINITIONAL_REPRESENTATION('',(#13835),#13839);
#13835 = LINE('',#13836,#13837);
#13836 = CARTESIAN_POINT('',(0.,0.));
#13837 = VECTOR('',#13838,1.);
#13838 = DIRECTION('',(1.,0.));
#13839 = ( GEOMETRIC_REPRESENTATION_CONTEXT(2) 
PARAMETRIC_REPRESENTATION_CONTEXT() REPRESENTATION_CONTEXT('2D SPACE',''
  ) );
#13840 = ORIENTED_EDGE('',*,*,#8434,.F.);
#13841 = ADVANCED_FACE('',(#13842),#8527,.F.);
#13842 = FACE_BOUND('',#13843,.F.);
#13843 = EDGE_LOOP('',(#13844,#13845,#13846,#13867));
#13844 = ORIENTED_EDGE('',*,*,#13798,.F.);
#13845 = ORIENTED_EDGE('',*,*,#10756,.T.);
#13846 = ORIENTED_EDGE('',*,*,#13847,.T.);
#13847 = EDGE_CURVE('',#10736,#8489,#13848,.T.);
#13848 = SURFACE_CURVE('',#13849,(#13853,#13860),.PCURVE_S1.);
#13849 = LINE('',#13850,#13851);
#13850 = CARTESIAN_POINT('',(58.,24.,41.1));
#13851 = VECTOR('',#13852,1.);
#13852 = DIRECTION('',(0.,0.,1.));
#13853 = PCURVE('',#8527,#13854);
#13854 = DEFINITIONAL_REPRESENTATION('',(#13855),#13859);
#13855 = LINE('',#13856,#13857);
#13856 = CARTESIAN_POINT('',(0.,-4.));
#13857 = VECTOR('',#13858,1.);
#13858 = DIRECTION('',(1.,0.));
#13859 = ( GEOMETRIC_REPRESENTATION_CONTEXT(2) 
PARAMETRIC_REPRESENTATION_CONTEXT() REPRESENTATION_CONTEXT('2D SPACE',''
  ) );
#13860 = PCURVE('',#8503,#13861);
#13861 = DEFINITIONAL_REPRESENTATION('',(#13862),#13866);
#13862 = LINE('',#13863,#13864);
#13863 = CARTESIAN_POINT('',(0.,44.));
#13864 = VECTOR('',#13865,1.);
#13865 = DIRECTION('',(1.,0.));
#13866 = ( GEOMETRIC_REPRESENTATION_CONTEXT(2) 
PARAMETRIC_REPRESENTATION_CONTEXT() REPRESENTATION_CONTEXT('2D SPACE',''
  ) );
#13867 = ORIENTED_EDGE('',*,*,#8514,.F.);
#13868 = ADVANCED_FACE('',(#13869),#8477,.T.);
#13869 = FACE_BOUND('',#13870,.T.);
#13870 = EDGE_LOOP('',(#13871,#13872,#13873,#13894));
#13871 = ORIENTED_EDGE('',*,*,#13820,.F.);
#13872 = ORIENTED_EDGE('',*,*,#10714,.T.);
#13873 = ORIENTED_EDGE('',*,*,#13874,.T.);
#13874 = EDGE_CURVE('',#10715,#8463,#13875,.T.);
#13875 = SURFACE_CURVE('',#13876,(#13880,#13887),.PCURVE_S1.);
#13876 = LINE('',#13877,#13878);
#13877 = CARTESIAN_POINT('',(14.,24.,41.1));
#13878 = VECTOR('',#13879,1.);
#13879 = DIRECTION('',(0.,0.,1.));
#13880 = PCURVE('',#8477,#13881);
#13881 = DEFINITIONAL_REPRESENTATION('',(#13882),#13886);
#13882 = LINE('',#13883,#13884);
#13883 = CARTESIAN_POINT('',(0.,-4.));
#13884 = VECTOR('',#13885,1.);
#13885 = DIRECTION('',(1.,0.));
#13886 = ( GEOMETRIC_REPRESENTATION_CONTEXT(2) 
PARAMETRIC_REPRESENTATION_CONTEXT() REPRESENTATION_CONTEXT('2D SPACE',''
  ) );
#13887 = PCURVE('',#8503,#13888);
#13888 = DEFINITIONAL_REPRESENTATION('',(#13889),#13893);
#13889 = LINE('',#13890,#13891);
#13890 = CARTESIAN_POINT('',(0.,0.));
#13891 = VECTOR('',#13892,1.);
#13892 = DIRECTION('',(1.,0.));
#13893 = ( GEOMETRIC_REPRESENTATION_CONTEXT(2) 
PARAMETRIC_REPRESENTATION_CONTEXT() REPRESENTATION_CONTEXT('2D SPACE',''
  ) );
#13894 = ORIENTED_EDGE('',*,*,#8462,.F.);
#13895 = ADVANCED_FACE('',(#13896),#8503,.F.);
#13896 = FACE_BOUND('',#13897,.F.);
#13897 = EDGE_LOOP('',(#13898,#13899,#13900,#13901));
#13898 = ORIENTED_EDGE('',*,*,#13847,.F.);
#13899 = ORIENTED_EDGE('',*,*,#10735,.T.);
#13900 = ORIENTED_EDGE('',*,*,#13874,.T.);
#13901 = ORIENTED_EDGE('',*,*,#8488,.F.);
#13902 = ADVANCED_FACE('',(#13903),#8557,.T.);
#13903 = FACE_BOUND('',#13904,.T.);
#13904 = EDGE_LOOP('',(#13905,#13926,#13927,#13948));
#13905 = ORIENTED_EDGE('',*,*,#13906,.F.);
#13906 = EDGE_CURVE('',#10778,#8541,#13907,.T.);
#13907 = SURFACE_CURVE('',#13908,(#13912,#13919),.PCURVE_S1.);
#13908 = LINE('',#13909,#13910);
#13909 = CARTESIAN_POINT('',(58.,30.,41.1));
#13910 = VECTOR('',#13911,1.);
#13911 = DIRECTION('',(0.,0.,1.));
#13912 = PCURVE('',#8557,#13913);
#13913 = DEFINITIONAL_REPRESENTATION('',(#13914),#13918);
#13914 = LINE('',#13915,#13916);
#13915 = CARTESIAN_POINT('',(0.,44.));
#13916 = VECTOR('',#13917,1.);
#13917 = DIRECTION('',(1.,0.));
#13918 = ( GEOMETRIC_REPRESENTATION_CONTEXT(2) 
PARAMETRIC_REPRESENTATION_CONTEXT() REPRESENTATION_CONTEXT('2D SPACE',''
  ) );
#13919 = PCURVE('',#8633,#13920);
#13920 = DEFINITIONAL_REPRESENTATION('',(#13921),#13925);
#13921 = LINE('',#13922,#13923);
#13922 = CARTESIAN_POINT('',(0.,0.));
#13923 = VECTOR('',#13924,1.);
#13924 = DIRECTION('',(1.,0.));
#13925 = ( GEOMETRIC_REPRESENTATION_CONTEXT(2) 
PARAMETRIC_REPRESENTATION_CONTEXT() REPRESENTATION_CONTEXT('2D SPACE',''
  ) );
#13926 = ORIENTED_EDGE('',*,*,#10777,.T.);
#13927 = ORIENTED_EDGE('',*,*,#13928,.T.);
#13928 = EDGE_CURVE('',#10780,#8543,#13929,.T.);
#13929 = SURFACE_CURVE('',#13930,(#13934,#13941),.PCURVE_S1.);
#13930 = LINE('',#13931,#13932);
#13931 = CARTESIAN_POINT('',(14.,30.,41.1));
#13932 = VECTOR('',#13933,1.);
#13933 = DIRECTION('',(0.,0.,1.));
#13934 = PCURVE('',#8557,#13935);
#13935 = DEFINITIONAL_REPRESENTATION('',(#13936),#13940);
#13936 = LINE('',#13937,#13938);
#13937 = CARTESIAN_POINT('',(0.,0.));
#13938 = VECTOR('',#13939,1.);
#13939 = DIRECTION('',(1.,0.));
#13940 = ( GEOMETRIC_REPRESENTATION_CONTEXT(2) 
PARAMETRIC_REPRESENTATION_CONTEXT() REPRESENTATION_CONTEXT('2D SPACE',''
  ) );
#13941 = PCURVE('',#8583,#13942);
#13942 = DEFINITIONAL_REPRESENTATION('',(#13943),#13947);
#13943 = LINE('',#13944,#13945);
#13944 = CARTESIAN_POINT('',(0.,0.));
#13945 = VECTOR('',#13946,1.);
#13946 = DIRECTION('',(1.,0.));
#13947 = ( GEOMETRIC_REPRESENTATION_CONTEXT(2) 
PARAMETRIC_REPRESENTATION_CONTEXT() REPRESENTATION_CONTEXT('2D SPACE',''
  ) );
#13948 = ORIENTED_EDGE('',*,*,#8540,.F.);
#13949 = ADVANCED_FACE('',(#13950),#8633,.F.);
#13950 = FACE_BOUND('',#13951,.F.);
#13951 = EDGE_LOOP('',(#13952,#13953,#13954,#13975));
#13952 = ORIENTED_EDGE('',*,*,#13906,.F.);
#13953 = ORIENTED_EDGE('',*,*,#10842,.T.);
#13954 = ORIENTED_EDGE('',*,*,#13955,.T.);
#13955 = EDGE_CURVE('',#10822,#8595,#13956,.T.);
#13956 = SURFACE_CURVE('',#13957,(#13961,#13968),.PCURVE_S1.);
#13957 = LINE('',#13958,#13959);
#13958 = CARTESIAN_POINT('',(58.,34.,41.1));
#13959 = VECTOR('',#13960,1.);
#13960 = DIRECTION('',(0.,0.,1.));
#13961 = PCURVE('',#8633,#13962);
#13962 = DEFINITIONAL_REPRESENTATION('',(#13963),#13967);
#13963 = LINE('',#13964,#13965);
#13964 = CARTESIAN_POINT('',(0.,-4.));
#13965 = VECTOR('',#13966,1.);
#13966 = DIRECTION('',(1.,0.));
#13967 = ( GEOMETRIC_REPRESENTATION_CONTEXT(2) 
PARAMETRIC_REPRESENTATION_CONTEXT() REPRESENTATION_CONTEXT('2D SPACE',''
  ) );
#13968 = PCURVE('',#8609,#13969);
#13969 = DEFINITIONAL_REPRESENTATION('',(#13970),#13974);
#13970 = LINE('',#13971,#13972);
#13971 = CARTESIAN_POINT('',(0.,44.));
#13972 = VECTOR('',#13973,1.);
#13973 = DIRECTION('',(1.,0.));
#13974 = ( GEOMETRIC_REPRESENTATION_CONTEXT(2) 
PARAMETRIC_REPRESENTATION_CONTEXT() REPRESENTATION_CONTEXT('2D SPACE',''
  ) );
#13975 = ORIENTED_EDGE('',*,*,#8620,.F.);
#13976 = ADVANCED_FACE('',(#13977),#8583,.T.);
#13977 = FACE_BOUND('',#13978,.T.);
#13978 = EDGE_LOOP('',(#13979,#13980,#13981,#14002));
#13979 = ORIENTED_EDGE('',*,*,#13928,.F.);
#13980 = ORIENTED_EDGE('',*,*,#10800,.T.);
#13981 = ORIENTED_EDGE('',*,*,#13982,.T.);
#13982 = EDGE_CURVE('',#10801,#8569,#13983,.T.);
#13983 = SURFACE_CURVE('',#13984,(#13988,#13995),.PCURVE_S1.);
#13984 = LINE('',#13985,#13986);
#13985 = CARTESIAN_POINT('',(14.,34.,41.1));
#13986 = VECTOR('',#13987,1.);
#13987 = DIRECTION('',(0.,0.,1.));
#13988 = PCURVE('',#8583,#13989);
#13989 = DEFINITIONAL_REPRESENTATION('',(#13990),#13994);
#13990 = LINE('',#13991,#13992);
#13991 = CARTESIAN_POINT('',(0.,-4.));
#13992 = VECTOR('',#13993,1.);
#13993 = DIRECTION('',(1.,0.));
#13994 = ( GEOMETRIC_REPRESENTATION_CONTEXT(2) 
PARAMETRIC_REPRESENTATION_CONTEXT() REPRESENTATION_CONTEXT('2D SPACE',''
  ) );
#13995 = PCURVE('',#8609,#13996);
#13996 = DEFINITIONAL_REPRESENTATION('',(#13997),#14001);
#13997 = LINE('',#13998,#13999);
#13998 = CARTESIAN_POINT('',(0.,0.));
#13999 = VECTOR('',#14000,1.);
#14000 = DIRECTION('',(1.,0.));
#14001 = ( GEOMETRIC_REPRESENTATION_CONTEXT(2) 
PARAMETRIC_REPRESENTATION_CONTEXT() REPRESENTATION_CONTEXT('2D SPACE',''
  ) );
#14002 = ORIENTED_EDGE('',*,*,#8568,.F.);
#14003 = ADVANCED_FACE('',(#14004),#8609,.F.);
#14004 = FACE_BOUND('',#14005,.F.);
#14005 = EDGE_LOOP('',(#14006,#14007,#14008,#14009));
#14006 = ORIENTED_EDGE('',*,*,#13955,.F.);
#14007 = ORIENTED_EDGE('',*,*,#10821,.T.);
#14008 = ORIENTED_EDGE('',*,*,#13982,.T.);
#14009 = ORIENTED_EDGE('',*,*,#8594,.F.);
#14010 = ADVANCED_FACE('',(#14011),#8663,.T.);
#14011 = FACE_BOUND('',#14012,.T.);
#14012 = EDGE_LOOP('',(#14013,#14034,#14035,#14056));
#14013 = ORIENTED_EDGE('',*,*,#14014,.F.);
#14014 = EDGE_CURVE('',#10864,#8647,#14015,.T.);
#14015 = SURFACE_CURVE('',#14016,(#14020,#14027),.PCURVE_S1.);
#14016 = LINE('',#14017,#14018);
#14017 = CARTESIAN_POINT('',(58.,40.,41.1));
#14018 = VECTOR('',#14019,1.);
#14019 = DIRECTION('',(0.,0.,1.));
#14020 = PCURVE('',#8663,#14021);
#14021 = DEFINITIONAL_REPRESENTATION('',(#14022),#14026);
#14022 = LINE('',#14023,#14024);
#14023 = CARTESIAN_POINT('',(0.,44.));
#14024 = VECTOR('',#14025,1.);
#14025 = DIRECTION('',(1.,0.));
#14026 = ( GEOMETRIC_REPRESENTATION_CONTEXT(2) 
PARAMETRIC_REPRESENTATION_CONTEXT() REPRESENTATION_CONTEXT('2D SPACE',''
  ) );
#14027 = PCURVE('',#8739,#14028);
#14028 = DEFINITIONAL_REPRESENTATION('',(#14029),#14033);
#14029 = LINE('',#14030,#14031);
#14030 = CARTESIAN_POINT('',(0.,0.));
#14031 = VECTOR('',#14032,1.);
#14032 = DIRECTION('',(1.,0.));
#14033 = ( GEOMETRIC_REPRESENTATION_CONTEXT(2) 
PARAMETRIC_REPRESENTATION_CONTEXT() REPRESENTATION_CONTEXT('2D SPACE',''
  ) );
#14034 = ORIENTED_EDGE('',*,*,#10863,.T.);
#14035 = ORIENTED_EDGE('',*,*,#14036,.T.);
#14036 = EDGE_CURVE('',#10866,#8649,#14037,.T.);
#14037 = SURFACE_CURVE('',#14038,(#14042,#14049),.PCURVE_S1.);
#14038 = LINE('',#14039,#14040);
#14039 = CARTESIAN_POINT('',(14.,40.,41.1));
#14040 = VECTOR('',#14041,1.);
#14041 = DIRECTION('',(0.,0.,1.));
#14042 = PCURVE('',#8663,#14043);
#14043 = DEFINITIONAL_REPRESENTATION('',(#14044),#14048);
#14044 = LINE('',#14045,#14046);
#14045 = CARTESIAN_POINT('',(0.,0.));
#14046 = VECTOR('',#14047,1.);
#14047 = DIRECTION('',(1.,0.));
#14048 = ( GEOMETRIC_REPRESENTATION_CONTEXT(2) 
PARAMETRIC_REPRESENTATION_CONTEXT() REPRESENTATION_CONTEXT('2D SPACE',''
  ) );
#14049 = PCURVE('',#8689,#14050);
#14050 = DEFINITIONAL_REPRESENTATION('',(#14051),#14055);
#14051 = LINE('',#14052,#14053);
#14052 = CARTESIAN_POINT('',(0.,0.));
#14053 = VECTOR('',#14054,1.);
#14054 = DIRECTION('',(1.,0.));
#14055 = ( GEOMETRIC_REPRESENTATION_CONTEXT(2) 
PARAMETRIC_REPRESENTATION_CONTEXT() REPRESENTATION_CONTEXT('2D SPACE',''
  ) );
#14056 = ORIENTED_EDGE('',*,*,#8646,.F.);
#14057 = ADVANCED_FACE('',(#14058),#8739,.F.);
#14058 = FACE_BOUND('',#14059,.F.);
#14059 = EDGE_LOOP('',(#14060,#14061,#14062,#14083));
#14060 = ORIENTED_EDGE('',*,*,#14014,.F.);
#14061 = ORIENTED_EDGE('',*,*,#10928,.T.);
#14062 = ORIENTED_EDGE('',*,*,#14063,.T.);
#14063 = EDGE_CURVE('',#10908,#8701,#14064,.T.);
#14064 = SURFACE_CURVE('',#14065,(#14069,#14076),.PCURVE_S1.);
#14065 = LINE('',#14066,#14067);
#14066 = CARTESIAN_POINT('',(58.,44.,41.1));
#14067 = VECTOR('',#14068,1.);
#14068 = DIRECTION('',(0.,0.,1.));
#14069 = PCURVE('',#8739,#14070);
#14070 = DEFINITIONAL_REPRESENTATION('',(#14071),#14075);
#14071 = LINE('',#14072,#14073);
#14072 = CARTESIAN_POINT('',(0.,-4.));
#14073 = VECTOR('',#14074,1.);
#14074 = DIRECTION('',(1.,0.));
#14075 = ( GEOMETRIC_REPRESENTATION_CONTEXT(2) 
PARAMETRIC_REPRESENTATION_CONTEXT() REPRESENTATION_CONTEXT('2D SPACE',''
  ) );
#14076 = PCURVE('',#8715,#14077);
#14077 = DEFINITIONAL_REPRESENTATION('',(#14078),#14082);
#14078 = LINE('',#14079,#14080);
#14079 = CARTESIAN_POINT('',(0.,44.));
#14080 = VECTOR('',#14081,1.);
#14081 = DIRECTION('',(1.,0.));
#14082 = ( GEOMETRIC_REPRESENTATION_CONTEXT(2) 
PARAMETRIC_REPRESENTATION_CONTEXT() REPRESENTATION_CONTEXT('2D SPACE',''
  ) );
#14083 = ORIENTED_EDGE('',*,*,#8726,.F.);
#14084 = ADVANCED_FACE('',(#14085),#8689,.T.);
#14085 = FACE_BOUND('',#14086,.T.);
#14086 = EDGE_LOOP('',(#14087,#14088,#14089,#14110));
#14087 = ORIENTED_EDGE('',*,*,#14036,.F.);
#14088 = ORIENTED_EDGE('',*,*,#10886,.T.);
#14089 = ORIENTED_EDGE('',*,*,#14090,.T.);
#14090 = EDGE_CURVE('',#10887,#8675,#14091,.T.);
#14091 = SURFACE_CURVE('',#14092,(#14096,#14103),.PCURVE_S1.);
#14092 = LINE('',#14093,#14094);
#14093 = CARTESIAN_POINT('',(14.,44.,41.1));
#14094 = VECTOR('',#14095,1.);
#14095 = DIRECTION('',(0.,0.,1.));
#14096 = PCURVE('',#8689,#14097);
#14097 = DEFINITIONAL_REPRESENTATION('',(#14098),#14102);
#14098 = LINE('',#14099,#14100);
#14099 = CARTESIAN_POINT('',(0.,-4.));
#14100 = VECTOR('',#14101,1.);
#14101 = DIRECTION('',(1.,0.));
#14102 = ( GEOMETRIC_REPRESENTATION_CONTEXT(2) 
PARAMETRIC_REPRESENTATION_CONTEXT() REPRESENTATION_CONTEXT('2D SPACE',''
  ) );
#14103 = PCURVE('',#8715,#14104);
#14104 = DEFINITIONAL_REPRESENTATION('',(#14105),#14109);
#14105 = LINE('',#14106,#14107);
#14106 = CARTESIAN_POINT('',(0.,0.));
#14107 = VECTOR('',#14108,1.);
#14108 = DIRECTION('',(1.,0.));
#14109 = ( GEOMETRIC_REPRESENTATION_CONTEXT(2) 
PARAMETRIC_REPRESENTATION_CONTEXT() REPRESENTATION_CONTEXT('2D SPACE',''
  ) );
#14110 = ORIENTED_EDGE('',*,*,#8674,.F.);
#14111 = ADVANCED_FACE('',(#14112),#8715,.F.);
#14112 = FACE_BOUND('',#14113,.F.);
#14113 = EDGE_LOOP('',(#14114,#14115,#14116,#14117));
#14114 = ORIENTED_EDGE('',*,*,#14063,.F.);
#14115 = ORIENTED_EDGE('',*,*,#10907,.T.);
#14116 = ORIENTED_EDGE('',*,*,#14090,.T.);
#14117 = ORIENTED_EDGE('',*,*,#8700,.F.);
#14118 = ADVANCED_FACE('',(#14119),#8769,.F.);
#14119 = FACE_BOUND('',#14120,.F.);
#14120 = EDGE_LOOP('',(#14121,#14122,#14145,#14167));
#14121 = ORIENTED_EDGE('',*,*,#8752,.F.);
#14122 = ORIENTED_EDGE('',*,*,#14123,.F.);
#14123 = EDGE_CURVE('',#14124,#8753,#14126,.T.);
#14124 = VERTEX_POINT('',#14125);
#14125 = CARTESIAN_POINT('',(151.1,-4.163799117101E-16,43.1));
#14126 = SEAM_CURVE('',#14127,(#14131,#14138),.PCURVE_S1.);
#14127 = LINE('',#14128,#14129);
#14128 = CARTESIAN_POINT('',(151.1,-4.163799117101E-16,43.1));
#14129 = VECTOR('',#14130,1.);
#14130 = DIRECTION('',(0.707106781187,-1.731912112471E-16,0.707106781187
    ));
#14131 = PCURVE('',#8769,#14132);
#14132 = DEFINITIONAL_REPRESENTATION('',(#14133),#14137);
#14133 = LINE('',#14134,#14135);
#14134 = CARTESIAN_POINT('',(6.28318530718,-0.));
#14135 = VECTOR('',#14136,1.);
#14136 = DIRECTION('',(0.,1.));
#14137 = ( GEOMETRIC_REPRESENTATION_CONTEXT(2) 
PARAMETRIC_REPRESENTATION_CONTEXT() REPRESENTATION_CONTEXT('2D SPACE',''
  ) );
#14138 = PCURVE('',#8769,#14139);
#14139 = DEFINITIONAL_REPRESENTATION('',(#14140),#14144);
#14140 = LINE('',#14141,#14142);
#14141 = CARTESIAN_POINT('',(0.,-0.));
#14142 = VECTOR('',#14143,1.);
#14143 = DIRECTION('',(0.,1.));
#14144 = ( GEOMETRIC_REPRESENTATION_CONTEXT(2) 
PARAMETRIC_REPRESENTATION_CONTEXT() REPRESENTATION_CONTEXT('2D SPACE',''
  ) );
#14145 = ORIENTED_EDGE('',*,*,#14146,.T.);
#14146 = EDGE_CURVE('',#14124,#14124,#14147,.T.);
#14147 = SURFACE_CURVE('',#14148,(#14153,#14160),.PCURVE_S1.);
#14148 = CIRCLE('',#14149,1.7);
#14149 = AXIS2_PLACEMENT_3D('',#14150,#14151,#14152);
#14150 = CARTESIAN_POINT('',(149.4,0.,43.1));
#14151 = DIRECTION('',(0.,0.,1.));
#14152 = DIRECTION('',(1.,0.,-0.));
#14153 = PCURVE('',#8769,#14154);
#14154 = DEFINITIONAL_REPRESENTATION('',(#14155),#14159);
#14155 = LINE('',#14156,#14157);
#14156 = CARTESIAN_POINT('',(0.,0.));
#14157 = VECTOR('',#14158,1.);
#14158 = DIRECTION('',(1.,0.));
#14159 = ( GEOMETRIC_REPRESENTATION_CONTEXT(2) 
PARAMETRIC_REPRESENTATION_CONTEXT() REPRESENTATION_CONTEXT('2D SPACE',''
  ) );
#14160 = PCURVE('',#10997,#14161);
#14161 = DEFINITIONAL_REPRESENTATION('',(#14162),#14166);
#14162 = LINE('',#14163,#14164);
#14163 = CARTESIAN_POINT('',(0.,2.));
#14164 = VECTOR('',#14165,1.);
#14165 = DIRECTION('',(1.,0.));
#14166 = ( GEOMETRIC_REPRESENTATION_CONTEXT(2) 
PARAMETRIC_REPRESENTATION_CONTEXT() REPRESENTATION_CONTEXT('2D SPACE',''
  ) );
#14167 = ORIENTED_EDGE('',*,*,#14123,.T.);
#14168 = ADVANCED_FACE('',(#14169),#8806,.F.);
#14169 = FACE_BOUND('',#14170,.F.);
#14170 = EDGE_LOOP('',(#14171,#14192,#14193,#14214,#14243,#14272,#14298,
    #14331,#14357,#14386));
#14171 = ORIENTED_EDGE('',*,*,#14172,.T.);
#14172 = EDGE_CURVE('',#14173,#8784,#14175,.T.);
#14173 = VERTEX_POINT('',#14174);
#14174 = CARTESIAN_POINT('',(87.5,59.038873605351,42.3));
#14175 = SURFACE_CURVE('',#14176,(#14180,#14186),.PCURVE_S1.);
#14176 = LINE('',#14177,#14178);
#14177 = CARTESIAN_POINT('',(87.5,59.038873605351,37.5));
#14178 = VECTOR('',#14179,1.);
#14179 = DIRECTION('',(0.,0.,1.));
#14180 = PCURVE('',#8806,#14181);
#14181 = DEFINITIONAL_REPRESENTATION('',(#14182),#14185);
#14182 = B_SPLINE_CURVE_WITH_KNOTS('',1,(#14183,#14184),.UNSPECIFIED.,
  .F.,.F.,(2,2),(1.,7.),.PIECEWISE_BEZIER_KNOTS.);
#14183 = CARTESIAN_POINT('',(7.299719799522,1.));
#14184 = CARTESIAN_POINT('',(7.299719799522,7.));
#14185 = ( GEOMETRIC_REPRESENTATION_CONTEXT(2) 
PARAMETRIC_REPRESENTATION_CONTEXT() REPRESENTATION_CONTEXT('2D SPACE',''
  ) );
#14186 = PCURVE('',#8884,#14187);
#14187 = DEFINITIONAL_REPRESENTATION('',(#14188),#14191);
#14188 = B_SPLINE_CURVE_WITH_KNOTS('',1,(#14189,#14190),.UNSPECIFIED.,
  .F.,.F.,(2,2),(0.9999994,7.0000006),.PIECEWISE_BEZIER_KNOTS.);
#14189 = CARTESIAN_POINT('',(0.9999994,-4.288873605351));
#14190 = CARTESIAN_POINT('',(7.0000006,-4.288873605351));
#14191 = ( GEOMETRIC_REPRESENTATION_CONTEXT(2) 
PARAMETRIC_REPRESENTATION_CONTEXT() REPRESENTATION_CONTEXT('2D SPACE',''
  ) );
#14192 = ORIENTED_EDGE('',*,*,#8783,.T.);
#14193 = ORIENTED_EDGE('',*,*,#14194,.F.);
#14194 = EDGE_CURVE('',#14195,#8786,#14197,.T.);
#14195 = VERTEX_POINT('',#14196);
#14196 = CARTESIAN_POINT('',(82.5,59.038873605351,42.3));
#14197 = SURFACE_CURVE('',#14198,(#14202,#14208),.PCURVE_S1.);
#14198 = LINE('',#14199,#14200);
#14199 = CARTESIAN_POINT('',(82.5,59.038873605351,37.5));
#14200 = VECTOR('',#14201,1.);
#14201 = DIRECTION('',(0.,0.,1.));
#14202 = PCURVE('',#8806,#14203);
#14203 = DEFINITIONAL_REPRESENTATION('',(#14204),#14207);
#14204 = B_SPLINE_CURVE_WITH_KNOTS('',1,(#14205,#14206),.UNSPECIFIED.,
  .F.,.F.,(2,2),(1.,7.),.PIECEWISE_BEZIER_KNOTS.);
#14205 = CARTESIAN_POINT('',(2.125058161247,1.));
#14206 = CARTESIAN_POINT('',(2.125058161247,7.));
#14207 = ( GEOMETRIC_REPRESENTATION_CONTEXT(2) 
PARAMETRIC_REPRESENTATION_CONTEXT() REPRESENTATION_CONTEXT('2D SPACE',''
  ) );
#14208 = PCURVE('',#8833,#14209);
#14209 = DEFINITIONAL_REPRESENTATION('',(#14210),#14213);
#14210 = B_SPLINE_CURVE_WITH_KNOTS('',1,(#14211,#14212),.UNSPECIFIED.,
  .F.,.F.,(2,2),(0.9999994,7.0000006),.PIECEWISE_BEZIER_KNOTS.);
#14211 = CARTESIAN_POINT('',(0.9999994,-4.288873605351));
#14212 = CARTESIAN_POINT('',(7.0000006,-4.288873605351));
#14213 = ( GEOMETRIC_REPRESENTATION_CONTEXT(2) 
PARAMETRIC_REPRESENTATION_CONTEXT() REPRESENTATION_CONTEXT('2D SPACE',''
  ) );
#14214 = ORIENTED_EDGE('',*,*,#14215,.T.);
#14215 = EDGE_CURVE('',#14195,#14216,#14218,.T.);
#14216 = VERTEX_POINT('',#14217);
#14217 = CARTESIAN_POINT('',(80.25,55.,42.3));
#14218 = SURFACE_CURVE('',#14219,(#14224,#14231),.PCURVE_S1.);
#14219 = CIRCLE('',#14220,4.75);
#14220 = AXIS2_PLACEMENT_3D('',#14221,#14222,#14223);
#14221 = CARTESIAN_POINT('',(85.,55.,42.3));
#14222 = DIRECTION('',(0.,0.,1.));
#14223 = DIRECTION('',(1.,0.,-0.));
#14224 = PCURVE('',#8806,#14225);
#14225 = DEFINITIONAL_REPRESENTATION('',(#14226),#14230);
#14226 = LINE('',#14227,#14228);
#14227 = CARTESIAN_POINT('',(0.,4.8));
#14228 = VECTOR('',#14229,1.);
#14229 = DIRECTION('',(1.,0.));
#14230 = ( GEOMETRIC_REPRESENTATION_CONTEXT(2) 
PARAMETRIC_REPRESENTATION_CONTEXT() REPRESENTATION_CONTEXT('2D SPACE',''
  ) );
#14231 = PCURVE('',#14232,#14237);
#14232 = PLANE('',#14233);
#14233 = AXIS2_PLACEMENT_3D('',#14234,#14235,#14236);
#14234 = CARTESIAN_POINT('',(80.25,54.75,42.3));
#14235 = DIRECTION('',(0.,0.,1.));
#14236 = DIRECTION('',(1.,0.,0.));
#14237 = DEFINITIONAL_REPRESENTATION('',(#14238),#14242);
#14238 = CIRCLE('',#14239,4.75);
#14239 = AXIS2_PLACEMENT_2D('',#14240,#14241);
#14240 = CARTESIAN_POINT('',(4.75,0.25));
#14241 = DIRECTION('',(1.,0.));
#14242 = ( GEOMETRIC_REPRESENTATION_CONTEXT(2) 
PARAMETRIC_REPRESENTATION_CONTEXT() REPRESENTATION_CONTEXT('2D SPACE',''
  ) );
#14243 = ORIENTED_EDGE('',*,*,#14244,.T.);
#14244 = EDGE_CURVE('',#14216,#14245,#14247,.T.);
#14245 = VERTEX_POINT('',#14246);
#14246 = CARTESIAN_POINT('',(80.256583509747,54.75,42.3));
#14247 = SURFACE_CURVE('',#14248,(#14253,#14260),.PCURVE_S1.);
#14248 = CIRCLE('',#14249,4.75);
#14249 = AXIS2_PLACEMENT_3D('',#14250,#14251,#14252);
#14250 = CARTESIAN_POINT('',(85.,55.,42.3));
#14251 = DIRECTION('',(0.,0.,1.));
#14252 = DIRECTION('',(1.,0.,-0.));
#14253 = PCURVE('',#8806,#14254);
#14254 = DEFINITIONAL_REPRESENTATION('',(#14255),#14259);
#14255 = LINE('',#14256,#14257);
#14256 = CARTESIAN_POINT('',(0.,4.8));
#14257 = VECTOR('',#14258,1.);
#14258 = DIRECTION('',(1.,0.));
#14259 = ( GEOMETRIC_REPRESENTATION_CONTEXT(2) 
PARAMETRIC_REPRESENTATION_CONTEXT() REPRESENTATION_CONTEXT('2D SPACE',''
  ) );
#14260 = PCURVE('',#14261,#14266);
#14261 = PLANE('',#14262);
#14262 = AXIS2_PLACEMENT_3D('',#14263,#14264,#14265);
#14263 = CARTESIAN_POINT('',(80.25,54.75,42.3));
#14264 = DIRECTION('',(0.,0.,1.));
#14265 = DIRECTION('',(1.,0.,0.));
#14266 = DEFINITIONAL_REPRESENTATION('',(#14267),#14271);
#14267 = CIRCLE('',#14268,4.75);
#14268 = AXIS2_PLACEMENT_2D('',#14269,#14270);
#14269 = CARTESIAN_POINT('',(4.75,0.25));
#14270 = DIRECTION('',(1.,0.));
#14271 = ( GEOMETRIC_REPRESENTATION_CONTEXT(2) 
PARAMETRIC_REPRESENTATION_CONTEXT() REPRESENTATION_CONTEXT('2D SPACE',''
  ) );
#14272 = ORIENTED_EDGE('',*,*,#14273,.F.);
#14273 = EDGE_CURVE('',#14274,#14245,#14276,.T.);
#14274 = VERTEX_POINT('',#14275);
#14275 = CARTESIAN_POINT('',(80.256583509747,54.75,38.5));
#14276 = SURFACE_CURVE('',#14277,(#14281,#14287),.PCURVE_S1.);
#14277 = LINE('',#14278,#14279);
#14278 = CARTESIAN_POINT('',(80.256583509747,54.75,37.5));
#14279 = VECTOR('',#14280,1.);
#14280 = DIRECTION('',(0.,0.,1.));
#14281 = PCURVE('',#8806,#14282);
#14282 = DEFINITIONAL_REPRESENTATION('',(#14283),#14286);
#14283 = B_SPLINE_CURVE_WITH_KNOTS('',1,(#14284,#14285),.UNSPECIFIED.,
  .F.,.F.,(2,2),(0.9999994,5.28),.PIECEWISE_BEZIER_KNOTS.);
#14284 = CARTESIAN_POINT('',(3.194248561851,0.9999994));
#14285 = CARTESIAN_POINT('',(3.194248561851,5.28));
#14286 = ( GEOMETRIC_REPRESENTATION_CONTEXT(2) 
PARAMETRIC_REPRESENTATION_CONTEXT() REPRESENTATION_CONTEXT('2D SPACE',''
  ) );
#14287 = PCURVE('',#14288,#14293);
#14288 = PLANE('',#14289);
#14289 = AXIS2_PLACEMENT_3D('',#14290,#14291,#14292);
#14290 = CARTESIAN_POINT('',(80.25,54.75,37.5));
#14291 = DIRECTION('',(0.,1.,0.));
#14292 = DIRECTION('',(0.,0.,1.));
#14293 = DEFINITIONAL_REPRESENTATION('',(#14294),#14297);
#14294 = B_SPLINE_CURVE_WITH_KNOTS('',1,(#14295,#14296),.UNSPECIFIED.,
  .F.,.F.,(2,2),(0.9999994,5.28),.PIECEWISE_BEZIER_KNOTS.);
#14295 = CARTESIAN_POINT('',(0.9999994,6.583509747429E-03));
#14296 = CARTESIAN_POINT('',(5.28,6.583509747429E-03));
#14297 = ( GEOMETRIC_REPRESENTATION_CONTEXT(2) 
PARAMETRIC_REPRESENTATION_CONTEXT() REPRESENTATION_CONTEXT('2D SPACE',''
  ) );
#14298 = ORIENTED_EDGE('',*,*,#14299,.F.);
#14299 = EDGE_CURVE('',#14300,#14274,#14302,.T.);
#14300 = VERTEX_POINT('',#14301);
#14301 = CARTESIAN_POINT('',(89.743416490253,54.75,38.5));
#14302 = SURFACE_CURVE('',#14303,(#14308,#14315),.PCURVE_S1.);
#14303 = CIRCLE('',#14304,4.75);
#14304 = AXIS2_PLACEMENT_3D('',#14305,#14306,#14307);
#14305 = CARTESIAN_POINT('',(85.,55.,38.5));
#14306 = DIRECTION('',(0.,0.,-1.));
#14307 = DIRECTION('',(0.526315789474,0.850289180074,0.));
#14308 = PCURVE('',#8806,#14309);
#14309 = DEFINITIONAL_REPRESENTATION('',(#14310),#14314);
#14310 = LINE('',#14311,#14312);
#14311 = CARTESIAN_POINT('',(7.299719799522,1.));
#14312 = VECTOR('',#14313,1.);
#14313 = DIRECTION('',(-1.,-0.));
#14314 = ( GEOMETRIC_REPRESENTATION_CONTEXT(2) 
PARAMETRIC_REPRESENTATION_CONTEXT() REPRESENTATION_CONTEXT('2D SPACE',''
  ) );
#14315 = PCURVE('',#14316,#14321);
#14316 = PLANE('',#14317);
#14317 = AXIS2_PLACEMENT_3D('',#14318,#14319,#14320);
#14318 = CARTESIAN_POINT('',(72.,35.,38.5));
#14319 = DIRECTION('',(0.,0.,1.));
#14320 = DIRECTION('',(1.,0.,0.));
#14321 = DEFINITIONAL_REPRESENTATION('',(#14322),#14330);
#14322 = ( BOUNDED_CURVE() B_SPLINE_CURVE(2,(#14323,#14324,#14325,#14326
    ,#14327,#14328,#14329),.UNSPECIFIED.,.T.,.F.) 
B_SPLINE_CURVE_WITH_KNOTS((1,2,2,2,2,1),(-2.094395102393,0.,
    2.094395102393,4.188790204786,6.28318530718,8.377580409573),
.UNSPECIFIED.) CURVE() GEOMETRIC_REPRESENTATION_ITEM() 
RATIONAL_B_SPLINE_CURVE((1.,0.5,1.,0.5,1.,0.5,1.)) REPRESENTATION_ITEM(
  '') );
#14323 = CARTESIAN_POINT('',(15.5,24.038873605351));
#14324 = CARTESIAN_POINT('',(22.495534289817,19.708746586429));
#14325 = CARTESIAN_POINT('',(15.247767144908,15.815499687863));
#14326 = CARTESIAN_POINT('',(8.,11.922252789298));
#14327 = CARTESIAN_POINT('',(8.252232855092,20.145626706786));
#14328 = CARTESIAN_POINT('',(8.504465710183,28.369000624273));
#14329 = CARTESIAN_POINT('',(15.5,24.038873605351));
#14330 = ( GEOMETRIC_REPRESENTATION_CONTEXT(2) 
PARAMETRIC_REPRESENTATION_CONTEXT() REPRESENTATION_CONTEXT('2D SPACE',''
  ) );
#14331 = ORIENTED_EDGE('',*,*,#14332,.T.);
#14332 = EDGE_CURVE('',#14300,#14333,#14335,.T.);
#14333 = VERTEX_POINT('',#14334);
#14334 = CARTESIAN_POINT('',(89.743416490253,54.75,42.3));
#14335 = SURFACE_CURVE('',#14336,(#14340,#14346),.PCURVE_S1.);
#14336 = LINE('',#14337,#14338);
#14337 = CARTESIAN_POINT('',(89.743416490253,54.75,37.5));
#14338 = VECTOR('',#14339,1.);
#14339 = DIRECTION('',(0.,0.,1.));
#14340 = PCURVE('',#8806,#14341);
#14341 = DEFINITIONAL_REPRESENTATION('',(#14342),#14345);
#14342 = B_SPLINE_CURVE_WITH_KNOTS('',1,(#14343,#14344),.UNSPECIFIED.,
  .F.,.F.,(2,2),(0.9999994,5.28),.PIECEWISE_BEZIER_KNOTS.);
#14343 = CARTESIAN_POINT('',(6.230529398918,0.9999994));
#14344 = CARTESIAN_POINT('',(6.230529398918,5.28));
#14345 = ( GEOMETRIC_REPRESENTATION_CONTEXT(2) 
PARAMETRIC_REPRESENTATION_CONTEXT() REPRESENTATION_CONTEXT('2D SPACE',''
  ) );
#14346 = PCURVE('',#14347,#14352);
#14347 = PLANE('',#14348);
#14348 = AXIS2_PLACEMENT_3D('',#14349,#14350,#14351);
#14349 = CARTESIAN_POINT('',(80.25,54.75,37.5));
#14350 = DIRECTION('',(0.,1.,0.));
#14351 = DIRECTION('',(0.,0.,1.));
#14352 = DEFINITIONAL_REPRESENTATION('',(#14353),#14356);
#14353 = B_SPLINE_CURVE_WITH_KNOTS('',1,(#14354,#14355),.UNSPECIFIED.,
  .F.,.F.,(2,2),(0.9999994,5.28),.PIECEWISE_BEZIER_KNOTS.);
#14354 = CARTESIAN_POINT('',(0.9999994,9.493416490253));
#14355 = CARTESIAN_POINT('',(5.28,9.493416490253));
#14356 = ( GEOMETRIC_REPRESENTATION_CONTEXT(2) 
PARAMETRIC_REPRESENTATION_CONTEXT() REPRESENTATION_CONTEXT('2D SPACE',''
  ) );
#14357 = ORIENTED_EDGE('',*,*,#14358,.T.);
#14358 = EDGE_CURVE('',#14333,#14359,#14361,.T.);
#14359 = VERTEX_POINT('',#14360);
#14360 = CARTESIAN_POINT('',(89.75,55.,42.3));
#14361 = SURFACE_CURVE('',#14362,(#14367,#14374),.PCURVE_S1.);
#14362 = CIRCLE('',#14363,4.75);
#14363 = AXIS2_PLACEMENT_3D('',#14364,#14365,#14366);
#14364 = CARTESIAN_POINT('',(85.,55.,42.3));
#14365 = DIRECTION('',(0.,0.,1.));
#14366 = DIRECTION('',(1.,0.,-0.));
#14367 = PCURVE('',#8806,#14368);
#14368 = DEFINITIONAL_REPRESENTATION('',(#14369),#14373);
#14369 = LINE('',#14370,#14371);
#14370 = CARTESIAN_POINT('',(0.,4.8));
#14371 = VECTOR('',#14372,1.);
#14372 = DIRECTION('',(1.,0.));
#14373 = ( GEOMETRIC_REPRESENTATION_CONTEXT(2) 
PARAMETRIC_REPRESENTATION_CONTEXT() REPRESENTATION_CONTEXT('2D SPACE',''
  ) );
#14374 = PCURVE('',#14375,#14380);
#14375 = PLANE('',#14376);
#14376 = AXIS2_PLACEMENT_3D('',#14377,#14378,#14379);
#14377 = CARTESIAN_POINT('',(80.25,54.75,42.3));
#14378 = DIRECTION('',(0.,0.,1.));
#14379 = DIRECTION('',(1.,0.,0.));
#14380 = DEFINITIONAL_REPRESENTATION('',(#14381),#14385);
#14381 = CIRCLE('',#14382,4.75);
#14382 = AXIS2_PLACEMENT_2D('',#14383,#14384);
#14383 = CARTESIAN_POINT('',(4.75,0.25));
#14384 = DIRECTION('',(1.,0.));
#14385 = ( GEOMETRIC_REPRESENTATION_CONTEXT(2) 
PARAMETRIC_REPRESENTATION_CONTEXT() REPRESENTATION_CONTEXT('2D SPACE',''
  ) );
#14386 = ORIENTED_EDGE('',*,*,#14387,.T.);
#14387 = EDGE_CURVE('',#14359,#14173,#14388,.T.);
#14388 = SURFACE_CURVE('',#14389,(#14394,#14401),.PCURVE_S1.);
#14389 = CIRCLE('',#14390,4.75);
#14390 = AXIS2_PLACEMENT_3D('',#14391,#14392,#14393);
#14391 = CARTESIAN_POINT('',(85.,55.,42.3));
#14392 = DIRECTION('',(0.,0.,1.));
#14393 = DIRECTION('',(1.,0.,-0.));
#14394 = PCURVE('',#8806,#14395);
#14395 = DEFINITIONAL_REPRESENTATION('',(#14396),#14400);
#14396 = LINE('',#14397,#14398);
#14397 = CARTESIAN_POINT('',(0.,4.8));
#14398 = VECTOR('',#14399,1.);
#14399 = DIRECTION('',(1.,0.));
#14400 = ( GEOMETRIC_REPRESENTATION_CONTEXT(2) 
PARAMETRIC_REPRESENTATION_CONTEXT() REPRESENTATION_CONTEXT('2D SPACE',''
  ) );
#14401 = PCURVE('',#14402,#14407);
#14402 = PLANE('',#14403);
#14403 = AXIS2_PLACEMENT_3D('',#14404,#14405,#14406);
#14404 = CARTESIAN_POINT('',(80.25,54.75,42.3));
#14405 = DIRECTION('',(0.,0.,1.));
#14406 = DIRECTION('',(1.,0.,0.));
#14407 = DEFINITIONAL_REPRESENTATION('',(#14408),#14412);
#14408 = CIRCLE('',#14409,4.75);
#14409 = AXIS2_PLACEMENT_2D('',#14410,#14411);
#14410 = CARTESIAN_POINT('',(4.75,0.25));
#14411 = DIRECTION('',(1.,0.));
#14412 = ( GEOMETRIC_REPRESENTATION_CONTEXT(2) 
PARAMETRIC_REPRESENTATION_CONTEXT() REPRESENTATION_CONTEXT('2D SPACE',''
  ) );
#14413 = ADVANCED_FACE('',(#14414),#8884,.F.);
#14414 = FACE_BOUND('',#14415,.F.);
#14415 = EDGE_LOOP('',(#14416,#14437,#14458,#14459));
#14416 = ORIENTED_EDGE('',*,*,#14417,.F.);
#14417 = EDGE_CURVE('',#14418,#14173,#14420,.T.);
#14418 = VERTEX_POINT('',#14419);
#14419 = CARTESIAN_POINT('',(87.5,69.25,42.3));
#14420 = SURFACE_CURVE('',#14421,(#14425,#14431),.PCURVE_S1.);
#14421 = LINE('',#14422,#14423);
#14422 = CARTESIAN_POINT('',(87.5,54.75,42.3));
#14423 = VECTOR('',#14424,1.);
#14424 = DIRECTION('',(0.,-1.,0.));
#14425 = PCURVE('',#8884,#14426);
#14426 = DEFINITIONAL_REPRESENTATION('',(#14427),#14430);
#14427 = B_SPLINE_CURVE_WITH_KNOTS('',1,(#14428,#14429),.UNSPECIFIED.,
  .F.,.F.,(2,2),(-14.5,-4.288873605351),.PIECEWISE_BEZIER_KNOTS.);
#14428 = CARTESIAN_POINT('',(4.8,-14.5));
#14429 = CARTESIAN_POINT('',(4.8,-4.288873605351));
#14430 = ( GEOMETRIC_REPRESENTATION_CONTEXT(2) 
PARAMETRIC_REPRESENTATION_CONTEXT() REPRESENTATION_CONTEXT('2D SPACE',''
  ) );
#14431 = PCURVE('',#14402,#14432);
#14432 = DEFINITIONAL_REPRESENTATION('',(#14433),#14436);
#14433 = B_SPLINE_CURVE_WITH_KNOTS('',1,(#14434,#14435),.UNSPECIFIED.,
  .F.,.F.,(2,2),(-14.5,-4.288873605351),.PIECEWISE_BEZIER_KNOTS.);
#14434 = CARTESIAN_POINT('',(7.25,14.5));
#14435 = CARTESIAN_POINT('',(7.25,4.288873605351));
#14436 = ( GEOMETRIC_REPRESENTATION_CONTEXT(2) 
PARAMETRIC_REPRESENTATION_CONTEXT() REPRESENTATION_CONTEXT('2D SPACE',''
  ) );
#14437 = ORIENTED_EDGE('',*,*,#14438,.T.);
#14438 = EDGE_CURVE('',#14418,#8845,#14439,.T.);
#14439 = SURFACE_CURVE('',#14440,(#14444,#14451),.PCURVE_S1.);
#14440 = LINE('',#14441,#14442);
#14441 = CARTESIAN_POINT('',(87.5,69.25,37.5));
#14442 = VECTOR('',#14443,1.);
#14443 = DIRECTION('',(0.,0.,1.));
#14444 = PCURVE('',#8884,#14445);
#14445 = DEFINITIONAL_REPRESENTATION('',(#14446),#14450);
#14446 = LINE('',#14447,#14448);
#14447 = CARTESIAN_POINT('',(0.,-14.5));
#14448 = VECTOR('',#14449,1.);
#14449 = DIRECTION('',(1.,0.));
#14450 = ( GEOMETRIC_REPRESENTATION_CONTEXT(2) 
PARAMETRIC_REPRESENTATION_CONTEXT() REPRESENTATION_CONTEXT('2D SPACE',''
  ) );
#14451 = PCURVE('',#8859,#14452);
#14452 = DEFINITIONAL_REPRESENTATION('',(#14453),#14457);
#14453 = LINE('',#14454,#14455);
#14454 = CARTESIAN_POINT('',(0.,5.));
#14455 = VECTOR('',#14456,1.);
#14456 = DIRECTION('',(1.,0.));
#14457 = ( GEOMETRIC_REPRESENTATION_CONTEXT(2) 
PARAMETRIC_REPRESENTATION_CONTEXT() REPRESENTATION_CONTEXT('2D SPACE',''
  ) );
#14458 = ORIENTED_EDGE('',*,*,#8871,.F.);
#14459 = ORIENTED_EDGE('',*,*,#14172,.F.);
#14460 = ADVANCED_FACE('',(#14461),#8833,.T.);
#14461 = FACE_BOUND('',#14462,.T.);
#14462 = EDGE_LOOP('',(#14463,#14484,#14505,#14506));
#14463 = ORIENTED_EDGE('',*,*,#14464,.F.);
#14464 = EDGE_CURVE('',#14465,#14195,#14467,.T.);
#14465 = VERTEX_POINT('',#14466);
#14466 = CARTESIAN_POINT('',(82.5,69.25,42.3));
#14467 = SURFACE_CURVE('',#14468,(#14472,#14478),.PCURVE_S1.);
#14468 = LINE('',#14469,#14470);
#14469 = CARTESIAN_POINT('',(82.5,54.75,42.3));
#14470 = VECTOR('',#14471,1.);
#14471 = DIRECTION('',(0.,-1.,0.));
#14472 = PCURVE('',#8833,#14473);
#14473 = DEFINITIONAL_REPRESENTATION('',(#14474),#14477);
#14474 = B_SPLINE_CURVE_WITH_KNOTS('',1,(#14475,#14476),.UNSPECIFIED.,
  .F.,.F.,(2,2),(-14.5,-4.288873605351),.PIECEWISE_BEZIER_KNOTS.);
#14475 = CARTESIAN_POINT('',(4.8,-14.5));
#14476 = CARTESIAN_POINT('',(4.8,-4.288873605351));
#14477 = ( GEOMETRIC_REPRESENTATION_CONTEXT(2) 
PARAMETRIC_REPRESENTATION_CONTEXT() REPRESENTATION_CONTEXT('2D SPACE',''
  ) );
#14478 = PCURVE('',#14232,#14479);
#14479 = DEFINITIONAL_REPRESENTATION('',(#14480),#14483);
#14480 = B_SPLINE_CURVE_WITH_KNOTS('',1,(#14481,#14482),.UNSPECIFIED.,
  .F.,.F.,(2,2),(-14.5,-4.288873605351),.PIECEWISE_BEZIER_KNOTS.);
#14481 = CARTESIAN_POINT('',(2.25,14.5));
#14482 = CARTESIAN_POINT('',(2.25,4.288873605351));
#14483 = ( GEOMETRIC_REPRESENTATION_CONTEXT(2) 
PARAMETRIC_REPRESENTATION_CONTEXT() REPRESENTATION_CONTEXT('2D SPACE',''
  ) );
#14484 = ORIENTED_EDGE('',*,*,#14485,.T.);
#14485 = EDGE_CURVE('',#14465,#8819,#14486,.T.);
#14486 = SURFACE_CURVE('',#14487,(#14491,#14498),.PCURVE_S1.);
#14487 = LINE('',#14488,#14489);
#14488 = CARTESIAN_POINT('',(82.5,69.25,37.5));
#14489 = VECTOR('',#14490,1.);
#14490 = DIRECTION('',(0.,0.,1.));
#14491 = PCURVE('',#8833,#14492);
#14492 = DEFINITIONAL_REPRESENTATION('',(#14493),#14497);
#14493 = LINE('',#14494,#14495);
#14494 = CARTESIAN_POINT('',(0.,-14.5));
#14495 = VECTOR('',#14496,1.);
#14496 = DIRECTION('',(1.,0.));
#14497 = ( GEOMETRIC_REPRESENTATION_CONTEXT(2) 
PARAMETRIC_REPRESENTATION_CONTEXT() REPRESENTATION_CONTEXT('2D SPACE',''
  ) );
#14498 = PCURVE('',#8859,#14499);
#14499 = DEFINITIONAL_REPRESENTATION('',(#14500),#14504);
#14500 = LINE('',#14501,#14502);
#14501 = CARTESIAN_POINT('',(0.,0.));
#14502 = VECTOR('',#14503,1.);
#14503 = DIRECTION('',(1.,0.));
#14504 = ( GEOMETRIC_REPRESENTATION_CONTEXT(2) 
PARAMETRIC_REPRESENTATION_CONTEXT() REPRESENTATION_CONTEXT('2D SPACE',''
  ) );
#14505 = ORIENTED_EDGE('',*,*,#8818,.F.);
#14506 = ORIENTED_EDGE('',*,*,#14194,.F.);
#14507 = ADVANCED_FACE('',(#14508),#8859,.F.);
#14508 = FACE_BOUND('',#14509,.F.);
#14509 = EDGE_LOOP('',(#14510,#14511,#14534,#14562,#14585,#14613,#14634,
    #14635));
#14510 = ORIENTED_EDGE('',*,*,#14438,.F.);
#14511 = ORIENTED_EDGE('',*,*,#14512,.T.);
#14512 = EDGE_CURVE('',#14418,#14513,#14515,.T.);
#14513 = VERTEX_POINT('',#14514);
#14514 = CARTESIAN_POINT('',(89.75,69.25,42.3));
#14515 = SURFACE_CURVE('',#14516,(#14520,#14527),.PCURVE_S1.);
#14516 = LINE('',#14517,#14518);
#14517 = CARTESIAN_POINT('',(80.25,69.25,42.3));
#14518 = VECTOR('',#14519,1.);
#14519 = DIRECTION('',(1.,0.,0.));
#14520 = PCURVE('',#8859,#14521);
#14521 = DEFINITIONAL_REPRESENTATION('',(#14522),#14526);
#14522 = LINE('',#14523,#14524);
#14523 = CARTESIAN_POINT('',(4.8,-2.25));
#14524 = VECTOR('',#14525,1.);
#14525 = DIRECTION('',(0.,1.));
#14526 = ( GEOMETRIC_REPRESENTATION_CONTEXT(2) 
PARAMETRIC_REPRESENTATION_CONTEXT() REPRESENTATION_CONTEXT('2D SPACE',''
  ) );
#14527 = PCURVE('',#14402,#14528);
#14528 = DEFINITIONAL_REPRESENTATION('',(#14529),#14533);
#14529 = LINE('',#14530,#14531);
#14530 = CARTESIAN_POINT('',(0.,14.5));
#14531 = VECTOR('',#14532,1.);
#14532 = DIRECTION('',(1.,0.));
#14533 = ( GEOMETRIC_REPRESENTATION_CONTEXT(2) 
PARAMETRIC_REPRESENTATION_CONTEXT() REPRESENTATION_CONTEXT('2D SPACE',''
  ) );
#14534 = ORIENTED_EDGE('',*,*,#14535,.F.);
#14535 = EDGE_CURVE('',#14536,#14513,#14538,.T.);
#14536 = VERTEX_POINT('',#14537);
#14537 = CARTESIAN_POINT('',(89.75,69.25,38.5));
#14538 = SURFACE_CURVE('',#14539,(#14543,#14550),.PCURVE_S1.);
#14539 = LINE('',#14540,#14541);
#14540 = CARTESIAN_POINT('',(89.75,69.25,37.5));
#14541 = VECTOR('',#14542,1.);
#14542 = DIRECTION('',(0.,0.,1.));
#14543 = PCURVE('',#8859,#14544);
#14544 = DEFINITIONAL_REPRESENTATION('',(#14545),#14549);
#14545 = LINE('',#14546,#14547);
#14546 = CARTESIAN_POINT('',(0.,7.25));
#14547 = VECTOR('',#14548,1.);
#14548 = DIRECTION('',(1.,0.));
#14549 = ( GEOMETRIC_REPRESENTATION_CONTEXT(2) 
PARAMETRIC_REPRESENTATION_CONTEXT() REPRESENTATION_CONTEXT('2D SPACE',''
  ) );
#14550 = PCURVE('',#14551,#14556);
#14551 = PLANE('',#14552);
#14552 = AXIS2_PLACEMENT_3D('',#14553,#14554,#14555);
#14553 = CARTESIAN_POINT('',(89.75,54.75,37.5));
#14554 = DIRECTION('',(1.,0.,0.));
#14555 = DIRECTION('',(0.,0.,1.));
#14556 = DEFINITIONAL_REPRESENTATION('',(#14557),#14561);
#14557 = LINE('',#14558,#14559);
#14558 = CARTESIAN_POINT('',(0.,-14.5));
#14559 = VECTOR('',#14560,1.);
#14560 = DIRECTION('',(1.,0.));
#14561 = ( GEOMETRIC_REPRESENTATION_CONTEXT(2) 
PARAMETRIC_REPRESENTATION_CONTEXT() REPRESENTATION_CONTEXT('2D SPACE',''
  ) );
#14562 = ORIENTED_EDGE('',*,*,#14563,.F.);
#14563 = EDGE_CURVE('',#14564,#14536,#14566,.T.);
#14564 = VERTEX_POINT('',#14565);
#14565 = CARTESIAN_POINT('',(80.25,69.25,38.5));
#14566 = SURFACE_CURVE('',#14567,(#14571,#14578),.PCURVE_S1.);
#14567 = LINE('',#14568,#14569);
#14568 = CARTESIAN_POINT('',(80.25,69.25,38.5));
#14569 = VECTOR('',#14570,1.);
#14570 = DIRECTION('',(1.,0.,0.));
#14571 = PCURVE('',#8859,#14572);
#14572 = DEFINITIONAL_REPRESENTATION('',(#14573),#14577);
#14573 = LINE('',#14574,#14575);
#14574 = CARTESIAN_POINT('',(1.,-2.25));
#14575 = VECTOR('',#14576,1.);
#14576 = DIRECTION('',(0.,1.));
#14577 = ( GEOMETRIC_REPRESENTATION_CONTEXT(2) 
PARAMETRIC_REPRESENTATION_CONTEXT() REPRESENTATION_CONTEXT('2D SPACE',''
  ) );
#14578 = PCURVE('',#14316,#14579);
#14579 = DEFINITIONAL_REPRESENTATION('',(#14580),#14584);
#14580 = LINE('',#14581,#14582);
#14581 = CARTESIAN_POINT('',(8.25,34.25));
#14582 = VECTOR('',#14583,1.);
#14583 = DIRECTION('',(1.,0.));
#14584 = ( GEOMETRIC_REPRESENTATION_CONTEXT(2) 
PARAMETRIC_REPRESENTATION_CONTEXT() REPRESENTATION_CONTEXT('2D SPACE',''
  ) );
#14585 = ORIENTED_EDGE('',*,*,#14586,.T.);
#14586 = EDGE_CURVE('',#14564,#14587,#14589,.T.);
#14587 = VERTEX_POINT('',#14588);
#14588 = CARTESIAN_POINT('',(80.25,69.25,42.3));
#14589 = SURFACE_CURVE('',#14590,(#14594,#14601),.PCURVE_S1.);
#14590 = LINE('',#14591,#14592);
#14591 = CARTESIAN_POINT('',(80.25,69.25,37.5));
#14592 = VECTOR('',#14593,1.);
#14593 = DIRECTION('',(0.,0.,1.));
#14594 = PCURVE('',#8859,#14595);
#14595 = DEFINITIONAL_REPRESENTATION('',(#14596),#14600);
#14596 = LINE('',#14597,#14598);
#14597 = CARTESIAN_POINT('',(0.,-2.25));
#14598 = VECTOR('',#14599,1.);
#14599 = DIRECTION('',(1.,0.));
#14600 = ( GEOMETRIC_REPRESENTATION_CONTEXT(2) 
PARAMETRIC_REPRESENTATION_CONTEXT() REPRESENTATION_CONTEXT('2D SPACE',''
  ) );
#14601 = PCURVE('',#14602,#14607);
#14602 = PLANE('',#14603);
#14603 = AXIS2_PLACEMENT_3D('',#14604,#14605,#14606);
#14604 = CARTESIAN_POINT('',(80.25,54.75,37.5));
#14605 = DIRECTION('',(1.,0.,0.));
#14606 = DIRECTION('',(0.,0.,1.));
#14607 = DEFINITIONAL_REPRESENTATION('',(#14608),#14612);
#14608 = LINE('',#14609,#14610);
#14609 = CARTESIAN_POINT('',(0.,-14.5));
#14610 = VECTOR('',#14611,1.);
#14611 = DIRECTION('',(1.,0.));
#14612 = ( GEOMETRIC_REPRESENTATION_CONTEXT(2) 
PARAMETRIC_REPRESENTATION_CONTEXT() REPRESENTATION_CONTEXT('2D SPACE',''
  ) );
#14613 = ORIENTED_EDGE('',*,*,#14614,.T.);
#14614 = EDGE_CURVE('',#14587,#14465,#14615,.T.);
#14615 = SURFACE_CURVE('',#14616,(#14620,#14627),.PCURVE_S1.);
#14616 = LINE('',#14617,#14618);
#14617 = CARTESIAN_POINT('',(80.25,69.25,42.3));
#14618 = VECTOR('',#14619,1.);
#14619 = DIRECTION('',(1.,0.,0.));
#14620 = PCURVE('',#8859,#14621);
#14621 = DEFINITIONAL_REPRESENTATION('',(#14622),#14626);
#14622 = LINE('',#14623,#14624);
#14623 = CARTESIAN_POINT('',(4.8,-2.25));
#14624 = VECTOR('',#14625,1.);
#14625 = DIRECTION('',(0.,1.));
#14626 = ( GEOMETRIC_REPRESENTATION_CONTEXT(2) 
PARAMETRIC_REPRESENTATION_CONTEXT() REPRESENTATION_CONTEXT('2D SPACE',''
  ) );
#14627 = PCURVE('',#14232,#14628);
#14628 = DEFINITIONAL_REPRESENTATION('',(#14629),#14633);
#14629 = LINE('',#14630,#14631);
#14630 = CARTESIAN_POINT('',(0.,14.5));
#14631 = VECTOR('',#14632,1.);
#14632 = DIRECTION('',(1.,0.));
#14633 = ( GEOMETRIC_REPRESENTATION_CONTEXT(2) 
PARAMETRIC_REPRESENTATION_CONTEXT() REPRESENTATION_CONTEXT('2D SPACE',''
  ) );
#14634 = ORIENTED_EDGE('',*,*,#14485,.T.);
#14635 = ORIENTED_EDGE('',*,*,#8844,.F.);
#14636 = ADVANCED_FACE('',(#14637),#8914,.F.);
#14637 = FACE_BOUND('',#14638,.F.);
#14638 = EDGE_LOOP('',(#14639,#14640,#14663,#14685));
#14639 = ORIENTED_EDGE('',*,*,#8897,.F.);
#14640 = ORIENTED_EDGE('',*,*,#14641,.F.);
#14641 = EDGE_CURVE('',#14642,#8898,#14644,.T.);
#14642 = VERTEX_POINT('',#14643);
#14643 = CARTESIAN_POINT('',(86.7,111.5,43.1));
#14644 = SEAM_CURVE('',#14645,(#14649,#14656),.PCURVE_S1.);
#14645 = LINE('',#14646,#14647);
#14646 = CARTESIAN_POINT('',(86.7,111.5,43.1));
#14647 = VECTOR('',#14648,1.);
#14648 = DIRECTION('',(0.707106781187,-1.731912112471E-16,0.707106781187
    ));
#14649 = PCURVE('',#8914,#14650);
#14650 = DEFINITIONAL_REPRESENTATION('',(#14651),#14655);
#14651 = LINE('',#14652,#14653);
#14652 = CARTESIAN_POINT('',(6.28318530718,-0.));
#14653 = VECTOR('',#14654,1.);
#14654 = DIRECTION('',(0.,1.));
#14655 = ( GEOMETRIC_REPRESENTATION_CONTEXT(2) 
PARAMETRIC_REPRESENTATION_CONTEXT() REPRESENTATION_CONTEXT('2D SPACE',''
  ) );
#14656 = PCURVE('',#8914,#14657);
#14657 = DEFINITIONAL_REPRESENTATION('',(#14658),#14662);
#14658 = LINE('',#14659,#14660);
#14659 = CARTESIAN_POINT('',(0.,-0.));
#14660 = VECTOR('',#14661,1.);
#14661 = DIRECTION('',(0.,1.));
#14662 = ( GEOMETRIC_REPRESENTATION_CONTEXT(2) 
PARAMETRIC_REPRESENTATION_CONTEXT() REPRESENTATION_CONTEXT('2D SPACE',''
  ) );
#14663 = ORIENTED_EDGE('',*,*,#14664,.T.);
#14664 = EDGE_CURVE('',#14642,#14642,#14665,.T.);
#14665 = SURFACE_CURVE('',#14666,(#14671,#14678),.PCURVE_S1.);
#14666 = CIRCLE('',#14667,1.7);
#14667 = AXIS2_PLACEMENT_3D('',#14668,#14669,#14670);
#14668 = CARTESIAN_POINT('',(85.,111.5,43.1));
#14669 = DIRECTION('',(0.,0.,1.));
#14670 = DIRECTION('',(1.,0.,-0.));
#14671 = PCURVE('',#8914,#14672);
#14672 = DEFINITIONAL_REPRESENTATION('',(#14673),#14677);
#14673 = LINE('',#14674,#14675);
#14674 = CARTESIAN_POINT('',(0.,0.));
#14675 = VECTOR('',#14676,1.);
#14676 = DIRECTION('',(1.,0.));
#14677 = ( GEOMETRIC_REPRESENTATION_CONTEXT(2) 
PARAMETRIC_REPRESENTATION_CONTEXT() REPRESENTATION_CONTEXT('2D SPACE',''
  ) );
#14678 = PCURVE('',#11134,#14679);
#14679 = DEFINITIONAL_REPRESENTATION('',(#14680),#14684);
#14680 = LINE('',#14681,#14682);
#14681 = CARTESIAN_POINT('',(0.,2.));
#14682 = VECTOR('',#14683,1.);
#14683 = DIRECTION('',(1.,0.));
#14684 = ( GEOMETRIC_REPRESENTATION_CONTEXT(2) 
PARAMETRIC_REPRESENTATION_CONTEXT() REPRESENTATION_CONTEXT('2D SPACE',''
  ) );
#14685 = ORIENTED_EDGE('',*,*,#14641,.T.);
#14686 = ADVANCED_FACE('',(#14687),#9107,.T.);
#14687 = FACE_BOUND('',#14688,.T.);
#14688 = EDGE_LOOP('',(#14689,#14690,#14713,#14740));
#14689 = ORIENTED_EDGE('',*,*,#9090,.F.);
#14690 = ORIENTED_EDGE('',*,*,#14691,.F.);
#14691 = EDGE_CURVE('',#14692,#9091,#14694,.T.);
#14692 = VERTEX_POINT('',#14693);
#14693 = CARTESIAN_POINT('',(-137.,-97.,9.2));
#14694 = SEAM_CURVE('',#14695,(#14699,#14706),.PCURVE_S1.);
#14695 = LINE('',#14696,#14697);
#14696 = CARTESIAN_POINT('',(-137.,-97.,9.2));
#14697 = VECTOR('',#14698,1.);
#14698 = DIRECTION('',(0.,0.,1.));
#14699 = PCURVE('',#9107,#14700);
#14700 = DEFINITIONAL_REPRESENTATION('',(#14701),#14705);
#14701 = LINE('',#14702,#14703);
#14702 = CARTESIAN_POINT('',(6.28318530718,-0.));
#14703 = VECTOR('',#14704,1.);
#14704 = DIRECTION('',(0.,1.));
#14705 = ( GEOMETRIC_REPRESENTATION_CONTEXT(2) 
PARAMETRIC_REPRESENTATION_CONTEXT() REPRESENTATION_CONTEXT('2D SPACE',''
  ) );
#14706 = PCURVE('',#9107,#14707);
#14707 = DEFINITIONAL_REPRESENTATION('',(#14708),#14712);
#14708 = LINE('',#14709,#14710);
#14709 = CARTESIAN_POINT('',(0.,-0.));
#14710 = VECTOR('',#14711,1.);
#14711 = DIRECTION('',(0.,1.));
#14712 = ( GEOMETRIC_REPRESENTATION_CONTEXT(2) 
PARAMETRIC_REPRESENTATION_CONTEXT() REPRESENTATION_CONTEXT('2D SPACE',''
  ) );
#14713 = ORIENTED_EDGE('',*,*,#14714,.T.);
#14714 = EDGE_CURVE('',#14692,#14692,#14715,.T.);
#14715 = SURFACE_CURVE('',#14716,(#14721,#14728),.PCURVE_S1.);
#14716 = CIRCLE('',#14717,4.);
#14717 = AXIS2_PLACEMENT_3D('',#14718,#14719,#14720);
#14718 = CARTESIAN_POINT('',(-141.,-97.,9.2));
#14719 = DIRECTION('',(0.,0.,1.));
#14720 = DIRECTION('',(1.,0.,-0.));
#14721 = PCURVE('',#9107,#14722);
#14722 = DEFINITIONAL_REPRESENTATION('',(#14723),#14727);
#14723 = LINE('',#14724,#14725);
#14724 = CARTESIAN_POINT('',(0.,0.));
#14725 = VECTOR('',#14726,1.);
#14726 = DIRECTION('',(1.,0.));
#14727 = ( GEOMETRIC_REPRESENTATION_CONTEXT(2) 
PARAMETRIC_REPRESENTATION_CONTEXT() REPRESENTATION_CONTEXT('2D SPACE',''
  ) );
#14728 = PCURVE('',#14729,#14734);
#14729 = PLANE('',#14730);
#14730 = AXIS2_PLACEMENT_3D('',#14731,#14732,#14733);
#14731 = CARTESIAN_POINT('',(-141.,-97.,9.2));
#14732 = DIRECTION('',(0.,0.,1.));
#14733 = DIRECTION('',(1.,0.,-0.));
#14734 = DEFINITIONAL_REPRESENTATION('',(#14735),#14739);
#14735 = CIRCLE('',#14736,4.);
#14736 = AXIS2_PLACEMENT_2D('',#14737,#14738);
#14737 = CARTESIAN_POINT('',(0.,0.));
#14738 = DIRECTION('',(1.,0.));
#14739 = ( GEOMETRIC_REPRESENTATION_CONTEXT(2) 
PARAMETRIC_REPRESENTATION_CONTEXT() REPRESENTATION_CONTEXT('2D SPACE',''
  ) );
#14740 = ORIENTED_EDGE('',*,*,#14691,.T.);
#14741 = ADVANCED_FACE('',(#14742),#9138,.F.);
#14742 = FACE_BOUND('',#14743,.F.);
#14743 = EDGE_LOOP('',(#14744,#14745,#14766,#14767));
#14744 = ORIENTED_EDGE('',*,*,#11317,.F.);
#14745 = ORIENTED_EDGE('',*,*,#14746,.F.);
#14746 = EDGE_CURVE('',#9122,#11295,#14747,.T.);
#14747 = SEAM_CURVE('',#14748,(#14752,#14759),.PCURVE_S1.);
#14748 = LINE('',#14749,#14750);
#14749 = CARTESIAN_POINT('',(-83.3,-111.5,41.1));
#14750 = VECTOR('',#14751,1.);
#14751 = DIRECTION('',(0.,0.,1.));
#14752 = PCURVE('',#9138,#14753);
#14753 = DEFINITIONAL_REPRESENTATION('',(#14754),#14758);
#14754 = LINE('',#14755,#14756);
#14755 = CARTESIAN_POINT('',(6.28318530718,-0.));
#14756 = VECTOR('',#14757,1.);
#14757 = DIRECTION('',(0.,1.));
#14758 = ( GEOMETRIC_REPRESENTATION_CONTEXT(2) 
PARAMETRIC_REPRESENTATION_CONTEXT() REPRESENTATION_CONTEXT('2D SPACE',''
  ) );
#14759 = PCURVE('',#9138,#14760);
#14760 = DEFINITIONAL_REPRESENTATION('',(#14761),#14765);
#14761 = LINE('',#14762,#14763);
#14762 = CARTESIAN_POINT('',(0.,-0.));
#14763 = VECTOR('',#14764,1.);
#14764 = DIRECTION('',(0.,1.));
#14765 = ( GEOMETRIC_REPRESENTATION_CONTEXT(2) 
PARAMETRIC_REPRESENTATION_CONTEXT() REPRESENTATION_CONTEXT('2D SPACE',''
  ) );
#14766 = ORIENTED_EDGE('',*,*,#9121,.T.);
#14767 = ORIENTED_EDGE('',*,*,#14746,.T.);
#14768 = ADVANCED_FACE('',(#14769),#9169,.F.);
#14769 = FACE_BOUND('',#14770,.F.);
#14770 = EDGE_LOOP('',(#14771,#14772,#14793,#14794));
#14771 = ORIENTED_EDGE('',*,*,#11367,.F.);
#14772 = ORIENTED_EDGE('',*,*,#14773,.F.);
#14773 = EDGE_CURVE('',#9153,#11345,#14774,.T.);
#14774 = SEAM_CURVE('',#14775,(#14779,#14786),.PCURVE_S1.);
#14775 = LINE('',#14776,#14777);
#14776 = CARTESIAN_POINT('',(-43.3,-111.5,41.1));
#14777 = VECTOR('',#14778,1.);
#14778 = DIRECTION('',(0.,0.,1.));
#14779 = PCURVE('',#9169,#14780);
#14780 = DEFINITIONAL_REPRESENTATION('',(#14781),#14785);
#14781 = LINE('',#14782,#14783);
#14782 = CARTESIAN_POINT('',(6.28318530718,-0.));
#14783 = VECTOR('',#14784,1.);
#14784 = DIRECTION('',(0.,1.));
#14785 = ( GEOMETRIC_REPRESENTATION_CONTEXT(2) 
PARAMETRIC_REPRESENTATION_CONTEXT() REPRESENTATION_CONTEXT('2D SPACE',''
  ) );
#14786 = PCURVE('',#9169,#14787);
#14787 = DEFINITIONAL_REPRESENTATION('',(#14788),#14792);
#14788 = LINE('',#14789,#14790);
#14789 = CARTESIAN_POINT('',(0.,-0.));
#14790 = VECTOR('',#14791,1.);
#14791 = DIRECTION('',(0.,1.));
#14792 = ( GEOMETRIC_REPRESENTATION_CONTEXT(2) 
PARAMETRIC_REPRESENTATION_CONTEXT() REPRESENTATION_CONTEXT('2D SPACE',''
  ) );
#14793 = ORIENTED_EDGE('',*,*,#9152,.T.);
#14794 = ORIENTED_EDGE('',*,*,#14773,.T.);
#14795 = ADVANCED_FACE('',(#14796),#9200,.F.);
#14796 = FACE_BOUND('',#14797,.F.);
#14797 = EDGE_LOOP('',(#14798,#14821,#14844,#14865));
#14798 = ORIENTED_EDGE('',*,*,#14799,.F.);
#14799 = EDGE_CURVE('',#14800,#9184,#14802,.T.);
#14800 = VERTEX_POINT('',#14801);
#14801 = CARTESIAN_POINT('',(-75.,-98.,38.5));
#14802 = SURFACE_CURVE('',#14803,(#14807,#14814),.PCURVE_S1.);
#14803 = LINE('',#14804,#14805);
#14804 = CARTESIAN_POINT('',(-75.,-98.,38.5));
#14805 = VECTOR('',#14806,1.);
#14806 = DIRECTION('',(0.,0.,1.));
#14807 = PCURVE('',#9200,#14808);
#14808 = DEFINITIONAL_REPRESENTATION('',(#14809),#14813);
#14809 = LINE('',#14810,#14811);
#14810 = CARTESIAN_POINT('',(0.,26.));
#14811 = VECTOR('',#14812,1.);
#14812 = DIRECTION('',(1.,0.));
#14813 = ( GEOMETRIC_REPRESENTATION_CONTEXT(2) 
PARAMETRIC_REPRESENTATION_CONTEXT() REPRESENTATION_CONTEXT('2D SPACE',''
  ) );
#14814 = PCURVE('',#9276,#14815);
#14815 = DEFINITIONAL_REPRESENTATION('',(#14816),#14820);
#14816 = LINE('',#14817,#14818);
#14817 = CARTESIAN_POINT('',(0.,0.));
#14818 = VECTOR('',#14819,1.);
#14819 = DIRECTION('',(1.,0.));
#14820 = ( GEOMETRIC_REPRESENTATION_CONTEXT(2) 
PARAMETRIC_REPRESENTATION_CONTEXT() REPRESENTATION_CONTEXT('2D SPACE',''
  ) );
#14821 = ORIENTED_EDGE('',*,*,#14822,.F.);
#14822 = EDGE_CURVE('',#14823,#14800,#14825,.T.);
#14823 = VERTEX_POINT('',#14824);
#14824 = CARTESIAN_POINT('',(-75.,-72.,38.5));
#14825 = SURFACE_CURVE('',#14826,(#14830,#14837),.PCURVE_S1.);
#14826 = LINE('',#14827,#14828);
#14827 = CARTESIAN_POINT('',(-75.,-72.,38.5));
#14828 = VECTOR('',#14829,1.);
#14829 = DIRECTION('',(2.22044604925E-16,-1.,0.));
#14830 = PCURVE('',#9200,#14831);
#14831 = DEFINITIONAL_REPRESENTATION('',(#14832),#14836);
#14832 = LINE('',#14833,#14834);
#14833 = CARTESIAN_POINT('',(0.,0.));
#14834 = VECTOR('',#14835,1.);
#14835 = DIRECTION('',(0.,1.));
#14836 = ( GEOMETRIC_REPRESENTATION_CONTEXT(2) 
PARAMETRIC_REPRESENTATION_CONTEXT() REPRESENTATION_CONTEXT('2D SPACE',''
  ) );
#14837 = PCURVE('',#11537,#14838);
#14838 = DEFINITIONAL_REPRESENTATION('',(#14839),#14843);
#14839 = LINE('',#14840,#14841);
#14840 = CARTESIAN_POINT('',(0.,0.));
#14841 = VECTOR('',#14842,1.);
#14842 = DIRECTION('',(1.,0.));
#14843 = ( GEOMETRIC_REPRESENTATION_CONTEXT(2) 
PARAMETRIC_REPRESENTATION_CONTEXT() REPRESENTATION_CONTEXT('2D SPACE',''
  ) );
#14844 = ORIENTED_EDGE('',*,*,#14845,.T.);
#14845 = EDGE_CURVE('',#14823,#9186,#14846,.T.);
#14846 = SURFACE_CURVE('',#14847,(#14851,#14858),.PCURVE_S1.);
#14847 = LINE('',#14848,#14849);
#14848 = CARTESIAN_POINT('',(-75.,-72.,38.5));
#14849 = VECTOR('',#14850,1.);
#14850 = DIRECTION('',(0.,0.,1.));
#14851 = PCURVE('',#9200,#14852);
#14852 = DEFINITIONAL_REPRESENTATION('',(#14853),#14857);
#14853 = LINE('',#14854,#14855);
#14854 = CARTESIAN_POINT('',(0.,0.));
#14855 = VECTOR('',#14856,1.);
#14856 = DIRECTION('',(1.,0.));
#14857 = ( GEOMETRIC_REPRESENTATION_CONTEXT(2) 
PARAMETRIC_REPRESENTATION_CONTEXT() REPRESENTATION_CONTEXT('2D SPACE',''
  ) );
#14858 = PCURVE('',#9226,#14859);
#14859 = DEFINITIONAL_REPRESENTATION('',(#14860),#14864);
#14860 = LINE('',#14861,#14862);
#14861 = CARTESIAN_POINT('',(0.,0.));
#14862 = VECTOR('',#14863,1.);
#14863 = DIRECTION('',(1.,0.));
#14864 = ( GEOMETRIC_REPRESENTATION_CONTEXT(2) 
PARAMETRIC_REPRESENTATION_CONTEXT() REPRESENTATION_CONTEXT('2D SPACE',''
  ) );
#14865 = ORIENTED_EDGE('',*,*,#9183,.F.);
#14866 = ADVANCED_FACE('',(#14867),#9276,.T.);
#14867 = FACE_BOUND('',#14868,.T.);
#14868 = EDGE_LOOP('',(#14869,#14870,#14893,#14914));
#14869 = ORIENTED_EDGE('',*,*,#14799,.F.);
#14870 = ORIENTED_EDGE('',*,*,#14871,.T.);
#14871 = EDGE_CURVE('',#14800,#14872,#14874,.T.);
#14872 = VERTEX_POINT('',#14873);
#14873 = CARTESIAN_POINT('',(-35.,-98.,38.5));
#14874 = SURFACE_CURVE('',#14875,(#14879,#14886),.PCURVE_S1.);
#14875 = LINE('',#14876,#14877);
#14876 = CARTESIAN_POINT('',(-75.,-98.,38.5));
#14877 = VECTOR('',#14878,1.);
#14878 = DIRECTION('',(1.,2.22044604925E-16,0.));
#14879 = PCURVE('',#9276,#14880);
#14880 = DEFINITIONAL_REPRESENTATION('',(#14881),#14885);
#14881 = LINE('',#14882,#14883);
#14882 = CARTESIAN_POINT('',(0.,0.));
#14883 = VECTOR('',#14884,1.);
#14884 = DIRECTION('',(0.,-1.));
#14885 = ( GEOMETRIC_REPRESENTATION_CONTEXT(2) 
PARAMETRIC_REPRESENTATION_CONTEXT() REPRESENTATION_CONTEXT('2D SPACE',''
  ) );
#14886 = PCURVE('',#11537,#14887);
#14887 = DEFINITIONAL_REPRESENTATION('',(#14888),#14892);
#14888 = LINE('',#14889,#14890);
#14889 = CARTESIAN_POINT('',(26.,0.));
#14890 = VECTOR('',#14891,1.);
#14891 = DIRECTION('',(0.,1.));
#14892 = ( GEOMETRIC_REPRESENTATION_CONTEXT(2) 
PARAMETRIC_REPRESENTATION_CONTEXT() REPRESENTATION_CONTEXT('2D SPACE',''
  ) );
#14893 = ORIENTED_EDGE('',*,*,#14894,.T.);
#14894 = EDGE_CURVE('',#14872,#9238,#14895,.T.);
#14895 = SURFACE_CURVE('',#14896,(#14900,#14907),.PCURVE_S1.);
#14896 = LINE('',#14897,#14898);
#14897 = CARTESIAN_POINT('',(-35.,-98.,38.5));
#14898 = VECTOR('',#14899,1.);
#14899 = DIRECTION('',(0.,0.,1.));
#14900 = PCURVE('',#9276,#14901);
#14901 = DEFINITIONAL_REPRESENTATION('',(#14902),#14906);
#14902 = LINE('',#14903,#14904);
#14903 = CARTESIAN_POINT('',(0.,-40.));
#14904 = VECTOR('',#14905,1.);
#14905 = DIRECTION('',(1.,0.));
#14906 = ( GEOMETRIC_REPRESENTATION_CONTEXT(2) 
PARAMETRIC_REPRESENTATION_CONTEXT() REPRESENTATION_CONTEXT('2D SPACE',''
  ) );
#14907 = PCURVE('',#9252,#14908);
#14908 = DEFINITIONAL_REPRESENTATION('',(#14909),#14913);
#14909 = LINE('',#14910,#14911);
#14910 = CARTESIAN_POINT('',(0.,26.));
#14911 = VECTOR('',#14912,1.);
#14912 = DIRECTION('',(1.,0.));
#14913 = ( GEOMETRIC_REPRESENTATION_CONTEXT(2) 
PARAMETRIC_REPRESENTATION_CONTEXT() REPRESENTATION_CONTEXT('2D SPACE',''
  ) );
#14914 = ORIENTED_EDGE('',*,*,#9263,.F.);
#14915 = ADVANCED_FACE('',(#14916),#9226,.F.);
#14916 = FACE_BOUND('',#14917,.F.);
#14917 = EDGE_LOOP('',(#14918,#14919,#14942,#14963));
#14918 = ORIENTED_EDGE('',*,*,#14845,.F.);
#14919 = ORIENTED_EDGE('',*,*,#14920,.T.);
#14920 = EDGE_CURVE('',#14823,#14921,#14923,.T.);
#14921 = VERTEX_POINT('',#14922);
#14922 = CARTESIAN_POINT('',(-35.,-72.,38.5));
#14923 = SURFACE_CURVE('',#14924,(#14928,#14935),.PCURVE_S1.);
#14924 = LINE('',#14925,#14926);
#14925 = CARTESIAN_POINT('',(-75.,-72.,38.5));
#14926 = VECTOR('',#14927,1.);
#14927 = DIRECTION('',(1.,2.22044604925E-16,0.));
#14928 = PCURVE('',#9226,#14929);
#14929 = DEFINITIONAL_REPRESENTATION('',(#14930),#14934);
#14930 = LINE('',#14931,#14932);
#14931 = CARTESIAN_POINT('',(0.,0.));
#14932 = VECTOR('',#14933,1.);
#14933 = DIRECTION('',(0.,-1.));
#14934 = ( GEOMETRIC_REPRESENTATION_CONTEXT(2) 
PARAMETRIC_REPRESENTATION_CONTEXT() REPRESENTATION_CONTEXT('2D SPACE',''
  ) );
#14935 = PCURVE('',#11537,#14936);
#14936 = DEFINITIONAL_REPRESENTATION('',(#14937),#14941);
#14937 = LINE('',#14938,#14939);
#14938 = CARTESIAN_POINT('',(0.,0.));
#14939 = VECTOR('',#14940,1.);
#14940 = DIRECTION('',(0.,1.));
#14941 = ( GEOMETRIC_REPRESENTATION_CONTEXT(2) 
PARAMETRIC_REPRESENTATION_CONTEXT() REPRESENTATION_CONTEXT('2D SPACE',''
  ) );
#14942 = ORIENTED_EDGE('',*,*,#14943,.T.);
#14943 = EDGE_CURVE('',#14921,#9212,#14944,.T.);
#14944 = SURFACE_CURVE('',#14945,(#14949,#14956),.PCURVE_S1.);
#14945 = LINE('',#14946,#14947);
#14946 = CARTESIAN_POINT('',(-35.,-72.,38.5));
#14947 = VECTOR('',#14948,1.);
#14948 = DIRECTION('',(0.,0.,1.));
#14949 = PCURVE('',#9226,#14950);
#14950 = DEFINITIONAL_REPRESENTATION('',(#14951),#14955);
#14951 = LINE('',#14952,#14953);
#14952 = CARTESIAN_POINT('',(0.,-40.));
#14953 = VECTOR('',#14954,1.);
#14954 = DIRECTION('',(1.,0.));
#14955 = ( GEOMETRIC_REPRESENTATION_CONTEXT(2) 
PARAMETRIC_REPRESENTATION_CONTEXT() REPRESENTATION_CONTEXT('2D SPACE',''
  ) );
#14956 = PCURVE('',#9252,#14957);
#14957 = DEFINITIONAL_REPRESENTATION('',(#14958),#14962);
#14958 = LINE('',#14959,#14960);
#14959 = CARTESIAN_POINT('',(0.,0.));
#14960 = VECTOR('',#14961,1.);
#14961 = DIRECTION('',(1.,0.));
#14962 = ( GEOMETRIC_REPRESENTATION_CONTEXT(2) 
PARAMETRIC_REPRESENTATION_CONTEXT() REPRESENTATION_CONTEXT('2D SPACE',''
  ) );
#14963 = ORIENTED_EDGE('',*,*,#9211,.F.);
#14964 = ADVANCED_FACE('',(#14965),#9252,.T.);
#14965 = FACE_BOUND('',#14966,.T.);
#14966 = EDGE_LOOP('',(#14967,#14968,#14989,#14990));
#14967 = ORIENTED_EDGE('',*,*,#14894,.F.);
#14968 = ORIENTED_EDGE('',*,*,#14969,.F.);
#14969 = EDGE_CURVE('',#14921,#14872,#14970,.T.);
#14970 = SURFACE_CURVE('',#14971,(#14975,#14982),.PCURVE_S1.);
#14971 = LINE('',#14972,#14973);
#14972 = CARTESIAN_POINT('',(-35.,-72.,38.5));
#14973 = VECTOR('',#14974,1.);
#14974 = DIRECTION('',(2.22044604925E-16,-1.,0.));
#14975 = PCURVE('',#9252,#14976);
#14976 = DEFINITIONAL_REPRESENTATION('',(#14977),#14981);
#14977 = LINE('',#14978,#14979);
#14978 = CARTESIAN_POINT('',(0.,0.));
#14979 = VECTOR('',#14980,1.);
#14980 = DIRECTION('',(0.,1.));
#14981 = ( GEOMETRIC_REPRESENTATION_CONTEXT(2) 
PARAMETRIC_REPRESENTATION_CONTEXT() REPRESENTATION_CONTEXT('2D SPACE',''
  ) );
#14982 = PCURVE('',#11537,#14983);
#14983 = DEFINITIONAL_REPRESENTATION('',(#14984),#14988);
#14984 = LINE('',#14985,#14986);
#14985 = CARTESIAN_POINT('',(0.,40.));
#14986 = VECTOR('',#14987,1.);
#14987 = DIRECTION('',(1.,0.));
#14988 = ( GEOMETRIC_REPRESENTATION_CONTEXT(2) 
PARAMETRIC_REPRESENTATION_CONTEXT() REPRESENTATION_CONTEXT('2D SPACE',''
  ) );
#14989 = ORIENTED_EDGE('',*,*,#14943,.T.);
#14990 = ORIENTED_EDGE('',*,*,#9237,.F.);
#14991 = ADVANCED_FACE('',(#14992),#9307,.F.);
#14992 = FACE_BOUND('',#14993,.F.);
#14993 = EDGE_LOOP('',(#14994,#15017,#15045,#15066));
#14994 = ORIENTED_EDGE('',*,*,#14995,.F.);
#14995 = EDGE_CURVE('',#14996,#9290,#14998,.T.);
#14996 = VERTEX_POINT('',#14997);
#14997 = CARTESIAN_POINT('',(-15.,-72.,36.1));
#14998 = SURFACE_CURVE('',#14999,(#15003,#15010),.PCURVE_S1.);
#14999 = LINE('',#15000,#15001);
#15000 = CARTESIAN_POINT('',(-15.,-72.,36.1));
#15001 = VECTOR('',#15002,1.);
#15002 = DIRECTION('',(0.,0.,1.));
#15003 = PCURVE('',#9307,#15004);
#15004 = DEFINITIONAL_REPRESENTATION('',(#15005),#15009);
#15005 = LINE('',#15006,#15007);
#15006 = CARTESIAN_POINT('',(0.,0.));
#15007 = VECTOR('',#15008,1.);
#15008 = DIRECTION('',(1.,0.));
#15009 = ( GEOMETRIC_REPRESENTATION_CONTEXT(2) 
PARAMETRIC_REPRESENTATION_CONTEXT() REPRESENTATION_CONTEXT('2D SPACE',''
  ) );
#15010 = PCURVE('',#9389,#15011);
#15011 = DEFINITIONAL_REPRESENTATION('',(#15012),#15016);
#15012 = LINE('',#15013,#15014);
#15013 = CARTESIAN_POINT('',(0.,0.));
#15014 = VECTOR('',#15015,1.);
#15015 = DIRECTION('',(1.,0.));
#15016 = ( GEOMETRIC_REPRESENTATION_CONTEXT(2) 
PARAMETRIC_REPRESENTATION_CONTEXT() REPRESENTATION_CONTEXT('2D SPACE',''
  ) );
#15017 = ORIENTED_EDGE('',*,*,#15018,.T.);
#15018 = EDGE_CURVE('',#14996,#15019,#15021,.T.);
#15019 = VERTEX_POINT('',#15020);
#15020 = CARTESIAN_POINT('',(-15.,-68.,36.1));
#15021 = SURFACE_CURVE('',#15022,(#15026,#15033),.PCURVE_S1.);
#15022 = LINE('',#15023,#15024);
#15023 = CARTESIAN_POINT('',(-15.,-72.,36.1));
#15024 = VECTOR('',#15025,1.);
#15025 = DIRECTION('',(-0.,1.,0.));
#15026 = PCURVE('',#9307,#15027);
#15027 = DEFINITIONAL_REPRESENTATION('',(#15028),#15032);
#15028 = LINE('',#15029,#15030);
#15029 = CARTESIAN_POINT('',(0.,0.));
#15030 = VECTOR('',#15031,1.);
#15031 = DIRECTION('',(0.,-1.));
#15032 = ( GEOMETRIC_REPRESENTATION_CONTEXT(2) 
PARAMETRIC_REPRESENTATION_CONTEXT() REPRESENTATION_CONTEXT('2D SPACE',''
  ) );
#15033 = PCURVE('',#15034,#15039);
#15034 = PLANE('',#15035);
#15035 = AXIS2_PLACEMENT_3D('',#15036,#15037,#15038);
#15036 = CARTESIAN_POINT('',(-15.,-72.,36.1));
#15037 = DIRECTION('',(0.,0.,1.));
#15038 = DIRECTION('',(1.,0.,-0.));
#15039 = DEFINITIONAL_REPRESENTATION('',(#15040),#15044);
#15040 = LINE('',#15041,#15042);
#15041 = CARTESIAN_POINT('',(0.,0.));
#15042 = VECTOR('',#15043,1.);
#15043 = DIRECTION('',(0.,1.));
#15044 = ( GEOMETRIC_REPRESENTATION_CONTEXT(2) 
PARAMETRIC_REPRESENTATION_CONTEXT() REPRESENTATION_CONTEXT('2D SPACE',''
  ) );
#15045 = ORIENTED_EDGE('',*,*,#15046,.T.);
#15046 = EDGE_CURVE('',#15019,#9292,#15047,.T.);
#15047 = SURFACE_CURVE('',#15048,(#15052,#15059),.PCURVE_S1.);
#15048 = LINE('',#15049,#15050);
#15049 = CARTESIAN_POINT('',(-15.,-68.,36.1));
#15050 = VECTOR('',#15051,1.);
#15051 = DIRECTION('',(0.,0.,1.));
#15052 = PCURVE('',#9307,#15053);
#15053 = DEFINITIONAL_REPRESENTATION('',(#15054),#15058);
#15054 = LINE('',#15055,#15056);
#15055 = CARTESIAN_POINT('',(0.,-4.));
#15056 = VECTOR('',#15057,1.);
#15057 = DIRECTION('',(1.,0.));
#15058 = ( GEOMETRIC_REPRESENTATION_CONTEXT(2) 
PARAMETRIC_REPRESENTATION_CONTEXT() REPRESENTATION_CONTEXT('2D SPACE',''
  ) );
#15059 = PCURVE('',#9335,#15060);
#15060 = DEFINITIONAL_REPRESENTATION('',(#15061),#15065);
#15061 = LINE('',#15062,#15063);
#15062 = CARTESIAN_POINT('',(0.,0.));
#15063 = VECTOR('',#15064,1.);
#15064 = DIRECTION('',(1.,0.));
#15065 = ( GEOMETRIC_REPRESENTATION_CONTEXT(2) 
PARAMETRIC_REPRESENTATION_CONTEXT() REPRESENTATION_CONTEXT('2D SPACE',''
  ) );
#15066 = ORIENTED_EDGE('',*,*,#9289,.F.);
#15067 = ADVANCED_FACE('',(#15068,#15116),#9335,.T.);
#15068 = FACE_BOUND('',#15069,.T.);
#15069 = EDGE_LOOP('',(#15070,#15093,#15094,#15095));
#15070 = ORIENTED_EDGE('',*,*,#15071,.F.);
#15071 = EDGE_CURVE('',#15019,#15072,#15074,.T.);
#15072 = VERTEX_POINT('',#15073);
#15073 = CARTESIAN_POINT('',(-5.,-68.,36.1));
#15074 = SURFACE_CURVE('',#15075,(#15079,#15086),.PCURVE_S1.);
#15075 = LINE('',#15076,#15077);
#15076 = CARTESIAN_POINT('',(-15.,-68.,36.1));
#15077 = VECTOR('',#15078,1.);
#15078 = DIRECTION('',(1.,0.,-0.));
#15079 = PCURVE('',#9335,#15080);
#15080 = DEFINITIONAL_REPRESENTATION('',(#15081),#15085);
#15081 = LINE('',#15082,#15083);
#15082 = CARTESIAN_POINT('',(0.,0.));
#15083 = VECTOR('',#15084,1.);
#15084 = DIRECTION('',(0.,1.));
#15085 = ( GEOMETRIC_REPRESENTATION_CONTEXT(2) 
PARAMETRIC_REPRESENTATION_CONTEXT() REPRESENTATION_CONTEXT('2D SPACE',''
  ) );
#15086 = PCURVE('',#15034,#15087);
#15087 = DEFINITIONAL_REPRESENTATION('',(#15088),#15092);
#15088 = LINE('',#15089,#15090);
#15089 = CARTESIAN_POINT('',(0.,4.));
#15090 = VECTOR('',#15091,1.);
#15091 = DIRECTION('',(1.,0.));
#15092 = ( GEOMETRIC_REPRESENTATION_CONTEXT(2) 
PARAMETRIC_REPRESENTATION_CONTEXT() REPRESENTATION_CONTEXT('2D SPACE',''
  ) );
#15093 = ORIENTED_EDGE('',*,*,#15046,.T.);
#15094 = ORIENTED_EDGE('',*,*,#9319,.T.);
#15095 = ORIENTED_EDGE('',*,*,#15096,.F.);
#15096 = EDGE_CURVE('',#15072,#9320,#15097,.T.);
#15097 = SURFACE_CURVE('',#15098,(#15102,#15109),.PCURVE_S1.);
#15098 = LINE('',#15099,#15100);
#15099 = CARTESIAN_POINT('',(-5.,-68.,36.1));
#15100 = VECTOR('',#15101,1.);
#15101 = DIRECTION('',(0.,0.,1.));
#15102 = PCURVE('',#9335,#15103);
#15103 = DEFINITIONAL_REPRESENTATION('',(#15104),#15108);
#15104 = LINE('',#15105,#15106);
#15105 = CARTESIAN_POINT('',(0.,10.));
#15106 = VECTOR('',#15107,1.);
#15107 = DIRECTION('',(1.,0.));
#15108 = ( GEOMETRIC_REPRESENTATION_CONTEXT(2) 
PARAMETRIC_REPRESENTATION_CONTEXT() REPRESENTATION_CONTEXT('2D SPACE',''
  ) );
#15109 = PCURVE('',#9363,#15110);
#15110 = DEFINITIONAL_REPRESENTATION('',(#15111),#15115);
#15111 = LINE('',#15112,#15113);
#15112 = CARTESIAN_POINT('',(0.,-4.));
#15113 = VECTOR('',#15114,1.);
#15114 = DIRECTION('',(1.,0.));
#15115 = ( GEOMETRIC_REPRESENTATION_CONTEXT(2) 
PARAMETRIC_REPRESENTATION_CONTEXT() REPRESENTATION_CONTEXT('2D SPACE',''
  ) );
#15116 = FACE_BOUND('',#15117,.T.);
#15117 = EDGE_LOOP('',(#15118,#15146,#15172,#15198));
#15118 = ORIENTED_EDGE('',*,*,#15119,.F.);
#15119 = EDGE_CURVE('',#15120,#15122,#15124,.T.);
#15120 = VERTEX_POINT('',#15121);
#15121 = CARTESIAN_POINT('',(-12.,-68.,40.6));
#15122 = VERTEX_POINT('',#15123);
#15123 = CARTESIAN_POINT('',(-8.,-68.,40.6));
#15124 = SURFACE_CURVE('',#15125,(#15129,#15135),.PCURVE_S1.);
#15125 = LINE('',#15126,#15127);
#15126 = CARTESIAN_POINT('',(-13.5,-68.,40.6));
#15127 = VECTOR('',#15128,1.);
#15128 = DIRECTION('',(1.,0.,-0.));
#15129 = PCURVE('',#9335,#15130);
#15130 = DEFINITIONAL_REPRESENTATION('',(#15131),#15134);
#15131 = B_SPLINE_CURVE_WITH_KNOTS('',1,(#15132,#15133),.UNSPECIFIED.,
  .F.,.F.,(2,2),(1.5,5.5),.PIECEWISE_BEZIER_KNOTS.);
#15132 = CARTESIAN_POINT('',(4.5,3.));
#15133 = CARTESIAN_POINT('',(4.5,7.));
#15134 = ( GEOMETRIC_REPRESENTATION_CONTEXT(2) 
PARAMETRIC_REPRESENTATION_CONTEXT() REPRESENTATION_CONTEXT('2D SPACE',''
  ) );
#15135 = PCURVE('',#15136,#15141);
#15136 = PLANE('',#15137);
#15137 = AXIS2_PLACEMENT_3D('',#15138,#15139,#15140);
#15138 = CARTESIAN_POINT('',(-12.,-73.,40.6));
#15139 = DIRECTION('',(0.,0.,1.));
#15140 = DIRECTION('',(1.,0.,-0.));
#15141 = DEFINITIONAL_REPRESENTATION('',(#15142),#15145);
#15142 = B_SPLINE_CURVE_WITH_KNOTS('',1,(#15143,#15144),.UNSPECIFIED.,
  .F.,.F.,(2,2),(1.5,5.5),.PIECEWISE_BEZIER_KNOTS.);
#15143 = CARTESIAN_POINT('',(0.,5.));
#15144 = CARTESIAN_POINT('',(4.,5.));
#15145 = ( GEOMETRIC_REPRESENTATION_CONTEXT(2) 
PARAMETRIC_REPRESENTATION_CONTEXT() REPRESENTATION_CONTEXT('2D SPACE',''
  ) );
#15146 = ORIENTED_EDGE('',*,*,#15147,.T.);
#15147 = EDGE_CURVE('',#15120,#15148,#15150,.T.);
#15148 = VERTEX_POINT('',#15149);
#15149 = CARTESIAN_POINT('',(-12.,-68.,37.6));
#15150 = SURFACE_CURVE('',#15151,(#15155,#15161),.PCURVE_S1.);
#15151 = LINE('',#15152,#15153);
#15152 = CARTESIAN_POINT('',(-12.,-68.,36.85));
#15153 = VECTOR('',#15154,1.);
#15154 = DIRECTION('',(-0.,0.,-1.));
#15155 = PCURVE('',#9335,#15156);
#15156 = DEFINITIONAL_REPRESENTATION('',(#15157),#15160);
#15157 = B_SPLINE_CURVE_WITH_KNOTS('',1,(#15158,#15159),.UNSPECIFIED.,
  .F.,.F.,(2,2),(-3.75,-0.75),.PIECEWISE_BEZIER_KNOTS.);
#15158 = CARTESIAN_POINT('',(4.5,3.));
#15159 = CARTESIAN_POINT('',(1.5,3.));
#15160 = ( GEOMETRIC_REPRESENTATION_CONTEXT(2) 
PARAMETRIC_REPRESENTATION_CONTEXT() REPRESENTATION_CONTEXT('2D SPACE',''
  ) );
#15161 = PCURVE('',#15162,#15167);
#15162 = PLANE('',#15163);
#15163 = AXIS2_PLACEMENT_3D('',#15164,#15165,#15166);
#15164 = CARTESIAN_POINT('',(-12.,-73.,37.6));
#15165 = DIRECTION('',(1.,0.,-0.));
#15166 = DIRECTION('',(0.,0.,1.));
#15167 = DEFINITIONAL_REPRESENTATION('',(#15168),#15171);
#15168 = B_SPLINE_CURVE_WITH_KNOTS('',1,(#15169,#15170),.UNSPECIFIED.,
  .F.,.F.,(2,2),(-3.75,-0.75),.PIECEWISE_BEZIER_KNOTS.);
#15169 = CARTESIAN_POINT('',(3.,-5.));
#15170 = CARTESIAN_POINT('',(0.,-5.));
#15171 = ( GEOMETRIC_REPRESENTATION_CONTEXT(2) 
PARAMETRIC_REPRESENTATION_CONTEXT() REPRESENTATION_CONTEXT('2D SPACE',''
  ) );
#15172 = ORIENTED_EDGE('',*,*,#15173,.T.);
#15173 = EDGE_CURVE('',#15148,#15174,#15176,.T.);
#15174 = VERTEX_POINT('',#15175);
#15175 = CARTESIAN_POINT('',(-8.,-68.,37.6));
#15176 = SURFACE_CURVE('',#15177,(#15181,#15187),.PCURVE_S1.);
#15177 = LINE('',#15178,#15179);
#15178 = CARTESIAN_POINT('',(-13.5,-68.,37.6));
#15179 = VECTOR('',#15180,1.);
#15180 = DIRECTION('',(1.,0.,-0.));
#15181 = PCURVE('',#9335,#15182);
#15182 = DEFINITIONAL_REPRESENTATION('',(#15183),#15186);
#15183 = B_SPLINE_CURVE_WITH_KNOTS('',1,(#15184,#15185),.UNSPECIFIED.,
  .F.,.F.,(2,2),(1.5,5.5),.PIECEWISE_BEZIER_KNOTS.);
#15184 = CARTESIAN_POINT('',(1.5,3.));
#15185 = CARTESIAN_POINT('',(1.5,7.));
#15186 = ( GEOMETRIC_REPRESENTATION_CONTEXT(2) 
PARAMETRIC_REPRESENTATION_CONTEXT() REPRESENTATION_CONTEXT('2D SPACE',''
  ) );
#15187 = PCURVE('',#15188,#15193);
#15188 = PLANE('',#15189);
#15189 = AXIS2_PLACEMENT_3D('',#15190,#15191,#15192);
#15190 = CARTESIAN_POINT('',(-12.,-73.,37.6));
#15191 = DIRECTION('',(0.,0.,1.));
#15192 = DIRECTION('',(1.,0.,-0.));
#15193 = DEFINITIONAL_REPRESENTATION('',(#15194),#15197);
#15194 = B_SPLINE_CURVE_WITH_KNOTS('',1,(#15195,#15196),.UNSPECIFIED.,
  .F.,.F.,(2,2),(1.5,5.5),.PIECEWISE_BEZIER_KNOTS.);
#15195 = CARTESIAN_POINT('',(0.,5.));
#15196 = CARTESIAN_POINT('',(4.,5.));
#15197 = ( GEOMETRIC_REPRESENTATION_CONTEXT(2) 
PARAMETRIC_REPRESENTATION_CONTEXT() REPRESENTATION_CONTEXT('2D SPACE',''
  ) );
#15198 = ORIENTED_EDGE('',*,*,#15199,.F.);
#15199 = EDGE_CURVE('',#15122,#15174,#15200,.T.);
#15200 = SURFACE_CURVE('',#15201,(#15205,#15211),.PCURVE_S1.);
#15201 = LINE('',#15202,#15203);
#15202 = CARTESIAN_POINT('',(-8.,-68.,36.85));
#15203 = VECTOR('',#15204,1.);
#15204 = DIRECTION('',(-0.,0.,-1.));
#15205 = PCURVE('',#9335,#15206);
#15206 = DEFINITIONAL_REPRESENTATION('',(#15207),#15210);
#15207 = B_SPLINE_CURVE_WITH_KNOTS('',1,(#15208,#15209),.UNSPECIFIED.,
  .F.,.F.,(2,2),(-3.75,-0.75),.PIECEWISE_BEZIER_KNOTS.);
#15208 = CARTESIAN_POINT('',(4.5,7.));
#15209 = CARTESIAN_POINT('',(1.5,7.));
#15210 = ( GEOMETRIC_REPRESENTATION_CONTEXT(2) 
PARAMETRIC_REPRESENTATION_CONTEXT() REPRESENTATION_CONTEXT('2D SPACE',''
  ) );
#15211 = PCURVE('',#15212,#15217);
#15212 = PLANE('',#15213);
#15213 = AXIS2_PLACEMENT_3D('',#15214,#15215,#15216);
#15214 = CARTESIAN_POINT('',(-8.,-73.,37.6));
#15215 = DIRECTION('',(1.,0.,-0.));
#15216 = DIRECTION('',(0.,0.,1.));
#15217 = DEFINITIONAL_REPRESENTATION('',(#15218),#15221);
#15218 = B_SPLINE_CURVE_WITH_KNOTS('',1,(#15219,#15220),.UNSPECIFIED.,
  .F.,.F.,(2,2),(-3.75,-0.75),.PIECEWISE_BEZIER_KNOTS.);
#15219 = CARTESIAN_POINT('',(3.,-5.));
#15220 = CARTESIAN_POINT('',(0.,-5.));
#15221 = ( GEOMETRIC_REPRESENTATION_CONTEXT(2) 
PARAMETRIC_REPRESENTATION_CONTEXT() REPRESENTATION_CONTEXT('2D SPACE',''
  ) );
#15222 = ADVANCED_FACE('',(#15223,#15271),#9389,.F.);
#15223 = FACE_BOUND('',#15224,.F.);
#15224 = EDGE_LOOP('',(#15225,#15248,#15249,#15250));
#15225 = ORIENTED_EDGE('',*,*,#15226,.F.);
#15226 = EDGE_CURVE('',#14996,#15227,#15229,.T.);
#15227 = VERTEX_POINT('',#15228);
#15228 = CARTESIAN_POINT('',(-5.,-72.,36.1));
#15229 = SURFACE_CURVE('',#15230,(#15234,#15241),.PCURVE_S1.);
#15230 = LINE('',#15231,#15232);
#15231 = CARTESIAN_POINT('',(-15.,-72.,36.1));
#15232 = VECTOR('',#15233,1.);
#15233 = DIRECTION('',(1.,0.,-0.));
#15234 = PCURVE('',#9389,#15235);
#15235 = DEFINITIONAL_REPRESENTATION('',(#15236),#15240);
#15236 = LINE('',#15237,#15238);
#15237 = CARTESIAN_POINT('',(0.,0.));
#15238 = VECTOR('',#15239,1.);
#15239 = DIRECTION('',(0.,1.));
#15240 = ( GEOMETRIC_REPRESENTATION_CONTEXT(2) 
PARAMETRIC_REPRESENTATION_CONTEXT() REPRESENTATION_CONTEXT('2D SPACE',''
  ) );
#15241 = PCURVE('',#15034,#15242);
#15242 = DEFINITIONAL_REPRESENTATION('',(#15243),#15247);
#15243 = LINE('',#15244,#15245);
#15244 = CARTESIAN_POINT('',(0.,0.));
#15245 = VECTOR('',#15246,1.);
#15246 = DIRECTION('',(1.,0.));
#15247 = ( GEOMETRIC_REPRESENTATION_CONTEXT(2) 
PARAMETRIC_REPRESENTATION_CONTEXT() REPRESENTATION_CONTEXT('2D SPACE',''
  ) );
#15248 = ORIENTED_EDGE('',*,*,#14995,.T.);
#15249 = ORIENTED_EDGE('',*,*,#9375,.T.);
#15250 = ORIENTED_EDGE('',*,*,#15251,.F.);
#15251 = EDGE_CURVE('',#15227,#9348,#15252,.T.);
#15252 = SURFACE_CURVE('',#15253,(#15257,#15264),.PCURVE_S1.);
#15253 = LINE('',#15254,#15255);
#15254 = CARTESIAN_POINT('',(-5.,-72.,36.1));
#15255 = VECTOR('',#15256,1.);
#15256 = DIRECTION('',(0.,0.,1.));
#15257 = PCURVE('',#9389,#15258);
#15258 = DEFINITIONAL_REPRESENTATION('',(#15259),#15263);
#15259 = LINE('',#15260,#15261);
#15260 = CARTESIAN_POINT('',(0.,10.));
#15261 = VECTOR('',#15262,1.);
#15262 = DIRECTION('',(1.,0.));
#15263 = ( GEOMETRIC_REPRESENTATION_CONTEXT(2) 
PARAMETRIC_REPRESENTATION_CONTEXT() REPRESENTATION_CONTEXT('2D SPACE',''
  ) );
#15264 = PCURVE('',#9363,#15265);
#15265 = DEFINITIONAL_REPRESENTATION('',(#15266),#15270);
#15266 = LINE('',#15267,#15268);
#15267 = CARTESIAN_POINT('',(0.,0.));
#15268 = VECTOR('',#15269,1.);
#15269 = DIRECTION('',(1.,0.));
#15270 = ( GEOMETRIC_REPRESENTATION_CONTEXT(2) 
PARAMETRIC_REPRESENTATION_CONTEXT() REPRESENTATION_CONTEXT('2D SPACE',''
  ) );
#15271 = FACE_BOUND('',#15272,.F.);
#15272 = EDGE_LOOP('',(#15273,#15296,#15317,#15338));
#15273 = ORIENTED_EDGE('',*,*,#15274,.F.);
#15274 = EDGE_CURVE('',#15275,#15277,#15279,.T.);
#15275 = VERTEX_POINT('',#15276);
#15276 = CARTESIAN_POINT('',(-12.,-72.,40.6));
#15277 = VERTEX_POINT('',#15278);
#15278 = CARTESIAN_POINT('',(-8.,-72.,40.6));
#15279 = SURFACE_CURVE('',#15280,(#15284,#15290),.PCURVE_S1.);
#15280 = LINE('',#15281,#15282);
#15281 = CARTESIAN_POINT('',(-13.5,-72.,40.6));
#15282 = VECTOR('',#15283,1.);
#15283 = DIRECTION('',(1.,0.,-0.));
#15284 = PCURVE('',#9389,#15285);
#15285 = DEFINITIONAL_REPRESENTATION('',(#15286),#15289);
#15286 = B_SPLINE_CURVE_WITH_KNOTS('',1,(#15287,#15288),.UNSPECIFIED.,
  .F.,.F.,(2,2),(1.5,5.5),.PIECEWISE_BEZIER_KNOTS.);
#15287 = CARTESIAN_POINT('',(4.5,3.));
#15288 = CARTESIAN_POINT('',(4.5,7.));
#15289 = ( GEOMETRIC_REPRESENTATION_CONTEXT(2) 
PARAMETRIC_REPRESENTATION_CONTEXT() REPRESENTATION_CONTEXT('2D SPACE',''
  ) );
#15290 = PCURVE('',#15136,#15291);
#15291 = DEFINITIONAL_REPRESENTATION('',(#15292),#15295);
#15292 = B_SPLINE_CURVE_WITH_KNOTS('',1,(#15293,#15294),.UNSPECIFIED.,
  .F.,.F.,(2,2),(1.5,5.5),.PIECEWISE_BEZIER_KNOTS.);
#15293 = CARTESIAN_POINT('',(0.,1.));
#15294 = CARTESIAN_POINT('',(4.,1.));
#15295 = ( GEOMETRIC_REPRESENTATION_CONTEXT(2) 
PARAMETRIC_REPRESENTATION_CONTEXT() REPRESENTATION_CONTEXT('2D SPACE',''
  ) );
#15296 = ORIENTED_EDGE('',*,*,#15297,.T.);
#15297 = EDGE_CURVE('',#15275,#15298,#15300,.T.);
#15298 = VERTEX_POINT('',#15299);
#15299 = CARTESIAN_POINT('',(-12.,-72.,37.6));
#15300 = SURFACE_CURVE('',#15301,(#15305,#15311),.PCURVE_S1.);
#15301 = LINE('',#15302,#15303);
#15302 = CARTESIAN_POINT('',(-12.,-72.,36.85));
#15303 = VECTOR('',#15304,1.);
#15304 = DIRECTION('',(-0.,0.,-1.));
#15305 = PCURVE('',#9389,#15306);
#15306 = DEFINITIONAL_REPRESENTATION('',(#15307),#15310);
#15307 = B_SPLINE_CURVE_WITH_KNOTS('',1,(#15308,#15309),.UNSPECIFIED.,
  .F.,.F.,(2,2),(-3.75,-0.75),.PIECEWISE_BEZIER_KNOTS.);
#15308 = CARTESIAN_POINT('',(4.5,3.));
#15309 = CARTESIAN_POINT('',(1.5,3.));
#15310 = ( GEOMETRIC_REPRESENTATION_CONTEXT(2) 
PARAMETRIC_REPRESENTATION_CONTEXT() REPRESENTATION_CONTEXT('2D SPACE',''
  ) );
#15311 = PCURVE('',#15162,#15312);
#15312 = DEFINITIONAL_REPRESENTATION('',(#15313),#15316);
#15313 = B_SPLINE_CURVE_WITH_KNOTS('',1,(#15314,#15315),.UNSPECIFIED.,
  .F.,.F.,(2,2),(-3.75,-0.75),.PIECEWISE_BEZIER_KNOTS.);
#15314 = CARTESIAN_POINT('',(3.,-1.));
#15315 = CARTESIAN_POINT('',(0.,-1.));
#15316 = ( GEOMETRIC_REPRESENTATION_CONTEXT(2) 
PARAMETRIC_REPRESENTATION_CONTEXT() REPRESENTATION_CONTEXT('2D SPACE',''
  ) );
#15317 = ORIENTED_EDGE('',*,*,#15318,.T.);
#15318 = EDGE_CURVE('',#15298,#15319,#15321,.T.);
#15319 = VERTEX_POINT('',#15320);
#15320 = CARTESIAN_POINT('',(-8.,-72.,37.6));
#15321 = SURFACE_CURVE('',#15322,(#15326,#15332),.PCURVE_S1.);
#15322 = LINE('',#15323,#15324);
#15323 = CARTESIAN_POINT('',(-13.5,-72.,37.6));
#15324 = VECTOR('',#15325,1.);
#15325 = DIRECTION('',(1.,0.,-0.));
#15326 = PCURVE('',#9389,#15327);
#15327 = DEFINITIONAL_REPRESENTATION('',(#15328),#15331);
#15328 = B_SPLINE_CURVE_WITH_KNOTS('',1,(#15329,#15330),.UNSPECIFIED.,
  .F.,.F.,(2,2),(1.5,5.5),.PIECEWISE_BEZIER_KNOTS.);
#15329 = CARTESIAN_POINT('',(1.5,3.));
#15330 = CARTESIAN_POINT('',(1.5,7.));
#15331 = ( GEOMETRIC_REPRESENTATION_CONTEXT(2) 
PARAMETRIC_REPRESENTATION_CONTEXT() REPRESENTATION_CONTEXT('2D SPACE',''
  ) );
#15332 = PCURVE('',#15188,#15333);
#15333 = DEFINITIONAL_REPRESENTATION('',(#15334),#15337);
#15334 = B_SPLINE_CURVE_WITH_KNOTS('',1,(#15335,#15336),.UNSPECIFIED.,
  .F.,.F.,(2,2),(1.5,5.5),.PIECEWISE_BEZIER_KNOTS.);
#15335 = CARTESIAN_POINT('',(0.,1.));
#15336 = CARTESIAN_POINT('',(4.,1.));
#15337 = ( GEOMETRIC_REPRESENTATION_CONTEXT(2) 
PARAMETRIC_REPRESENTATION_CONTEXT() REPRESENTATION_CONTEXT('2D SPACE',''
  ) );
#15338 = ORIENTED_EDGE('',*,*,#15339,.F.);
#15339 = EDGE_CURVE('',#15277,#15319,#15340,.T.);
#15340 = SURFACE_CURVE('',#15341,(#15345,#15351),.PCURVE_S1.);
#15341 = LINE('',#15342,#15343);
#15342 = CARTESIAN_POINT('',(-8.,-72.,36.85));
#15343 = VECTOR('',#15344,1.);
#15344 = DIRECTION('',(-0.,0.,-1.));
#15345 = PCURVE('',#9389,#15346);
#15346 = DEFINITIONAL_REPRESENTATION('',(#15347),#15350);
#15347 = B_SPLINE_CURVE_WITH_KNOTS('',1,(#15348,#15349),.UNSPECIFIED.,
  .F.,.F.,(2,2),(-3.75,-0.75),.PIECEWISE_BEZIER_KNOTS.);
#15348 = CARTESIAN_POINT('',(4.5,7.));
#15349 = CARTESIAN_POINT('',(1.5,7.));
#15350 = ( GEOMETRIC_REPRESENTATION_CONTEXT(2) 
PARAMETRIC_REPRESENTATION_CONTEXT() REPRESENTATION_CONTEXT('2D SPACE',''
  ) );
#15351 = PCURVE('',#15212,#15352);
#15352 = DEFINITIONAL_REPRESENTATION('',(#15353),#15356);
#15353 = B_SPLINE_CURVE_WITH_KNOTS('',1,(#15354,#15355),.UNSPECIFIED.,
  .F.,.F.,(2,2),(-3.75,-0.75),.PIECEWISE_BEZIER_KNOTS.);
#15354 = CARTESIAN_POINT('',(3.,-1.));
#15355 = CARTESIAN_POINT('',(0.,-1.));
#15356 = ( GEOMETRIC_REPRESENTATION_CONTEXT(2) 
PARAMETRIC_REPRESENTATION_CONTEXT() REPRESENTATION_CONTEXT('2D SPACE',''
  ) );
#15357 = ADVANCED_FACE('',(#15358),#9363,.T.);
#15358 = FACE_BOUND('',#15359,.T.);
#15359 = EDGE_LOOP('',(#15360,#15361,#15382,#15383));
#15360 = ORIENTED_EDGE('',*,*,#15251,.F.);
#15361 = ORIENTED_EDGE('',*,*,#15362,.T.);
#15362 = EDGE_CURVE('',#15227,#15072,#15363,.T.);
#15363 = SURFACE_CURVE('',#15364,(#15368,#15375),.PCURVE_S1.);
#15364 = LINE('',#15365,#15366);
#15365 = CARTESIAN_POINT('',(-5.,-72.,36.1));
#15366 = VECTOR('',#15367,1.);
#15367 = DIRECTION('',(-0.,1.,0.));
#15368 = PCURVE('',#9363,#15369);
#15369 = DEFINITIONAL_REPRESENTATION('',(#15370),#15374);
#15370 = LINE('',#15371,#15372);
#15371 = CARTESIAN_POINT('',(0.,0.));
#15372 = VECTOR('',#15373,1.);
#15373 = DIRECTION('',(0.,-1.));
#15374 = ( GEOMETRIC_REPRESENTATION_CONTEXT(2) 
PARAMETRIC_REPRESENTATION_CONTEXT() REPRESENTATION_CONTEXT('2D SPACE',''
  ) );
#15375 = PCURVE('',#15034,#15376);
#15376 = DEFINITIONAL_REPRESENTATION('',(#15377),#15381);
#15377 = LINE('',#15378,#15379);
#15378 = CARTESIAN_POINT('',(10.,0.));
#15379 = VECTOR('',#15380,1.);
#15380 = DIRECTION('',(0.,1.));
#15381 = ( GEOMETRIC_REPRESENTATION_CONTEXT(2) 
PARAMETRIC_REPRESENTATION_CONTEXT() REPRESENTATION_CONTEXT('2D SPACE',''
  ) );
#15382 = ORIENTED_EDGE('',*,*,#15096,.T.);
#15383 = ORIENTED_EDGE('',*,*,#9347,.F.);
#15384 = ADVANCED_FACE('',(#15385),#9420,.F.);
#15385 = FACE_BOUND('',#15386,.F.);
#15386 = EDGE_LOOP('',(#15387,#15388,#15409,#15410));
#15387 = ORIENTED_EDGE('',*,*,#11885,.F.);
#15388 = ORIENTED_EDGE('',*,*,#15389,.F.);
#15389 = EDGE_CURVE('',#9404,#11863,#15390,.T.);
#15390 = SEAM_CURVE('',#15391,(#15395,#15402),.PCURVE_S1.);
#15391 = LINE('',#15392,#15393);
#15392 = CARTESIAN_POINT('',(46.7,-111.5,41.1));
#15393 = VECTOR('',#15394,1.);
#15394 = DIRECTION('',(0.,0.,1.));
#15395 = PCURVE('',#9420,#15396);
#15396 = DEFINITIONAL_REPRESENTATION('',(#15397),#15401);
#15397 = LINE('',#15398,#15399);
#15398 = CARTESIAN_POINT('',(6.28318530718,-0.));
#15399 = VECTOR('',#15400,1.);
#15400 = DIRECTION('',(0.,1.));
#15401 = ( GEOMETRIC_REPRESENTATION_CONTEXT(2) 
PARAMETRIC_REPRESENTATION_CONTEXT() REPRESENTATION_CONTEXT('2D SPACE',''
  ) );
#15402 = PCURVE('',#9420,#15403);
#15403 = DEFINITIONAL_REPRESENTATION('',(#15404),#15408);
#15404 = LINE('',#15405,#15406);
#15405 = CARTESIAN_POINT('',(0.,-0.));
#15406 = VECTOR('',#15407,1.);
#15407 = DIRECTION('',(0.,1.));
#15408 = ( GEOMETRIC_REPRESENTATION_CONTEXT(2) 
PARAMETRIC_REPRESENTATION_CONTEXT() REPRESENTATION_CONTEXT('2D SPACE',''
  ) );
#15409 = ORIENTED_EDGE('',*,*,#9403,.T.);
#15410 = ORIENTED_EDGE('',*,*,#15389,.T.);
#15411 = ADVANCED_FACE('',(#15412),#9452,.F.);
#15412 = FACE_BOUND('',#15413,.F.);
#15413 = EDGE_LOOP('',(#15414,#15437,#15465,#15486));
#15414 = ORIENTED_EDGE('',*,*,#15415,.F.);
#15415 = EDGE_CURVE('',#15416,#9435,#15418,.T.);
#15416 = VERTEX_POINT('',#15417);
#15417 = CARTESIAN_POINT('',(30.,-72.,36.1));
#15418 = SURFACE_CURVE('',#15419,(#15423,#15430),.PCURVE_S1.);
#15419 = LINE('',#15420,#15421);
#15420 = CARTESIAN_POINT('',(30.,-72.,36.1));
#15421 = VECTOR('',#15422,1.);
#15422 = DIRECTION('',(0.,0.,1.));
#15423 = PCURVE('',#9452,#15424);
#15424 = DEFINITIONAL_REPRESENTATION('',(#15425),#15429);
#15425 = LINE('',#15426,#15427);
#15426 = CARTESIAN_POINT('',(0.,0.));
#15427 = VECTOR('',#15428,1.);
#15428 = DIRECTION('',(1.,0.));
#15429 = ( GEOMETRIC_REPRESENTATION_CONTEXT(2) 
PARAMETRIC_REPRESENTATION_CONTEXT() REPRESENTATION_CONTEXT('2D SPACE',''
  ) );
#15430 = PCURVE('',#9534,#15431);
#15431 = DEFINITIONAL_REPRESENTATION('',(#15432),#15436);
#15432 = LINE('',#15433,#15434);
#15433 = CARTESIAN_POINT('',(0.,0.));
#15434 = VECTOR('',#15435,1.);
#15435 = DIRECTION('',(1.,0.));
#15436 = ( GEOMETRIC_REPRESENTATION_CONTEXT(2) 
PARAMETRIC_REPRESENTATION_CONTEXT() REPRESENTATION_CONTEXT('2D SPACE',''
  ) );
#15437 = ORIENTED_EDGE('',*,*,#15438,.T.);
#15438 = EDGE_CURVE('',#15416,#15439,#15441,.T.);
#15439 = VERTEX_POINT('',#15440);
#15440 = CARTESIAN_POINT('',(30.,-68.,36.1));
#15441 = SURFACE_CURVE('',#15442,(#15446,#15453),.PCURVE_S1.);
#15442 = LINE('',#15443,#15444);
#15443 = CARTESIAN_POINT('',(30.,-72.,36.1));
#15444 = VECTOR('',#15445,1.);
#15445 = DIRECTION('',(-0.,1.,0.));
#15446 = PCURVE('',#9452,#15447);
#15447 = DEFINITIONAL_REPRESENTATION('',(#15448),#15452);
#15448 = LINE('',#15449,#15450);
#15449 = CARTESIAN_POINT('',(0.,0.));
#15450 = VECTOR('',#15451,1.);
#15451 = DIRECTION('',(0.,-1.));
#15452 = ( GEOMETRIC_REPRESENTATION_CONTEXT(2) 
PARAMETRIC_REPRESENTATION_CONTEXT() REPRESENTATION_CONTEXT('2D SPACE',''
  ) );
#15453 = PCURVE('',#15454,#15459);
#15454 = PLANE('',#15455);
#15455 = AXIS2_PLACEMENT_3D('',#15456,#15457,#15458);
#15456 = CARTESIAN_POINT('',(30.,-72.,36.1));
#15457 = DIRECTION('',(0.,0.,1.));
#15458 = DIRECTION('',(1.,0.,-0.));
#15459 = DEFINITIONAL_REPRESENTATION('',(#15460),#15464);
#15460 = LINE('',#15461,#15462);
#15461 = CARTESIAN_POINT('',(0.,0.));
#15462 = VECTOR('',#15463,1.);
#15463 = DIRECTION('',(0.,1.));
#15464 = ( GEOMETRIC_REPRESENTATION_CONTEXT(2) 
PARAMETRIC_REPRESENTATION_CONTEXT() REPRESENTATION_CONTEXT('2D SPACE',''
  ) );
#15465 = ORIENTED_EDGE('',*,*,#15466,.T.);
#15466 = EDGE_CURVE('',#15439,#9437,#15467,.T.);
#15467 = SURFACE_CURVE('',#15468,(#15472,#15479),.PCURVE_S1.);
#15468 = LINE('',#15469,#15470);
#15469 = CARTESIAN_POINT('',(30.,-68.,36.1));
#15470 = VECTOR('',#15471,1.);
#15471 = DIRECTION('',(0.,0.,1.));
#15472 = PCURVE('',#9452,#15473);
#15473 = DEFINITIONAL_REPRESENTATION('',(#15474),#15478);
#15474 = LINE('',#15475,#15476);
#15475 = CARTESIAN_POINT('',(0.,-4.));
#15476 = VECTOR('',#15477,1.);
#15477 = DIRECTION('',(1.,0.));
#15478 = ( GEOMETRIC_REPRESENTATION_CONTEXT(2) 
PARAMETRIC_REPRESENTATION_CONTEXT() REPRESENTATION_CONTEXT('2D SPACE',''
  ) );
#15479 = PCURVE('',#9480,#15480);
#15480 = DEFINITIONAL_REPRESENTATION('',(#15481),#15485);
#15481 = LINE('',#15482,#15483);
#15482 = CARTESIAN_POINT('',(0.,0.));
#15483 = VECTOR('',#15484,1.);
#15484 = DIRECTION('',(1.,0.));
#15485 = ( GEOMETRIC_REPRESENTATION_CONTEXT(2) 
PARAMETRIC_REPRESENTATION_CONTEXT() REPRESENTATION_CONTEXT('2D SPACE',''
  ) );
#15486 = ORIENTED_EDGE('',*,*,#9434,.F.);
#15487 = ADVANCED_FACE('',(#15488,#15536),#9480,.T.);
#15488 = FACE_BOUND('',#15489,.T.);
#15489 = EDGE_LOOP('',(#15490,#15513,#15514,#15515));
#15490 = ORIENTED_EDGE('',*,*,#15491,.F.);
#15491 = EDGE_CURVE('',#15439,#15492,#15494,.T.);
#15492 = VERTEX_POINT('',#15493);
#15493 = CARTESIAN_POINT('',(40.,-68.,36.1));
#15494 = SURFACE_CURVE('',#15495,(#15499,#15506),.PCURVE_S1.);
#15495 = LINE('',#15496,#15497);
#15496 = CARTESIAN_POINT('',(30.,-68.,36.1));
#15497 = VECTOR('',#15498,1.);
#15498 = DIRECTION('',(1.,0.,-0.));
#15499 = PCURVE('',#9480,#15500);
#15500 = DEFINITIONAL_REPRESENTATION('',(#15501),#15505);
#15501 = LINE('',#15502,#15503);
#15502 = CARTESIAN_POINT('',(0.,0.));
#15503 = VECTOR('',#15504,1.);
#15504 = DIRECTION('',(0.,1.));
#15505 = ( GEOMETRIC_REPRESENTATION_CONTEXT(2) 
PARAMETRIC_REPRESENTATION_CONTEXT() REPRESENTATION_CONTEXT('2D SPACE',''
  ) );
#15506 = PCURVE('',#15454,#15507);
#15507 = DEFINITIONAL_REPRESENTATION('',(#15508),#15512);
#15508 = LINE('',#15509,#15510);
#15509 = CARTESIAN_POINT('',(0.,4.));
#15510 = VECTOR('',#15511,1.);
#15511 = DIRECTION('',(1.,0.));
#15512 = ( GEOMETRIC_REPRESENTATION_CONTEXT(2) 
PARAMETRIC_REPRESENTATION_CONTEXT() REPRESENTATION_CONTEXT('2D SPACE',''
  ) );
#15513 = ORIENTED_EDGE('',*,*,#15466,.T.);
#15514 = ORIENTED_EDGE('',*,*,#9464,.T.);
#15515 = ORIENTED_EDGE('',*,*,#15516,.F.);
#15516 = EDGE_CURVE('',#15492,#9465,#15517,.T.);
#15517 = SURFACE_CURVE('',#15518,(#15522,#15529),.PCURVE_S1.);
#15518 = LINE('',#15519,#15520);
#15519 = CARTESIAN_POINT('',(40.,-68.,36.1));
#15520 = VECTOR('',#15521,1.);
#15521 = DIRECTION('',(0.,0.,1.));
#15522 = PCURVE('',#9480,#15523);
#15523 = DEFINITIONAL_REPRESENTATION('',(#15524),#15528);
#15524 = LINE('',#15525,#15526);
#15525 = CARTESIAN_POINT('',(0.,10.));
#15526 = VECTOR('',#15527,1.);
#15527 = DIRECTION('',(1.,0.));
#15528 = ( GEOMETRIC_REPRESENTATION_CONTEXT(2) 
PARAMETRIC_REPRESENTATION_CONTEXT() REPRESENTATION_CONTEXT('2D SPACE',''
  ) );
#15529 = PCURVE('',#9508,#15530);
#15530 = DEFINITIONAL_REPRESENTATION('',(#15531),#15535);
#15531 = LINE('',#15532,#15533);
#15532 = CARTESIAN_POINT('',(0.,-4.));
#15533 = VECTOR('',#15534,1.);
#15534 = DIRECTION('',(1.,0.));
#15535 = ( GEOMETRIC_REPRESENTATION_CONTEXT(2) 
PARAMETRIC_REPRESENTATION_CONTEXT() REPRESENTATION_CONTEXT('2D SPACE',''
  ) );
#15536 = FACE_BOUND('',#15537,.T.);
#15537 = EDGE_LOOP('',(#15538,#15566,#15592,#15618));
#15538 = ORIENTED_EDGE('',*,*,#15539,.F.);
#15539 = EDGE_CURVE('',#15540,#15542,#15544,.T.);
#15540 = VERTEX_POINT('',#15541);
#15541 = CARTESIAN_POINT('',(33.,-68.,40.6));
#15542 = VERTEX_POINT('',#15543);
#15543 = CARTESIAN_POINT('',(37.,-68.,40.6));
#15544 = SURFACE_CURVE('',#15545,(#15549,#15555),.PCURVE_S1.);
#15545 = LINE('',#15546,#15547);
#15546 = CARTESIAN_POINT('',(31.5,-68.,40.6));
#15547 = VECTOR('',#15548,1.);
#15548 = DIRECTION('',(1.,0.,-0.));
#15549 = PCURVE('',#9480,#15550);
#15550 = DEFINITIONAL_REPRESENTATION('',(#15551),#15554);
#15551 = B_SPLINE_CURVE_WITH_KNOTS('',1,(#15552,#15553),.UNSPECIFIED.,
  .F.,.F.,(2,2),(1.5,5.5),.PIECEWISE_BEZIER_KNOTS.);
#15552 = CARTESIAN_POINT('',(4.5,3.));
#15553 = CARTESIAN_POINT('',(4.5,7.));
#15554 = ( GEOMETRIC_REPRESENTATION_CONTEXT(2) 
PARAMETRIC_REPRESENTATION_CONTEXT() REPRESENTATION_CONTEXT('2D SPACE',''
  ) );
#15555 = PCURVE('',#15556,#15561);
#15556 = PLANE('',#15557);
#15557 = AXIS2_PLACEMENT_3D('',#15558,#15559,#15560);
#15558 = CARTESIAN_POINT('',(33.,-73.,40.6));
#15559 = DIRECTION('',(0.,0.,1.));
#15560 = DIRECTION('',(1.,0.,-0.));
#15561 = DEFINITIONAL_REPRESENTATION('',(#15562),#15565);
#15562 = B_SPLINE_CURVE_WITH_KNOTS('',1,(#15563,#15564),.UNSPECIFIED.,
  .F.,.F.,(2,2),(1.5,5.5),.PIECEWISE_BEZIER_KNOTS.);
#15563 = CARTESIAN_POINT('',(0.,5.));
#15564 = CARTESIAN_POINT('',(4.,5.));
#15565 = ( GEOMETRIC_REPRESENTATION_CONTEXT(2) 
PARAMETRIC_REPRESENTATION_CONTEXT() REPRESENTATION_CONTEXT('2D SPACE',''
  ) );
#15566 = ORIENTED_EDGE('',*,*,#15567,.T.);
#15567 = EDGE_CURVE('',#15540,#15568,#15570,.T.);
#15568 = VERTEX_POINT('',#15569);
#15569 = CARTESIAN_POINT('',(33.,-68.,37.6));
#15570 = SURFACE_CURVE('',#15571,(#15575,#15581),.PCURVE_S1.);
#15571 = LINE('',#15572,#15573);
#15572 = CARTESIAN_POINT('',(33.,-68.,36.85));
#15573 = VECTOR('',#15574,1.);
#15574 = DIRECTION('',(-0.,0.,-1.));
#15575 = PCURVE('',#9480,#15576);
#15576 = DEFINITIONAL_REPRESENTATION('',(#15577),#15580);
#15577 = B_SPLINE_CURVE_WITH_KNOTS('',1,(#15578,#15579),.UNSPECIFIED.,
  .F.,.F.,(2,2),(-3.75,-0.75),.PIECEWISE_BEZIER_KNOTS.);
#15578 = CARTESIAN_POINT('',(4.5,3.));
#15579 = CARTESIAN_POINT('',(1.5,3.));
#15580 = ( GEOMETRIC_REPRESENTATION_CONTEXT(2) 
PARAMETRIC_REPRESENTATION_CONTEXT() REPRESENTATION_CONTEXT('2D SPACE',''
  ) );
#15581 = PCURVE('',#15582,#15587);
#15582 = PLANE('',#15583);
#15583 = AXIS2_PLACEMENT_3D('',#15584,#15585,#15586);
#15584 = CARTESIAN_POINT('',(33.,-73.,37.6));
#15585 = DIRECTION('',(1.,0.,-0.));
#15586 = DIRECTION('',(0.,0.,1.));
#15587 = DEFINITIONAL_REPRESENTATION('',(#15588),#15591);
#15588 = B_SPLINE_CURVE_WITH_KNOTS('',1,(#15589,#15590),.UNSPECIFIED.,
  .F.,.F.,(2,2),(-3.75,-0.75),.PIECEWISE_BEZIER_KNOTS.);
#15589 = CARTESIAN_POINT('',(3.,-5.));
#15590 = CARTESIAN_POINT('',(0.,-5.));
#15591 = ( GEOMETRIC_REPRESENTATION_CONTEXT(2) 
PARAMETRIC_REPRESENTATION_CONTEXT() REPRESENTATION_CONTEXT('2D SPACE',''
  ) );
#15592 = ORIENTED_EDGE('',*,*,#15593,.T.);
#15593 = EDGE_CURVE('',#15568,#15594,#15596,.T.);
#15594 = VERTEX_POINT('',#15595);
#15595 = CARTESIAN_POINT('',(37.,-68.,37.6));
#15596 = SURFACE_CURVE('',#15597,(#15601,#15607),.PCURVE_S1.);
#15597 = LINE('',#15598,#15599);
#15598 = CARTESIAN_POINT('',(31.5,-68.,37.6));
#15599 = VECTOR('',#15600,1.);
#15600 = DIRECTION('',(1.,0.,-0.));
#15601 = PCURVE('',#9480,#15602);
#15602 = DEFINITIONAL_REPRESENTATION('',(#15603),#15606);
#15603 = B_SPLINE_CURVE_WITH_KNOTS('',1,(#15604,#15605),.UNSPECIFIED.,
  .F.,.F.,(2,2),(1.5,5.5),.PIECEWISE_BEZIER_KNOTS.);
#15604 = CARTESIAN_POINT('',(1.5,3.));
#15605 = CARTESIAN_POINT('',(1.5,7.));
#15606 = ( GEOMETRIC_REPRESENTATION_CONTEXT(2) 
PARAMETRIC_REPRESENTATION_CONTEXT() REPRESENTATION_CONTEXT('2D SPACE',''
  ) );
#15607 = PCURVE('',#15608,#15613);
#15608 = PLANE('',#15609);
#15609 = AXIS2_PLACEMENT_3D('',#15610,#15611,#15612);
#15610 = CARTESIAN_POINT('',(33.,-73.,37.6));
#15611 = DIRECTION('',(0.,0.,1.));
#15612 = DIRECTION('',(1.,0.,-0.));
#15613 = DEFINITIONAL_REPRESENTATION('',(#15614),#15617);
#15614 = B_SPLINE_CURVE_WITH_KNOTS('',1,(#15615,#15616),.UNSPECIFIED.,
  .F.,.F.,(2,2),(1.5,5.5),.PIECEWISE_BEZIER_KNOTS.);
#15615 = CARTESIAN_POINT('',(0.,5.));
#15616 = CARTESIAN_POINT('',(4.,5.));
#15617 = ( GEOMETRIC_REPRESENTATION_CONTEXT(2) 
PARAMETRIC_REPRESENTATION_CONTEXT() REPRESENTATION_CONTEXT('2D SPACE',''
  ) );
#15618 = ORIENTED_EDGE('',*,*,#15619,.F.);
#15619 = EDGE_CURVE('',#15542,#15594,#15620,.T.);
#15620 = SURFACE_CURVE('',#15621,(#15625,#15631),.PCURVE_S1.);
#15621 = LINE('',#15622,#15623);
#15622 = CARTESIAN_POINT('',(37.,-68.,36.85));
#15623 = VECTOR('',#15624,1.);
#15624 = DIRECTION('',(-0.,0.,-1.));
#15625 = PCURVE('',#9480,#15626);
#15626 = DEFINITIONAL_REPRESENTATION('',(#15627),#15630);
#15627 = B_SPLINE_CURVE_WITH_KNOTS('',1,(#15628,#15629),.UNSPECIFIED.,
  .F.,.F.,(2,2),(-3.75,-0.75),.PIECEWISE_BEZIER_KNOTS.);
#15628 = CARTESIAN_POINT('',(4.5,7.));
#15629 = CARTESIAN_POINT('',(1.5,7.));
#15630 = ( GEOMETRIC_REPRESENTATION_CONTEXT(2) 
PARAMETRIC_REPRESENTATION_CONTEXT() REPRESENTATION_CONTEXT('2D SPACE',''
  ) );
#15631 = PCURVE('',#15632,#15637);
#15632 = PLANE('',#15633);
#15633 = AXIS2_PLACEMENT_3D('',#15634,#15635,#15636);
#15634 = CARTESIAN_POINT('',(37.,-73.,37.6));
#15635 = DIRECTION('',(1.,0.,-0.));
#15636 = DIRECTION('',(0.,0.,1.));
#15637 = DEFINITIONAL_REPRESENTATION('',(#15638),#15641);
#15638 = B_SPLINE_CURVE_WITH_KNOTS('',1,(#15639,#15640),.UNSPECIFIED.,
  .F.,.F.,(2,2),(-3.75,-0.75),.PIECEWISE_BEZIER_KNOTS.);
#15639 = CARTESIAN_POINT('',(3.,-5.));
#15640 = CARTESIAN_POINT('',(0.,-5.));
#15641 = ( GEOMETRIC_REPRESENTATION_CONTEXT(2) 
PARAMETRIC_REPRESENTATION_CONTEXT() REPRESENTATION_CONTEXT('2D SPACE',''
  ) );
#15642 = ADVANCED_FACE('',(#15643,#15691),#9534,.F.);
#15643 = FACE_BOUND('',#15644,.F.);
#15644 = EDGE_LOOP('',(#15645,#15668,#15669,#15670));
#15645 = ORIENTED_EDGE('',*,*,#15646,.F.);
#15646 = EDGE_CURVE('',#15416,#15647,#15649,.T.);
#15647 = VERTEX_POINT('',#15648);
#15648 = CARTESIAN_POINT('',(40.,-72.,36.1));
#15649 = SURFACE_CURVE('',#15650,(#15654,#15661),.PCURVE_S1.);
#15650 = LINE('',#15651,#15652);
#15651 = CARTESIAN_POINT('',(30.,-72.,36.1));
#15652 = VECTOR('',#15653,1.);
#15653 = DIRECTION('',(1.,0.,-0.));
#15654 = PCURVE('',#9534,#15655);
#15655 = DEFINITIONAL_REPRESENTATION('',(#15656),#15660);
#15656 = LINE('',#15657,#15658);
#15657 = CARTESIAN_POINT('',(0.,0.));
#15658 = VECTOR('',#15659,1.);
#15659 = DIRECTION('',(0.,1.));
#15660 = ( GEOMETRIC_REPRESENTATION_CONTEXT(2) 
PARAMETRIC_REPRESENTATION_CONTEXT() REPRESENTATION_CONTEXT('2D SPACE',''
  ) );
#15661 = PCURVE('',#15454,#15662);
#15662 = DEFINITIONAL_REPRESENTATION('',(#15663),#15667);
#15663 = LINE('',#15664,#15665);
#15664 = CARTESIAN_POINT('',(0.,0.));
#15665 = VECTOR('',#15666,1.);
#15666 = DIRECTION('',(1.,0.));
#15667 = ( GEOMETRIC_REPRESENTATION_CONTEXT(2) 
PARAMETRIC_REPRESENTATION_CONTEXT() REPRESENTATION_CONTEXT('2D SPACE',''
  ) );
#15668 = ORIENTED_EDGE('',*,*,#15415,.T.);
#15669 = ORIENTED_EDGE('',*,*,#9520,.T.);
#15670 = ORIENTED_EDGE('',*,*,#15671,.F.);
#15671 = EDGE_CURVE('',#15647,#9493,#15672,.T.);
#15672 = SURFACE_CURVE('',#15673,(#15677,#15684),.PCURVE_S1.);
#15673 = LINE('',#15674,#15675);
#15674 = CARTESIAN_POINT('',(40.,-72.,36.1));
#15675 = VECTOR('',#15676,1.);
#15676 = DIRECTION('',(0.,0.,1.));
#15677 = PCURVE('',#9534,#15678);
#15678 = DEFINITIONAL_REPRESENTATION('',(#15679),#15683);
#15679 = LINE('',#15680,#15681);
#15680 = CARTESIAN_POINT('',(0.,10.));
#15681 = VECTOR('',#15682,1.);
#15682 = DIRECTION('',(1.,0.));
#15683 = ( GEOMETRIC_REPRESENTATION_CONTEXT(2) 
PARAMETRIC_REPRESENTATION_CONTEXT() REPRESENTATION_CONTEXT('2D SPACE',''
  ) );
#15684 = PCURVE('',#9508,#15685);
#15685 = DEFINITIONAL_REPRESENTATION('',(#15686),#15690);
#15686 = LINE('',#15687,#15688);
#15687 = CARTESIAN_POINT('',(0.,0.));
#15688 = VECTOR('',#15689,1.);
#15689 = DIRECTION('',(1.,0.));
#15690 = ( GEOMETRIC_REPRESENTATION_CONTEXT(2) 
PARAMETRIC_REPRESENTATION_CONTEXT() REPRESENTATION_CONTEXT('2D SPACE',''
  ) );
#15691 = FACE_BOUND('',#15692,.F.);
#15692 = EDGE_LOOP('',(#15693,#15716,#15737,#15758));
#15693 = ORIENTED_EDGE('',*,*,#15694,.F.);
#15694 = EDGE_CURVE('',#15695,#15697,#15699,.T.);
#15695 = VERTEX_POINT('',#15696);
#15696 = CARTESIAN_POINT('',(33.,-72.,40.6));
#15697 = VERTEX_POINT('',#15698);
#15698 = CARTESIAN_POINT('',(37.,-72.,40.6));
#15699 = SURFACE_CURVE('',#15700,(#15704,#15710),.PCURVE_S1.);
#15700 = LINE('',#15701,#15702);
#15701 = CARTESIAN_POINT('',(31.5,-72.,40.6));
#15702 = VECTOR('',#15703,1.);
#15703 = DIRECTION('',(1.,0.,-0.));
#15704 = PCURVE('',#9534,#15705);
#15705 = DEFINITIONAL_REPRESENTATION('',(#15706),#15709);
#15706 = B_SPLINE_CURVE_WITH_KNOTS('',1,(#15707,#15708),.UNSPECIFIED.,
  .F.,.F.,(2,2),(1.5,5.5),.PIECEWISE_BEZIER_KNOTS.);
#15707 = CARTESIAN_POINT('',(4.5,3.));
#15708 = CARTESIAN_POINT('',(4.5,7.));
#15709 = ( GEOMETRIC_REPRESENTATION_CONTEXT(2) 
PARAMETRIC_REPRESENTATION_CONTEXT() REPRESENTATION_CONTEXT('2D SPACE',''
  ) );
#15710 = PCURVE('',#15556,#15711);
#15711 = DEFINITIONAL_REPRESENTATION('',(#15712),#15715);
#15712 = B_SPLINE_CURVE_WITH_KNOTS('',1,(#15713,#15714),.UNSPECIFIED.,
  .F.,.F.,(2,2),(1.5,5.5),.PIECEWISE_BEZIER_KNOTS.);
#15713 = CARTESIAN_POINT('',(0.,1.));
#15714 = CARTESIAN_POINT('',(4.,1.));
#15715 = ( GEOMETRIC_REPRESENTATION_CONTEXT(2) 
PARAMETRIC_REPRESENTATION_CONTEXT() REPRESENTATION_CONTEXT('2D SPACE',''
  ) );
#15716 = ORIENTED_EDGE('',*,*,#15717,.T.);
#15717 = EDGE_CURVE('',#15695,#15718,#15720,.T.);
#15718 = VERTEX_POINT('',#15719);
#15719 = CARTESIAN_POINT('',(33.,-72.,37.6));
#15720 = SURFACE_CURVE('',#15721,(#15725,#15731),.PCURVE_S1.);
#15721 = LINE('',#15722,#15723);
#15722 = CARTESIAN_POINT('',(33.,-72.,36.85));
#15723 = VECTOR('',#15724,1.);
#15724 = DIRECTION('',(-0.,0.,-1.));
#15725 = PCURVE('',#9534,#15726);
#15726 = DEFINITIONAL_REPRESENTATION('',(#15727),#15730);
#15727 = B_SPLINE_CURVE_WITH_KNOTS('',1,(#15728,#15729),.UNSPECIFIED.,
  .F.,.F.,(2,2),(-3.75,-0.75),.PIECEWISE_BEZIER_KNOTS.);
#15728 = CARTESIAN_POINT('',(4.5,3.));
#15729 = CARTESIAN_POINT('',(1.5,3.));
#15730 = ( GEOMETRIC_REPRESENTATION_CONTEXT(2) 
PARAMETRIC_REPRESENTATION_CONTEXT() REPRESENTATION_CONTEXT('2D SPACE',''
  ) );
#15731 = PCURVE('',#15582,#15732);
#15732 = DEFINITIONAL_REPRESENTATION('',(#15733),#15736);
#15733 = B_SPLINE_CURVE_WITH_KNOTS('',1,(#15734,#15735),.UNSPECIFIED.,
  .F.,.F.,(2,2),(-3.75,-0.75),.PIECEWISE_BEZIER_KNOTS.);
#15734 = CARTESIAN_POINT('',(3.,-1.));
#15735 = CARTESIAN_POINT('',(0.,-1.));
#15736 = ( GEOMETRIC_REPRESENTATION_CONTEXT(2) 
PARAMETRIC_REPRESENTATION_CONTEXT() REPRESENTATION_CONTEXT('2D SPACE',''
  ) );
#15737 = ORIENTED_EDGE('',*,*,#15738,.T.);
#15738 = EDGE_CURVE('',#15718,#15739,#15741,.T.);
#15739 = VERTEX_POINT('',#15740);
#15740 = CARTESIAN_POINT('',(37.,-72.,37.6));
#15741 = SURFACE_CURVE('',#15742,(#15746,#15752),.PCURVE_S1.);
#15742 = LINE('',#15743,#15744);
#15743 = CARTESIAN_POINT('',(31.5,-72.,37.6));
#15744 = VECTOR('',#15745,1.);
#15745 = DIRECTION('',(1.,0.,-0.));
#15746 = PCURVE('',#9534,#15747);
#15747 = DEFINITIONAL_REPRESENTATION('',(#15748),#15751);
#15748 = B_SPLINE_CURVE_WITH_KNOTS('',1,(#15749,#15750),.UNSPECIFIED.,
  .F.,.F.,(2,2),(1.5,5.5),.PIECEWISE_BEZIER_KNOTS.);
#15749 = CARTESIAN_POINT('',(1.5,3.));
#15750 = CARTESIAN_POINT('',(1.5,7.));
#15751 = ( GEOMETRIC_REPRESENTATION_CONTEXT(2) 
PARAMETRIC_REPRESENTATION_CONTEXT() REPRESENTATION_CONTEXT('2D SPACE',''
  ) );
#15752 = PCURVE('',#15608,#15753);
#15753 = DEFINITIONAL_REPRESENTATION('',(#15754),#15757);
#15754 = B_SPLINE_CURVE_WITH_KNOTS('',1,(#15755,#15756),.UNSPECIFIED.,
  .F.,.F.,(2,2),(1.5,5.5),.PIECEWISE_BEZIER_KNOTS.);
#15755 = CARTESIAN_POINT('',(0.,1.));
#15756 = CARTESIAN_POINT('',(4.,1.));
#15757 = ( GEOMETRIC_REPRESENTATION_CONTEXT(2) 
PARAMETRIC_REPRESENTATION_CONTEXT() REPRESENTATION_CONTEXT('2D SPACE',''
  ) );
#15758 = ORIENTED_EDGE('',*,*,#15759,.F.);
#15759 = EDGE_CURVE('',#15697,#15739,#15760,.T.);
#15760 = SURFACE_CURVE('',#15761,(#15765,#15771),.PCURVE_S1.);
#15761 = LINE('',#15762,#15763);
#15762 = CARTESIAN_POINT('',(37.,-72.,36.85));
#15763 = VECTOR('',#15764,1.);
#15764 = DIRECTION('',(-0.,0.,-1.));
#15765 = PCURVE('',#9534,#15766);
#15766 = DEFINITIONAL_REPRESENTATION('',(#15767),#15770);
#15767 = B_SPLINE_CURVE_WITH_KNOTS('',1,(#15768,#15769),.UNSPECIFIED.,
  .F.,.F.,(2,2),(-3.75,-0.75),.PIECEWISE_BEZIER_KNOTS.);
#15768 = CARTESIAN_POINT('',(4.5,7.));
#15769 = CARTESIAN_POINT('',(1.5,7.));
#15770 = ( GEOMETRIC_REPRESENTATION_CONTEXT(2) 
PARAMETRIC_REPRESENTATION_CONTEXT() REPRESENTATION_CONTEXT('2D SPACE',''
  ) );
#15771 = PCURVE('',#15632,#15772);
#15772 = DEFINITIONAL_REPRESENTATION('',(#15773),#15776);
#15773 = B_SPLINE_CURVE_WITH_KNOTS('',1,(#15774,#15775),.UNSPECIFIED.,
  .F.,.F.,(2,2),(-3.75,-0.75),.PIECEWISE_BEZIER_KNOTS.);
#15774 = CARTESIAN_POINT('',(3.,-1.));
#15775 = CARTESIAN_POINT('',(0.,-1.));
#15776 = ( GEOMETRIC_REPRESENTATION_CONTEXT(2) 
PARAMETRIC_REPRESENTATION_CONTEXT() REPRESENTATION_CONTEXT('2D SPACE',''
  ) );
#15777 = ADVANCED_FACE('',(#15778),#9508,.T.);
#15778 = FACE_BOUND('',#15779,.T.);
#15779 = EDGE_LOOP('',(#15780,#15781,#15802,#15803));
#15780 = ORIENTED_EDGE('',*,*,#15671,.F.);
#15781 = ORIENTED_EDGE('',*,*,#15782,.T.);
#15782 = EDGE_CURVE('',#15647,#15492,#15783,.T.);
#15783 = SURFACE_CURVE('',#15784,(#15788,#15795),.PCURVE_S1.);
#15784 = LINE('',#15785,#15786);
#15785 = CARTESIAN_POINT('',(40.,-72.,36.1));
#15786 = VECTOR('',#15787,1.);
#15787 = DIRECTION('',(-0.,1.,0.));
#15788 = PCURVE('',#9508,#15789);
#15789 = DEFINITIONAL_REPRESENTATION('',(#15790),#15794);
#15790 = LINE('',#15791,#15792);
#15791 = CARTESIAN_POINT('',(0.,0.));
#15792 = VECTOR('',#15793,1.);
#15793 = DIRECTION('',(0.,-1.));
#15794 = ( GEOMETRIC_REPRESENTATION_CONTEXT(2) 
PARAMETRIC_REPRESENTATION_CONTEXT() REPRESENTATION_CONTEXT('2D SPACE',''
  ) );
#15795 = PCURVE('',#15454,#15796);
#15796 = DEFINITIONAL_REPRESENTATION('',(#15797),#15801);
#15797 = LINE('',#15798,#15799);
#15798 = CARTESIAN_POINT('',(10.,0.));
#15799 = VECTOR('',#15800,1.);
#15800 = DIRECTION('',(0.,1.));
#15801 = ( GEOMETRIC_REPRESENTATION_CONTEXT(2) 
PARAMETRIC_REPRESENTATION_CONTEXT() REPRESENTATION_CONTEXT('2D SPACE',''
  ) );
#15802 = ORIENTED_EDGE('',*,*,#15516,.T.);
#15803 = ORIENTED_EDGE('',*,*,#9492,.F.);
#15804 = ADVANCED_FACE('',(#15805),#9565,.F.);
#15805 = FACE_BOUND('',#15806,.F.);
#15806 = EDGE_LOOP('',(#15807,#15808,#15829,#15830));
#15807 = ORIENTED_EDGE('',*,*,#11935,.F.);
#15808 = ORIENTED_EDGE('',*,*,#15809,.F.);
#15809 = EDGE_CURVE('',#9549,#11913,#15810,.T.);
#15810 = SEAM_CURVE('',#15811,(#15815,#15822),.PCURVE_S1.);
#15811 = LINE('',#15812,#15813);
#15812 = CARTESIAN_POINT('',(86.7,-111.5,41.1));
#15813 = VECTOR('',#15814,1.);
#15814 = DIRECTION('',(0.,0.,1.));
#15815 = PCURVE('',#9565,#15816);
#15816 = DEFINITIONAL_REPRESENTATION('',(#15817),#15821);
#15817 = LINE('',#15818,#15819);
#15818 = CARTESIAN_POINT('',(6.28318530718,-0.));
#15819 = VECTOR('',#15820,1.);
#15820 = DIRECTION('',(0.,1.));
#15821 = ( GEOMETRIC_REPRESENTATION_CONTEXT(2) 
PARAMETRIC_REPRESENTATION_CONTEXT() REPRESENTATION_CONTEXT('2D SPACE',''
  ) );
#15822 = PCURVE('',#9565,#15823);
#15823 = DEFINITIONAL_REPRESENTATION('',(#15824),#15828);
#15824 = LINE('',#15825,#15826);
#15825 = CARTESIAN_POINT('',(0.,-0.));
#15826 = VECTOR('',#15827,1.);
#15827 = DIRECTION('',(0.,1.));
#15828 = ( GEOMETRIC_REPRESENTATION_CONTEXT(2) 
PARAMETRIC_REPRESENTATION_CONTEXT() REPRESENTATION_CONTEXT('2D SPACE',''
  ) );
#15829 = ORIENTED_EDGE('',*,*,#9548,.T.);
#15830 = ORIENTED_EDGE('',*,*,#15809,.T.);
#15831 = ADVANCED_FACE('',(#15832),#9596,.T.);
#15832 = FACE_BOUND('',#15833,.T.);
#15833 = EDGE_LOOP('',(#15834,#15835,#15858,#15885));
#15834 = ORIENTED_EDGE('',*,*,#9579,.F.);
#15835 = ORIENTED_EDGE('',*,*,#15836,.F.);
#15836 = EDGE_CURVE('',#15837,#9580,#15839,.T.);
#15837 = VERTEX_POINT('',#15838);
#15838 = CARTESIAN_POINT('',(145.,-97.,9.2));
#15839 = SEAM_CURVE('',#15840,(#15844,#15851),.PCURVE_S1.);
#15840 = LINE('',#15841,#15842);
#15841 = CARTESIAN_POINT('',(145.,-97.,9.2));
#15842 = VECTOR('',#15843,1.);
#15843 = DIRECTION('',(0.,0.,1.));
#15844 = PCURVE('',#9596,#15845);
#15845 = DEFINITIONAL_REPRESENTATION('',(#15846),#15850);
#15846 = LINE('',#15847,#15848);
#15847 = CARTESIAN_POINT('',(6.28318530718,-0.));
#15848 = VECTOR('',#15849,1.);
#15849 = DIRECTION('',(0.,1.));
#15850 = ( GEOMETRIC_REPRESENTATION_CONTEXT(2) 
PARAMETRIC_REPRESENTATION_CONTEXT() REPRESENTATION_CONTEXT('2D SPACE',''
  ) );
#15851 = PCURVE('',#9596,#15852);
#15852 = DEFINITIONAL_REPRESENTATION('',(#15853),#15857);
#15853 = LINE('',#15854,#15855);
#15854 = CARTESIAN_POINT('',(0.,-0.));
#15855 = VECTOR('',#15856,1.);
#15856 = DIRECTION('',(0.,1.));
#15857 = ( GEOMETRIC_REPRESENTATION_CONTEXT(2) 
PARAMETRIC_REPRESENTATION_CONTEXT() REPRESENTATION_CONTEXT('2D SPACE',''
  ) );
#15858 = ORIENTED_EDGE('',*,*,#15859,.T.);
#15859 = EDGE_CURVE('',#15837,#15837,#15860,.T.);
#15860 = SURFACE_CURVE('',#15861,(#15866,#15873),.PCURVE_S1.);
#15861 = CIRCLE('',#15862,4.);
#15862 = AXIS2_PLACEMENT_3D('',#15863,#15864,#15865);
#15863 = CARTESIAN_POINT('',(141.,-97.,9.2));
#15864 = DIRECTION('',(0.,0.,1.));
#15865 = DIRECTION('',(1.,0.,-0.));
#15866 = PCURVE('',#9596,#15867);
#15867 = DEFINITIONAL_REPRESENTATION('',(#15868),#15872);
#15868 = LINE('',#15869,#15870);
#15869 = CARTESIAN_POINT('',(0.,0.));
#15870 = VECTOR('',#15871,1.);
#15871 = DIRECTION('',(1.,0.));
#15872 = ( GEOMETRIC_REPRESENTATION_CONTEXT(2) 
PARAMETRIC_REPRESENTATION_CONTEXT() REPRESENTATION_CONTEXT('2D SPACE',''
  ) );
#15873 = PCURVE('',#15874,#15879);
#15874 = PLANE('',#15875);
#15875 = AXIS2_PLACEMENT_3D('',#15876,#15877,#15878);
#15876 = CARTESIAN_POINT('',(141.,-97.,9.2));
#15877 = DIRECTION('',(0.,0.,1.));
#15878 = DIRECTION('',(1.,0.,-0.));
#15879 = DEFINITIONAL_REPRESENTATION('',(#15880),#15884);
#15880 = CIRCLE('',#15881,4.);
#15881 = AXIS2_PLACEMENT_2D('',#15882,#15883);
#15882 = CARTESIAN_POINT('',(0.,0.));
#15883 = DIRECTION('',(1.,0.));
#15884 = ( GEOMETRIC_REPRESENTATION_CONTEXT(2) 
PARAMETRIC_REPRESENTATION_CONTEXT() REPRESENTATION_CONTEXT('2D SPACE',''
  ) );
#15885 = ORIENTED_EDGE('',*,*,#15836,.T.);
#15886 = ADVANCED_FACE('',(#15887),#9714,.F.);
#15887 = FACE_BOUND('',#15888,.F.);
#15888 = EDGE_LOOP('',(#15889,#15912,#15940,#15961));
#15889 = ORIENTED_EDGE('',*,*,#15890,.F.);
#15890 = EDGE_CURVE('',#15891,#9697,#15893,.T.);
#15891 = VERTEX_POINT('',#15892);
#15892 = CARTESIAN_POINT('',(70.,-22.,36.1));
#15893 = SURFACE_CURVE('',#15894,(#15898,#15905),.PCURVE_S1.);
#15894 = LINE('',#15895,#15896);
#15895 = CARTESIAN_POINT('',(70.,-22.,36.1));
#15896 = VECTOR('',#15897,1.);
#15897 = DIRECTION('',(0.,0.,1.));
#15898 = PCURVE('',#9714,#15899);
#15899 = DEFINITIONAL_REPRESENTATION('',(#15900),#15904);
#15900 = LINE('',#15901,#15902);
#15901 = CARTESIAN_POINT('',(0.,0.));
#15902 = VECTOR('',#15903,1.);
#15903 = DIRECTION('',(1.,0.));
#15904 = ( GEOMETRIC_REPRESENTATION_CONTEXT(2) 
PARAMETRIC_REPRESENTATION_CONTEXT() REPRESENTATION_CONTEXT('2D SPACE',''
  ) );
#15905 = PCURVE('',#9796,#15906);
#15906 = DEFINITIONAL_REPRESENTATION('',(#15907),#15911);
#15907 = LINE('',#15908,#15909);
#15908 = CARTESIAN_POINT('',(0.,0.));
#15909 = VECTOR('',#15910,1.);
#15910 = DIRECTION('',(1.,0.));
#15911 = ( GEOMETRIC_REPRESENTATION_CONTEXT(2) 
PARAMETRIC_REPRESENTATION_CONTEXT() REPRESENTATION_CONTEXT('2D SPACE',''
  ) );
#15912 = ORIENTED_EDGE('',*,*,#15913,.T.);
#15913 = EDGE_CURVE('',#15891,#15914,#15916,.T.);
#15914 = VERTEX_POINT('',#15915);
#15915 = CARTESIAN_POINT('',(70.,-18.,36.1));
#15916 = SURFACE_CURVE('',#15917,(#15921,#15928),.PCURVE_S1.);
#15917 = LINE('',#15918,#15919);
#15918 = CARTESIAN_POINT('',(70.,-22.,36.1));
#15919 = VECTOR('',#15920,1.);
#15920 = DIRECTION('',(-0.,1.,0.));
#15921 = PCURVE('',#9714,#15922);
#15922 = DEFINITIONAL_REPRESENTATION('',(#15923),#15927);
#15923 = LINE('',#15924,#15925);
#15924 = CARTESIAN_POINT('',(0.,0.));
#15925 = VECTOR('',#15926,1.);
#15926 = DIRECTION('',(0.,-1.));
#15927 = ( GEOMETRIC_REPRESENTATION_CONTEXT(2) 
PARAMETRIC_REPRESENTATION_CONTEXT() REPRESENTATION_CONTEXT('2D SPACE',''
  ) );
#15928 = PCURVE('',#15929,#15934);
#15929 = PLANE('',#15930);
#15930 = AXIS2_PLACEMENT_3D('',#15931,#15932,#15933);
#15931 = CARTESIAN_POINT('',(70.,-22.,36.1));
#15932 = DIRECTION('',(0.,0.,1.));
#15933 = DIRECTION('',(1.,0.,-0.));
#15934 = DEFINITIONAL_REPRESENTATION('',(#15935),#15939);
#15935 = LINE('',#15936,#15937);
#15936 = CARTESIAN_POINT('',(0.,0.));
#15937 = VECTOR('',#15938,1.);
#15938 = DIRECTION('',(0.,1.));
#15939 = ( GEOMETRIC_REPRESENTATION_CONTEXT(2) 
PARAMETRIC_REPRESENTATION_CONTEXT() REPRESENTATION_CONTEXT('2D SPACE',''
  ) );
#15940 = ORIENTED_EDGE('',*,*,#15941,.T.);
#15941 = EDGE_CURVE('',#15914,#9699,#15942,.T.);
#15942 = SURFACE_CURVE('',#15943,(#15947,#15954),.PCURVE_S1.);
#15943 = LINE('',#15944,#15945);
#15944 = CARTESIAN_POINT('',(70.,-18.,36.1));
#15945 = VECTOR('',#15946,1.);
#15946 = DIRECTION('',(0.,0.,1.));
#15947 = PCURVE('',#9714,#15948);
#15948 = DEFINITIONAL_REPRESENTATION('',(#15949),#15953);
#15949 = LINE('',#15950,#15951);
#15950 = CARTESIAN_POINT('',(0.,-4.));
#15951 = VECTOR('',#15952,1.);
#15952 = DIRECTION('',(1.,0.));
#15953 = ( GEOMETRIC_REPRESENTATION_CONTEXT(2) 
PARAMETRIC_REPRESENTATION_CONTEXT() REPRESENTATION_CONTEXT('2D SPACE',''
  ) );
#15954 = PCURVE('',#9742,#15955);
#15955 = DEFINITIONAL_REPRESENTATION('',(#15956),#15960);
#15956 = LINE('',#15957,#15958);
#15957 = CARTESIAN_POINT('',(0.,0.));
#15958 = VECTOR('',#15959,1.);
#15959 = DIRECTION('',(1.,0.));
#15960 = ( GEOMETRIC_REPRESENTATION_CONTEXT(2) 
PARAMETRIC_REPRESENTATION_CONTEXT() REPRESENTATION_CONTEXT('2D SPACE',''
  ) );
#15961 = ORIENTED_EDGE('',*,*,#9696,.F.);
#15962 = ADVANCED_FACE('',(#15963,#16011),#9796,.F.);
#15963 = FACE_BOUND('',#15964,.F.);
#15964 = EDGE_LOOP('',(#15965,#15988,#15989,#15990));
#15965 = ORIENTED_EDGE('',*,*,#15966,.F.);
#15966 = EDGE_CURVE('',#15891,#15967,#15969,.T.);
#15967 = VERTEX_POINT('',#15968);
#15968 = CARTESIAN_POINT('',(80.,-22.,36.1));
#15969 = SURFACE_CURVE('',#15970,(#15974,#15981),.PCURVE_S1.);
#15970 = LINE('',#15971,#15972);
#15971 = CARTESIAN_POINT('',(70.,-22.,36.1));
#15972 = VECTOR('',#15973,1.);
#15973 = DIRECTION('',(1.,0.,-0.));
#15974 = PCURVE('',#9796,#15975);
#15975 = DEFINITIONAL_REPRESENTATION('',(#15976),#15980);
#15976 = LINE('',#15977,#15978);
#15977 = CARTESIAN_POINT('',(0.,0.));
#15978 = VECTOR('',#15979,1.);
#15979 = DIRECTION('',(0.,1.));
#15980 = ( GEOMETRIC_REPRESENTATION_CONTEXT(2) 
PARAMETRIC_REPRESENTATION_CONTEXT() REPRESENTATION_CONTEXT('2D SPACE',''
  ) );
#15981 = PCURVE('',#15929,#15982);
#15982 = DEFINITIONAL_REPRESENTATION('',(#15983),#15987);
#15983 = LINE('',#15984,#15985);
#15984 = CARTESIAN_POINT('',(0.,0.));
#15985 = VECTOR('',#15986,1.);
#15986 = DIRECTION('',(1.,0.));
#15987 = ( GEOMETRIC_REPRESENTATION_CONTEXT(2) 
PARAMETRIC_REPRESENTATION_CONTEXT() REPRESENTATION_CONTEXT('2D SPACE',''
  ) );
#15988 = ORIENTED_EDGE('',*,*,#15890,.T.);
#15989 = ORIENTED_EDGE('',*,*,#9782,.T.);
#15990 = ORIENTED_EDGE('',*,*,#15991,.F.);
#15991 = EDGE_CURVE('',#15967,#9755,#15992,.T.);
#15992 = SURFACE_CURVE('',#15993,(#15997,#16004),.PCURVE_S1.);
#15993 = LINE('',#15994,#15995);
#15994 = CARTESIAN_POINT('',(80.,-22.,36.1));
#15995 = VECTOR('',#15996,1.);
#15996 = DIRECTION('',(0.,0.,1.));
#15997 = PCURVE('',#9796,#15998);
#15998 = DEFINITIONAL_REPRESENTATION('',(#15999),#16003);
#15999 = LINE('',#16000,#16001);
#16000 = CARTESIAN_POINT('',(0.,10.));
#16001 = VECTOR('',#16002,1.);
#16002 = DIRECTION('',(1.,0.));
#16003 = ( GEOMETRIC_REPRESENTATION_CONTEXT(2) 
PARAMETRIC_REPRESENTATION_CONTEXT() REPRESENTATION_CONTEXT('2D SPACE',''
  ) );
#16004 = PCURVE('',#9770,#16005);
#16005 = DEFINITIONAL_REPRESENTATION('',(#16006),#16010);
#16006 = LINE('',#16007,#16008);
#16007 = CARTESIAN_POINT('',(0.,0.));
#16008 = VECTOR('',#16009,1.);
#16009 = DIRECTION('',(1.,0.));
#16010 = ( GEOMETRIC_REPRESENTATION_CONTEXT(2) 
PARAMETRIC_REPRESENTATION_CONTEXT() REPRESENTATION_CONTEXT('2D SPACE',''
  ) );
#16011 = FACE_BOUND('',#16012,.F.);
#16012 = EDGE_LOOP('',(#16013,#16041,#16067,#16093));
#16013 = ORIENTED_EDGE('',*,*,#16014,.F.);
#16014 = EDGE_CURVE('',#16015,#16017,#16019,.T.);
#16015 = VERTEX_POINT('',#16016);
#16016 = CARTESIAN_POINT('',(73.,-22.,40.6));
#16017 = VERTEX_POINT('',#16018);
#16018 = CARTESIAN_POINT('',(77.,-22.,40.6));
#16019 = SURFACE_CURVE('',#16020,(#16024,#16030),.PCURVE_S1.);
#16020 = LINE('',#16021,#16022);
#16021 = CARTESIAN_POINT('',(71.5,-22.,40.6));
#16022 = VECTOR('',#16023,1.);
#16023 = DIRECTION('',(1.,0.,-0.));
#16024 = PCURVE('',#9796,#16025);
#16025 = DEFINITIONAL_REPRESENTATION('',(#16026),#16029);
#16026 = B_SPLINE_CURVE_WITH_KNOTS('',1,(#16027,#16028),.UNSPECIFIED.,
  .F.,.F.,(2,2),(1.5,5.5),.PIECEWISE_BEZIER_KNOTS.);
#16027 = CARTESIAN_POINT('',(4.5,3.));
#16028 = CARTESIAN_POINT('',(4.5,7.));
#16029 = ( GEOMETRIC_REPRESENTATION_CONTEXT(2) 
PARAMETRIC_REPRESENTATION_CONTEXT() REPRESENTATION_CONTEXT('2D SPACE',''
  ) );
#16030 = PCURVE('',#16031,#16036);
#16031 = PLANE('',#16032);
#16032 = AXIS2_PLACEMENT_3D('',#16033,#16034,#16035);
#16033 = CARTESIAN_POINT('',(73.,-23.,40.6));
#16034 = DIRECTION('',(0.,0.,1.));
#16035 = DIRECTION('',(1.,0.,-0.));
#16036 = DEFINITIONAL_REPRESENTATION('',(#16037),#16040);
#16037 = B_SPLINE_CURVE_WITH_KNOTS('',1,(#16038,#16039),.UNSPECIFIED.,
  .F.,.F.,(2,2),(1.5,5.5),.PIECEWISE_BEZIER_KNOTS.);
#16038 = CARTESIAN_POINT('',(0.,1.));
#16039 = CARTESIAN_POINT('',(4.,1.));
#16040 = ( GEOMETRIC_REPRESENTATION_CONTEXT(2) 
PARAMETRIC_REPRESENTATION_CONTEXT() REPRESENTATION_CONTEXT('2D SPACE',''
  ) );
#16041 = ORIENTED_EDGE('',*,*,#16042,.T.);
#16042 = EDGE_CURVE('',#16015,#16043,#16045,.T.);
#16043 = VERTEX_POINT('',#16044);
#16044 = CARTESIAN_POINT('',(73.,-22.,37.6));
#16045 = SURFACE_CURVE('',#16046,(#16050,#16056),.PCURVE_S1.);
#16046 = LINE('',#16047,#16048);
#16047 = CARTESIAN_POINT('',(73.,-22.,36.85));
#16048 = VECTOR('',#16049,1.);
#16049 = DIRECTION('',(-0.,0.,-1.));
#16050 = PCURVE('',#9796,#16051);
#16051 = DEFINITIONAL_REPRESENTATION('',(#16052),#16055);
#16052 = B_SPLINE_CURVE_WITH_KNOTS('',1,(#16053,#16054),.UNSPECIFIED.,
  .F.,.F.,(2,2),(-3.75,-0.75),.PIECEWISE_BEZIER_KNOTS.);
#16053 = CARTESIAN_POINT('',(4.5,3.));
#16054 = CARTESIAN_POINT('',(1.5,3.));
#16055 = ( GEOMETRIC_REPRESENTATION_CONTEXT(2) 
PARAMETRIC_REPRESENTATION_CONTEXT() REPRESENTATION_CONTEXT('2D SPACE',''
  ) );
#16056 = PCURVE('',#16057,#16062);
#16057 = PLANE('',#16058);
#16058 = AXIS2_PLACEMENT_3D('',#16059,#16060,#16061);
#16059 = CARTESIAN_POINT('',(73.,-23.,37.6));
#16060 = DIRECTION('',(1.,0.,-0.));
#16061 = DIRECTION('',(0.,0.,1.));
#16062 = DEFINITIONAL_REPRESENTATION('',(#16063),#16066);
#16063 = B_SPLINE_CURVE_WITH_KNOTS('',1,(#16064,#16065),.UNSPECIFIED.,
  .F.,.F.,(2,2),(-3.75,-0.75),.PIECEWISE_BEZIER_KNOTS.);
#16064 = CARTESIAN_POINT('',(3.,-1.));
#16065 = CARTESIAN_POINT('',(0.,-1.));
#16066 = ( GEOMETRIC_REPRESENTATION_CONTEXT(2) 
PARAMETRIC_REPRESENTATION_CONTEXT() REPRESENTATION_CONTEXT('2D SPACE',''
  ) );
#16067 = ORIENTED_EDGE('',*,*,#16068,.T.);
#16068 = EDGE_CURVE('',#16043,#16069,#16071,.T.);
#16069 = VERTEX_POINT('',#16070);
#16070 = CARTESIAN_POINT('',(77.,-22.,37.6));
#16071 = SURFACE_CURVE('',#16072,(#16076,#16082),.PCURVE_S1.);
#16072 = LINE('',#16073,#16074);
#16073 = CARTESIAN_POINT('',(71.5,-22.,37.6));
#16074 = VECTOR('',#16075,1.);
#16075 = DIRECTION('',(1.,0.,-0.));
#16076 = PCURVE('',#9796,#16077);
#16077 = DEFINITIONAL_REPRESENTATION('',(#16078),#16081);
#16078 = B_SPLINE_CURVE_WITH_KNOTS('',1,(#16079,#16080),.UNSPECIFIED.,
  .F.,.F.,(2,2),(1.5,5.5),.PIECEWISE_BEZIER_KNOTS.);
#16079 = CARTESIAN_POINT('',(1.5,3.));
#16080 = CARTESIAN_POINT('',(1.5,7.));
#16081 = ( GEOMETRIC_REPRESENTATION_CONTEXT(2) 
PARAMETRIC_REPRESENTATION_CONTEXT() REPRESENTATION_CONTEXT('2D SPACE',''
  ) );
#16082 = PCURVE('',#16083,#16088);
#16083 = PLANE('',#16084);
#16084 = AXIS2_PLACEMENT_3D('',#16085,#16086,#16087);
#16085 = CARTESIAN_POINT('',(73.,-23.,37.6));
#16086 = DIRECTION('',(0.,0.,1.));
#16087 = DIRECTION('',(1.,0.,-0.));
#16088 = DEFINITIONAL_REPRESENTATION('',(#16089),#16092);
#16089 = B_SPLINE_CURVE_WITH_KNOTS('',1,(#16090,#16091),.UNSPECIFIED.,
  .F.,.F.,(2,2),(1.5,5.5),.PIECEWISE_BEZIER_KNOTS.);
#16090 = CARTESIAN_POINT('',(0.,1.));
#16091 = CARTESIAN_POINT('',(4.,1.));
#16092 = ( GEOMETRIC_REPRESENTATION_CONTEXT(2) 
PARAMETRIC_REPRESENTATION_CONTEXT() REPRESENTATION_CONTEXT('2D SPACE',''
  ) );
#16093 = ORIENTED_EDGE('',*,*,#16094,.F.);
#16094 = EDGE_CURVE('',#16017,#16069,#16095,.T.);
#16095 = SURFACE_CURVE('',#16096,(#16100,#16106),.PCURVE_S1.);
#16096 = LINE('',#16097,#16098);
#16097 = CARTESIAN_POINT('',(77.,-22.,36.85));
#16098 = VECTOR('',#16099,1.);
#16099 = DIRECTION('',(-0.,0.,-1.));
#16100 = PCURVE('',#9796,#16101);
#16101 = DEFINITIONAL_REPRESENTATION('',(#16102),#16105);
#16102 = B_SPLINE_CURVE_WITH_KNOTS('',1,(#16103,#16104),.UNSPECIFIED.,
  .F.,.F.,(2,2),(-3.75,-0.75),.PIECEWISE_BEZIER_KNOTS.);
#16103 = CARTESIAN_POINT('',(4.5,7.));
#16104 = CARTESIAN_POINT('',(1.5,7.));
#16105 = ( GEOMETRIC_REPRESENTATION_CONTEXT(2) 
PARAMETRIC_REPRESENTATION_CONTEXT() REPRESENTATION_CONTEXT('2D SPACE',''
  ) );
#16106 = PCURVE('',#16107,#16112);
#16107 = PLANE('',#16108);
#16108 = AXIS2_PLACEMENT_3D('',#16109,#16110,#16111);
#16109 = CARTESIAN_POINT('',(77.,-23.,37.6));
#16110 = DIRECTION('',(1.,0.,-0.));
#16111 = DIRECTION('',(0.,0.,1.));
#16112 = DEFINITIONAL_REPRESENTATION('',(#16113),#16116);
#16113 = B_SPLINE_CURVE_WITH_KNOTS('',1,(#16114,#16115),.UNSPECIFIED.,
  .F.,.F.,(2,2),(-3.75,-0.75),.PIECEWISE_BEZIER_KNOTS.);
#16114 = CARTESIAN_POINT('',(3.,-1.));
#16115 = CARTESIAN_POINT('',(0.,-1.));
#16116 = ( GEOMETRIC_REPRESENTATION_CONTEXT(2) 
PARAMETRIC_REPRESENTATION_CONTEXT() REPRESENTATION_CONTEXT('2D SPACE',''
  ) );
#16117 = ADVANCED_FACE('',(#16118),#9770,.T.);
#16118 = FACE_BOUND('',#16119,.T.);
#16119 = EDGE_LOOP('',(#16120,#16121,#16144,#16165));
#16120 = ORIENTED_EDGE('',*,*,#15991,.F.);
#16121 = ORIENTED_EDGE('',*,*,#16122,.T.);
#16122 = EDGE_CURVE('',#15967,#16123,#16125,.T.);
#16123 = VERTEX_POINT('',#16124);
#16124 = CARTESIAN_POINT('',(80.,-18.,36.1));
#16125 = SURFACE_CURVE('',#16126,(#16130,#16137),.PCURVE_S1.);
#16126 = LINE('',#16127,#16128);
#16127 = CARTESIAN_POINT('',(80.,-22.,36.1));
#16128 = VECTOR('',#16129,1.);
#16129 = DIRECTION('',(-0.,1.,0.));
#16130 = PCURVE('',#9770,#16131);
#16131 = DEFINITIONAL_REPRESENTATION('',(#16132),#16136);
#16132 = LINE('',#16133,#16134);
#16133 = CARTESIAN_POINT('',(0.,0.));
#16134 = VECTOR('',#16135,1.);
#16135 = DIRECTION('',(0.,-1.));
#16136 = ( GEOMETRIC_REPRESENTATION_CONTEXT(2) 
PARAMETRIC_REPRESENTATION_CONTEXT() REPRESENTATION_CONTEXT('2D SPACE',''
  ) );
#16137 = PCURVE('',#15929,#16138);
#16138 = DEFINITIONAL_REPRESENTATION('',(#16139),#16143);
#16139 = LINE('',#16140,#16141);
#16140 = CARTESIAN_POINT('',(10.,0.));
#16141 = VECTOR('',#16142,1.);
#16142 = DIRECTION('',(0.,1.));
#16143 = ( GEOMETRIC_REPRESENTATION_CONTEXT(2) 
PARAMETRIC_REPRESENTATION_CONTEXT() REPRESENTATION_CONTEXT('2D SPACE',''
  ) );
#16144 = ORIENTED_EDGE('',*,*,#16145,.T.);
#16145 = EDGE_CURVE('',#16123,#9727,#16146,.T.);
#16146 = SURFACE_CURVE('',#16147,(#16151,#16158),.PCURVE_S1.);
#16147 = LINE('',#16148,#16149);
#16148 = CARTESIAN_POINT('',(80.,-18.,36.1));
#16149 = VECTOR('',#16150,1.);
#16150 = DIRECTION('',(0.,0.,1.));
#16151 = PCURVE('',#9770,#16152);
#16152 = DEFINITIONAL_REPRESENTATION('',(#16153),#16157);
#16153 = LINE('',#16154,#16155);
#16154 = CARTESIAN_POINT('',(0.,-4.));
#16155 = VECTOR('',#16156,1.);
#16156 = DIRECTION('',(1.,0.));
#16157 = ( GEOMETRIC_REPRESENTATION_CONTEXT(2) 
PARAMETRIC_REPRESENTATION_CONTEXT() REPRESENTATION_CONTEXT('2D SPACE',''
  ) );
#16158 = PCURVE('',#9742,#16159);
#16159 = DEFINITIONAL_REPRESENTATION('',(#16160),#16164);
#16160 = LINE('',#16161,#16162);
#16161 = CARTESIAN_POINT('',(0.,10.));
#16162 = VECTOR('',#16163,1.);
#16163 = DIRECTION('',(1.,0.));
#16164 = ( GEOMETRIC_REPRESENTATION_CONTEXT(2) 
PARAMETRIC_REPRESENTATION_CONTEXT() REPRESENTATION_CONTEXT('2D SPACE',''
  ) );
#16165 = ORIENTED_EDGE('',*,*,#9754,.F.);
#16166 = ADVANCED_FACE('',(#16167,#16193),#9742,.T.);
#16167 = FACE_BOUND('',#16168,.T.);
#16168 = EDGE_LOOP('',(#16169,#16190,#16191,#16192));
#16169 = ORIENTED_EDGE('',*,*,#16170,.F.);
#16170 = EDGE_CURVE('',#15914,#16123,#16171,.T.);
#16171 = SURFACE_CURVE('',#16172,(#16176,#16183),.PCURVE_S1.);
#16172 = LINE('',#16173,#16174);
#16173 = CARTESIAN_POINT('',(70.,-18.,36.1));
#16174 = VECTOR('',#16175,1.);
#16175 = DIRECTION('',(1.,0.,-0.));
#16176 = PCURVE('',#9742,#16177);
#16177 = DEFINITIONAL_REPRESENTATION('',(#16178),#16182);
#16178 = LINE('',#16179,#16180);
#16179 = CARTESIAN_POINT('',(0.,0.));
#16180 = VECTOR('',#16181,1.);
#16181 = DIRECTION('',(0.,1.));
#16182 = ( GEOMETRIC_REPRESENTATION_CONTEXT(2) 
PARAMETRIC_REPRESENTATION_CONTEXT() REPRESENTATION_CONTEXT('2D SPACE',''
  ) );
#16183 = PCURVE('',#15929,#16184);
#16184 = DEFINITIONAL_REPRESENTATION('',(#16185),#16189);
#16185 = LINE('',#16186,#16187);
#16186 = CARTESIAN_POINT('',(0.,4.));
#16187 = VECTOR('',#16188,1.);
#16188 = DIRECTION('',(1.,0.));
#16189 = ( GEOMETRIC_REPRESENTATION_CONTEXT(2) 
PARAMETRIC_REPRESENTATION_CONTEXT() REPRESENTATION_CONTEXT('2D SPACE',''
  ) );
#16190 = ORIENTED_EDGE('',*,*,#15941,.T.);
#16191 = ORIENTED_EDGE('',*,*,#9726,.T.);
#16192 = ORIENTED_EDGE('',*,*,#16145,.F.);
#16193 = FACE_BOUND('',#16194,.T.);
#16194 = EDGE_LOOP('',(#16195,#16218,#16239,#16260));
#16195 = ORIENTED_EDGE('',*,*,#16196,.F.);
#16196 = EDGE_CURVE('',#16197,#16199,#16201,.T.);
#16197 = VERTEX_POINT('',#16198);
#16198 = CARTESIAN_POINT('',(73.,-18.,40.6));
#16199 = VERTEX_POINT('',#16200);
#16200 = CARTESIAN_POINT('',(77.,-18.,40.6));
#16201 = SURFACE_CURVE('',#16202,(#16206,#16212),.PCURVE_S1.);
#16202 = LINE('',#16203,#16204);
#16203 = CARTESIAN_POINT('',(71.5,-18.,40.6));
#16204 = VECTOR('',#16205,1.);
#16205 = DIRECTION('',(1.,0.,-0.));
#16206 = PCURVE('',#9742,#16207);
#16207 = DEFINITIONAL_REPRESENTATION('',(#16208),#16211);
#16208 = B_SPLINE_CURVE_WITH_KNOTS('',1,(#16209,#16210),.UNSPECIFIED.,
  .F.,.F.,(2,2),(1.5,5.5),.PIECEWISE_BEZIER_KNOTS.);
#16209 = CARTESIAN_POINT('',(4.5,3.));
#16210 = CARTESIAN_POINT('',(4.5,7.));
#16211 = ( GEOMETRIC_REPRESENTATION_CONTEXT(2) 
PARAMETRIC_REPRESENTATION_CONTEXT() REPRESENTATION_CONTEXT('2D SPACE',''
  ) );
#16212 = PCURVE('',#16031,#16213);
#16213 = DEFINITIONAL_REPRESENTATION('',(#16214),#16217);
#16214 = B_SPLINE_CURVE_WITH_KNOTS('',1,(#16215,#16216),.UNSPECIFIED.,
  .F.,.F.,(2,2),(1.5,5.5),.PIECEWISE_BEZIER_KNOTS.);
#16215 = CARTESIAN_POINT('',(0.,5.));
#16216 = CARTESIAN_POINT('',(4.,5.));
#16217 = ( GEOMETRIC_REPRESENTATION_CONTEXT(2) 
PARAMETRIC_REPRESENTATION_CONTEXT() REPRESENTATION_CONTEXT('2D SPACE',''
  ) );
#16218 = ORIENTED_EDGE('',*,*,#16219,.T.);
#16219 = EDGE_CURVE('',#16197,#16220,#16222,.T.);
#16220 = VERTEX_POINT('',#16221);
#16221 = CARTESIAN_POINT('',(73.,-18.,37.6));
#16222 = SURFACE_CURVE('',#16223,(#16227,#16233),.PCURVE_S1.);
#16223 = LINE('',#16224,#16225);
#16224 = CARTESIAN_POINT('',(73.,-18.,36.85));
#16225 = VECTOR('',#16226,1.);
#16226 = DIRECTION('',(-0.,0.,-1.));
#16227 = PCURVE('',#9742,#16228);
#16228 = DEFINITIONAL_REPRESENTATION('',(#16229),#16232);
#16229 = B_SPLINE_CURVE_WITH_KNOTS('',1,(#16230,#16231),.UNSPECIFIED.,
  .F.,.F.,(2,2),(-3.75,-0.75),.PIECEWISE_BEZIER_KNOTS.);
#16230 = CARTESIAN_POINT('',(4.5,3.));
#16231 = CARTESIAN_POINT('',(1.5,3.));
#16232 = ( GEOMETRIC_REPRESENTATION_CONTEXT(2) 
PARAMETRIC_REPRESENTATION_CONTEXT() REPRESENTATION_CONTEXT('2D SPACE',''
  ) );
#16233 = PCURVE('',#16057,#16234);
#16234 = DEFINITIONAL_REPRESENTATION('',(#16235),#16238);
#16235 = B_SPLINE_CURVE_WITH_KNOTS('',1,(#16236,#16237),.UNSPECIFIED.,
  .F.,.F.,(2,2),(-3.75,-0.75),.PIECEWISE_BEZIER_KNOTS.);
#16236 = CARTESIAN_POINT('',(3.,-5.));
#16237 = CARTESIAN_POINT('',(0.,-5.));
#16238 = ( GEOMETRIC_REPRESENTATION_CONTEXT(2) 
PARAMETRIC_REPRESENTATION_CONTEXT() REPRESENTATION_CONTEXT('2D SPACE',''
  ) );
#16239 = ORIENTED_EDGE('',*,*,#16240,.T.);
#16240 = EDGE_CURVE('',#16220,#16241,#16243,.T.);
#16241 = VERTEX_POINT('',#16242);
#16242 = CARTESIAN_POINT('',(77.,-18.,37.6));
#16243 = SURFACE_CURVE('',#16244,(#16248,#16254),.PCURVE_S1.);
#16244 = LINE('',#16245,#16246);
#16245 = CARTESIAN_POINT('',(71.5,-18.,37.6));
#16246 = VECTOR('',#16247,1.);
#16247 = DIRECTION('',(1.,0.,-0.));
#16248 = PCURVE('',#9742,#16249);
#16249 = DEFINITIONAL_REPRESENTATION('',(#16250),#16253);
#16250 = B_SPLINE_CURVE_WITH_KNOTS('',1,(#16251,#16252),.UNSPECIFIED.,
  .F.,.F.,(2,2),(1.5,5.5),.PIECEWISE_BEZIER_KNOTS.);
#16251 = CARTESIAN_POINT('',(1.5,3.));
#16252 = CARTESIAN_POINT('',(1.5,7.));
#16253 = ( GEOMETRIC_REPRESENTATION_CONTEXT(2) 
PARAMETRIC_REPRESENTATION_CONTEXT() REPRESENTATION_CONTEXT('2D SPACE',''
  ) );
#16254 = PCURVE('',#16083,#16255);
#16255 = DEFINITIONAL_REPRESENTATION('',(#16256),#16259);
#16256 = B_SPLINE_CURVE_WITH_KNOTS('',1,(#16257,#16258),.UNSPECIFIED.,
  .F.,.F.,(2,2),(1.5,5.5),.PIECEWISE_BEZIER_KNOTS.);
#16257 = CARTESIAN_POINT('',(0.,5.));
#16258 = CARTESIAN_POINT('',(4.,5.));
#16259 = ( GEOMETRIC_REPRESENTATION_CONTEXT(2) 
PARAMETRIC_REPRESENTATION_CONTEXT() REPRESENTATION_CONTEXT('2D SPACE',''
  ) );
#16260 = ORIENTED_EDGE('',*,*,#16261,.F.);
#16261 = EDGE_CURVE('',#16199,#16241,#16262,.T.);
#16262 = SURFACE_CURVE('',#16263,(#16267,#16273),.PCURVE_S1.);
#16263 = LINE('',#16264,#16265);
#16264 = CARTESIAN_POINT('',(77.,-18.,36.85));
#16265 = VECTOR('',#16266,1.);
#16266 = DIRECTION('',(-0.,0.,-1.));
#16267 = PCURVE('',#9742,#16268);
#16268 = DEFINITIONAL_REPRESENTATION('',(#16269),#16272);
#16269 = B_SPLINE_CURVE_WITH_KNOTS('',1,(#16270,#16271),.UNSPECIFIED.,
  .F.,.F.,(2,2),(-3.75,-0.75),.PIECEWISE_BEZIER_KNOTS.);
#16270 = CARTESIAN_POINT('',(4.5,7.));
#16271 = CARTESIAN_POINT('',(1.5,7.));
#16272 = ( GEOMETRIC_REPRESENTATION_CONTEXT(2) 
PARAMETRIC_REPRESENTATION_CONTEXT() REPRESENTATION_CONTEXT('2D SPACE',''
  ) );
#16273 = PCURVE('',#16107,#16274);
#16274 = DEFINITIONAL_REPRESENTATION('',(#16275),#16278);
#16275 = B_SPLINE_CURVE_WITH_KNOTS('',1,(#16276,#16277),.UNSPECIFIED.,
  .F.,.F.,(2,2),(-3.75,-0.75),.PIECEWISE_BEZIER_KNOTS.);
#16276 = CARTESIAN_POINT('',(3.,-5.));
#16277 = CARTESIAN_POINT('',(0.,-5.));
#16278 = ( GEOMETRIC_REPRESENTATION_CONTEXT(2) 
PARAMETRIC_REPRESENTATION_CONTEXT() REPRESENTATION_CONTEXT('2D SPACE',''
  ) );
#16279 = ADVANCED_FACE('',(#16280),#9827,.F.);
#16280 = FACE_BOUND('',#16281,.F.);
#16281 = EDGE_LOOP('',(#16282,#16283,#16304,#16305));
#16282 = ORIENTED_EDGE('',*,*,#12093,.F.);
#16283 = ORIENTED_EDGE('',*,*,#16284,.F.);
#16284 = EDGE_CURVE('',#9811,#12071,#16285,.T.);
#16285 = SEAM_CURVE('',#16286,(#16290,#16297),.PCURVE_S1.);
#16286 = LINE('',#16287,#16288);
#16287 = CARTESIAN_POINT('',(-147.7,-4.163799117101E-16,41.1));
#16288 = VECTOR('',#16289,1.);
#16289 = DIRECTION('',(0.,0.,1.));
#16290 = PCURVE('',#9827,#16291);
#16291 = DEFINITIONAL_REPRESENTATION('',(#16292),#16296);
#16292 = LINE('',#16293,#16294);
#16293 = CARTESIAN_POINT('',(6.28318530718,-0.));
#16294 = VECTOR('',#16295,1.);
#16295 = DIRECTION('',(0.,1.));
#16296 = ( GEOMETRIC_REPRESENTATION_CONTEXT(2) 
PARAMETRIC_REPRESENTATION_CONTEXT() REPRESENTATION_CONTEXT('2D SPACE',''
  ) );
#16297 = PCURVE('',#9827,#16298);
#16298 = DEFINITIONAL_REPRESENTATION('',(#16299),#16303);
#16299 = LINE('',#16300,#16301);
#16300 = CARTESIAN_POINT('',(0.,-0.));
#16301 = VECTOR('',#16302,1.);
#16302 = DIRECTION('',(0.,1.));
#16303 = ( GEOMETRIC_REPRESENTATION_CONTEXT(2) 
PARAMETRIC_REPRESENTATION_CONTEXT() REPRESENTATION_CONTEXT('2D SPACE',''
  ) );
#16304 = ORIENTED_EDGE('',*,*,#9810,.T.);
#16305 = ORIENTED_EDGE('',*,*,#16284,.T.);
#16306 = ADVANCED_FACE('',(#16307),#9858,.T.);
#16307 = FACE_BOUND('',#16308,.T.);
#16308 = EDGE_LOOP('',(#16309,#16310,#16333,#16360));
#16309 = ORIENTED_EDGE('',*,*,#9841,.F.);
#16310 = ORIENTED_EDGE('',*,*,#16311,.F.);
#16311 = EDGE_CURVE('',#16312,#9842,#16314,.T.);
#16312 = VERTEX_POINT('',#16313);
#16313 = CARTESIAN_POINT('',(-134.,-9.797174393179E-16,9.2));
#16314 = SEAM_CURVE('',#16315,(#16319,#16326),.PCURVE_S1.);
#16315 = LINE('',#16316,#16317);
#16316 = CARTESIAN_POINT('',(-134.,-9.797174393179E-16,9.2));
#16317 = VECTOR('',#16318,1.);
#16318 = DIRECTION('',(0.,0.,1.));
#16319 = PCURVE('',#9858,#16320);
#16320 = DEFINITIONAL_REPRESENTATION('',(#16321),#16325);
#16321 = LINE('',#16322,#16323);
#16322 = CARTESIAN_POINT('',(6.28318530718,-0.));
#16323 = VECTOR('',#16324,1.);
#16324 = DIRECTION('',(0.,1.));
#16325 = ( GEOMETRIC_REPRESENTATION_CONTEXT(2) 
PARAMETRIC_REPRESENTATION_CONTEXT() REPRESENTATION_CONTEXT('2D SPACE',''
  ) );
#16326 = PCURVE('',#9858,#16327);
#16327 = DEFINITIONAL_REPRESENTATION('',(#16328),#16332);
#16328 = LINE('',#16329,#16330);
#16329 = CARTESIAN_POINT('',(0.,-0.));
#16330 = VECTOR('',#16331,1.);
#16331 = DIRECTION('',(0.,1.));
#16332 = ( GEOMETRIC_REPRESENTATION_CONTEXT(2) 
PARAMETRIC_REPRESENTATION_CONTEXT() REPRESENTATION_CONTEXT('2D SPACE',''
  ) );
#16333 = ORIENTED_EDGE('',*,*,#16334,.T.);
#16334 = EDGE_CURVE('',#16312,#16312,#16335,.T.);
#16335 = SURFACE_CURVE('',#16336,(#16341,#16348),.PCURVE_S1.);
#16336 = CIRCLE('',#16337,4.);
#16337 = AXIS2_PLACEMENT_3D('',#16338,#16339,#16340);
#16338 = CARTESIAN_POINT('',(-138.,0.,9.2));
#16339 = DIRECTION('',(0.,0.,1.));
#16340 = DIRECTION('',(1.,0.,-0.));
#16341 = PCURVE('',#9858,#16342);
#16342 = DEFINITIONAL_REPRESENTATION('',(#16343),#16347);
#16343 = LINE('',#16344,#16345);
#16344 = CARTESIAN_POINT('',(0.,0.));
#16345 = VECTOR('',#16346,1.);
#16346 = DIRECTION('',(1.,0.));
#16347 = ( GEOMETRIC_REPRESENTATION_CONTEXT(2) 
PARAMETRIC_REPRESENTATION_CONTEXT() REPRESENTATION_CONTEXT('2D SPACE',''
  ) );
#16348 = PCURVE('',#16349,#16354);
#16349 = PLANE('',#16350);
#16350 = AXIS2_PLACEMENT_3D('',#16351,#16352,#16353);
#16351 = CARTESIAN_POINT('',(-138.,0.,9.2));
#16352 = DIRECTION('',(0.,0.,1.));
#16353 = DIRECTION('',(1.,0.,-0.));
#16354 = DEFINITIONAL_REPRESENTATION('',(#16355),#16359);
#16355 = CIRCLE('',#16356,4.);
#16356 = AXIS2_PLACEMENT_2D('',#16357,#16358);
#16357 = CARTESIAN_POINT('',(0.,0.));
#16358 = DIRECTION('',(1.,0.));
#16359 = ( GEOMETRIC_REPRESENTATION_CONTEXT(2) 
PARAMETRIC_REPRESENTATION_CONTEXT() REPRESENTATION_CONTEXT('2D SPACE',''
  ) );
#16360 = ORIENTED_EDGE('',*,*,#16311,.T.);
#16361 = ADVANCED_FACE('',(#16362),#10233,.T.);
#16362 = FACE_BOUND('',#16363,.T.);
#16363 = EDGE_LOOP('',(#16364,#16365,#16388,#16415));
#16364 = ORIENTED_EDGE('',*,*,#10216,.F.);
#16365 = ORIENTED_EDGE('',*,*,#16366,.F.);
#16366 = EDGE_CURVE('',#16367,#10217,#16369,.T.);
#16367 = VERTEX_POINT('',#16368);
#16368 = CARTESIAN_POINT('',(-137.,97.,9.2));
#16369 = SEAM_CURVE('',#16370,(#16374,#16381),.PCURVE_S1.);
#16370 = LINE('',#16371,#16372);
#16371 = CARTESIAN_POINT('',(-137.,97.,9.2));
#16372 = VECTOR('',#16373,1.);
#16373 = DIRECTION('',(0.,0.,1.));
#16374 = PCURVE('',#10233,#16375);
#16375 = DEFINITIONAL_REPRESENTATION('',(#16376),#16380);
#16376 = LINE('',#16377,#16378);
#16377 = CARTESIAN_POINT('',(6.28318530718,-0.));
#16378 = VECTOR('',#16379,1.);
#16379 = DIRECTION('',(0.,1.));
#16380 = ( GEOMETRIC_REPRESENTATION_CONTEXT(2) 
PARAMETRIC_REPRESENTATION_CONTEXT() REPRESENTATION_CONTEXT('2D SPACE',''
  ) );
#16381 = PCURVE('',#10233,#16382);
#16382 = DEFINITIONAL_REPRESENTATION('',(#16383),#16387);
#16383 = LINE('',#16384,#16385);
#16384 = CARTESIAN_POINT('',(0.,-0.));
#16385 = VECTOR('',#16386,1.);
#16386 = DIRECTION('',(0.,1.));
#16387 = ( GEOMETRIC_REPRESENTATION_CONTEXT(2) 
PARAMETRIC_REPRESENTATION_CONTEXT() REPRESENTATION_CONTEXT('2D SPACE',''
  ) );
#16388 = ORIENTED_EDGE('',*,*,#16389,.T.);
#16389 = EDGE_CURVE('',#16367,#16367,#16390,.T.);
#16390 = SURFACE_CURVE('',#16391,(#16396,#16403),.PCURVE_S1.);
#16391 = CIRCLE('',#16392,4.);
#16392 = AXIS2_PLACEMENT_3D('',#16393,#16394,#16395);
#16393 = CARTESIAN_POINT('',(-141.,97.,9.2));
#16394 = DIRECTION('',(0.,0.,1.));
#16395 = DIRECTION('',(1.,0.,-0.));
#16396 = PCURVE('',#10233,#16397);
#16397 = DEFINITIONAL_REPRESENTATION('',(#16398),#16402);
#16398 = LINE('',#16399,#16400);
#16399 = CARTESIAN_POINT('',(0.,0.));
#16400 = VECTOR('',#16401,1.);
#16401 = DIRECTION('',(1.,0.));
#16402 = ( GEOMETRIC_REPRESENTATION_CONTEXT(2) 
PARAMETRIC_REPRESENTATION_CONTEXT() REPRESENTATION_CONTEXT('2D SPACE',''
  ) );
#16403 = PCURVE('',#16404,#16409);
#16404 = PLANE('',#16405);
#16405 = AXIS2_PLACEMENT_3D('',#16406,#16407,#16408);
#16406 = CARTESIAN_POINT('',(-141.,97.,9.2));
#16407 = DIRECTION('',(0.,0.,1.));
#16408 = DIRECTION('',(1.,0.,-0.));
#16409 = DEFINITIONAL_REPRESENTATION('',(#16410),#16414);
#16410 = CIRCLE('',#16411,4.);
#16411 = AXIS2_PLACEMENT_2D('',#16412,#16413);
#16412 = CARTESIAN_POINT('',(0.,0.));
#16413 = DIRECTION('',(1.,0.));
#16414 = ( GEOMETRIC_REPRESENTATION_CONTEXT(2) 
PARAMETRIC_REPRESENTATION_CONTEXT() REPRESENTATION_CONTEXT('2D SPACE',''
  ) );
#16415 = ORIENTED_EDGE('',*,*,#16366,.T.);
#16416 = ADVANCED_FACE('',(#16417),#10264,.F.);
#16417 = FACE_BOUND('',#16418,.F.);
#16418 = EDGE_LOOP('',(#16419,#16420,#16441,#16442));
#16419 = ORIENTED_EDGE('',*,*,#13043,.F.);
#16420 = ORIENTED_EDGE('',*,*,#16421,.F.);
#16421 = EDGE_CURVE('',#10248,#13021,#16422,.T.);
#16422 = SEAM_CURVE('',#16423,(#16427,#16434),.PCURVE_S1.);
#16423 = LINE('',#16424,#16425);
#16424 = CARTESIAN_POINT('',(-83.3,111.5,41.1));
#16425 = VECTOR('',#16426,1.);
#16426 = DIRECTION('',(0.,0.,1.));
#16427 = PCURVE('',#10264,#16428);
#16428 = DEFINITIONAL_REPRESENTATION('',(#16429),#16433);
#16429 = LINE('',#16430,#16431);
#16430 = CARTESIAN_POINT('',(6.28318530718,-0.));
#16431 = VECTOR('',#16432,1.);
#16432 = DIRECTION('',(0.,1.));
#16433 = ( GEOMETRIC_REPRESENTATION_CONTEXT(2) 
PARAMETRIC_REPRESENTATION_CONTEXT() REPRESENTATION_CONTEXT('2D SPACE',''
  ) );
#16434 = PCURVE('',#10264,#16435);
#16435 = DEFINITIONAL_REPRESENTATION('',(#16436),#16440);
#16436 = LINE('',#16437,#16438);
#16437 = CARTESIAN_POINT('',(0.,-0.));
#16438 = VECTOR('',#16439,1.);
#16439 = DIRECTION('',(0.,1.));
#16440 = ( GEOMETRIC_REPRESENTATION_CONTEXT(2) 
PARAMETRIC_REPRESENTATION_CONTEXT() REPRESENTATION_CONTEXT('2D SPACE',''
  ) );
#16441 = ORIENTED_EDGE('',*,*,#10247,.T.);
#16442 = ORIENTED_EDGE('',*,*,#16421,.T.);
#16443 = ADVANCED_FACE('',(#16444),#10295,.T.);
#16444 = FACE_BOUND('',#16445,.T.);
#16445 = EDGE_LOOP('',(#16446,#16469,#16492,#16511));
#16446 = ORIENTED_EDGE('',*,*,#16447,.F.);
#16447 = EDGE_CURVE('',#16448,#10279,#16450,.T.);
#16448 = VERTEX_POINT('',#16449);
#16449 = CARTESIAN_POINT('',(-72.,35.,38.5));
#16450 = SURFACE_CURVE('',#16451,(#16455,#16462),.PCURVE_S1.);
#16451 = LINE('',#16452,#16453);
#16452 = CARTESIAN_POINT('',(-72.,35.,38.5));
#16453 = VECTOR('',#16454,1.);
#16454 = DIRECTION('',(0.,0.,1.));
#16455 = PCURVE('',#10295,#16456);
#16456 = DEFINITIONAL_REPRESENTATION('',(#16457),#16461);
#16457 = LINE('',#16458,#16459);
#16458 = CARTESIAN_POINT('',(0.,0.));
#16459 = VECTOR('',#16460,1.);
#16460 = DIRECTION('',(1.,0.));
#16461 = ( GEOMETRIC_REPRESENTATION_CONTEXT(2) 
PARAMETRIC_REPRESENTATION_CONTEXT() REPRESENTATION_CONTEXT('2D SPACE',''
  ) );
#16462 = PCURVE('',#10321,#16463);
#16463 = DEFINITIONAL_REPRESENTATION('',(#16464),#16468);
#16464 = LINE('',#16465,#16466);
#16465 = CARTESIAN_POINT('',(0.,26.));
#16466 = VECTOR('',#16467,1.);
#16467 = DIRECTION('',(1.,0.));
#16468 = ( GEOMETRIC_REPRESENTATION_CONTEXT(2) 
PARAMETRIC_REPRESENTATION_CONTEXT() REPRESENTATION_CONTEXT('2D SPACE',''
  ) );
#16469 = ORIENTED_EDGE('',*,*,#16470,.T.);
#16470 = EDGE_CURVE('',#16448,#16471,#16473,.T.);
#16471 = VERTEX_POINT('',#16472);
#16472 = CARTESIAN_POINT('',(-72.,72.,38.5));
#16473 = SURFACE_CURVE('',#16474,(#16478,#16485),.PCURVE_S1.);
#16474 = LINE('',#16475,#16476);
#16475 = CARTESIAN_POINT('',(-72.,35.,38.5));
#16476 = VECTOR('',#16477,1.);
#16477 = DIRECTION('',(0.,1.,0.));
#16478 = PCURVE('',#10295,#16479);
#16479 = DEFINITIONAL_REPRESENTATION('',(#16480),#16484);
#16480 = LINE('',#16481,#16482);
#16481 = CARTESIAN_POINT('',(0.,0.));
#16482 = VECTOR('',#16483,1.);
#16483 = DIRECTION('',(0.,-1.));
#16484 = ( GEOMETRIC_REPRESENTATION_CONTEXT(2) 
PARAMETRIC_REPRESENTATION_CONTEXT() REPRESENTATION_CONTEXT('2D SPACE',''
  ) );
#16485 = PCURVE('',#12695,#16486);
#16486 = DEFINITIONAL_REPRESENTATION('',(#16487),#16491);
#16487 = LINE('',#16488,#16489);
#16488 = CARTESIAN_POINT('',(26.,0.));
#16489 = VECTOR('',#16490,1.);
#16490 = DIRECTION('',(0.,1.));
#16491 = ( GEOMETRIC_REPRESENTATION_CONTEXT(2) 
PARAMETRIC_REPRESENTATION_CONTEXT() REPRESENTATION_CONTEXT('2D SPACE',''
  ) );
#16492 = ORIENTED_EDGE('',*,*,#16493,.F.);
#16493 = EDGE_CURVE('',#10281,#16471,#16494,.T.);
#16494 = SURFACE_CURVE('',#16495,(#16499,#16505),.PCURVE_S1.);
#16495 = LINE('',#16496,#16497);
#16496 = CARTESIAN_POINT('',(-72.,72.,38.5));
#16497 = VECTOR('',#16498,1.);
#16498 = DIRECTION('',(0.,0.,-1.));
#16499 = PCURVE('',#10295,#16500);
#16500 = DEFINITIONAL_REPRESENTATION('',(#16501),#16504);
#16501 = B_SPLINE_CURVE_WITH_KNOTS('',1,(#16502,#16503),.UNSPECIFIED.,
  .F.,.F.,(2,2),(-3.6,0.),.PIECEWISE_BEZIER_KNOTS.);
#16502 = CARTESIAN_POINT('',(3.6,-37.));
#16503 = CARTESIAN_POINT('',(0.,-37.));
#16504 = ( GEOMETRIC_REPRESENTATION_CONTEXT(2) 
PARAMETRIC_REPRESENTATION_CONTEXT() REPRESENTATION_CONTEXT('2D SPACE',''
  ) );
#16505 = PCURVE('',#10475,#16506);
#16506 = DEFINITIONAL_REPRESENTATION('',(#16507),#16510);
#16507 = B_SPLINE_CURVE_WITH_KNOTS('',1,(#16508,#16509),.UNSPECIFIED.,
  .F.,.F.,(2,2),(-3.6,0.),.PIECEWISE_BEZIER_KNOTS.);
#16508 = CARTESIAN_POINT('',(3.6,-3.));
#16509 = CARTESIAN_POINT('',(0.,-3.));
#16510 = ( GEOMETRIC_REPRESENTATION_CONTEXT(2) 
PARAMETRIC_REPRESENTATION_CONTEXT() REPRESENTATION_CONTEXT('2D SPACE',''
  ) );
#16511 = ORIENTED_EDGE('',*,*,#10278,.F.);
#16512 = ADVANCED_FACE('',(#16513),#10321,.F.);
#16513 = FACE_BOUND('',#16514,.F.);
#16514 = EDGE_LOOP('',(#16515,#16516,#16539,#16560));
#16515 = ORIENTED_EDGE('',*,*,#16447,.F.);
#16516 = ORIENTED_EDGE('',*,*,#16517,.F.);
#16517 = EDGE_CURVE('',#16518,#16448,#16520,.T.);
#16518 = VERTEX_POINT('',#16519);
#16519 = CARTESIAN_POINT('',(-98.,35.,38.5));
#16520 = SURFACE_CURVE('',#16521,(#16525,#16532),.PCURVE_S1.);
#16521 = LINE('',#16522,#16523);
#16522 = CARTESIAN_POINT('',(-98.,35.,38.5));
#16523 = VECTOR('',#16524,1.);
#16524 = DIRECTION('',(1.,0.,0.));
#16525 = PCURVE('',#10321,#16526);
#16526 = DEFINITIONAL_REPRESENTATION('',(#16527),#16531);
#16527 = LINE('',#16528,#16529);
#16528 = CARTESIAN_POINT('',(0.,0.));
#16529 = VECTOR('',#16530,1.);
#16530 = DIRECTION('',(0.,1.));
#16531 = ( GEOMETRIC_REPRESENTATION_CONTEXT(2) 
PARAMETRIC_REPRESENTATION_CONTEXT() REPRESENTATION_CONTEXT('2D SPACE',''
  ) );
#16532 = PCURVE('',#12695,#16533);
#16533 = DEFINITIONAL_REPRESENTATION('',(#16534),#16538);
#16534 = LINE('',#16535,#16536);
#16535 = CARTESIAN_POINT('',(0.,0.));
#16536 = VECTOR('',#16537,1.);
#16537 = DIRECTION('',(1.,0.));
#16538 = ( GEOMETRIC_REPRESENTATION_CONTEXT(2) 
PARAMETRIC_REPRESENTATION_CONTEXT() REPRESENTATION_CONTEXT('2D SPACE',''
  ) );
#16539 = ORIENTED_EDGE('',*,*,#16540,.T.);
#16540 = EDGE_CURVE('',#16518,#10307,#16541,.T.);
#16541 = SURFACE_CURVE('',#16542,(#16546,#16553),.PCURVE_S1.);
#16542 = LINE('',#16543,#16544);
#16543 = CARTESIAN_POINT('',(-98.,35.,38.5));
#16544 = VECTOR('',#16545,1.);
#16545 = DIRECTION('',(0.,0.,1.));
#16546 = PCURVE('',#10321,#16547);
#16547 = DEFINITIONAL_REPRESENTATION('',(#16548),#16552);
#16548 = LINE('',#16549,#16550);
#16549 = CARTESIAN_POINT('',(0.,0.));
#16550 = VECTOR('',#16551,1.);
#16551 = DIRECTION('',(1.,0.));
#16552 = ( GEOMETRIC_REPRESENTATION_CONTEXT(2) 
PARAMETRIC_REPRESENTATION_CONTEXT() REPRESENTATION_CONTEXT('2D SPACE',''
  ) );
#16553 = PCURVE('',#10347,#16554);
#16554 = DEFINITIONAL_REPRESENTATION('',(#16555),#16559);
#16555 = LINE('',#16556,#16557);
#16556 = CARTESIAN_POINT('',(0.,0.));
#16557 = VECTOR('',#16558,1.);
#16558 = DIRECTION('',(1.,0.));
#16559 = ( GEOMETRIC_REPRESENTATION_CONTEXT(2) 
PARAMETRIC_REPRESENTATION_CONTEXT() REPRESENTATION_CONTEXT('2D SPACE',''
  ) );
#16560 = ORIENTED_EDGE('',*,*,#10306,.F.);
#16561 = ADVANCED_FACE('',(#16562),#10475,.T.);
#16562 = FACE_BOUND('',#16563,.T.);
#16563 = EDGE_LOOP('',(#16564,#16565,#16588,#16609));
#16564 = ORIENTED_EDGE('',*,*,#16493,.T.);
#16565 = ORIENTED_EDGE('',*,*,#16566,.T.);
#16566 = EDGE_CURVE('',#16471,#16567,#16569,.T.);
#16567 = VERTEX_POINT('',#16568);
#16568 = CARTESIAN_POINT('',(-35.,72.,38.5));
#16569 = SURFACE_CURVE('',#16570,(#16574,#16581),.PCURVE_S1.);
#16570 = LINE('',#16571,#16572);
#16571 = CARTESIAN_POINT('',(-75.,72.,38.5));
#16572 = VECTOR('',#16573,1.);
#16573 = DIRECTION('',(1.,2.22044604925E-16,0.));
#16574 = PCURVE('',#10475,#16575);
#16575 = DEFINITIONAL_REPRESENTATION('',(#16576),#16580);
#16576 = LINE('',#16577,#16578);
#16577 = CARTESIAN_POINT('',(0.,0.));
#16578 = VECTOR('',#16579,1.);
#16579 = DIRECTION('',(0.,-1.));
#16580 = ( GEOMETRIC_REPRESENTATION_CONTEXT(2) 
PARAMETRIC_REPRESENTATION_CONTEXT() REPRESENTATION_CONTEXT('2D SPACE',''
  ) );
#16581 = PCURVE('',#12695,#16582);
#16582 = DEFINITIONAL_REPRESENTATION('',(#16583),#16587);
#16583 = LINE('',#16584,#16585);
#16584 = CARTESIAN_POINT('',(23.,37.));
#16585 = VECTOR('',#16586,1.);
#16586 = DIRECTION('',(1.,2.22044604925E-16));
#16587 = ( GEOMETRIC_REPRESENTATION_CONTEXT(2) 
PARAMETRIC_REPRESENTATION_CONTEXT() REPRESENTATION_CONTEXT('2D SPACE',''
  ) );
#16588 = ORIENTED_EDGE('',*,*,#16589,.T.);
#16589 = EDGE_CURVE('',#16567,#10437,#16590,.T.);
#16590 = SURFACE_CURVE('',#16591,(#16595,#16602),.PCURVE_S1.);
#16591 = LINE('',#16592,#16593);
#16592 = CARTESIAN_POINT('',(-35.,72.,38.5));
#16593 = VECTOR('',#16594,1.);
#16594 = DIRECTION('',(0.,0.,1.));
#16595 = PCURVE('',#10475,#16596);
#16596 = DEFINITIONAL_REPRESENTATION('',(#16597),#16601);
#16597 = LINE('',#16598,#16599);
#16598 = CARTESIAN_POINT('',(0.,-40.));
#16599 = VECTOR('',#16600,1.);
#16600 = DIRECTION('',(1.,0.));
#16601 = ( GEOMETRIC_REPRESENTATION_CONTEXT(2) 
PARAMETRIC_REPRESENTATION_CONTEXT() REPRESENTATION_CONTEXT('2D SPACE',''
  ) );
#16602 = PCURVE('',#10451,#16603);
#16603 = DEFINITIONAL_REPRESENTATION('',(#16604),#16608);
#16604 = LINE('',#16605,#16606);
#16605 = CARTESIAN_POINT('',(0.,26.));
#16606 = VECTOR('',#16607,1.);
#16607 = DIRECTION('',(1.,0.));
#16608 = ( GEOMETRIC_REPRESENTATION_CONTEXT(2) 
PARAMETRIC_REPRESENTATION_CONTEXT() REPRESENTATION_CONTEXT('2D SPACE',''
  ) );
#16609 = ORIENTED_EDGE('',*,*,#10462,.F.);
#16610 = ADVANCED_FACE('',(#16611),#10347,.F.);
#16611 = FACE_BOUND('',#16612,.F.);
#16612 = EDGE_LOOP('',(#16613,#16614,#16637,#16658));
#16613 = ORIENTED_EDGE('',*,*,#16540,.F.);
#16614 = ORIENTED_EDGE('',*,*,#16615,.T.);
#16615 = EDGE_CURVE('',#16518,#16616,#16618,.T.);
#16616 = VERTEX_POINT('',#16617);
#16617 = CARTESIAN_POINT('',(-98.,75.,38.5));
#16618 = SURFACE_CURVE('',#16619,(#16623,#16630),.PCURVE_S1.);
#16619 = LINE('',#16620,#16621);
#16620 = CARTESIAN_POINT('',(-98.,35.,38.5));
#16621 = VECTOR('',#16622,1.);
#16622 = DIRECTION('',(0.,1.,0.));
#16623 = PCURVE('',#10347,#16624);
#16624 = DEFINITIONAL_REPRESENTATION('',(#16625),#16629);
#16625 = LINE('',#16626,#16627);
#16626 = CARTESIAN_POINT('',(0.,0.));
#16627 = VECTOR('',#16628,1.);
#16628 = DIRECTION('',(0.,-1.));
#16629 = ( GEOMETRIC_REPRESENTATION_CONTEXT(2) 
PARAMETRIC_REPRESENTATION_CONTEXT() REPRESENTATION_CONTEXT('2D SPACE',''
  ) );
#16630 = PCURVE('',#12695,#16631);
#16631 = DEFINITIONAL_REPRESENTATION('',(#16632),#16636);
#16632 = LINE('',#16633,#16634);
#16633 = CARTESIAN_POINT('',(0.,0.));
#16634 = VECTOR('',#16635,1.);
#16635 = DIRECTION('',(0.,1.));
#16636 = ( GEOMETRIC_REPRESENTATION_CONTEXT(2) 
PARAMETRIC_REPRESENTATION_CONTEXT() REPRESENTATION_CONTEXT('2D SPACE',''
  ) );
#16637 = ORIENTED_EDGE('',*,*,#16638,.T.);
#16638 = EDGE_CURVE('',#16616,#10333,#16639,.T.);
#16639 = SURFACE_CURVE('',#16640,(#16644,#16651),.PCURVE_S1.);
#16640 = LINE('',#16641,#16642);
#16641 = CARTESIAN_POINT('',(-98.,75.,38.5));
#16642 = VECTOR('',#16643,1.);
#16643 = DIRECTION('',(0.,0.,1.));
#16644 = PCURVE('',#10347,#16645);
#16645 = DEFINITIONAL_REPRESENTATION('',(#16646),#16650);
#16646 = LINE('',#16647,#16648);
#16647 = CARTESIAN_POINT('',(0.,-40.));
#16648 = VECTOR('',#16649,1.);
#16649 = DIRECTION('',(1.,0.));
#16650 = ( GEOMETRIC_REPRESENTATION_CONTEXT(2) 
PARAMETRIC_REPRESENTATION_CONTEXT() REPRESENTATION_CONTEXT('2D SPACE',''
  ) );
#16651 = PCURVE('',#10373,#16652);
#16652 = DEFINITIONAL_REPRESENTATION('',(#16653),#16657);
#16653 = LINE('',#16654,#16655);
#16654 = CARTESIAN_POINT('',(0.,0.));
#16655 = VECTOR('',#16656,1.);
#16656 = DIRECTION('',(1.,0.));
#16657 = ( GEOMETRIC_REPRESENTATION_CONTEXT(2) 
PARAMETRIC_REPRESENTATION_CONTEXT() REPRESENTATION_CONTEXT('2D SPACE',''
  ) );
#16658 = ORIENTED_EDGE('',*,*,#10332,.F.);
#16659 = ADVANCED_FACE('',(#16660),#10451,.T.);
#16660 = FACE_BOUND('',#16661,.T.);
#16661 = EDGE_LOOP('',(#16662,#16663,#16686,#16707));
#16662 = ORIENTED_EDGE('',*,*,#16589,.F.);
#16663 = ORIENTED_EDGE('',*,*,#16664,.F.);
#16664 = EDGE_CURVE('',#16665,#16567,#16667,.T.);
#16665 = VERTEX_POINT('',#16666);
#16666 = CARTESIAN_POINT('',(-35.,98.,38.5));
#16667 = SURFACE_CURVE('',#16668,(#16672,#16679),.PCURVE_S1.);
#16668 = LINE('',#16669,#16670);
#16669 = CARTESIAN_POINT('',(-35.,98.,38.5));
#16670 = VECTOR('',#16671,1.);
#16671 = DIRECTION('',(2.22044604925E-16,-1.,0.));
#16672 = PCURVE('',#10451,#16673);
#16673 = DEFINITIONAL_REPRESENTATION('',(#16674),#16678);
#16674 = LINE('',#16675,#16676);
#16675 = CARTESIAN_POINT('',(0.,0.));
#16676 = VECTOR('',#16677,1.);
#16677 = DIRECTION('',(0.,1.));
#16678 = ( GEOMETRIC_REPRESENTATION_CONTEXT(2) 
PARAMETRIC_REPRESENTATION_CONTEXT() REPRESENTATION_CONTEXT('2D SPACE',''
  ) );
#16679 = PCURVE('',#12695,#16680);
#16680 = DEFINITIONAL_REPRESENTATION('',(#16681),#16685);
#16681 = LINE('',#16682,#16683);
#16682 = CARTESIAN_POINT('',(63.,63.));
#16683 = VECTOR('',#16684,1.);
#16684 = DIRECTION('',(2.22044604925E-16,-1.));
#16685 = ( GEOMETRIC_REPRESENTATION_CONTEXT(2) 
PARAMETRIC_REPRESENTATION_CONTEXT() REPRESENTATION_CONTEXT('2D SPACE',''
  ) );
#16686 = ORIENTED_EDGE('',*,*,#16687,.T.);
#16687 = EDGE_CURVE('',#16665,#10411,#16688,.T.);
#16688 = SURFACE_CURVE('',#16689,(#16693,#16700),.PCURVE_S1.);
#16689 = LINE('',#16690,#16691);
#16690 = CARTESIAN_POINT('',(-35.,98.,38.5));
#16691 = VECTOR('',#16692,1.);
#16692 = DIRECTION('',(0.,0.,1.));
#16693 = PCURVE('',#10451,#16694);
#16694 = DEFINITIONAL_REPRESENTATION('',(#16695),#16699);
#16695 = LINE('',#16696,#16697);
#16696 = CARTESIAN_POINT('',(0.,0.));
#16697 = VECTOR('',#16698,1.);
#16698 = DIRECTION('',(1.,0.));
#16699 = ( GEOMETRIC_REPRESENTATION_CONTEXT(2) 
PARAMETRIC_REPRESENTATION_CONTEXT() REPRESENTATION_CONTEXT('2D SPACE',''
  ) );
#16700 = PCURVE('',#10425,#16701);
#16701 = DEFINITIONAL_REPRESENTATION('',(#16702),#16706);
#16702 = LINE('',#16703,#16704);
#16703 = CARTESIAN_POINT('',(0.,-40.));
#16704 = VECTOR('',#16705,1.);
#16705 = DIRECTION('',(1.,0.));
#16706 = ( GEOMETRIC_REPRESENTATION_CONTEXT(2) 
PARAMETRIC_REPRESENTATION_CONTEXT() REPRESENTATION_CONTEXT('2D SPACE',''
  ) );
#16707 = ORIENTED_EDGE('',*,*,#10436,.F.);
#16708 = ADVANCED_FACE('',(#16709),#10373,.T.);
#16709 = FACE_BOUND('',#16710,.T.);
#16710 = EDGE_LOOP('',(#16711,#16732,#16753,#16754));
#16711 = ORIENTED_EDGE('',*,*,#16712,.T.);
#16712 = EDGE_CURVE('',#10359,#16713,#16715,.T.);
#16713 = VERTEX_POINT('',#16714);
#16714 = CARTESIAN_POINT('',(-75.,75.,38.5));
#16715 = SURFACE_CURVE('',#16716,(#16720,#16726),.PCURVE_S1.);
#16716 = LINE('',#16717,#16718);
#16717 = CARTESIAN_POINT('',(-75.,75.,38.5));
#16718 = VECTOR('',#16719,1.);
#16719 = DIRECTION('',(0.,0.,-1.));
#16720 = PCURVE('',#10373,#16721);
#16721 = DEFINITIONAL_REPRESENTATION('',(#16722),#16725);
#16722 = B_SPLINE_CURVE_WITH_KNOTS('',1,(#16723,#16724),.UNSPECIFIED.,
  .F.,.F.,(2,2),(-3.6,0.),.PIECEWISE_BEZIER_KNOTS.);
#16723 = CARTESIAN_POINT('',(3.6,23.));
#16724 = CARTESIAN_POINT('',(0.,23.));
#16725 = ( GEOMETRIC_REPRESENTATION_CONTEXT(2) 
PARAMETRIC_REPRESENTATION_CONTEXT() REPRESENTATION_CONTEXT('2D SPACE',''
  ) );
#16726 = PCURVE('',#10399,#16727);
#16727 = DEFINITIONAL_REPRESENTATION('',(#16728),#16731);
#16728 = B_SPLINE_CURVE_WITH_KNOTS('',1,(#16729,#16730),.UNSPECIFIED.,
  .F.,.F.,(2,2),(-3.6,0.),.PIECEWISE_BEZIER_KNOTS.);
#16729 = CARTESIAN_POINT('',(3.6,23.));
#16730 = CARTESIAN_POINT('',(0.,23.));
#16731 = ( GEOMETRIC_REPRESENTATION_CONTEXT(2) 
PARAMETRIC_REPRESENTATION_CONTEXT() REPRESENTATION_CONTEXT('2D SPACE',''
  ) );
#16732 = ORIENTED_EDGE('',*,*,#16733,.F.);
#16733 = EDGE_CURVE('',#16616,#16713,#16734,.T.);
#16734 = SURFACE_CURVE('',#16735,(#16739,#16746),.PCURVE_S1.);
#16735 = LINE('',#16736,#16737);
#16736 = CARTESIAN_POINT('',(-98.,75.,38.5));
#16737 = VECTOR('',#16738,1.);
#16738 = DIRECTION('',(1.,0.,0.));
#16739 = PCURVE('',#10373,#16740);
#16740 = DEFINITIONAL_REPRESENTATION('',(#16741),#16745);
#16741 = LINE('',#16742,#16743);
#16742 = CARTESIAN_POINT('',(0.,0.));
#16743 = VECTOR('',#16744,1.);
#16744 = DIRECTION('',(0.,1.));
#16745 = ( GEOMETRIC_REPRESENTATION_CONTEXT(2) 
PARAMETRIC_REPRESENTATION_CONTEXT() REPRESENTATION_CONTEXT('2D SPACE',''
  ) );
#16746 = PCURVE('',#12695,#16747);
#16747 = DEFINITIONAL_REPRESENTATION('',(#16748),#16752);
#16748 = LINE('',#16749,#16750);
#16749 = CARTESIAN_POINT('',(0.,40.));
#16750 = VECTOR('',#16751,1.);
#16751 = DIRECTION('',(1.,0.));
#16752 = ( GEOMETRIC_REPRESENTATION_CONTEXT(2) 
PARAMETRIC_REPRESENTATION_CONTEXT() REPRESENTATION_CONTEXT('2D SPACE',''
  ) );
#16753 = ORIENTED_EDGE('',*,*,#16638,.T.);
#16754 = ORIENTED_EDGE('',*,*,#10358,.F.);
#16755 = ADVANCED_FACE('',(#16756),#10425,.F.);
#16756 = FACE_BOUND('',#16757,.F.);
#16757 = EDGE_LOOP('',(#16758,#16781,#16802,#16803));
#16758 = ORIENTED_EDGE('',*,*,#16759,.F.);
#16759 = EDGE_CURVE('',#16760,#10385,#16762,.T.);
#16760 = VERTEX_POINT('',#16761);
#16761 = CARTESIAN_POINT('',(-75.,98.,38.5));
#16762 = SURFACE_CURVE('',#16763,(#16767,#16774),.PCURVE_S1.);
#16763 = LINE('',#16764,#16765);
#16764 = CARTESIAN_POINT('',(-75.,98.,38.5));
#16765 = VECTOR('',#16766,1.);
#16766 = DIRECTION('',(0.,0.,1.));
#16767 = PCURVE('',#10425,#16768);
#16768 = DEFINITIONAL_REPRESENTATION('',(#16769),#16773);
#16769 = LINE('',#16770,#16771);
#16770 = CARTESIAN_POINT('',(0.,0.));
#16771 = VECTOR('',#16772,1.);
#16772 = DIRECTION('',(1.,0.));
#16773 = ( GEOMETRIC_REPRESENTATION_CONTEXT(2) 
PARAMETRIC_REPRESENTATION_CONTEXT() REPRESENTATION_CONTEXT('2D SPACE',''
  ) );
#16774 = PCURVE('',#10399,#16775);
#16775 = DEFINITIONAL_REPRESENTATION('',(#16776),#16780);
#16776 = LINE('',#16777,#16778);
#16777 = CARTESIAN_POINT('',(0.,0.));
#16778 = VECTOR('',#16779,1.);
#16779 = DIRECTION('',(1.,0.));
#16780 = ( GEOMETRIC_REPRESENTATION_CONTEXT(2) 
PARAMETRIC_REPRESENTATION_CONTEXT() REPRESENTATION_CONTEXT('2D SPACE',''
  ) );
#16781 = ORIENTED_EDGE('',*,*,#16782,.T.);
#16782 = EDGE_CURVE('',#16760,#16665,#16783,.T.);
#16783 = SURFACE_CURVE('',#16784,(#16788,#16795),.PCURVE_S1.);
#16784 = LINE('',#16785,#16786);
#16785 = CARTESIAN_POINT('',(-75.,98.,38.5));
#16786 = VECTOR('',#16787,1.);
#16787 = DIRECTION('',(1.,2.22044604925E-16,0.));
#16788 = PCURVE('',#10425,#16789);
#16789 = DEFINITIONAL_REPRESENTATION('',(#16790),#16794);
#16790 = LINE('',#16791,#16792);
#16791 = CARTESIAN_POINT('',(0.,0.));
#16792 = VECTOR('',#16793,1.);
#16793 = DIRECTION('',(0.,-1.));
#16794 = ( GEOMETRIC_REPRESENTATION_CONTEXT(2) 
PARAMETRIC_REPRESENTATION_CONTEXT() REPRESENTATION_CONTEXT('2D SPACE',''
  ) );
#16795 = PCURVE('',#12695,#16796);
#16796 = DEFINITIONAL_REPRESENTATION('',(#16797),#16801);
#16797 = LINE('',#16798,#16799);
#16798 = CARTESIAN_POINT('',(23.,63.));
#16799 = VECTOR('',#16800,1.);
#16800 = DIRECTION('',(1.,2.22044604925E-16));
#16801 = ( GEOMETRIC_REPRESENTATION_CONTEXT(2) 
PARAMETRIC_REPRESENTATION_CONTEXT() REPRESENTATION_CONTEXT('2D SPACE',''
  ) );
#16802 = ORIENTED_EDGE('',*,*,#16687,.T.);
#16803 = ORIENTED_EDGE('',*,*,#10410,.F.);
#16804 = ADVANCED_FACE('',(#16805),#10399,.F.);
#16805 = FACE_BOUND('',#16806,.F.);
#16806 = EDGE_LOOP('',(#16807,#16828,#16829,#16830));
#16807 = ORIENTED_EDGE('',*,*,#16808,.F.);
#16808 = EDGE_CURVE('',#16760,#16713,#16809,.T.);
#16809 = SURFACE_CURVE('',#16810,(#16814,#16821),.PCURVE_S1.);
#16810 = LINE('',#16811,#16812);
#16811 = CARTESIAN_POINT('',(-75.,98.,38.5));
#16812 = VECTOR('',#16813,1.);
#16813 = DIRECTION('',(2.22044604925E-16,-1.,0.));
#16814 = PCURVE('',#10399,#16815);
#16815 = DEFINITIONAL_REPRESENTATION('',(#16816),#16820);
#16816 = LINE('',#16817,#16818);
#16817 = CARTESIAN_POINT('',(0.,0.));
#16818 = VECTOR('',#16819,1.);
#16819 = DIRECTION('',(0.,1.));
#16820 = ( GEOMETRIC_REPRESENTATION_CONTEXT(2) 
PARAMETRIC_REPRESENTATION_CONTEXT() REPRESENTATION_CONTEXT('2D SPACE',''
  ) );
#16821 = PCURVE('',#12695,#16822);
#16822 = DEFINITIONAL_REPRESENTATION('',(#16823),#16827);
#16823 = LINE('',#16824,#16825);
#16824 = CARTESIAN_POINT('',(23.,63.));
#16825 = VECTOR('',#16826,1.);
#16826 = DIRECTION('',(2.22044604925E-16,-1.));
#16827 = ( GEOMETRIC_REPRESENTATION_CONTEXT(2) 
PARAMETRIC_REPRESENTATION_CONTEXT() REPRESENTATION_CONTEXT('2D SPACE',''
  ) );
#16828 = ORIENTED_EDGE('',*,*,#16759,.T.);
#16829 = ORIENTED_EDGE('',*,*,#10384,.F.);
#16830 = ORIENTED_EDGE('',*,*,#16712,.T.);
#16831 = ADVANCED_FACE('',(#16832),#10505,.F.);
#16832 = FACE_BOUND('',#16833,.F.);
#16833 = EDGE_LOOP('',(#16834,#16835,#16856,#16857));
#16834 = ORIENTED_EDGE('',*,*,#13556,.F.);
#16835 = ORIENTED_EDGE('',*,*,#16836,.F.);
#16836 = EDGE_CURVE('',#10489,#13534,#16837,.T.);
#16837 = SEAM_CURVE('',#16838,(#16842,#16849),.PCURVE_S1.);
#16838 = LINE('',#16839,#16840);
#16839 = CARTESIAN_POINT('',(1.7,111.5,41.1));
#16840 = VECTOR('',#16841,1.);
#16841 = DIRECTION('',(0.,0.,1.));
#16842 = PCURVE('',#10505,#16843);
#16843 = DEFINITIONAL_REPRESENTATION('',(#16844),#16848);
#16844 = LINE('',#16845,#16846);
#16845 = CARTESIAN_POINT('',(6.28318530718,-0.));
#16846 = VECTOR('',#16847,1.);
#16847 = DIRECTION('',(0.,1.));
#16848 = ( GEOMETRIC_REPRESENTATION_CONTEXT(2) 
PARAMETRIC_REPRESENTATION_CONTEXT() REPRESENTATION_CONTEXT('2D SPACE',''
  ) );
#16849 = PCURVE('',#10505,#16850);
#16850 = DEFINITIONAL_REPRESENTATION('',(#16851),#16855);
#16851 = LINE('',#16852,#16853);
#16852 = CARTESIAN_POINT('',(0.,-0.));
#16853 = VECTOR('',#16854,1.);
#16854 = DIRECTION('',(0.,1.));
#16855 = ( GEOMETRIC_REPRESENTATION_CONTEXT(2) 
PARAMETRIC_REPRESENTATION_CONTEXT() REPRESENTATION_CONTEXT('2D SPACE',''
  ) );
#16856 = ORIENTED_EDGE('',*,*,#10488,.T.);
#16857 = ORIENTED_EDGE('',*,*,#16836,.T.);
#16858 = ADVANCED_FACE('',(#16859),#10966,.T.);
#16859 = FACE_BOUND('',#16860,.T.);
#16860 = EDGE_LOOP('',(#16861,#16862,#16885,#16912));
#16861 = ORIENTED_EDGE('',*,*,#10949,.F.);
#16862 = ORIENTED_EDGE('',*,*,#16863,.F.);
#16863 = EDGE_CURVE('',#16864,#10950,#16866,.T.);
#16864 = VERTEX_POINT('',#16865);
#16865 = CARTESIAN_POINT('',(145.,-9.797174393179E-16,9.2));
#16866 = SEAM_CURVE('',#16867,(#16871,#16878),.PCURVE_S1.);
#16867 = LINE('',#16868,#16869);
#16868 = CARTESIAN_POINT('',(145.,-9.797174393179E-16,9.2));
#16869 = VECTOR('',#16870,1.);
#16870 = DIRECTION('',(0.,0.,1.));
#16871 = PCURVE('',#10966,#16872);
#16872 = DEFINITIONAL_REPRESENTATION('',(#16873),#16877);
#16873 = LINE('',#16874,#16875);
#16874 = CARTESIAN_POINT('',(6.28318530718,-0.));
#16875 = VECTOR('',#16876,1.);
#16876 = DIRECTION('',(0.,1.));
#16877 = ( GEOMETRIC_REPRESENTATION_CONTEXT(2) 
PARAMETRIC_REPRESENTATION_CONTEXT() REPRESENTATION_CONTEXT('2D SPACE',''
  ) );
#16878 = PCURVE('',#10966,#16879);
#16879 = DEFINITIONAL_REPRESENTATION('',(#16880),#16884);
#16880 = LINE('',#16881,#16882);
#16881 = CARTESIAN_POINT('',(0.,-0.));
#16882 = VECTOR('',#16883,1.);
#16883 = DIRECTION('',(0.,1.));
#16884 = ( GEOMETRIC_REPRESENTATION_CONTEXT(2) 
PARAMETRIC_REPRESENTATION_CONTEXT() REPRESENTATION_CONTEXT('2D SPACE',''
  ) );
#16885 = ORIENTED_EDGE('',*,*,#16886,.T.);
#16886 = EDGE_CURVE('',#16864,#16864,#16887,.T.);
#16887 = SURFACE_CURVE('',#16888,(#16893,#16900),.PCURVE_S1.);
#16888 = CIRCLE('',#16889,4.);
#16889 = AXIS2_PLACEMENT_3D('',#16890,#16891,#16892);
#16890 = CARTESIAN_POINT('',(141.,0.,9.2));
#16891 = DIRECTION('',(0.,0.,1.));
#16892 = DIRECTION('',(1.,0.,-0.));
#16893 = PCURVE('',#10966,#16894);
#16894 = DEFINITIONAL_REPRESENTATION('',(#16895),#16899);
#16895 = LINE('',#16896,#16897);
#16896 = CARTESIAN_POINT('',(0.,0.));
#16897 = VECTOR('',#16898,1.);
#16898 = DIRECTION('',(1.,0.));
#16899 = ( GEOMETRIC_REPRESENTATION_CONTEXT(2) 
PARAMETRIC_REPRESENTATION_CONTEXT() REPRESENTATION_CONTEXT('2D SPACE',''
  ) );
#16900 = PCURVE('',#16901,#16906);
#16901 = PLANE('',#16902);
#16902 = AXIS2_PLACEMENT_3D('',#16903,#16904,#16905);
#16903 = CARTESIAN_POINT('',(141.,0.,9.2));
#16904 = DIRECTION('',(0.,0.,1.));
#16905 = DIRECTION('',(1.,0.,-0.));
#16906 = DEFINITIONAL_REPRESENTATION('',(#16907),#16911);
#16907 = CIRCLE('',#16908,4.);
#16908 = AXIS2_PLACEMENT_2D('',#16909,#16910);
#16909 = CARTESIAN_POINT('',(0.,0.));
#16910 = DIRECTION('',(1.,0.));
#16911 = ( GEOMETRIC_REPRESENTATION_CONTEXT(2) 
PARAMETRIC_REPRESENTATION_CONTEXT() REPRESENTATION_CONTEXT('2D SPACE',''
  ) );
#16912 = ORIENTED_EDGE('',*,*,#16863,.T.);
#16913 = ADVANCED_FACE('',(#16914),#10997,.F.);
#16914 = FACE_BOUND('',#16915,.F.);
#16915 = EDGE_LOOP('',(#16916,#16917,#16938,#16939));
#16916 = ORIENTED_EDGE('',*,*,#14146,.F.);
#16917 = ORIENTED_EDGE('',*,*,#16918,.F.);
#16918 = EDGE_CURVE('',#10981,#14124,#16919,.T.);
#16919 = SEAM_CURVE('',#16920,(#16924,#16931),.PCURVE_S1.);
#16920 = LINE('',#16921,#16922);
#16921 = CARTESIAN_POINT('',(151.1,-4.163799117101E-16,41.1));
#16922 = VECTOR('',#16923,1.);
#16923 = DIRECTION('',(0.,0.,1.));
#16924 = PCURVE('',#10997,#16925);
#16925 = DEFINITIONAL_REPRESENTATION('',(#16926),#16930);
#16926 = LINE('',#16927,#16928);
#16927 = CARTESIAN_POINT('',(6.28318530718,-0.));
#16928 = VECTOR('',#16929,1.);
#16929 = DIRECTION('',(0.,1.));
#16930 = ( GEOMETRIC_REPRESENTATION_CONTEXT(2) 
PARAMETRIC_REPRESENTATION_CONTEXT() REPRESENTATION_CONTEXT('2D SPACE',''
  ) );
#16931 = PCURVE('',#10997,#16932);
#16932 = DEFINITIONAL_REPRESENTATION('',(#16933),#16937);
#16933 = LINE('',#16934,#16935);
#16934 = CARTESIAN_POINT('',(0.,-0.));
#16935 = VECTOR('',#16936,1.);
#16936 = DIRECTION('',(0.,1.));
#16937 = ( GEOMETRIC_REPRESENTATION_CONTEXT(2) 
PARAMETRIC_REPRESENTATION_CONTEXT() REPRESENTATION_CONTEXT('2D SPACE',''
  ) );
#16938 = ORIENTED_EDGE('',*,*,#10980,.T.);
#16939 = ORIENTED_EDGE('',*,*,#16918,.T.);
#16940 = ADVANCED_FACE('',(#16941),#11028,.F.);
#16941 = FACE_BOUND('',#16942,.F.);
#16942 = EDGE_LOOP('',(#16943,#16966,#16989,#17010));
#16943 = ORIENTED_EDGE('',*,*,#16944,.F.);
#16944 = EDGE_CURVE('',#16945,#11012,#16947,.T.);
#16945 = VERTEX_POINT('',#16946);
#16946 = CARTESIAN_POINT('',(98.,35.,38.5));
#16947 = SURFACE_CURVE('',#16948,(#16952,#16959),.PCURVE_S1.);
#16948 = LINE('',#16949,#16950);
#16949 = CARTESIAN_POINT('',(98.,35.,38.5));
#16950 = VECTOR('',#16951,1.);
#16951 = DIRECTION('',(0.,0.,1.));
#16952 = PCURVE('',#11028,#16953);
#16953 = DEFINITIONAL_REPRESENTATION('',(#16954),#16958);
#16954 = LINE('',#16955,#16956);
#16955 = CARTESIAN_POINT('',(0.,26.));
#16956 = VECTOR('',#16957,1.);
#16957 = DIRECTION('',(1.,0.));
#16958 = ( GEOMETRIC_REPRESENTATION_CONTEXT(2) 
PARAMETRIC_REPRESENTATION_CONTEXT() REPRESENTATION_CONTEXT('2D SPACE',''
  ) );
#16959 = PCURVE('',#11104,#16960);
#16960 = DEFINITIONAL_REPRESENTATION('',(#16961),#16965);
#16961 = LINE('',#16962,#16963);
#16962 = CARTESIAN_POINT('',(0.,0.));
#16963 = VECTOR('',#16964,1.);
#16964 = DIRECTION('',(1.,0.));
#16965 = ( GEOMETRIC_REPRESENTATION_CONTEXT(2) 
PARAMETRIC_REPRESENTATION_CONTEXT() REPRESENTATION_CONTEXT('2D SPACE',''
  ) );
#16966 = ORIENTED_EDGE('',*,*,#16967,.F.);
#16967 = EDGE_CURVE('',#16968,#16945,#16970,.T.);
#16968 = VERTEX_POINT('',#16969);
#16969 = CARTESIAN_POINT('',(72.,35.,38.5));
#16970 = SURFACE_CURVE('',#16971,(#16975,#16982),.PCURVE_S1.);
#16971 = LINE('',#16972,#16973);
#16972 = CARTESIAN_POINT('',(72.,35.,38.5));
#16973 = VECTOR('',#16974,1.);
#16974 = DIRECTION('',(1.,0.,0.));
#16975 = PCURVE('',#11028,#16976);
#16976 = DEFINITIONAL_REPRESENTATION('',(#16977),#16981);
#16977 = LINE('',#16978,#16979);
#16978 = CARTESIAN_POINT('',(0.,0.));
#16979 = VECTOR('',#16980,1.);
#16980 = DIRECTION('',(0.,1.));
#16981 = ( GEOMETRIC_REPRESENTATION_CONTEXT(2) 
PARAMETRIC_REPRESENTATION_CONTEXT() REPRESENTATION_CONTEXT('2D SPACE',''
  ) );
#16982 = PCURVE('',#14316,#16983);
#16983 = DEFINITIONAL_REPRESENTATION('',(#16984),#16988);
#16984 = LINE('',#16985,#16986);
#16985 = CARTESIAN_POINT('',(0.,0.));
#16986 = VECTOR('',#16987,1.);
#16987 = DIRECTION('',(1.,0.));
#16988 = ( GEOMETRIC_REPRESENTATION_CONTEXT(2) 
PARAMETRIC_REPRESENTATION_CONTEXT() REPRESENTATION_CONTEXT('2D SPACE',''
  ) );
#16989 = ORIENTED_EDGE('',*,*,#16990,.T.);
#16990 = EDGE_CURVE('',#16968,#11014,#16991,.T.);
#16991 = SURFACE_CURVE('',#16992,(#16996,#17003),.PCURVE_S1.);
#16992 = LINE('',#16993,#16994);
#16993 = CARTESIAN_POINT('',(72.,35.,38.5));
#16994 = VECTOR('',#16995,1.);
#16995 = DIRECTION('',(0.,0.,1.));
#16996 = PCURVE('',#11028,#16997);
#16997 = DEFINITIONAL_REPRESENTATION('',(#16998),#17002);
#16998 = LINE('',#16999,#17000);
#16999 = CARTESIAN_POINT('',(0.,0.));
#17000 = VECTOR('',#17001,1.);
#17001 = DIRECTION('',(1.,0.));
#17002 = ( GEOMETRIC_REPRESENTATION_CONTEXT(2) 
PARAMETRIC_REPRESENTATION_CONTEXT() REPRESENTATION_CONTEXT('2D SPACE',''
  ) );
#17003 = PCURVE('',#11054,#17004);
#17004 = DEFINITIONAL_REPRESENTATION('',(#17005),#17009);
#17005 = LINE('',#17006,#17007);
#17006 = CARTESIAN_POINT('',(0.,0.));
#17007 = VECTOR('',#17008,1.);
#17008 = DIRECTION('',(1.,0.));
#17009 = ( GEOMETRIC_REPRESENTATION_CONTEXT(2) 
PARAMETRIC_REPRESENTATION_CONTEXT() REPRESENTATION_CONTEXT('2D SPACE',''
  ) );
#17010 = ORIENTED_EDGE('',*,*,#11011,.F.);
#17011 = ADVANCED_FACE('',(#17012),#11104,.T.);
#17012 = FACE_BOUND('',#17013,.T.);
#17013 = EDGE_LOOP('',(#17014,#17015,#17038,#17059));
#17014 = ORIENTED_EDGE('',*,*,#16944,.F.);
#17015 = ORIENTED_EDGE('',*,*,#17016,.T.);
#17016 = EDGE_CURVE('',#16945,#17017,#17019,.T.);
#17017 = VERTEX_POINT('',#17018);
#17018 = CARTESIAN_POINT('',(98.,75.,38.5));
#17019 = SURFACE_CURVE('',#17020,(#17024,#17031),.PCURVE_S1.);
#17020 = LINE('',#17021,#17022);
#17021 = CARTESIAN_POINT('',(98.,35.,38.5));
#17022 = VECTOR('',#17023,1.);
#17023 = DIRECTION('',(0.,1.,0.));
#17024 = PCURVE('',#11104,#17025);
#17025 = DEFINITIONAL_REPRESENTATION('',(#17026),#17030);
#17026 = LINE('',#17027,#17028);
#17027 = CARTESIAN_POINT('',(0.,0.));
#17028 = VECTOR('',#17029,1.);
#17029 = DIRECTION('',(0.,-1.));
#17030 = ( GEOMETRIC_REPRESENTATION_CONTEXT(2) 
PARAMETRIC_REPRESENTATION_CONTEXT() REPRESENTATION_CONTEXT('2D SPACE',''
  ) );
#17031 = PCURVE('',#14316,#17032);
#17032 = DEFINITIONAL_REPRESENTATION('',(#17033),#17037);
#17033 = LINE('',#17034,#17035);
#17034 = CARTESIAN_POINT('',(26.,0.));
#17035 = VECTOR('',#17036,1.);
#17036 = DIRECTION('',(0.,1.));
#17037 = ( GEOMETRIC_REPRESENTATION_CONTEXT(2) 
PARAMETRIC_REPRESENTATION_CONTEXT() REPRESENTATION_CONTEXT('2D SPACE',''
  ) );
#17038 = ORIENTED_EDGE('',*,*,#17039,.T.);
#17039 = EDGE_CURVE('',#17017,#11066,#17040,.T.);
#17040 = SURFACE_CURVE('',#17041,(#17045,#17052),.PCURVE_S1.);
#17041 = LINE('',#17042,#17043);
#17042 = CARTESIAN_POINT('',(98.,75.,38.5));
#17043 = VECTOR('',#17044,1.);
#17044 = DIRECTION('',(0.,0.,1.));
#17045 = PCURVE('',#11104,#17046);
#17046 = DEFINITIONAL_REPRESENTATION('',(#17047),#17051);
#17047 = LINE('',#17048,#17049);
#17048 = CARTESIAN_POINT('',(0.,-40.));
#17049 = VECTOR('',#17050,1.);
#17050 = DIRECTION('',(1.,0.));
#17051 = ( GEOMETRIC_REPRESENTATION_CONTEXT(2) 
PARAMETRIC_REPRESENTATION_CONTEXT() REPRESENTATION_CONTEXT('2D SPACE',''
  ) );
#17052 = PCURVE('',#11080,#17053);
#17053 = DEFINITIONAL_REPRESENTATION('',(#17054),#17058);
#17054 = LINE('',#17055,#17056);
#17055 = CARTESIAN_POINT('',(0.,26.));
#17056 = VECTOR('',#17057,1.);
#17057 = DIRECTION('',(1.,0.));
#17058 = ( GEOMETRIC_REPRESENTATION_CONTEXT(2) 
PARAMETRIC_REPRESENTATION_CONTEXT() REPRESENTATION_CONTEXT('2D SPACE',''
  ) );
#17059 = ORIENTED_EDGE('',*,*,#11091,.F.);
#17060 = ADVANCED_FACE('',(#17061),#11054,.F.);
#17061 = FACE_BOUND('',#17062,.F.);
#17062 = EDGE_LOOP('',(#17063,#17064,#17087,#17108));
#17063 = ORIENTED_EDGE('',*,*,#16990,.F.);
#17064 = ORIENTED_EDGE('',*,*,#17065,.T.);
#17065 = EDGE_CURVE('',#16968,#17066,#17068,.T.);
#17066 = VERTEX_POINT('',#17067);
#17067 = CARTESIAN_POINT('',(72.,75.,38.5));
#17068 = SURFACE_CURVE('',#17069,(#17073,#17080),.PCURVE_S1.);
#17069 = LINE('',#17070,#17071);
#17070 = CARTESIAN_POINT('',(72.,35.,38.5));
#17071 = VECTOR('',#17072,1.);
#17072 = DIRECTION('',(0.,1.,0.));
#17073 = PCURVE('',#11054,#17074);
#17074 = DEFINITIONAL_REPRESENTATION('',(#17075),#17079);
#17075 = LINE('',#17076,#17077);
#17076 = CARTESIAN_POINT('',(0.,0.));
#17077 = VECTOR('',#17078,1.);
#17078 = DIRECTION('',(0.,-1.));
#17079 = ( GEOMETRIC_REPRESENTATION_CONTEXT(2) 
PARAMETRIC_REPRESENTATION_CONTEXT() REPRESENTATION_CONTEXT('2D SPACE',''
  ) );
#17080 = PCURVE('',#14316,#17081);
#17081 = DEFINITIONAL_REPRESENTATION('',(#17082),#17086);
#17082 = LINE('',#17083,#17084);
#17083 = CARTESIAN_POINT('',(0.,0.));
#17084 = VECTOR('',#17085,1.);
#17085 = DIRECTION('',(0.,1.));
#17086 = ( GEOMETRIC_REPRESENTATION_CONTEXT(2) 
PARAMETRIC_REPRESENTATION_CONTEXT() REPRESENTATION_CONTEXT('2D SPACE',''
  ) );
#17087 = ORIENTED_EDGE('',*,*,#17088,.T.);
#17088 = EDGE_CURVE('',#17066,#11040,#17089,.T.);
#17089 = SURFACE_CURVE('',#17090,(#17094,#17101),.PCURVE_S1.);
#17090 = LINE('',#17091,#17092);
#17091 = CARTESIAN_POINT('',(72.,75.,38.5));
#17092 = VECTOR('',#17093,1.);
#17093 = DIRECTION('',(0.,0.,1.));
#17094 = PCURVE('',#11054,#17095);
#17095 = DEFINITIONAL_REPRESENTATION('',(#17096),#17100);
#17096 = LINE('',#17097,#17098);
#17097 = CARTESIAN_POINT('',(0.,-40.));
#17098 = VECTOR('',#17099,1.);
#17099 = DIRECTION('',(1.,0.));
#17100 = ( GEOMETRIC_REPRESENTATION_CONTEXT(2) 
PARAMETRIC_REPRESENTATION_CONTEXT() REPRESENTATION_CONTEXT('2D SPACE',''
  ) );
#17101 = PCURVE('',#11080,#17102);
#17102 = DEFINITIONAL_REPRESENTATION('',(#17103),#17107);
#17103 = LINE('',#17104,#17105);
#17104 = CARTESIAN_POINT('',(0.,0.));
#17105 = VECTOR('',#17106,1.);
#17106 = DIRECTION('',(1.,0.));
#17107 = ( GEOMETRIC_REPRESENTATION_CONTEXT(2) 
PARAMETRIC_REPRESENTATION_CONTEXT() REPRESENTATION_CONTEXT('2D SPACE',''
  ) );
#17108 = ORIENTED_EDGE('',*,*,#11039,.F.);
#17109 = ADVANCED_FACE('',(#17110),#11080,.T.);
#17110 = FACE_BOUND('',#17111,.T.);
#17111 = EDGE_LOOP('',(#17112,#17113,#17134,#17135));
#17112 = ORIENTED_EDGE('',*,*,#17039,.F.);
#17113 = ORIENTED_EDGE('',*,*,#17114,.F.);
#17114 = EDGE_CURVE('',#17066,#17017,#17115,.T.);
#17115 = SURFACE_CURVE('',#17116,(#17120,#17127),.PCURVE_S1.);
#17116 = LINE('',#17117,#17118);
#17117 = CARTESIAN_POINT('',(72.,75.,38.5));
#17118 = VECTOR('',#17119,1.);
#17119 = DIRECTION('',(1.,0.,0.));
#17120 = PCURVE('',#11080,#17121);
#17121 = DEFINITIONAL_REPRESENTATION('',(#17122),#17126);
#17122 = LINE('',#17123,#17124);
#17123 = CARTESIAN_POINT('',(0.,0.));
#17124 = VECTOR('',#17125,1.);
#17125 = DIRECTION('',(0.,1.));
#17126 = ( GEOMETRIC_REPRESENTATION_CONTEXT(2) 
PARAMETRIC_REPRESENTATION_CONTEXT() REPRESENTATION_CONTEXT('2D SPACE',''
  ) );
#17127 = PCURVE('',#14316,#17128);
#17128 = DEFINITIONAL_REPRESENTATION('',(#17129),#17133);
#17129 = LINE('',#17130,#17131);
#17130 = CARTESIAN_POINT('',(0.,40.));
#17131 = VECTOR('',#17132,1.);
#17132 = DIRECTION('',(1.,0.));
#17133 = ( GEOMETRIC_REPRESENTATION_CONTEXT(2) 
PARAMETRIC_REPRESENTATION_CONTEXT() REPRESENTATION_CONTEXT('2D SPACE',''
  ) );
#17134 = ORIENTED_EDGE('',*,*,#17088,.T.);
#17135 = ORIENTED_EDGE('',*,*,#11065,.F.);
#17136 = ADVANCED_FACE('',(#17137),#11134,.F.);
#17137 = FACE_BOUND('',#17138,.F.);
#17138 = EDGE_LOOP('',(#17139,#17140,#17161,#17162));
#17139 = ORIENTED_EDGE('',*,*,#14664,.F.);
#17140 = ORIENTED_EDGE('',*,*,#17141,.F.);
#17141 = EDGE_CURVE('',#11118,#14642,#17142,.T.);
#17142 = SEAM_CURVE('',#17143,(#17147,#17154),.PCURVE_S1.);
#17143 = LINE('',#17144,#17145);
#17144 = CARTESIAN_POINT('',(86.7,111.5,41.1));
#17145 = VECTOR('',#17146,1.);
#17146 = DIRECTION('',(0.,0.,1.));
#17147 = PCURVE('',#11134,#17148);
#17148 = DEFINITIONAL_REPRESENTATION('',(#17149),#17153);
#17149 = LINE('',#17150,#17151);
#17150 = CARTESIAN_POINT('',(6.28318530718,-0.));
#17151 = VECTOR('',#17152,1.);
#17152 = DIRECTION('',(0.,1.));
#17153 = ( GEOMETRIC_REPRESENTATION_CONTEXT(2) 
PARAMETRIC_REPRESENTATION_CONTEXT() REPRESENTATION_CONTEXT('2D SPACE',''
  ) );
#17154 = PCURVE('',#11134,#17155);
#17155 = DEFINITIONAL_REPRESENTATION('',(#17156),#17160);
#17156 = LINE('',#17157,#17158);
#17157 = CARTESIAN_POINT('',(0.,-0.));
#17158 = VECTOR('',#17159,1.);
#17159 = DIRECTION('',(0.,1.));
#17160 = ( GEOMETRIC_REPRESENTATION_CONTEXT(2) 
PARAMETRIC_REPRESENTATION_CONTEXT() REPRESENTATION_CONTEXT('2D SPACE',''
  ) );
#17161 = ORIENTED_EDGE('',*,*,#11117,.T.);
#17162 = ORIENTED_EDGE('',*,*,#17141,.T.);
#17163 = ADVANCED_FACE('',(#17164),#11165,.T.);
#17164 = FACE_BOUND('',#17165,.T.);
#17165 = EDGE_LOOP('',(#17166,#17167,#17190,#17217));
#17166 = ORIENTED_EDGE('',*,*,#11148,.F.);
#17167 = ORIENTED_EDGE('',*,*,#17168,.F.);
#17168 = EDGE_CURVE('',#17169,#11149,#17171,.T.);
#17169 = VERTEX_POINT('',#17170);
#17170 = CARTESIAN_POINT('',(145.,97.,9.2));
#17171 = SEAM_CURVE('',#17172,(#17176,#17183),.PCURVE_S1.);
#17172 = LINE('',#17173,#17174);
#17173 = CARTESIAN_POINT('',(145.,97.,9.2));
#17174 = VECTOR('',#17175,1.);
#17175 = DIRECTION('',(0.,0.,1.));
#17176 = PCURVE('',#11165,#17177);
#17177 = DEFINITIONAL_REPRESENTATION('',(#17178),#17182);
#17178 = LINE('',#17179,#17180);
#17179 = CARTESIAN_POINT('',(6.28318530718,-0.));
#17180 = VECTOR('',#17181,1.);
#17181 = DIRECTION('',(0.,1.));
#17182 = ( GEOMETRIC_REPRESENTATION_CONTEXT(2) 
PARAMETRIC_REPRESENTATION_CONTEXT() REPRESENTATION_CONTEXT('2D SPACE',''
  ) );
#17183 = PCURVE('',#11165,#17184);
#17184 = DEFINITIONAL_REPRESENTATION('',(#17185),#17189);
#17185 = LINE('',#17186,#17187);
#17186 = CARTESIAN_POINT('',(0.,-0.));
#17187 = VECTOR('',#17188,1.);
#17188 = DIRECTION('',(0.,1.));
#17189 = ( GEOMETRIC_REPRESENTATION_CONTEXT(2) 
PARAMETRIC_REPRESENTATION_CONTEXT() REPRESENTATION_CONTEXT('2D SPACE',''
  ) );
#17190 = ORIENTED_EDGE('',*,*,#17191,.T.);
#17191 = EDGE_CURVE('',#17169,#17169,#17192,.T.);
#17192 = SURFACE_CURVE('',#17193,(#17198,#17205),.PCURVE_S1.);
#17193 = CIRCLE('',#17194,4.);
#17194 = AXIS2_PLACEMENT_3D('',#17195,#17196,#17197);
#17195 = CARTESIAN_POINT('',(141.,97.,9.2));
#17196 = DIRECTION('',(0.,0.,1.));
#17197 = DIRECTION('',(1.,0.,-0.));
#17198 = PCURVE('',#11165,#17199);
#17199 = DEFINITIONAL_REPRESENTATION('',(#17200),#17204);
#17200 = LINE('',#17201,#17202);
#17201 = CARTESIAN_POINT('',(0.,0.));
#17202 = VECTOR('',#17203,1.);
#17203 = DIRECTION('',(1.,0.));
#17204 = ( GEOMETRIC_REPRESENTATION_CONTEXT(2) 
PARAMETRIC_REPRESENTATION_CONTEXT() REPRESENTATION_CONTEXT('2D SPACE',''
  ) );
#17205 = PCURVE('',#17206,#17211);
#17206 = PLANE('',#17207);
#17207 = AXIS2_PLACEMENT_3D('',#17208,#17209,#17210);
#17208 = CARTESIAN_POINT('',(141.,97.,9.2));
#17209 = DIRECTION('',(0.,0.,1.));
#17210 = DIRECTION('',(1.,0.,-0.));
#17211 = DEFINITIONAL_REPRESENTATION('',(#17212),#17216);
#17212 = CIRCLE('',#17213,4.);
#17213 = AXIS2_PLACEMENT_2D('',#17214,#17215);
#17214 = CARTESIAN_POINT('',(0.,0.));
#17215 = DIRECTION('',(1.,0.));
#17216 = ( GEOMETRIC_REPRESENTATION_CONTEXT(2) 
PARAMETRIC_REPRESENTATION_CONTEXT() REPRESENTATION_CONTEXT('2D SPACE',''
  ) );
#17217 = ORIENTED_EDGE('',*,*,#17168,.T.);
#17218 = ADVANCED_FACE('',(#17219),#11623,.F.);
#17219 = FACE_BOUND('',#17220,.F.);
#17220 = EDGE_LOOP('',(#17221,#17222,#17243,#17244));
#17221 = ORIENTED_EDGE('',*,*,#11608,.F.);
#17222 = ORIENTED_EDGE('',*,*,#17223,.T.);
#17223 = EDGE_CURVE('',#11580,#11734,#17224,.T.);
#17224 = SURFACE_CURVE('',#17225,(#17229,#17236),.PCURVE_S1.);
#17225 = LINE('',#17226,#17227);
#17226 = CARTESIAN_POINT('',(-55.25,-89.75,42.3));
#17227 = VECTOR('',#17228,1.);
#17228 = DIRECTION('',(1.,2.22044604925E-16,0.));
#17229 = PCURVE('',#11623,#17230);
#17230 = DEFINITIONAL_REPRESENTATION('',(#17231),#17235);
#17231 = LINE('',#17232,#17233);
#17232 = CARTESIAN_POINT('',(9.5,0.));
#17233 = VECTOR('',#17234,1.);
#17234 = DIRECTION('',(0.,1.));
#17235 = ( GEOMETRIC_REPRESENTATION_CONTEXT(2) 
PARAMETRIC_REPRESENTATION_CONTEXT() REPRESENTATION_CONTEXT('2D SPACE',''
  ) );
#17236 = PCURVE('',#11772,#17237);
#17237 = DEFINITIONAL_REPRESENTATION('',(#17238),#17242);
#17238 = LINE('',#17239,#17240);
#17239 = CARTESIAN_POINT('',(4.8,0.));
#17240 = VECTOR('',#17241,1.);
#17241 = DIRECTION('',(0.,-1.));
#17242 = ( GEOMETRIC_REPRESENTATION_CONTEXT(2) 
PARAMETRIC_REPRESENTATION_CONTEXT() REPRESENTATION_CONTEXT('2D SPACE',''
  ) );
#17243 = ORIENTED_EDGE('',*,*,#11733,.F.);
#17244 = ORIENTED_EDGE('',*,*,#11638,.T.);
#17245 = ADVANCED_FACE('',(#17246),#11596,.F.);
#17246 = FACE_BOUND('',#17247,.F.);
#17247 = EDGE_LOOP('',(#17248,#17249,#17272));
#17248 = ORIENTED_EDGE('',*,*,#11579,.F.);
#17249 = ORIENTED_EDGE('',*,*,#17250,.T.);
#17250 = EDGE_CURVE('',#11554,#17251,#17253,.T.);
#17251 = VERTEX_POINT('',#17252);
#17252 = CARTESIAN_POINT('',(-55.25,-89.75,42.3));
#17253 = SURFACE_CURVE('',#17254,(#17258,#17265),.PCURVE_S1.);
#17254 = LINE('',#17255,#17256);
#17255 = CARTESIAN_POINT('',(-55.25,-80.25,42.3));
#17256 = VECTOR('',#17257,1.);
#17257 = DIRECTION('',(2.22044604925E-16,-1.,0.));
#17258 = PCURVE('',#11596,#17259);
#17259 = DEFINITIONAL_REPRESENTATION('',(#17260),#17264);
#17260 = LINE('',#17261,#17262);
#17261 = CARTESIAN_POINT('',(0.,0.));
#17262 = VECTOR('',#17263,1.);
#17263 = DIRECTION('',(1.,0.));
#17264 = ( GEOMETRIC_REPRESENTATION_CONTEXT(2) 
PARAMETRIC_REPRESENTATION_CONTEXT() REPRESENTATION_CONTEXT('2D SPACE',''
  ) );
#17265 = PCURVE('',#11568,#17266);
#17266 = DEFINITIONAL_REPRESENTATION('',(#17267),#17271);
#17267 = LINE('',#17268,#17269);
#17268 = CARTESIAN_POINT('',(4.8,0.));
#17269 = VECTOR('',#17270,1.);
#17270 = DIRECTION('',(0.,1.));
#17271 = ( GEOMETRIC_REPRESENTATION_CONTEXT(2) 
PARAMETRIC_REPRESENTATION_CONTEXT() REPRESENTATION_CONTEXT('2D SPACE',''
  ) );
#17272 = ORIENTED_EDGE('',*,*,#17273,.T.);
#17273 = EDGE_CURVE('',#17251,#11580,#17274,.T.);
#17274 = SURFACE_CURVE('',#17275,(#17279,#17286),.PCURVE_S1.);
#17275 = LINE('',#17276,#17277);
#17276 = CARTESIAN_POINT('',(-55.25,-89.75,42.3));
#17277 = VECTOR('',#17278,1.);
#17278 = DIRECTION('',(1.,2.22044604925E-16,0.));
#17279 = PCURVE('',#11596,#17280);
#17280 = DEFINITIONAL_REPRESENTATION('',(#17281),#17285);
#17281 = LINE('',#17282,#17283);
#17282 = CARTESIAN_POINT('',(9.5,0.));
#17283 = VECTOR('',#17284,1.);
#17284 = DIRECTION('',(0.,1.));
#17285 = ( GEOMETRIC_REPRESENTATION_CONTEXT(2) 
PARAMETRIC_REPRESENTATION_CONTEXT() REPRESENTATION_CONTEXT('2D SPACE',''
  ) );
#17286 = PCURVE('',#11772,#17287);
#17287 = DEFINITIONAL_REPRESENTATION('',(#17288),#17292);
#17288 = LINE('',#17289,#17290);
#17289 = CARTESIAN_POINT('',(4.8,0.));
#17290 = VECTOR('',#17291,1.);
#17291 = DIRECTION('',(0.,-1.));
#17292 = ( GEOMETRIC_REPRESENTATION_CONTEXT(2) 
PARAMETRIC_REPRESENTATION_CONTEXT() REPRESENTATION_CONTEXT('2D SPACE',''
  ) );
#17293 = ADVANCED_FACE('',(#17294),#11568,.T.);
#17294 = FACE_BOUND('',#17295,.T.);
#17295 = EDGE_LOOP('',(#17296,#17319,#17338,#17339));
#17296 = ORIENTED_EDGE('',*,*,#17297,.F.);
#17297 = EDGE_CURVE('',#17298,#17251,#17300,.T.);
#17298 = VERTEX_POINT('',#17299);
#17299 = CARTESIAN_POINT('',(-55.25,-89.75,38.5));
#17300 = SURFACE_CURVE('',#17301,(#17305,#17312),.PCURVE_S1.);
#17301 = LINE('',#17302,#17303);
#17302 = CARTESIAN_POINT('',(-55.25,-89.75,37.5));
#17303 = VECTOR('',#17304,1.);
#17304 = DIRECTION('',(0.,0.,1.));
#17305 = PCURVE('',#11568,#17306);
#17306 = DEFINITIONAL_REPRESENTATION('',(#17307),#17311);
#17307 = LINE('',#17308,#17309);
#17308 = CARTESIAN_POINT('',(0.,9.5));
#17309 = VECTOR('',#17310,1.);
#17310 = DIRECTION('',(1.,0.));
#17311 = ( GEOMETRIC_REPRESENTATION_CONTEXT(2) 
PARAMETRIC_REPRESENTATION_CONTEXT() REPRESENTATION_CONTEXT('2D SPACE',''
  ) );
#17312 = PCURVE('',#11772,#17313);
#17313 = DEFINITIONAL_REPRESENTATION('',(#17314),#17318);
#17314 = LINE('',#17315,#17316);
#17315 = CARTESIAN_POINT('',(0.,0.));
#17316 = VECTOR('',#17317,1.);
#17317 = DIRECTION('',(1.,0.));
#17318 = ( GEOMETRIC_REPRESENTATION_CONTEXT(2) 
PARAMETRIC_REPRESENTATION_CONTEXT() REPRESENTATION_CONTEXT('2D SPACE',''
  ) );
#17319 = ORIENTED_EDGE('',*,*,#17320,.T.);
#17320 = EDGE_CURVE('',#17298,#11521,#17321,.T.);
#17321 = SURFACE_CURVE('',#17322,(#17326,#17332),.PCURVE_S1.);
#17322 = LINE('',#17323,#17324);
#17323 = CARTESIAN_POINT('',(-55.25,-76.125,38.5));
#17324 = VECTOR('',#17325,1.);
#17325 = DIRECTION('',(-2.22044604925E-16,1.,0.));
#17326 = PCURVE('',#11568,#17327);
#17327 = DEFINITIONAL_REPRESENTATION('',(#17328),#17331);
#17328 = B_SPLINE_CURVE_WITH_KNOTS('',1,(#17329,#17330),.UNSPECIFIED.,
  .F.,.F.,(2,2),(-13.625,-4.125),.PIECEWISE_BEZIER_KNOTS.);
#17329 = CARTESIAN_POINT('',(1.,9.5));
#17330 = CARTESIAN_POINT('',(1.,0.));
#17331 = ( GEOMETRIC_REPRESENTATION_CONTEXT(2) 
PARAMETRIC_REPRESENTATION_CONTEXT() REPRESENTATION_CONTEXT('2D SPACE',''
  ) );
#17332 = PCURVE('',#11537,#17333);
#17333 = DEFINITIONAL_REPRESENTATION('',(#17334),#17337);
#17334 = B_SPLINE_CURVE_WITH_KNOTS('',1,(#17335,#17336),.UNSPECIFIED.,
  .F.,.F.,(2,2),(-13.625,-4.125),.PIECEWISE_BEZIER_KNOTS.);
#17335 = CARTESIAN_POINT('',(17.75,19.75));
#17336 = CARTESIAN_POINT('',(8.25,19.75));
#17337 = ( GEOMETRIC_REPRESENTATION_CONTEXT(2) 
PARAMETRIC_REPRESENTATION_CONTEXT() REPRESENTATION_CONTEXT('2D SPACE',''
  ) );
#17338 = ORIENTED_EDGE('',*,*,#11553,.T.);
#17339 = ORIENTED_EDGE('',*,*,#17250,.T.);
#17340 = ADVANCED_FACE('',(#17341,#17347),#11537,.F.);
#17341 = FACE_BOUND('',#17342,.F.);
#17342 = EDGE_LOOP('',(#17343,#17344,#17345,#17346));
#17343 = ORIENTED_EDGE('',*,*,#14920,.F.);
#17344 = ORIENTED_EDGE('',*,*,#14822,.T.);
#17345 = ORIENTED_EDGE('',*,*,#14871,.T.);
#17346 = ORIENTED_EDGE('',*,*,#14969,.F.);
#17347 = FACE_BOUND('',#17348,.F.);
#17348 = EDGE_LOOP('',(#17349,#17350,#17371,#17372,#17373,#17394));
#17349 = ORIENTED_EDGE('',*,*,#11784,.T.);
#17350 = ORIENTED_EDGE('',*,*,#17351,.F.);
#17351 = EDGE_CURVE('',#17298,#11757,#17352,.T.);
#17352 = SURFACE_CURVE('',#17353,(#17357,#17364),.PCURVE_S1.);
#17353 = LINE('',#17354,#17355);
#17354 = CARTESIAN_POINT('',(-55.25,-89.75,38.5));
#17355 = VECTOR('',#17356,1.);
#17356 = DIRECTION('',(1.,0.,0.));
#17357 = PCURVE('',#11537,#17358);
#17358 = DEFINITIONAL_REPRESENTATION('',(#17359),#17363);
#17359 = LINE('',#17360,#17361);
#17360 = CARTESIAN_POINT('',(17.75,19.75));
#17361 = VECTOR('',#17362,1.);
#17362 = DIRECTION('',(2.22044604925E-16,1.));
#17363 = ( GEOMETRIC_REPRESENTATION_CONTEXT(2) 
PARAMETRIC_REPRESENTATION_CONTEXT() REPRESENTATION_CONTEXT('2D SPACE',''
  ) );
#17364 = PCURVE('',#11772,#17365);
#17365 = DEFINITIONAL_REPRESENTATION('',(#17366),#17370);
#17366 = LINE('',#17367,#17368);
#17367 = CARTESIAN_POINT('',(1.,0.));
#17368 = VECTOR('',#17369,1.);
#17369 = DIRECTION('',(0.,-1.));
#17370 = ( GEOMETRIC_REPRESENTATION_CONTEXT(2) 
PARAMETRIC_REPRESENTATION_CONTEXT() REPRESENTATION_CONTEXT('2D SPACE',''
  ) );
#17371 = ORIENTED_EDGE('',*,*,#17320,.T.);
#17372 = ORIENTED_EDGE('',*,*,#11520,.T.);
#17373 = ORIENTED_EDGE('',*,*,#17374,.T.);
#17374 = EDGE_CURVE('',#11495,#17375,#17377,.T.);
#17375 = VERTEX_POINT('',#17376);
#17376 = CARTESIAN_POINT('',(-55.25,-80.25,38.5));
#17377 = SURFACE_CURVE('',#17378,(#17382,#17388),.PCURVE_S1.);
#17378 = LINE('',#17379,#17380);
#17379 = CARTESIAN_POINT('',(-55.25,-76.125,38.5));
#17380 = VECTOR('',#17381,1.);
#17381 = DIRECTION('',(-2.22044604925E-16,1.,0.));
#17382 = PCURVE('',#11537,#17383);
#17383 = DEFINITIONAL_REPRESENTATION('',(#17384),#17387);
#17384 = B_SPLINE_CURVE_WITH_KNOTS('',1,(#17385,#17386),.UNSPECIFIED.,
  .F.,.F.,(2,2),(-13.625,-4.125),.PIECEWISE_BEZIER_KNOTS.);
#17385 = CARTESIAN_POINT('',(17.75,19.75));
#17386 = CARTESIAN_POINT('',(8.25,19.75));
#17387 = ( GEOMETRIC_REPRESENTATION_CONTEXT(2) 
PARAMETRIC_REPRESENTATION_CONTEXT() REPRESENTATION_CONTEXT('2D SPACE',''
  ) );
#17388 = PCURVE('',#11509,#17389);
#17389 = DEFINITIONAL_REPRESENTATION('',(#17390),#17393);
#17390 = B_SPLINE_CURVE_WITH_KNOTS('',1,(#17391,#17392),.UNSPECIFIED.,
  .F.,.F.,(2,2),(-13.625,-4.125),.PIECEWISE_BEZIER_KNOTS.);
#17391 = CARTESIAN_POINT('',(1.,9.5));
#17392 = CARTESIAN_POINT('',(1.,0.));
#17393 = ( GEOMETRIC_REPRESENTATION_CONTEXT(2) 
PARAMETRIC_REPRESENTATION_CONTEXT() REPRESENTATION_CONTEXT('2D SPACE',''
  ) );
#17394 = ORIENTED_EDGE('',*,*,#17395,.F.);
#17395 = EDGE_CURVE('',#11785,#17375,#17396,.T.);
#17396 = SURFACE_CURVE('',#17397,(#17401,#17408),.PCURVE_S1.);
#17397 = LINE('',#17398,#17399);
#17398 = CARTESIAN_POINT('',(-40.75,-80.25,38.5));
#17399 = VECTOR('',#17400,1.);
#17400 = DIRECTION('',(-1.,0.,0.));
#17401 = PCURVE('',#11537,#17402);
#17402 = DEFINITIONAL_REPRESENTATION('',(#17403),#17407);
#17403 = LINE('',#17404,#17405);
#17404 = CARTESIAN_POINT('',(8.25,34.25));
#17405 = VECTOR('',#17406,1.);
#17406 = DIRECTION('',(-2.22044604925E-16,-1.));
#17407 = ( GEOMETRIC_REPRESENTATION_CONTEXT(2) 
PARAMETRIC_REPRESENTATION_CONTEXT() REPRESENTATION_CONTEXT('2D SPACE',''
  ) );
#17408 = PCURVE('',#11823,#17409);
#17409 = DEFINITIONAL_REPRESENTATION('',(#17410),#17414);
#17410 = LINE('',#17411,#17412);
#17411 = CARTESIAN_POINT('',(1.,-14.5));
#17412 = VECTOR('',#17413,1.);
#17413 = DIRECTION('',(0.,1.));
#17414 = ( GEOMETRIC_REPRESENTATION_CONTEXT(2) 
PARAMETRIC_REPRESENTATION_CONTEXT() REPRESENTATION_CONTEXT('2D SPACE',''
  ) );
#17415 = ADVANCED_FACE('',(#17416),#11509,.T.);
#17416 = FACE_BOUND('',#17417,.T.);
#17417 = EDGE_LOOP('',(#17418,#17419,#17442,#17463));
#17418 = ORIENTED_EDGE('',*,*,#17374,.T.);
#17419 = ORIENTED_EDGE('',*,*,#17420,.T.);
#17420 = EDGE_CURVE('',#17375,#17421,#17423,.T.);
#17421 = VERTEX_POINT('',#17422);
#17422 = CARTESIAN_POINT('',(-55.25,-80.25,42.3));
#17423 = SURFACE_CURVE('',#17424,(#17428,#17435),.PCURVE_S1.);
#17424 = LINE('',#17425,#17426);
#17425 = CARTESIAN_POINT('',(-55.25,-80.25,37.5));
#17426 = VECTOR('',#17427,1.);
#17427 = DIRECTION('',(0.,0.,1.));
#17428 = PCURVE('',#11509,#17429);
#17429 = DEFINITIONAL_REPRESENTATION('',(#17430),#17434);
#17430 = LINE('',#17431,#17432);
#17431 = CARTESIAN_POINT('',(0.,0.));
#17432 = VECTOR('',#17433,1.);
#17433 = DIRECTION('',(1.,0.));
#17434 = ( GEOMETRIC_REPRESENTATION_CONTEXT(2) 
PARAMETRIC_REPRESENTATION_CONTEXT() REPRESENTATION_CONTEXT('2D SPACE',''
  ) );
#17435 = PCURVE('',#11823,#17436);
#17436 = DEFINITIONAL_REPRESENTATION('',(#17437),#17441);
#17437 = LINE('',#17438,#17439);
#17438 = CARTESIAN_POINT('',(0.,0.));
#17439 = VECTOR('',#17440,1.);
#17440 = DIRECTION('',(1.,0.));
#17441 = ( GEOMETRIC_REPRESENTATION_CONTEXT(2) 
PARAMETRIC_REPRESENTATION_CONTEXT() REPRESENTATION_CONTEXT('2D SPACE',''
  ) );
#17442 = ORIENTED_EDGE('',*,*,#17443,.T.);
#17443 = EDGE_CURVE('',#17421,#11466,#17444,.T.);
#17444 = SURFACE_CURVE('',#17445,(#17449,#17456),.PCURVE_S1.);
#17445 = LINE('',#17446,#17447);
#17446 = CARTESIAN_POINT('',(-55.25,-80.25,42.3));
#17447 = VECTOR('',#17448,1.);
#17448 = DIRECTION('',(2.22044604925E-16,-1.,0.));
#17449 = PCURVE('',#11509,#17450);
#17450 = DEFINITIONAL_REPRESENTATION('',(#17451),#17455);
#17451 = LINE('',#17452,#17453);
#17452 = CARTESIAN_POINT('',(4.8,0.));
#17453 = VECTOR('',#17454,1.);
#17454 = DIRECTION('',(0.,1.));
#17455 = ( GEOMETRIC_REPRESENTATION_CONTEXT(2) 
PARAMETRIC_REPRESENTATION_CONTEXT() REPRESENTATION_CONTEXT('2D SPACE',''
  ) );
#17456 = PCURVE('',#11482,#17457);
#17457 = DEFINITIONAL_REPRESENTATION('',(#17458),#17462);
#17458 = LINE('',#17459,#17460);
#17459 = CARTESIAN_POINT('',(0.,0.));
#17460 = VECTOR('',#17461,1.);
#17461 = DIRECTION('',(1.,0.));
#17462 = ( GEOMETRIC_REPRESENTATION_CONTEXT(2) 
PARAMETRIC_REPRESENTATION_CONTEXT() REPRESENTATION_CONTEXT('2D SPACE',''
  ) );
#17463 = ORIENTED_EDGE('',*,*,#11494,.F.);
#17464 = ADVANCED_FACE('',(#17465),#11482,.F.);
#17465 = FACE_BOUND('',#17466,.F.);
#17466 = EDGE_LOOP('',(#17467,#17488,#17489));
#17467 = ORIENTED_EDGE('',*,*,#17468,.F.);
#17468 = EDGE_CURVE('',#17421,#11437,#17469,.T.);
#17469 = SURFACE_CURVE('',#17470,(#17474,#17481),.PCURVE_S1.);
#17470 = LINE('',#17471,#17472);
#17471 = CARTESIAN_POINT('',(-55.25,-80.25,42.3));
#17472 = VECTOR('',#17473,1.);
#17473 = DIRECTION('',(1.,2.22044604925E-16,0.));
#17474 = PCURVE('',#11482,#17475);
#17475 = DEFINITIONAL_REPRESENTATION('',(#17476),#17480);
#17476 = LINE('',#17477,#17478);
#17477 = CARTESIAN_POINT('',(0.,0.));
#17478 = VECTOR('',#17479,1.);
#17479 = DIRECTION('',(0.,1.));
#17480 = ( GEOMETRIC_REPRESENTATION_CONTEXT(2) 
PARAMETRIC_REPRESENTATION_CONTEXT() REPRESENTATION_CONTEXT('2D SPACE',''
  ) );
#17481 = PCURVE('',#11823,#17482);
#17482 = DEFINITIONAL_REPRESENTATION('',(#17483),#17487);
#17483 = LINE('',#17484,#17485);
#17484 = CARTESIAN_POINT('',(4.8,0.));
#17485 = VECTOR('',#17486,1.);
#17486 = DIRECTION('',(0.,-1.));
#17487 = ( GEOMETRIC_REPRESENTATION_CONTEXT(2) 
PARAMETRIC_REPRESENTATION_CONTEXT() REPRESENTATION_CONTEXT('2D SPACE',''
  ) );
#17488 = ORIENTED_EDGE('',*,*,#17443,.T.);
#17489 = ORIENTED_EDGE('',*,*,#11465,.F.);
#17490 = ADVANCED_FACE('',(#17491),#11453,.F.);
#17491 = FACE_BOUND('',#17492,.F.);
#17492 = EDGE_LOOP('',(#17493,#17514,#17515,#17516));
#17493 = ORIENTED_EDGE('',*,*,#17494,.F.);
#17494 = EDGE_CURVE('',#11437,#11808,#17495,.T.);
#17495 = SURFACE_CURVE('',#17496,(#17500,#17507),.PCURVE_S1.);
#17496 = LINE('',#17497,#17498);
#17497 = CARTESIAN_POINT('',(-55.25,-80.25,42.3));
#17498 = VECTOR('',#17499,1.);
#17499 = DIRECTION('',(1.,2.22044604925E-16,0.));
#17500 = PCURVE('',#11453,#17501);
#17501 = DEFINITIONAL_REPRESENTATION('',(#17502),#17506);
#17502 = LINE('',#17503,#17504);
#17503 = CARTESIAN_POINT('',(0.,0.));
#17504 = VECTOR('',#17505,1.);
#17505 = DIRECTION('',(0.,1.));
#17506 = ( GEOMETRIC_REPRESENTATION_CONTEXT(2) 
PARAMETRIC_REPRESENTATION_CONTEXT() REPRESENTATION_CONTEXT('2D SPACE',''
  ) );
#17507 = PCURVE('',#11823,#17508);
#17508 = DEFINITIONAL_REPRESENTATION('',(#17509),#17513);
#17509 = LINE('',#17510,#17511);
#17510 = CARTESIAN_POINT('',(4.8,0.));
#17511 = VECTOR('',#17512,1.);
#17512 = DIRECTION('',(0.,-1.));
#17513 = ( GEOMETRIC_REPRESENTATION_CONTEXT(2) 
PARAMETRIC_REPRESENTATION_CONTEXT() REPRESENTATION_CONTEXT('2D SPACE',''
  ) );
#17514 = ORIENTED_EDGE('',*,*,#11436,.F.);
#17515 = ORIENTED_EDGE('',*,*,#11685,.F.);
#17516 = ORIENTED_EDGE('',*,*,#11835,.F.);
#17517 = ADVANCED_FACE('',(#17518),#11772,.F.);
#17518 = FACE_BOUND('',#17519,.F.);
#17519 = EDGE_LOOP('',(#17520,#17521,#17522,#17523,#17524));
#17520 = ORIENTED_EDGE('',*,*,#17223,.F.);
#17521 = ORIENTED_EDGE('',*,*,#17273,.F.);
#17522 = ORIENTED_EDGE('',*,*,#17297,.F.);
#17523 = ORIENTED_EDGE('',*,*,#17351,.T.);
#17524 = ORIENTED_EDGE('',*,*,#11756,.T.);
#17525 = ADVANCED_FACE('',(#17526),#11823,.T.);
#17526 = FACE_BOUND('',#17527,.T.);
#17527 = EDGE_LOOP('',(#17528,#17529,#17530,#17531,#17532));
#17528 = ORIENTED_EDGE('',*,*,#17494,.F.);
#17529 = ORIENTED_EDGE('',*,*,#17468,.F.);
#17530 = ORIENTED_EDGE('',*,*,#17420,.F.);
#17531 = ORIENTED_EDGE('',*,*,#17395,.F.);
#17532 = ORIENTED_EDGE('',*,*,#11807,.T.);
#17533 = ADVANCED_FACE('',(#17534),#12781,.F.);
#17534 = FACE_BOUND('',#17535,.F.);
#17535 = EDGE_LOOP('',(#17536,#17537,#17558,#17559));
#17536 = ORIENTED_EDGE('',*,*,#12766,.F.);
#17537 = ORIENTED_EDGE('',*,*,#17538,.T.);
#17538 = EDGE_CURVE('',#12738,#12892,#17539,.T.);
#17539 = SURFACE_CURVE('',#17540,(#17544,#17551),.PCURVE_S1.);
#17540 = LINE('',#17541,#17542);
#17541 = CARTESIAN_POINT('',(-80.25,54.75,42.3));
#17542 = VECTOR('',#17543,1.);
#17543 = DIRECTION('',(0.,1.,0.));
#17544 = PCURVE('',#12781,#17545);
#17545 = DEFINITIONAL_REPRESENTATION('',(#17546),#17550);
#17546 = LINE('',#17547,#17548);
#17547 = CARTESIAN_POINT('',(9.5,0.));
#17548 = VECTOR('',#17549,1.);
#17549 = DIRECTION('',(0.,1.));
#17550 = ( GEOMETRIC_REPRESENTATION_CONTEXT(2) 
PARAMETRIC_REPRESENTATION_CONTEXT() REPRESENTATION_CONTEXT('2D SPACE',''
  ) );
#17551 = PCURVE('',#12930,#17552);
#17552 = DEFINITIONAL_REPRESENTATION('',(#17553),#17557);
#17553 = LINE('',#17554,#17555);
#17554 = CARTESIAN_POINT('',(4.8,0.));
#17555 = VECTOR('',#17556,1.);
#17556 = DIRECTION('',(0.,-1.));
#17557 = ( GEOMETRIC_REPRESENTATION_CONTEXT(2) 
PARAMETRIC_REPRESENTATION_CONTEXT() REPRESENTATION_CONTEXT('2D SPACE',''
  ) );
#17558 = ORIENTED_EDGE('',*,*,#12891,.F.);
#17559 = ORIENTED_EDGE('',*,*,#12796,.T.);
#17560 = ADVANCED_FACE('',(#17561),#12754,.F.);
#17561 = FACE_BOUND('',#17562,.F.);
#17562 = EDGE_LOOP('',(#17563,#17564,#17587));
#17563 = ORIENTED_EDGE('',*,*,#12737,.F.);
#17564 = ORIENTED_EDGE('',*,*,#17565,.T.);
#17565 = EDGE_CURVE('',#12712,#17566,#17568,.T.);
#17566 = VERTEX_POINT('',#17567);
#17567 = CARTESIAN_POINT('',(-80.25,54.75,42.3));
#17568 = SURFACE_CURVE('',#17569,(#17573,#17580),.PCURVE_S1.);
#17569 = LINE('',#17570,#17571);
#17570 = CARTESIAN_POINT('',(-89.75,54.75,42.3));
#17571 = VECTOR('',#17572,1.);
#17572 = DIRECTION('',(1.,0.,0.));
#17573 = PCURVE('',#12754,#17574);
#17574 = DEFINITIONAL_REPRESENTATION('',(#17575),#17579);
#17575 = LINE('',#17576,#17577);
#17576 = CARTESIAN_POINT('',(0.,0.));
#17577 = VECTOR('',#17578,1.);
#17578 = DIRECTION('',(1.,0.));
#17579 = ( GEOMETRIC_REPRESENTATION_CONTEXT(2) 
PARAMETRIC_REPRESENTATION_CONTEXT() REPRESENTATION_CONTEXT('2D SPACE',''
  ) );
#17580 = PCURVE('',#12726,#17581);
#17581 = DEFINITIONAL_REPRESENTATION('',(#17582),#17586);
#17582 = LINE('',#17583,#17584);
#17583 = CARTESIAN_POINT('',(4.8,0.));
#17584 = VECTOR('',#17585,1.);
#17585 = DIRECTION('',(0.,1.));
#17586 = ( GEOMETRIC_REPRESENTATION_CONTEXT(2) 
PARAMETRIC_REPRESENTATION_CONTEXT() REPRESENTATION_CONTEXT('2D SPACE',''
  ) );
#17587 = ORIENTED_EDGE('',*,*,#17588,.T.);
#17588 = EDGE_CURVE('',#17566,#12738,#17589,.T.);
#17589 = SURFACE_CURVE('',#17590,(#17594,#17601),.PCURVE_S1.);
#17590 = LINE('',#17591,#17592);
#17591 = CARTESIAN_POINT('',(-80.25,54.75,42.3));
#17592 = VECTOR('',#17593,1.);
#17593 = DIRECTION('',(0.,1.,0.));
#17594 = PCURVE('',#12754,#17595);
#17595 = DEFINITIONAL_REPRESENTATION('',(#17596),#17600);
#17596 = LINE('',#17597,#17598);
#17597 = CARTESIAN_POINT('',(9.5,0.));
#17598 = VECTOR('',#17599,1.);
#17599 = DIRECTION('',(0.,1.));
#17600 = ( GEOMETRIC_REPRESENTATION_CONTEXT(2) 
PARAMETRIC_REPRESENTATION_CONTEXT() REPRESENTATION_CONTEXT('2D SPACE',''
  ) );
#17601 = PCURVE('',#12930,#17602);
#17602 = DEFINITIONAL_REPRESENTATION('',(#17603),#17607);
#17603 = LINE('',#17604,#17605);
#17604 = CARTESIAN_POINT('',(4.8,0.));
#17605 = VECTOR('',#17606,1.);
#17606 = DIRECTION('',(0.,-1.));
#17607 = ( GEOMETRIC_REPRESENTATION_CONTEXT(2) 
PARAMETRIC_REPRESENTATION_CONTEXT() REPRESENTATION_CONTEXT('2D SPACE',''
  ) );
#17608 = ADVANCED_FACE('',(#17609),#12726,.T.);
#17609 = FACE_BOUND('',#17610,.T.);
#17610 = EDGE_LOOP('',(#17611,#17634,#17654,#17655));
#17611 = ORIENTED_EDGE('',*,*,#17612,.F.);
#17612 = EDGE_CURVE('',#17613,#17566,#17615,.T.);
#17613 = VERTEX_POINT('',#17614);
#17614 = CARTESIAN_POINT('',(-80.25,54.75,38.5));
#17615 = SURFACE_CURVE('',#17616,(#17620,#17627),.PCURVE_S1.);
#17616 = LINE('',#17617,#17618);
#17617 = CARTESIAN_POINT('',(-80.25,54.75,37.5));
#17618 = VECTOR('',#17619,1.);
#17619 = DIRECTION('',(0.,0.,1.));
#17620 = PCURVE('',#12726,#17621);
#17621 = DEFINITIONAL_REPRESENTATION('',(#17622),#17626);
#17622 = LINE('',#17623,#17624);
#17623 = CARTESIAN_POINT('',(0.,9.5));
#17624 = VECTOR('',#17625,1.);
#17625 = DIRECTION('',(1.,0.));
#17626 = ( GEOMETRIC_REPRESENTATION_CONTEXT(2) 
PARAMETRIC_REPRESENTATION_CONTEXT() REPRESENTATION_CONTEXT('2D SPACE',''
  ) );
#17627 = PCURVE('',#12930,#17628);
#17628 = DEFINITIONAL_REPRESENTATION('',(#17629),#17633);
#17629 = LINE('',#17630,#17631);
#17630 = CARTESIAN_POINT('',(0.,0.));
#17631 = VECTOR('',#17632,1.);
#17632 = DIRECTION('',(1.,0.));
#17633 = ( GEOMETRIC_REPRESENTATION_CONTEXT(2) 
PARAMETRIC_REPRESENTATION_CONTEXT() REPRESENTATION_CONTEXT('2D SPACE',''
  ) );
#17634 = ORIENTED_EDGE('',*,*,#17635,.T.);
#17635 = EDGE_CURVE('',#17613,#12679,#17636,.T.);
#17636 = SURFACE_CURVE('',#17637,(#17641,#17647),.PCURVE_S1.);
#17637 = LINE('',#17638,#17639);
#17638 = CARTESIAN_POINT('',(-93.875,54.75,38.5));
#17639 = VECTOR('',#17640,1.);
#17640 = DIRECTION('',(-1.,0.,0.));
#17641 = PCURVE('',#12726,#17642);
#17642 = DEFINITIONAL_REPRESENTATION('',(#17643),#17646);
#17643 = B_SPLINE_CURVE_WITH_KNOTS('',1,(#17644,#17645),.UNSPECIFIED.,
  .F.,.F.,(2,2),(-13.625,-4.125),.PIECEWISE_BEZIER_KNOTS.);
#17644 = CARTESIAN_POINT('',(1.,9.5));
#17645 = CARTESIAN_POINT('',(1.,0.));
#17646 = ( GEOMETRIC_REPRESENTATION_CONTEXT(2) 
PARAMETRIC_REPRESENTATION_CONTEXT() REPRESENTATION_CONTEXT('2D SPACE',''
  ) );
#17647 = PCURVE('',#12695,#17648);
#17648 = DEFINITIONAL_REPRESENTATION('',(#17649),#17653);
#17649 = LINE('',#17650,#17651);
#17650 = CARTESIAN_POINT('',(4.125,19.75));
#17651 = VECTOR('',#17652,1.);
#17652 = DIRECTION('',(-1.,0.));
#17653 = ( GEOMETRIC_REPRESENTATION_CONTEXT(2) 
PARAMETRIC_REPRESENTATION_CONTEXT() REPRESENTATION_CONTEXT('2D SPACE',''
  ) );
#17654 = ORIENTED_EDGE('',*,*,#12711,.T.);
#17655 = ORIENTED_EDGE('',*,*,#17565,.T.);
#17656 = ADVANCED_FACE('',(#17657,#17667,#17736),#12695,.F.);
#17657 = FACE_BOUND('',#17658,.F.);
#17658 = EDGE_LOOP('',(#17659,#17660,#17661,#17662,#17663,#17664,#17665,
    #17666));
#17659 = ORIENTED_EDGE('',*,*,#16733,.F.);
#17660 = ORIENTED_EDGE('',*,*,#16615,.F.);
#17661 = ORIENTED_EDGE('',*,*,#16517,.T.);
#17662 = ORIENTED_EDGE('',*,*,#16470,.T.);
#17663 = ORIENTED_EDGE('',*,*,#16566,.T.);
#17664 = ORIENTED_EDGE('',*,*,#16664,.F.);
#17665 = ORIENTED_EDGE('',*,*,#16782,.F.);
#17666 = ORIENTED_EDGE('',*,*,#16808,.T.);
#17667 = FACE_BOUND('',#17668,.F.);
#17668 = EDGE_LOOP('',(#17669,#17670,#17691,#17692,#17693,#17715));
#17669 = ORIENTED_EDGE('',*,*,#12942,.T.);
#17670 = ORIENTED_EDGE('',*,*,#17671,.F.);
#17671 = EDGE_CURVE('',#17613,#12915,#17672,.T.);
#17672 = SURFACE_CURVE('',#17673,(#17677,#17684),.PCURVE_S1.);
#17673 = LINE('',#17674,#17675);
#17674 = CARTESIAN_POINT('',(-80.25,54.75,38.5));
#17675 = VECTOR('',#17676,1.);
#17676 = DIRECTION('',(0.,1.,0.));
#17677 = PCURVE('',#12695,#17678);
#17678 = DEFINITIONAL_REPRESENTATION('',(#17679),#17683);
#17679 = LINE('',#17680,#17681);
#17680 = CARTESIAN_POINT('',(17.75,19.75));
#17681 = VECTOR('',#17682,1.);
#17682 = DIRECTION('',(0.,1.));
#17683 = ( GEOMETRIC_REPRESENTATION_CONTEXT(2) 
PARAMETRIC_REPRESENTATION_CONTEXT() REPRESENTATION_CONTEXT('2D SPACE',''
  ) );
#17684 = PCURVE('',#12930,#17685);
#17685 = DEFINITIONAL_REPRESENTATION('',(#17686),#17690);
#17686 = LINE('',#17687,#17688);
#17687 = CARTESIAN_POINT('',(1.,0.));
#17688 = VECTOR('',#17689,1.);
#17689 = DIRECTION('',(0.,-1.));
#17690 = ( GEOMETRIC_REPRESENTATION_CONTEXT(2) 
PARAMETRIC_REPRESENTATION_CONTEXT() REPRESENTATION_CONTEXT('2D SPACE',''
  ) );
#17691 = ORIENTED_EDGE('',*,*,#17635,.T.);
#17692 = ORIENTED_EDGE('',*,*,#12678,.T.);
#17693 = ORIENTED_EDGE('',*,*,#17694,.T.);
#17694 = EDGE_CURVE('',#12653,#17695,#17697,.T.);
#17695 = VERTEX_POINT('',#17696);
#17696 = CARTESIAN_POINT('',(-89.75,54.75,38.5));
#17697 = SURFACE_CURVE('',#17698,(#17702,#17709),.PCURVE_S1.);
#17698 = LINE('',#17699,#17700);
#17699 = CARTESIAN_POINT('',(-93.875,54.75,38.5));
#17700 = VECTOR('',#17701,1.);
#17701 = DIRECTION('',(-1.,0.,0.));
#17702 = PCURVE('',#12695,#17703);
#17703 = DEFINITIONAL_REPRESENTATION('',(#17704),#17708);
#17704 = LINE('',#17705,#17706);
#17705 = CARTESIAN_POINT('',(4.125,19.75));
#17706 = VECTOR('',#17707,1.);
#17707 = DIRECTION('',(-1.,0.));
#17708 = ( GEOMETRIC_REPRESENTATION_CONTEXT(2) 
PARAMETRIC_REPRESENTATION_CONTEXT() REPRESENTATION_CONTEXT('2D SPACE',''
  ) );
#17709 = PCURVE('',#12667,#17710);
#17710 = DEFINITIONAL_REPRESENTATION('',(#17711),#17714);
#17711 = B_SPLINE_CURVE_WITH_KNOTS('',1,(#17712,#17713),.UNSPECIFIED.,
  .F.,.F.,(2,2),(-13.625,-4.125),.PIECEWISE_BEZIER_KNOTS.);
#17712 = CARTESIAN_POINT('',(1.,9.5));
#17713 = CARTESIAN_POINT('',(1.,0.));
#17714 = ( GEOMETRIC_REPRESENTATION_CONTEXT(2) 
PARAMETRIC_REPRESENTATION_CONTEXT() REPRESENTATION_CONTEXT('2D SPACE',''
  ) );
#17715 = ORIENTED_EDGE('',*,*,#17716,.F.);
#17716 = EDGE_CURVE('',#12943,#17695,#17717,.T.);
#17717 = SURFACE_CURVE('',#17718,(#17722,#17729),.PCURVE_S1.);
#17718 = LINE('',#17719,#17720);
#17719 = CARTESIAN_POINT('',(-89.75,69.25,38.5));
#17720 = VECTOR('',#17721,1.);
#17721 = DIRECTION('',(0.,-1.,0.));
#17722 = PCURVE('',#12695,#17723);
#17723 = DEFINITIONAL_REPRESENTATION('',(#17724),#17728);
#17724 = LINE('',#17725,#17726);
#17725 = CARTESIAN_POINT('',(8.25,34.25));
#17726 = VECTOR('',#17727,1.);
#17727 = DIRECTION('',(0.,-1.));
#17728 = ( GEOMETRIC_REPRESENTATION_CONTEXT(2) 
PARAMETRIC_REPRESENTATION_CONTEXT() REPRESENTATION_CONTEXT('2D SPACE',''
  ) );
#17729 = PCURVE('',#12981,#17730);
#17730 = DEFINITIONAL_REPRESENTATION('',(#17731),#17735);
#17731 = LINE('',#17732,#17733);
#17732 = CARTESIAN_POINT('',(1.,-14.5));
#17733 = VECTOR('',#17734,1.);
#17734 = DIRECTION('',(0.,1.));
#17735 = ( GEOMETRIC_REPRESENTATION_CONTEXT(2) 
PARAMETRIC_REPRESENTATION_CONTEXT() REPRESENTATION_CONTEXT('2D SPACE',''
  ) );
#17736 = FACE_BOUND('',#17737,.F.);
#17737 = EDGE_LOOP('',(#17738,#17739,#17762,#17781,#17782,#17803));
#17738 = ORIENTED_EDGE('',*,*,#13455,.T.);
#17739 = ORIENTED_EDGE('',*,*,#17740,.F.);
#17740 = EDGE_CURVE('',#17741,#13428,#17743,.T.);
#17741 = VERTEX_POINT('',#17742);
#17742 = CARTESIAN_POINT('',(-55.25,80.25,38.5));
#17743 = SURFACE_CURVE('',#17744,(#17748,#17755),.PCURVE_S1.);
#17744 = LINE('',#17745,#17746);
#17745 = CARTESIAN_POINT('',(-55.25,80.25,38.5));
#17746 = VECTOR('',#17747,1.);
#17747 = DIRECTION('',(1.,0.,0.));
#17748 = PCURVE('',#12695,#17749);
#17749 = DEFINITIONAL_REPRESENTATION('',(#17750),#17754);
#17750 = LINE('',#17751,#17752);
#17751 = CARTESIAN_POINT('',(42.75,45.25));
#17752 = VECTOR('',#17753,1.);
#17753 = DIRECTION('',(1.,0.));
#17754 = ( GEOMETRIC_REPRESENTATION_CONTEXT(2) 
PARAMETRIC_REPRESENTATION_CONTEXT() REPRESENTATION_CONTEXT('2D SPACE',''
  ) );
#17755 = PCURVE('',#13443,#17756);
#17756 = DEFINITIONAL_REPRESENTATION('',(#17757),#17761);
#17757 = LINE('',#17758,#17759);
#17758 = CARTESIAN_POINT('',(1.,0.));
#17759 = VECTOR('',#17760,1.);
#17760 = DIRECTION('',(0.,-1.));
#17761 = ( GEOMETRIC_REPRESENTATION_CONTEXT(2) 
PARAMETRIC_REPRESENTATION_CONTEXT() REPRESENTATION_CONTEXT('2D SPACE',''
  ) );
#17762 = ORIENTED_EDGE('',*,*,#17763,.T.);
#17763 = EDGE_CURVE('',#17741,#13197,#17764,.T.);
#17764 = SURFACE_CURVE('',#17765,(#17769,#17775),.PCURVE_S1.);
#17765 = LINE('',#17766,#17767);
#17766 = CARTESIAN_POINT('',(-55.25,62.375,38.5));
#17767 = VECTOR('',#17768,1.);
#17768 = DIRECTION('',(-2.22044604925E-16,1.,0.));
#17769 = PCURVE('',#12695,#17770);
#17770 = DEFINITIONAL_REPRESENTATION('',(#17771),#17774);
#17771 = B_SPLINE_CURVE_WITH_KNOTS('',1,(#17772,#17773),.UNSPECIFIED.,
  .F.,.F.,(2,2),(17.875,27.375),.PIECEWISE_BEZIER_KNOTS.);
#17772 = CARTESIAN_POINT('',(42.75,45.25));
#17773 = CARTESIAN_POINT('',(42.75,54.75));
#17774 = ( GEOMETRIC_REPRESENTATION_CONTEXT(2) 
PARAMETRIC_REPRESENTATION_CONTEXT() REPRESENTATION_CONTEXT('2D SPACE',''
  ) );
#17775 = PCURVE('',#13239,#17776);
#17776 = DEFINITIONAL_REPRESENTATION('',(#17777),#17780);
#17777 = B_SPLINE_CURVE_WITH_KNOTS('',1,(#17778,#17779),.UNSPECIFIED.,
  .F.,.F.,(2,2),(17.875,27.375),.PIECEWISE_BEZIER_KNOTS.);
#17778 = CARTESIAN_POINT('',(1.,9.5));
#17779 = CARTESIAN_POINT('',(1.,0.));
#17780 = ( GEOMETRIC_REPRESENTATION_CONTEXT(2) 
PARAMETRIC_REPRESENTATION_CONTEXT() REPRESENTATION_CONTEXT('2D SPACE',''
  ) );
#17781 = ORIENTED_EDGE('',*,*,#13196,.T.);
#17782 = ORIENTED_EDGE('',*,*,#17783,.T.);
#17783 = EDGE_CURVE('',#13171,#17784,#17786,.T.);
#17784 = VERTEX_POINT('',#17785);
#17785 = CARTESIAN_POINT('',(-55.25,89.75,38.5));
#17786 = SURFACE_CURVE('',#17787,(#17791,#17797),.PCURVE_S1.);
#17787 = LINE('',#17788,#17789);
#17788 = CARTESIAN_POINT('',(-55.25,62.375,38.5));
#17789 = VECTOR('',#17790,1.);
#17790 = DIRECTION('',(-2.22044604925E-16,1.,0.));
#17791 = PCURVE('',#12695,#17792);
#17792 = DEFINITIONAL_REPRESENTATION('',(#17793),#17796);
#17793 = B_SPLINE_CURVE_WITH_KNOTS('',1,(#17794,#17795),.UNSPECIFIED.,
  .F.,.F.,(2,2),(17.875,27.375),.PIECEWISE_BEZIER_KNOTS.);
#17794 = CARTESIAN_POINT('',(42.75,45.25));
#17795 = CARTESIAN_POINT('',(42.75,54.75));
#17796 = ( GEOMETRIC_REPRESENTATION_CONTEXT(2) 
PARAMETRIC_REPRESENTATION_CONTEXT() REPRESENTATION_CONTEXT('2D SPACE',''
  ) );
#17797 = PCURVE('',#13185,#17798);
#17798 = DEFINITIONAL_REPRESENTATION('',(#17799),#17802);
#17799 = B_SPLINE_CURVE_WITH_KNOTS('',1,(#17800,#17801),.UNSPECIFIED.,
  .F.,.F.,(2,2),(17.875,27.375),.PIECEWISE_BEZIER_KNOTS.);
#17800 = CARTESIAN_POINT('',(1.,9.5));
#17801 = CARTESIAN_POINT('',(1.,0.));
#17802 = ( GEOMETRIC_REPRESENTATION_CONTEXT(2) 
PARAMETRIC_REPRESENTATION_CONTEXT() REPRESENTATION_CONTEXT('2D SPACE',''
  ) );
#17803 = ORIENTED_EDGE('',*,*,#17804,.F.);
#17804 = EDGE_CURVE('',#13456,#17784,#17805,.T.);
#17805 = SURFACE_CURVE('',#17806,(#17810,#17817),.PCURVE_S1.);
#17806 = LINE('',#17807,#17808);
#17807 = CARTESIAN_POINT('',(-40.75,89.75,38.5));
#17808 = VECTOR('',#17809,1.);
#17809 = DIRECTION('',(-1.,0.,0.));
#17810 = PCURVE('',#12695,#17811);
#17811 = DEFINITIONAL_REPRESENTATION('',(#17812),#17816);
#17812 = LINE('',#17813,#17814);
#17813 = CARTESIAN_POINT('',(57.25,54.75));
#17814 = VECTOR('',#17815,1.);
#17815 = DIRECTION('',(-1.,0.));
#17816 = ( GEOMETRIC_REPRESENTATION_CONTEXT(2) 
PARAMETRIC_REPRESENTATION_CONTEXT() REPRESENTATION_CONTEXT('2D SPACE',''
  ) );
#17817 = PCURVE('',#13494,#17818);
#17818 = DEFINITIONAL_REPRESENTATION('',(#17819),#17823);
#17819 = LINE('',#17820,#17821);
#17820 = CARTESIAN_POINT('',(1.,-14.5));
#17821 = VECTOR('',#17822,1.);
#17822 = DIRECTION('',(0.,1.));
#17823 = ( GEOMETRIC_REPRESENTATION_CONTEXT(2) 
PARAMETRIC_REPRESENTATION_CONTEXT() REPRESENTATION_CONTEXT('2D SPACE',''
  ) );
#17824 = ADVANCED_FACE('',(#17825),#12667,.T.);
#17825 = FACE_BOUND('',#17826,.T.);
#17826 = EDGE_LOOP('',(#17827,#17828,#17851,#17872));
#17827 = ORIENTED_EDGE('',*,*,#17694,.T.);
#17828 = ORIENTED_EDGE('',*,*,#17829,.T.);
#17829 = EDGE_CURVE('',#17695,#17830,#17832,.T.);
#17830 = VERTEX_POINT('',#17831);
#17831 = CARTESIAN_POINT('',(-89.75,54.75,42.3));
#17832 = SURFACE_CURVE('',#17833,(#17837,#17844),.PCURVE_S1.);
#17833 = LINE('',#17834,#17835);
#17834 = CARTESIAN_POINT('',(-89.75,54.75,37.5));
#17835 = VECTOR('',#17836,1.);
#17836 = DIRECTION('',(0.,0.,1.));
#17837 = PCURVE('',#12667,#17838);
#17838 = DEFINITIONAL_REPRESENTATION('',(#17839),#17843);
#17839 = LINE('',#17840,#17841);
#17840 = CARTESIAN_POINT('',(0.,0.));
#17841 = VECTOR('',#17842,1.);
#17842 = DIRECTION('',(1.,0.));
#17843 = ( GEOMETRIC_REPRESENTATION_CONTEXT(2) 
PARAMETRIC_REPRESENTATION_CONTEXT() REPRESENTATION_CONTEXT('2D SPACE',''
  ) );
#17844 = PCURVE('',#12981,#17845);
#17845 = DEFINITIONAL_REPRESENTATION('',(#17846),#17850);
#17846 = LINE('',#17847,#17848);
#17847 = CARTESIAN_POINT('',(0.,0.));
#17848 = VECTOR('',#17849,1.);
#17849 = DIRECTION('',(1.,0.));
#17850 = ( GEOMETRIC_REPRESENTATION_CONTEXT(2) 
PARAMETRIC_REPRESENTATION_CONTEXT() REPRESENTATION_CONTEXT('2D SPACE',''
  ) );
#17851 = ORIENTED_EDGE('',*,*,#17852,.T.);
#17852 = EDGE_CURVE('',#17830,#12624,#17853,.T.);
#17853 = SURFACE_CURVE('',#17854,(#17858,#17865),.PCURVE_S1.);
#17854 = LINE('',#17855,#17856);
#17855 = CARTESIAN_POINT('',(-89.75,54.75,42.3));
#17856 = VECTOR('',#17857,1.);
#17857 = DIRECTION('',(1.,0.,0.));
#17858 = PCURVE('',#12667,#17859);
#17859 = DEFINITIONAL_REPRESENTATION('',(#17860),#17864);
#17860 = LINE('',#17861,#17862);
#17861 = CARTESIAN_POINT('',(4.8,0.));
#17862 = VECTOR('',#17863,1.);
#17863 = DIRECTION('',(0.,1.));
#17864 = ( GEOMETRIC_REPRESENTATION_CONTEXT(2) 
PARAMETRIC_REPRESENTATION_CONTEXT() REPRESENTATION_CONTEXT('2D SPACE',''
  ) );
#17865 = PCURVE('',#12640,#17866);
#17866 = DEFINITIONAL_REPRESENTATION('',(#17867),#17871);
#17867 = LINE('',#17868,#17869);
#17868 = CARTESIAN_POINT('',(0.,0.));
#17869 = VECTOR('',#17870,1.);
#17870 = DIRECTION('',(1.,0.));
#17871 = ( GEOMETRIC_REPRESENTATION_CONTEXT(2) 
PARAMETRIC_REPRESENTATION_CONTEXT() REPRESENTATION_CONTEXT('2D SPACE',''
  ) );
#17872 = ORIENTED_EDGE('',*,*,#12652,.F.);
#17873 = ADVANCED_FACE('',(#17874),#12640,.F.);
#17874 = FACE_BOUND('',#17875,.F.);
#17875 = EDGE_LOOP('',(#17876,#17897,#17898));
#17876 = ORIENTED_EDGE('',*,*,#17877,.F.);
#17877 = EDGE_CURVE('',#17830,#12595,#17878,.T.);
#17878 = SURFACE_CURVE('',#17879,(#17883,#17890),.PCURVE_S1.);
#17879 = LINE('',#17880,#17881);
#17880 = CARTESIAN_POINT('',(-89.75,54.75,42.3));
#17881 = VECTOR('',#17882,1.);
#17882 = DIRECTION('',(0.,1.,0.));
#17883 = PCURVE('',#12640,#17884);
#17884 = DEFINITIONAL_REPRESENTATION('',(#17885),#17889);
#17885 = LINE('',#17886,#17887);
#17886 = CARTESIAN_POINT('',(0.,0.));
#17887 = VECTOR('',#17888,1.);
#17888 = DIRECTION('',(0.,1.));
#17889 = ( GEOMETRIC_REPRESENTATION_CONTEXT(2) 
PARAMETRIC_REPRESENTATION_CONTEXT() REPRESENTATION_CONTEXT('2D SPACE',''
  ) );
#17890 = PCURVE('',#12981,#17891);
#17891 = DEFINITIONAL_REPRESENTATION('',(#17892),#17896);
#17892 = LINE('',#17893,#17894);
#17893 = CARTESIAN_POINT('',(4.8,0.));
#17894 = VECTOR('',#17895,1.);
#17895 = DIRECTION('',(0.,-1.));
#17896 = ( GEOMETRIC_REPRESENTATION_CONTEXT(2) 
PARAMETRIC_REPRESENTATION_CONTEXT() REPRESENTATION_CONTEXT('2D SPACE',''
  ) );
#17897 = ORIENTED_EDGE('',*,*,#17852,.T.);
#17898 = ORIENTED_EDGE('',*,*,#12623,.F.);
#17899 = ADVANCED_FACE('',(#17900),#12611,.F.);
#17900 = FACE_BOUND('',#17901,.F.);
#17901 = EDGE_LOOP('',(#17902,#17923,#17924,#17925));
#17902 = ORIENTED_EDGE('',*,*,#17903,.F.);
#17903 = EDGE_CURVE('',#12595,#12966,#17904,.T.);
#17904 = SURFACE_CURVE('',#17905,(#17909,#17916),.PCURVE_S1.);
#17905 = LINE('',#17906,#17907);
#17906 = CARTESIAN_POINT('',(-89.75,54.75,42.3));
#17907 = VECTOR('',#17908,1.);
#17908 = DIRECTION('',(0.,1.,0.));
#17909 = PCURVE('',#12611,#17910);
#17910 = DEFINITIONAL_REPRESENTATION('',(#17911),#17915);
#17911 = LINE('',#17912,#17913);
#17912 = CARTESIAN_POINT('',(0.,0.));
#17913 = VECTOR('',#17914,1.);
#17914 = DIRECTION('',(0.,1.));
#17915 = ( GEOMETRIC_REPRESENTATION_CONTEXT(2) 
PARAMETRIC_REPRESENTATION_CONTEXT() REPRESENTATION_CONTEXT('2D SPACE',''
  ) );
#17916 = PCURVE('',#12981,#17917);
#17917 = DEFINITIONAL_REPRESENTATION('',(#17918),#17922);
#17918 = LINE('',#17919,#17920);
#17919 = CARTESIAN_POINT('',(4.8,0.));
#17920 = VECTOR('',#17921,1.);
#17921 = DIRECTION('',(0.,-1.));
#17922 = ( GEOMETRIC_REPRESENTATION_CONTEXT(2) 
PARAMETRIC_REPRESENTATION_CONTEXT() REPRESENTATION_CONTEXT('2D SPACE',''
  ) );
#17923 = ORIENTED_EDGE('',*,*,#12594,.F.);
#17924 = ORIENTED_EDGE('',*,*,#12843,.F.);
#17925 = ORIENTED_EDGE('',*,*,#12993,.F.);
#17926 = ADVANCED_FACE('',(#17927),#12930,.F.);
#17927 = FACE_BOUND('',#17928,.F.);
#17928 = EDGE_LOOP('',(#17929,#17930,#17931,#17932,#17933));
#17929 = ORIENTED_EDGE('',*,*,#17538,.F.);
#17930 = ORIENTED_EDGE('',*,*,#17588,.F.);
#17931 = ORIENTED_EDGE('',*,*,#17612,.F.);
#17932 = ORIENTED_EDGE('',*,*,#17671,.T.);
#17933 = ORIENTED_EDGE('',*,*,#12914,.T.);
#17934 = ADVANCED_FACE('',(#17935),#12981,.T.);
#17935 = FACE_BOUND('',#17936,.T.);
#17936 = EDGE_LOOP('',(#17937,#17938,#17939,#17940,#17941));
#17937 = ORIENTED_EDGE('',*,*,#17903,.F.);
#17938 = ORIENTED_EDGE('',*,*,#17877,.F.);
#17939 = ORIENTED_EDGE('',*,*,#17829,.F.);
#17940 = ORIENTED_EDGE('',*,*,#17716,.F.);
#17941 = ORIENTED_EDGE('',*,*,#12965,.T.);
#17942 = ADVANCED_FACE('',(#17943),#13294,.F.);
#17943 = FACE_BOUND('',#17944,.F.);
#17944 = EDGE_LOOP('',(#17945,#17946,#17967,#17968));
#17945 = ORIENTED_EDGE('',*,*,#13279,.F.);
#17946 = ORIENTED_EDGE('',*,*,#17947,.T.);
#17947 = EDGE_CURVE('',#13251,#13405,#17948,.T.);
#17948 = SURFACE_CURVE('',#17949,(#17953,#17960),.PCURVE_S1.);
#17949 = LINE('',#17950,#17951);
#17950 = CARTESIAN_POINT('',(-55.25,80.25,42.3));
#17951 = VECTOR('',#17952,1.);
#17952 = DIRECTION('',(1.,2.22044604925E-16,0.));
#17953 = PCURVE('',#13294,#17954);
#17954 = DEFINITIONAL_REPRESENTATION('',(#17955),#17959);
#17955 = LINE('',#17956,#17957);
#17956 = CARTESIAN_POINT('',(9.5,0.));
#17957 = VECTOR('',#17958,1.);
#17958 = DIRECTION('',(0.,1.));
#17959 = ( GEOMETRIC_REPRESENTATION_CONTEXT(2) 
PARAMETRIC_REPRESENTATION_CONTEXT() REPRESENTATION_CONTEXT('2D SPACE',''
  ) );
#17960 = PCURVE('',#13443,#17961);
#17961 = DEFINITIONAL_REPRESENTATION('',(#17962),#17966);
#17962 = LINE('',#17963,#17964);
#17963 = CARTESIAN_POINT('',(4.8,0.));
#17964 = VECTOR('',#17965,1.);
#17965 = DIRECTION('',(0.,-1.));
#17966 = ( GEOMETRIC_REPRESENTATION_CONTEXT(2) 
PARAMETRIC_REPRESENTATION_CONTEXT() REPRESENTATION_CONTEXT('2D SPACE',''
  ) );
#17967 = ORIENTED_EDGE('',*,*,#13404,.F.);
#17968 = ORIENTED_EDGE('',*,*,#13309,.T.);
#17969 = ADVANCED_FACE('',(#17970),#13267,.F.);
#17970 = FACE_BOUND('',#17971,.F.);
#17971 = EDGE_LOOP('',(#17972,#17973,#17996));
#17972 = ORIENTED_EDGE('',*,*,#13250,.F.);
#17973 = ORIENTED_EDGE('',*,*,#17974,.T.);
#17974 = EDGE_CURVE('',#13225,#17975,#17977,.T.);
#17975 = VERTEX_POINT('',#17976);
#17976 = CARTESIAN_POINT('',(-55.25,80.25,42.3));
#17977 = SURFACE_CURVE('',#17978,(#17982,#17989),.PCURVE_S1.);
#17978 = LINE('',#17979,#17980);
#17979 = CARTESIAN_POINT('',(-55.25,89.75,42.3));
#17980 = VECTOR('',#17981,1.);
#17981 = DIRECTION('',(2.22044604925E-16,-1.,0.));
#17982 = PCURVE('',#13267,#17983);
#17983 = DEFINITIONAL_REPRESENTATION('',(#17984),#17988);
#17984 = LINE('',#17985,#17986);
#17985 = CARTESIAN_POINT('',(0.,0.));
#17986 = VECTOR('',#17987,1.);
#17987 = DIRECTION('',(1.,0.));
#17988 = ( GEOMETRIC_REPRESENTATION_CONTEXT(2) 
PARAMETRIC_REPRESENTATION_CONTEXT() REPRESENTATION_CONTEXT('2D SPACE',''
  ) );
#17989 = PCURVE('',#13239,#17990);
#17990 = DEFINITIONAL_REPRESENTATION('',(#17991),#17995);
#17991 = LINE('',#17992,#17993);
#17992 = CARTESIAN_POINT('',(4.8,0.));
#17993 = VECTOR('',#17994,1.);
#17994 = DIRECTION('',(0.,1.));
#17995 = ( GEOMETRIC_REPRESENTATION_CONTEXT(2) 
PARAMETRIC_REPRESENTATION_CONTEXT() REPRESENTATION_CONTEXT('2D SPACE',''
  ) );
#17996 = ORIENTED_EDGE('',*,*,#17997,.T.);
#17997 = EDGE_CURVE('',#17975,#13251,#17998,.T.);
#17998 = SURFACE_CURVE('',#17999,(#18003,#18010),.PCURVE_S1.);
#17999 = LINE('',#18000,#18001);
#18000 = CARTESIAN_POINT('',(-55.25,80.25,42.3));
#18001 = VECTOR('',#18002,1.);
#18002 = DIRECTION('',(1.,2.22044604925E-16,0.));
#18003 = PCURVE('',#13267,#18004);
#18004 = DEFINITIONAL_REPRESENTATION('',(#18005),#18009);
#18005 = LINE('',#18006,#18007);
#18006 = CARTESIAN_POINT('',(9.5,0.));
#18007 = VECTOR('',#18008,1.);
#18008 = DIRECTION('',(0.,1.));
#18009 = ( GEOMETRIC_REPRESENTATION_CONTEXT(2) 
PARAMETRIC_REPRESENTATION_CONTEXT() REPRESENTATION_CONTEXT('2D SPACE',''
  ) );
#18010 = PCURVE('',#13443,#18011);
#18011 = DEFINITIONAL_REPRESENTATION('',(#18012),#18016);
#18012 = LINE('',#18013,#18014);
#18013 = CARTESIAN_POINT('',(4.8,0.));
#18014 = VECTOR('',#18015,1.);
#18015 = DIRECTION('',(0.,-1.));
#18016 = ( GEOMETRIC_REPRESENTATION_CONTEXT(2) 
PARAMETRIC_REPRESENTATION_CONTEXT() REPRESENTATION_CONTEXT('2D SPACE',''
  ) );
#18017 = ADVANCED_FACE('',(#18018),#13239,.T.);
#18018 = FACE_BOUND('',#18019,.T.);
#18019 = EDGE_LOOP('',(#18020,#18041,#18042,#18043));
#18020 = ORIENTED_EDGE('',*,*,#18021,.F.);
#18021 = EDGE_CURVE('',#17741,#17975,#18022,.T.);
#18022 = SURFACE_CURVE('',#18023,(#18027,#18034),.PCURVE_S1.);
#18023 = LINE('',#18024,#18025);
#18024 = CARTESIAN_POINT('',(-55.25,80.25,37.5));
#18025 = VECTOR('',#18026,1.);
#18026 = DIRECTION('',(0.,0.,1.));
#18027 = PCURVE('',#13239,#18028);
#18028 = DEFINITIONAL_REPRESENTATION('',(#18029),#18033);
#18029 = LINE('',#18030,#18031);
#18030 = CARTESIAN_POINT('',(0.,9.5));
#18031 = VECTOR('',#18032,1.);
#18032 = DIRECTION('',(1.,0.));
#18033 = ( GEOMETRIC_REPRESENTATION_CONTEXT(2) 
PARAMETRIC_REPRESENTATION_CONTEXT() REPRESENTATION_CONTEXT('2D SPACE',''
  ) );
#18034 = PCURVE('',#13443,#18035);
#18035 = DEFINITIONAL_REPRESENTATION('',(#18036),#18040);
#18036 = LINE('',#18037,#18038);
#18037 = CARTESIAN_POINT('',(0.,0.));
#18038 = VECTOR('',#18039,1.);
#18039 = DIRECTION('',(1.,0.));
#18040 = ( GEOMETRIC_REPRESENTATION_CONTEXT(2) 
PARAMETRIC_REPRESENTATION_CONTEXT() REPRESENTATION_CONTEXT('2D SPACE',''
  ) );
#18041 = ORIENTED_EDGE('',*,*,#17763,.T.);
#18042 = ORIENTED_EDGE('',*,*,#13224,.T.);
#18043 = ORIENTED_EDGE('',*,*,#17974,.T.);
#18044 = ADVANCED_FACE('',(#18045),#13185,.T.);
#18045 = FACE_BOUND('',#18046,.T.);
#18046 = EDGE_LOOP('',(#18047,#18048,#18071,#18092));
#18047 = ORIENTED_EDGE('',*,*,#17783,.T.);
#18048 = ORIENTED_EDGE('',*,*,#18049,.T.);
#18049 = EDGE_CURVE('',#17784,#18050,#18052,.T.);
#18050 = VERTEX_POINT('',#18051);
#18051 = CARTESIAN_POINT('',(-55.25,89.75,42.3));
#18052 = SURFACE_CURVE('',#18053,(#18057,#18064),.PCURVE_S1.);
#18053 = LINE('',#18054,#18055);
#18054 = CARTESIAN_POINT('',(-55.25,89.75,37.5));
#18055 = VECTOR('',#18056,1.);
#18056 = DIRECTION('',(0.,0.,1.));
#18057 = PCURVE('',#13185,#18058);
#18058 = DEFINITIONAL_REPRESENTATION('',(#18059),#18063);
#18059 = LINE('',#18060,#18061);
#18060 = CARTESIAN_POINT('',(0.,0.));
#18061 = VECTOR('',#18062,1.);
#18062 = DIRECTION('',(1.,0.));
#18063 = ( GEOMETRIC_REPRESENTATION_CONTEXT(2) 
PARAMETRIC_REPRESENTATION_CONTEXT() REPRESENTATION_CONTEXT('2D SPACE',''
  ) );
#18064 = PCURVE('',#13494,#18065);
#18065 = DEFINITIONAL_REPRESENTATION('',(#18066),#18070);
#18066 = LINE('',#18067,#18068);
#18067 = CARTESIAN_POINT('',(0.,0.));
#18068 = VECTOR('',#18069,1.);
#18069 = DIRECTION('',(1.,0.));
#18070 = ( GEOMETRIC_REPRESENTATION_CONTEXT(2) 
PARAMETRIC_REPRESENTATION_CONTEXT() REPRESENTATION_CONTEXT('2D SPACE',''
  ) );
#18071 = ORIENTED_EDGE('',*,*,#18072,.T.);
#18072 = EDGE_CURVE('',#18050,#13142,#18073,.T.);
#18073 = SURFACE_CURVE('',#18074,(#18078,#18085),.PCURVE_S1.);
#18074 = LINE('',#18075,#18076);
#18075 = CARTESIAN_POINT('',(-55.25,89.75,42.3));
#18076 = VECTOR('',#18077,1.);
#18077 = DIRECTION('',(2.22044604925E-16,-1.,0.));
#18078 = PCURVE('',#13185,#18079);
#18079 = DEFINITIONAL_REPRESENTATION('',(#18080),#18084);
#18080 = LINE('',#18081,#18082);
#18081 = CARTESIAN_POINT('',(4.8,0.));
#18082 = VECTOR('',#18083,1.);
#18083 = DIRECTION('',(0.,1.));
#18084 = ( GEOMETRIC_REPRESENTATION_CONTEXT(2) 
PARAMETRIC_REPRESENTATION_CONTEXT() REPRESENTATION_CONTEXT('2D SPACE',''
  ) );
#18085 = PCURVE('',#13158,#18086);
#18086 = DEFINITIONAL_REPRESENTATION('',(#18087),#18091);
#18087 = LINE('',#18088,#18089);
#18088 = CARTESIAN_POINT('',(0.,0.));
#18089 = VECTOR('',#18090,1.);
#18090 = DIRECTION('',(1.,0.));
#18091 = ( GEOMETRIC_REPRESENTATION_CONTEXT(2) 
PARAMETRIC_REPRESENTATION_CONTEXT() REPRESENTATION_CONTEXT('2D SPACE',''
  ) );
#18092 = ORIENTED_EDGE('',*,*,#13170,.F.);
#18093 = ADVANCED_FACE('',(#18094),#13158,.F.);
#18094 = FACE_BOUND('',#18095,.F.);
#18095 = EDGE_LOOP('',(#18096,#18117,#18118));
#18096 = ORIENTED_EDGE('',*,*,#18097,.F.);
#18097 = EDGE_CURVE('',#18050,#13113,#18098,.T.);
#18098 = SURFACE_CURVE('',#18099,(#18103,#18110),.PCURVE_S1.);
#18099 = LINE('',#18100,#18101);
#18100 = CARTESIAN_POINT('',(-55.25,89.75,42.3));
#18101 = VECTOR('',#18102,1.);
#18102 = DIRECTION('',(1.,2.22044604925E-16,0.));
#18103 = PCURVE('',#13158,#18104);
#18104 = DEFINITIONAL_REPRESENTATION('',(#18105),#18109);
#18105 = LINE('',#18106,#18107);
#18106 = CARTESIAN_POINT('',(0.,0.));
#18107 = VECTOR('',#18108,1.);
#18108 = DIRECTION('',(0.,1.));
#18109 = ( GEOMETRIC_REPRESENTATION_CONTEXT(2) 
PARAMETRIC_REPRESENTATION_CONTEXT() REPRESENTATION_CONTEXT('2D SPACE',''
  ) );
#18110 = PCURVE('',#13494,#18111);
#18111 = DEFINITIONAL_REPRESENTATION('',(#18112),#18116);
#18112 = LINE('',#18113,#18114);
#18113 = CARTESIAN_POINT('',(4.8,0.));
#18114 = VECTOR('',#18115,1.);
#18115 = DIRECTION('',(0.,-1.));
#18116 = ( GEOMETRIC_REPRESENTATION_CONTEXT(2) 
PARAMETRIC_REPRESENTATION_CONTEXT() REPRESENTATION_CONTEXT('2D SPACE',''
  ) );
#18117 = ORIENTED_EDGE('',*,*,#18072,.T.);
#18118 = ORIENTED_EDGE('',*,*,#13141,.F.);
#18119 = ADVANCED_FACE('',(#18120),#13129,.F.);
#18120 = FACE_BOUND('',#18121,.F.);
#18121 = EDGE_LOOP('',(#18122,#18143,#18144,#18145));
#18122 = ORIENTED_EDGE('',*,*,#18123,.F.);
#18123 = EDGE_CURVE('',#13113,#13479,#18124,.T.);
#18124 = SURFACE_CURVE('',#18125,(#18129,#18136),.PCURVE_S1.);
#18125 = LINE('',#18126,#18127);
#18126 = CARTESIAN_POINT('',(-55.25,89.75,42.3));
#18127 = VECTOR('',#18128,1.);
#18128 = DIRECTION('',(1.,2.22044604925E-16,0.));
#18129 = PCURVE('',#13129,#18130);
#18130 = DEFINITIONAL_REPRESENTATION('',(#18131),#18135);
#18131 = LINE('',#18132,#18133);
#18132 = CARTESIAN_POINT('',(0.,0.));
#18133 = VECTOR('',#18134,1.);
#18134 = DIRECTION('',(0.,1.));
#18135 = ( GEOMETRIC_REPRESENTATION_CONTEXT(2) 
PARAMETRIC_REPRESENTATION_CONTEXT() REPRESENTATION_CONTEXT('2D SPACE',''
  ) );
#18136 = PCURVE('',#13494,#18137);
#18137 = DEFINITIONAL_REPRESENTATION('',(#18138),#18142);
#18138 = LINE('',#18139,#18140);
#18139 = CARTESIAN_POINT('',(4.8,0.));
#18140 = VECTOR('',#18141,1.);
#18141 = DIRECTION('',(0.,-1.));
#18142 = ( GEOMETRIC_REPRESENTATION_CONTEXT(2) 
PARAMETRIC_REPRESENTATION_CONTEXT() REPRESENTATION_CONTEXT('2D SPACE',''
  ) );
#18143 = ORIENTED_EDGE('',*,*,#13112,.F.);
#18144 = ORIENTED_EDGE('',*,*,#13356,.F.);
#18145 = ORIENTED_EDGE('',*,*,#13506,.F.);
#18146 = ADVANCED_FACE('',(#18147),#13443,.F.);
#18147 = FACE_BOUND('',#18148,.F.);
#18148 = EDGE_LOOP('',(#18149,#18150,#18151,#18152,#18153));
#18149 = ORIENTED_EDGE('',*,*,#17947,.F.);
#18150 = ORIENTED_EDGE('',*,*,#17997,.F.);
#18151 = ORIENTED_EDGE('',*,*,#18021,.F.);
#18152 = ORIENTED_EDGE('',*,*,#17740,.T.);
#18153 = ORIENTED_EDGE('',*,*,#13427,.T.);
#18154 = ADVANCED_FACE('',(#18155),#13494,.T.);
#18155 = FACE_BOUND('',#18156,.T.);
#18156 = EDGE_LOOP('',(#18157,#18158,#18159,#18160,#18161));
#18157 = ORIENTED_EDGE('',*,*,#18123,.F.);
#18158 = ORIENTED_EDGE('',*,*,#18097,.F.);
#18159 = ORIENTED_EDGE('',*,*,#18049,.F.);
#18160 = ORIENTED_EDGE('',*,*,#17804,.F.);
#18161 = ORIENTED_EDGE('',*,*,#13478,.T.);
#18162 = ADVANCED_FACE('',(#18163),#14402,.F.);
#18163 = FACE_BOUND('',#18164,.F.);
#18164 = EDGE_LOOP('',(#18165,#18166,#18187,#18188));
#18165 = ORIENTED_EDGE('',*,*,#14387,.F.);
#18166 = ORIENTED_EDGE('',*,*,#18167,.T.);
#18167 = EDGE_CURVE('',#14359,#14513,#18168,.T.);
#18168 = SURFACE_CURVE('',#18169,(#18173,#18180),.PCURVE_S1.);
#18169 = LINE('',#18170,#18171);
#18170 = CARTESIAN_POINT('',(89.75,54.75,42.3));
#18171 = VECTOR('',#18172,1.);
#18172 = DIRECTION('',(0.,1.,0.));
#18173 = PCURVE('',#14402,#18174);
#18174 = DEFINITIONAL_REPRESENTATION('',(#18175),#18179);
#18175 = LINE('',#18176,#18177);
#18176 = CARTESIAN_POINT('',(9.5,0.));
#18177 = VECTOR('',#18178,1.);
#18178 = DIRECTION('',(0.,1.));
#18179 = ( GEOMETRIC_REPRESENTATION_CONTEXT(2) 
PARAMETRIC_REPRESENTATION_CONTEXT() REPRESENTATION_CONTEXT('2D SPACE',''
  ) );
#18180 = PCURVE('',#14551,#18181);
#18181 = DEFINITIONAL_REPRESENTATION('',(#18182),#18186);
#18182 = LINE('',#18183,#18184);
#18183 = CARTESIAN_POINT('',(4.8,0.));
#18184 = VECTOR('',#18185,1.);
#18185 = DIRECTION('',(0.,-1.));
#18186 = ( GEOMETRIC_REPRESENTATION_CONTEXT(2) 
PARAMETRIC_REPRESENTATION_CONTEXT() REPRESENTATION_CONTEXT('2D SPACE',''
  ) );
#18187 = ORIENTED_EDGE('',*,*,#14512,.F.);
#18188 = ORIENTED_EDGE('',*,*,#14417,.T.);
#18189 = ADVANCED_FACE('',(#18190),#14375,.F.);
#18190 = FACE_BOUND('',#18191,.F.);
#18191 = EDGE_LOOP('',(#18192,#18193,#18216));
#18192 = ORIENTED_EDGE('',*,*,#14358,.F.);
#18193 = ORIENTED_EDGE('',*,*,#18194,.T.);
#18194 = EDGE_CURVE('',#14333,#18195,#18197,.T.);
#18195 = VERTEX_POINT('',#18196);
#18196 = CARTESIAN_POINT('',(89.75,54.75,42.3));
#18197 = SURFACE_CURVE('',#18198,(#18202,#18209),.PCURVE_S1.);
#18198 = LINE('',#18199,#18200);
#18199 = CARTESIAN_POINT('',(80.25,54.75,42.3));
#18200 = VECTOR('',#18201,1.);
#18201 = DIRECTION('',(1.,0.,0.));
#18202 = PCURVE('',#14375,#18203);
#18203 = DEFINITIONAL_REPRESENTATION('',(#18204),#18208);
#18204 = LINE('',#18205,#18206);
#18205 = CARTESIAN_POINT('',(0.,0.));
#18206 = VECTOR('',#18207,1.);
#18207 = DIRECTION('',(1.,0.));
#18208 = ( GEOMETRIC_REPRESENTATION_CONTEXT(2) 
PARAMETRIC_REPRESENTATION_CONTEXT() REPRESENTATION_CONTEXT('2D SPACE',''
  ) );
#18209 = PCURVE('',#14347,#18210);
#18210 = DEFINITIONAL_REPRESENTATION('',(#18211),#18215);
#18211 = LINE('',#18212,#18213);
#18212 = CARTESIAN_POINT('',(4.8,0.));
#18213 = VECTOR('',#18214,1.);
#18214 = DIRECTION('',(0.,1.));
#18215 = ( GEOMETRIC_REPRESENTATION_CONTEXT(2) 
PARAMETRIC_REPRESENTATION_CONTEXT() REPRESENTATION_CONTEXT('2D SPACE',''
  ) );
#18216 = ORIENTED_EDGE('',*,*,#18217,.T.);
#18217 = EDGE_CURVE('',#18195,#14359,#18218,.T.);
#18218 = SURFACE_CURVE('',#18219,(#18223,#18230),.PCURVE_S1.);
#18219 = LINE('',#18220,#18221);
#18220 = CARTESIAN_POINT('',(89.75,54.75,42.3));
#18221 = VECTOR('',#18222,1.);
#18222 = DIRECTION('',(0.,1.,0.));
#18223 = PCURVE('',#14375,#18224);
#18224 = DEFINITIONAL_REPRESENTATION('',(#18225),#18229);
#18225 = LINE('',#18226,#18227);
#18226 = CARTESIAN_POINT('',(9.5,0.));
#18227 = VECTOR('',#18228,1.);
#18228 = DIRECTION('',(0.,1.));
#18229 = ( GEOMETRIC_REPRESENTATION_CONTEXT(2) 
PARAMETRIC_REPRESENTATION_CONTEXT() REPRESENTATION_CONTEXT('2D SPACE',''
  ) );
#18230 = PCURVE('',#14551,#18231);
#18231 = DEFINITIONAL_REPRESENTATION('',(#18232),#18236);
#18232 = LINE('',#18233,#18234);
#18233 = CARTESIAN_POINT('',(4.8,0.));
#18234 = VECTOR('',#18235,1.);
#18235 = DIRECTION('',(0.,-1.));
#18236 = ( GEOMETRIC_REPRESENTATION_CONTEXT(2) 
PARAMETRIC_REPRESENTATION_CONTEXT() REPRESENTATION_CONTEXT('2D SPACE',''
  ) );
#18237 = ADVANCED_FACE('',(#18238),#14347,.T.);
#18238 = FACE_BOUND('',#18239,.T.);
#18239 = EDGE_LOOP('',(#18240,#18263,#18282,#18283));
#18240 = ORIENTED_EDGE('',*,*,#18241,.F.);
#18241 = EDGE_CURVE('',#18242,#18195,#18244,.T.);
#18242 = VERTEX_POINT('',#18243);
#18243 = CARTESIAN_POINT('',(89.75,54.75,38.5));
#18244 = SURFACE_CURVE('',#18245,(#18249,#18256),.PCURVE_S1.);
#18245 = LINE('',#18246,#18247);
#18246 = CARTESIAN_POINT('',(89.75,54.75,37.5));
#18247 = VECTOR('',#18248,1.);
#18248 = DIRECTION('',(0.,0.,1.));
#18249 = PCURVE('',#14347,#18250);
#18250 = DEFINITIONAL_REPRESENTATION('',(#18251),#18255);
#18251 = LINE('',#18252,#18253);
#18252 = CARTESIAN_POINT('',(0.,9.5));
#18253 = VECTOR('',#18254,1.);
#18254 = DIRECTION('',(1.,0.));
#18255 = ( GEOMETRIC_REPRESENTATION_CONTEXT(2) 
PARAMETRIC_REPRESENTATION_CONTEXT() REPRESENTATION_CONTEXT('2D SPACE',''
  ) );
#18256 = PCURVE('',#14551,#18257);
#18257 = DEFINITIONAL_REPRESENTATION('',(#18258),#18262);
#18258 = LINE('',#18259,#18260);
#18259 = CARTESIAN_POINT('',(0.,0.));
#18260 = VECTOR('',#18261,1.);
#18261 = DIRECTION('',(1.,0.));
#18262 = ( GEOMETRIC_REPRESENTATION_CONTEXT(2) 
PARAMETRIC_REPRESENTATION_CONTEXT() REPRESENTATION_CONTEXT('2D SPACE',''
  ) );
#18263 = ORIENTED_EDGE('',*,*,#18264,.T.);
#18264 = EDGE_CURVE('',#18242,#14300,#18265,.T.);
#18265 = SURFACE_CURVE('',#18266,(#18270,#18276),.PCURVE_S1.);
#18266 = LINE('',#18267,#18268);
#18267 = CARTESIAN_POINT('',(76.125,54.75,38.5));
#18268 = VECTOR('',#18269,1.);
#18269 = DIRECTION('',(-1.,0.,0.));
#18270 = PCURVE('',#14347,#18271);
#18271 = DEFINITIONAL_REPRESENTATION('',(#18272),#18275);
#18272 = B_SPLINE_CURVE_WITH_KNOTS('',1,(#18273,#18274),.UNSPECIFIED.,
  .F.,.F.,(2,2),(-13.625,-4.125),.PIECEWISE_BEZIER_KNOTS.);
#18273 = CARTESIAN_POINT('',(1.,9.5));
#18274 = CARTESIAN_POINT('',(1.,0.));
#18275 = ( GEOMETRIC_REPRESENTATION_CONTEXT(2) 
PARAMETRIC_REPRESENTATION_CONTEXT() REPRESENTATION_CONTEXT('2D SPACE',''
  ) );
#18276 = PCURVE('',#14316,#18277);
#18277 = DEFINITIONAL_REPRESENTATION('',(#18278),#18281);
#18278 = B_SPLINE_CURVE_WITH_KNOTS('',1,(#18279,#18280),.UNSPECIFIED.,
  .F.,.F.,(2,2),(-13.625,-4.125),.PIECEWISE_BEZIER_KNOTS.);
#18279 = CARTESIAN_POINT('',(17.75,19.75));
#18280 = CARTESIAN_POINT('',(8.25,19.75));
#18281 = ( GEOMETRIC_REPRESENTATION_CONTEXT(2) 
PARAMETRIC_REPRESENTATION_CONTEXT() REPRESENTATION_CONTEXT('2D SPACE',''
  ) );
#18282 = ORIENTED_EDGE('',*,*,#14332,.T.);
#18283 = ORIENTED_EDGE('',*,*,#18194,.T.);
#18284 = ADVANCED_FACE('',(#18285,#18291),#14316,.F.);
#18285 = FACE_BOUND('',#18286,.F.);
#18286 = EDGE_LOOP('',(#18287,#18288,#18289,#18290));
#18287 = ORIENTED_EDGE('',*,*,#17065,.F.);
#18288 = ORIENTED_EDGE('',*,*,#16967,.T.);
#18289 = ORIENTED_EDGE('',*,*,#17016,.T.);
#18290 = ORIENTED_EDGE('',*,*,#17114,.F.);
#18291 = FACE_BOUND('',#18292,.F.);
#18292 = EDGE_LOOP('',(#18293,#18294,#18315,#18316,#18317,#18338));
#18293 = ORIENTED_EDGE('',*,*,#14563,.T.);
#18294 = ORIENTED_EDGE('',*,*,#18295,.F.);
#18295 = EDGE_CURVE('',#18242,#14536,#18296,.T.);
#18296 = SURFACE_CURVE('',#18297,(#18301,#18308),.PCURVE_S1.);
#18297 = LINE('',#18298,#18299);
#18298 = CARTESIAN_POINT('',(89.75,54.75,38.5));
#18299 = VECTOR('',#18300,1.);
#18300 = DIRECTION('',(0.,1.,0.));
#18301 = PCURVE('',#14316,#18302);
#18302 = DEFINITIONAL_REPRESENTATION('',(#18303),#18307);
#18303 = LINE('',#18304,#18305);
#18304 = CARTESIAN_POINT('',(17.75,19.75));
#18305 = VECTOR('',#18306,1.);
#18306 = DIRECTION('',(0.,1.));
#18307 = ( GEOMETRIC_REPRESENTATION_CONTEXT(2) 
PARAMETRIC_REPRESENTATION_CONTEXT() REPRESENTATION_CONTEXT('2D SPACE',''
  ) );
#18308 = PCURVE('',#14551,#18309);
#18309 = DEFINITIONAL_REPRESENTATION('',(#18310),#18314);
#18310 = LINE('',#18311,#18312);
#18311 = CARTESIAN_POINT('',(1.,0.));
#18312 = VECTOR('',#18313,1.);
#18313 = DIRECTION('',(0.,-1.));
#18314 = ( GEOMETRIC_REPRESENTATION_CONTEXT(2) 
PARAMETRIC_REPRESENTATION_CONTEXT() REPRESENTATION_CONTEXT('2D SPACE',''
  ) );
#18315 = ORIENTED_EDGE('',*,*,#18264,.T.);
#18316 = ORIENTED_EDGE('',*,*,#14299,.T.);
#18317 = ORIENTED_EDGE('',*,*,#18318,.T.);
#18318 = EDGE_CURVE('',#14274,#18319,#18321,.T.);
#18319 = VERTEX_POINT('',#18320);
#18320 = CARTESIAN_POINT('',(80.25,54.75,38.5));
#18321 = SURFACE_CURVE('',#18322,(#18326,#18332),.PCURVE_S1.);
#18322 = LINE('',#18323,#18324);
#18323 = CARTESIAN_POINT('',(76.125,54.75,38.5));
#18324 = VECTOR('',#18325,1.);
#18325 = DIRECTION('',(-1.,0.,0.));
#18326 = PCURVE('',#14316,#18327);
#18327 = DEFINITIONAL_REPRESENTATION('',(#18328),#18331);
#18328 = B_SPLINE_CURVE_WITH_KNOTS('',1,(#18329,#18330),.UNSPECIFIED.,
  .F.,.F.,(2,2),(-13.625,-4.125),.PIECEWISE_BEZIER_KNOTS.);
#18329 = CARTESIAN_POINT('',(17.75,19.75));
#18330 = CARTESIAN_POINT('',(8.25,19.75));
#18331 = ( GEOMETRIC_REPRESENTATION_CONTEXT(2) 
PARAMETRIC_REPRESENTATION_CONTEXT() REPRESENTATION_CONTEXT('2D SPACE',''
  ) );
#18332 = PCURVE('',#14288,#18333);
#18333 = DEFINITIONAL_REPRESENTATION('',(#18334),#18337);
#18334 = B_SPLINE_CURVE_WITH_KNOTS('',1,(#18335,#18336),.UNSPECIFIED.,
  .F.,.F.,(2,2),(-13.625,-4.125),.PIECEWISE_BEZIER_KNOTS.);
#18335 = CARTESIAN_POINT('',(1.,9.5));
#18336 = CARTESIAN_POINT('',(1.,0.));
#18337 = ( GEOMETRIC_REPRESENTATION_CONTEXT(2) 
PARAMETRIC_REPRESENTATION_CONTEXT() REPRESENTATION_CONTEXT('2D SPACE',''
  ) );
#18338 = ORIENTED_EDGE('',*,*,#18339,.F.);
#18339 = EDGE_CURVE('',#14564,#18319,#18340,.T.);
#18340 = SURFACE_CURVE('',#18341,(#18345,#18352),.PCURVE_S1.);
#18341 = LINE('',#18342,#18343);
#18342 = CARTESIAN_POINT('',(80.25,69.25,38.5));
#18343 = VECTOR('',#18344,1.);
#18344 = DIRECTION('',(0.,-1.,0.));
#18345 = PCURVE('',#14316,#18346);
#18346 = DEFINITIONAL_REPRESENTATION('',(#18347),#18351);
#18347 = LINE('',#18348,#18349);
#18348 = CARTESIAN_POINT('',(8.25,34.25));
#18349 = VECTOR('',#18350,1.);
#18350 = DIRECTION('',(0.,-1.));
#18351 = ( GEOMETRIC_REPRESENTATION_CONTEXT(2) 
PARAMETRIC_REPRESENTATION_CONTEXT() REPRESENTATION_CONTEXT('2D SPACE',''
  ) );
#18352 = PCURVE('',#14602,#18353);
#18353 = DEFINITIONAL_REPRESENTATION('',(#18354),#18358);
#18354 = LINE('',#18355,#18356);
#18355 = CARTESIAN_POINT('',(1.,-14.5));
#18356 = VECTOR('',#18357,1.);
#18357 = DIRECTION('',(0.,1.));
#18358 = ( GEOMETRIC_REPRESENTATION_CONTEXT(2) 
PARAMETRIC_REPRESENTATION_CONTEXT() REPRESENTATION_CONTEXT('2D SPACE',''
  ) );
#18359 = ADVANCED_FACE('',(#18360),#14288,.T.);
#18360 = FACE_BOUND('',#18361,.T.);
#18361 = EDGE_LOOP('',(#18362,#18363,#18386,#18407));
#18362 = ORIENTED_EDGE('',*,*,#18318,.T.);
#18363 = ORIENTED_EDGE('',*,*,#18364,.T.);
#18364 = EDGE_CURVE('',#18319,#18365,#18367,.T.);
#18365 = VERTEX_POINT('',#18366);
#18366 = CARTESIAN_POINT('',(80.25,54.75,42.3));
#18367 = SURFACE_CURVE('',#18368,(#18372,#18379),.PCURVE_S1.);
#18368 = LINE('',#18369,#18370);
#18369 = CARTESIAN_POINT('',(80.25,54.75,37.5));
#18370 = VECTOR('',#18371,1.);
#18371 = DIRECTION('',(0.,0.,1.));
#18372 = PCURVE('',#14288,#18373);
#18373 = DEFINITIONAL_REPRESENTATION('',(#18374),#18378);
#18374 = LINE('',#18375,#18376);
#18375 = CARTESIAN_POINT('',(0.,0.));
#18376 = VECTOR('',#18377,1.);
#18377 = DIRECTION('',(1.,0.));
#18378 = ( GEOMETRIC_REPRESENTATION_CONTEXT(2) 
PARAMETRIC_REPRESENTATION_CONTEXT() REPRESENTATION_CONTEXT('2D SPACE',''
  ) );
#18379 = PCURVE('',#14602,#18380);
#18380 = DEFINITIONAL_REPRESENTATION('',(#18381),#18385);
#18381 = LINE('',#18382,#18383);
#18382 = CARTESIAN_POINT('',(0.,0.));
#18383 = VECTOR('',#18384,1.);
#18384 = DIRECTION('',(1.,0.));
#18385 = ( GEOMETRIC_REPRESENTATION_CONTEXT(2) 
PARAMETRIC_REPRESENTATION_CONTEXT() REPRESENTATION_CONTEXT('2D SPACE',''
  ) );
#18386 = ORIENTED_EDGE('',*,*,#18387,.T.);
#18387 = EDGE_CURVE('',#18365,#14245,#18388,.T.);
#18388 = SURFACE_CURVE('',#18389,(#18393,#18400),.PCURVE_S1.);
#18389 = LINE('',#18390,#18391);
#18390 = CARTESIAN_POINT('',(80.25,54.75,42.3));
#18391 = VECTOR('',#18392,1.);
#18392 = DIRECTION('',(1.,0.,0.));
#18393 = PCURVE('',#14288,#18394);
#18394 = DEFINITIONAL_REPRESENTATION('',(#18395),#18399);
#18395 = LINE('',#18396,#18397);
#18396 = CARTESIAN_POINT('',(4.8,0.));
#18397 = VECTOR('',#18398,1.);
#18398 = DIRECTION('',(0.,1.));
#18399 = ( GEOMETRIC_REPRESENTATION_CONTEXT(2) 
PARAMETRIC_REPRESENTATION_CONTEXT() REPRESENTATION_CONTEXT('2D SPACE',''
  ) );
#18400 = PCURVE('',#14261,#18401);
#18401 = DEFINITIONAL_REPRESENTATION('',(#18402),#18406);
#18402 = LINE('',#18403,#18404);
#18403 = CARTESIAN_POINT('',(0.,0.));
#18404 = VECTOR('',#18405,1.);
#18405 = DIRECTION('',(1.,0.));
#18406 = ( GEOMETRIC_REPRESENTATION_CONTEXT(2) 
PARAMETRIC_REPRESENTATION_CONTEXT() REPRESENTATION_CONTEXT('2D SPACE',''
  ) );
#18407 = ORIENTED_EDGE('',*,*,#14273,.F.);
#18408 = ADVANCED_FACE('',(#18409),#14261,.F.);
#18409 = FACE_BOUND('',#18410,.F.);
#18410 = EDGE_LOOP('',(#18411,#18432,#18433));
#18411 = ORIENTED_EDGE('',*,*,#18412,.F.);
#18412 = EDGE_CURVE('',#18365,#14216,#18413,.T.);
#18413 = SURFACE_CURVE('',#18414,(#18418,#18425),.PCURVE_S1.);
#18414 = LINE('',#18415,#18416);
#18415 = CARTESIAN_POINT('',(80.25,54.75,42.3));
#18416 = VECTOR('',#18417,1.);
#18417 = DIRECTION('',(0.,1.,0.));
#18418 = PCURVE('',#14261,#18419);
#18419 = DEFINITIONAL_REPRESENTATION('',(#18420),#18424);
#18420 = LINE('',#18421,#18422);
#18421 = CARTESIAN_POINT('',(0.,0.));
#18422 = VECTOR('',#18423,1.);
#18423 = DIRECTION('',(0.,1.));
#18424 = ( GEOMETRIC_REPRESENTATION_CONTEXT(2) 
PARAMETRIC_REPRESENTATION_CONTEXT() REPRESENTATION_CONTEXT('2D SPACE',''
  ) );
#18425 = PCURVE('',#14602,#18426);
#18426 = DEFINITIONAL_REPRESENTATION('',(#18427),#18431);
#18427 = LINE('',#18428,#18429);
#18428 = CARTESIAN_POINT('',(4.8,0.));
#18429 = VECTOR('',#18430,1.);
#18430 = DIRECTION('',(0.,-1.));
#18431 = ( GEOMETRIC_REPRESENTATION_CONTEXT(2) 
PARAMETRIC_REPRESENTATION_CONTEXT() REPRESENTATION_CONTEXT('2D SPACE',''
  ) );
#18432 = ORIENTED_EDGE('',*,*,#18387,.T.);
#18433 = ORIENTED_EDGE('',*,*,#14244,.F.);
#18434 = ADVANCED_FACE('',(#18435),#14232,.F.);
#18435 = FACE_BOUND('',#18436,.F.);
#18436 = EDGE_LOOP('',(#18437,#18458,#18459,#18460));
#18437 = ORIENTED_EDGE('',*,*,#18438,.F.);
#18438 = EDGE_CURVE('',#14216,#14587,#18439,.T.);
#18439 = SURFACE_CURVE('',#18440,(#18444,#18451),.PCURVE_S1.);
#18440 = LINE('',#18441,#18442);
#18441 = CARTESIAN_POINT('',(80.25,54.75,42.3));
#18442 = VECTOR('',#18443,1.);
#18443 = DIRECTION('',(0.,1.,0.));
#18444 = PCURVE('',#14232,#18445);
#18445 = DEFINITIONAL_REPRESENTATION('',(#18446),#18450);
#18446 = LINE('',#18447,#18448);
#18447 = CARTESIAN_POINT('',(0.,0.));
#18448 = VECTOR('',#18449,1.);
#18449 = DIRECTION('',(0.,1.));
#18450 = ( GEOMETRIC_REPRESENTATION_CONTEXT(2) 
PARAMETRIC_REPRESENTATION_CONTEXT() REPRESENTATION_CONTEXT('2D SPACE',''
  ) );
#18451 = PCURVE('',#14602,#18452);
#18452 = DEFINITIONAL_REPRESENTATION('',(#18453),#18457);
#18453 = LINE('',#18454,#18455);
#18454 = CARTESIAN_POINT('',(4.8,0.));
#18455 = VECTOR('',#18456,1.);
#18456 = DIRECTION('',(0.,-1.));
#18457 = ( GEOMETRIC_REPRESENTATION_CONTEXT(2) 
PARAMETRIC_REPRESENTATION_CONTEXT() REPRESENTATION_CONTEXT('2D SPACE',''
  ) );
#18458 = ORIENTED_EDGE('',*,*,#14215,.F.);
#18459 = ORIENTED_EDGE('',*,*,#14464,.F.);
#18460 = ORIENTED_EDGE('',*,*,#14614,.F.);
#18461 = ADVANCED_FACE('',(#18462),#14551,.F.);
#18462 = FACE_BOUND('',#18463,.F.);
#18463 = EDGE_LOOP('',(#18464,#18465,#18466,#18467,#18468));
#18464 = ORIENTED_EDGE('',*,*,#18167,.F.);
#18465 = ORIENTED_EDGE('',*,*,#18217,.F.);
#18466 = ORIENTED_EDGE('',*,*,#18241,.F.);
#18467 = ORIENTED_EDGE('',*,*,#18295,.T.);
#18468 = ORIENTED_EDGE('',*,*,#14535,.T.);
#18469 = ADVANCED_FACE('',(#18470),#14602,.T.);
#18470 = FACE_BOUND('',#18471,.T.);
#18471 = EDGE_LOOP('',(#18472,#18473,#18474,#18475,#18476));
#18472 = ORIENTED_EDGE('',*,*,#18438,.F.);
#18473 = ORIENTED_EDGE('',*,*,#18412,.F.);
#18474 = ORIENTED_EDGE('',*,*,#18364,.F.);
#18475 = ORIENTED_EDGE('',*,*,#18339,.F.);
#18476 = ORIENTED_EDGE('',*,*,#14586,.T.);
#18477 = ADVANCED_FACE('',(#18478),#14729,.F.);
#18478 = FACE_BOUND('',#18479,.T.);
#18479 = EDGE_LOOP('',(#18480));
#18480 = ORIENTED_EDGE('',*,*,#14714,.F.);
#18481 = ADVANCED_FACE('',(#18482),#15034,.F.);
#18482 = FACE_BOUND('',#18483,.F.);
#18483 = EDGE_LOOP('',(#18484,#18485,#18486,#18487));
#18484 = ORIENTED_EDGE('',*,*,#15018,.F.);
#18485 = ORIENTED_EDGE('',*,*,#15226,.T.);
#18486 = ORIENTED_EDGE('',*,*,#15362,.T.);
#18487 = ORIENTED_EDGE('',*,*,#15071,.F.);
#18488 = ADVANCED_FACE('',(#18489),#15136,.F.);
#18489 = FACE_BOUND('',#18490,.F.);
#18490 = EDGE_LOOP('',(#18491,#18512,#18513,#18534));
#18491 = ORIENTED_EDGE('',*,*,#18492,.F.);
#18492 = EDGE_CURVE('',#15275,#15120,#18493,.T.);
#18493 = SURFACE_CURVE('',#18494,(#18498,#18505),.PCURVE_S1.);
#18494 = LINE('',#18495,#18496);
#18495 = CARTESIAN_POINT('',(-12.,-73.,40.6));
#18496 = VECTOR('',#18497,1.);
#18497 = DIRECTION('',(-0.,1.,0.));
#18498 = PCURVE('',#15136,#18499);
#18499 = DEFINITIONAL_REPRESENTATION('',(#18500),#18504);
#18500 = LINE('',#18501,#18502);
#18501 = CARTESIAN_POINT('',(0.,0.));
#18502 = VECTOR('',#18503,1.);
#18503 = DIRECTION('',(0.,1.));
#18504 = ( GEOMETRIC_REPRESENTATION_CONTEXT(2) 
PARAMETRIC_REPRESENTATION_CONTEXT() REPRESENTATION_CONTEXT('2D SPACE',''
  ) );
#18505 = PCURVE('',#15162,#18506);
#18506 = DEFINITIONAL_REPRESENTATION('',(#18507),#18511);
#18507 = LINE('',#18508,#18509);
#18508 = CARTESIAN_POINT('',(3.,0.));
#18509 = VECTOR('',#18510,1.);
#18510 = DIRECTION('',(0.,-1.));
#18511 = ( GEOMETRIC_REPRESENTATION_CONTEXT(2) 
PARAMETRIC_REPRESENTATION_CONTEXT() REPRESENTATION_CONTEXT('2D SPACE',''
  ) );
#18512 = ORIENTED_EDGE('',*,*,#15274,.T.);
#18513 = ORIENTED_EDGE('',*,*,#18514,.T.);
#18514 = EDGE_CURVE('',#15277,#15122,#18515,.T.);
#18515 = SURFACE_CURVE('',#18516,(#18520,#18527),.PCURVE_S1.);
#18516 = LINE('',#18517,#18518);
#18517 = CARTESIAN_POINT('',(-8.,-73.,40.6));
#18518 = VECTOR('',#18519,1.);
#18519 = DIRECTION('',(-0.,1.,0.));
#18520 = PCURVE('',#15136,#18521);
#18521 = DEFINITIONAL_REPRESENTATION('',(#18522),#18526);
#18522 = LINE('',#18523,#18524);
#18523 = CARTESIAN_POINT('',(4.,0.));
#18524 = VECTOR('',#18525,1.);
#18525 = DIRECTION('',(0.,1.));
#18526 = ( GEOMETRIC_REPRESENTATION_CONTEXT(2) 
PARAMETRIC_REPRESENTATION_CONTEXT() REPRESENTATION_CONTEXT('2D SPACE',''
  ) );
#18527 = PCURVE('',#15212,#18528);
#18528 = DEFINITIONAL_REPRESENTATION('',(#18529),#18533);
#18529 = LINE('',#18530,#18531);
#18530 = CARTESIAN_POINT('',(3.,0.));
#18531 = VECTOR('',#18532,1.);
#18532 = DIRECTION('',(0.,-1.));
#18533 = ( GEOMETRIC_REPRESENTATION_CONTEXT(2) 
PARAMETRIC_REPRESENTATION_CONTEXT() REPRESENTATION_CONTEXT('2D SPACE',''
  ) );
#18534 = ORIENTED_EDGE('',*,*,#15119,.F.);
#18535 = ADVANCED_FACE('',(#18536),#15212,.F.);
#18536 = FACE_BOUND('',#18537,.F.);
#18537 = EDGE_LOOP('',(#18538,#18539,#18540,#18561));
#18538 = ORIENTED_EDGE('',*,*,#18514,.F.);
#18539 = ORIENTED_EDGE('',*,*,#15339,.T.);
#18540 = ORIENTED_EDGE('',*,*,#18541,.T.);
#18541 = EDGE_CURVE('',#15319,#15174,#18542,.T.);
#18542 = SURFACE_CURVE('',#18543,(#18547,#18554),.PCURVE_S1.);
#18543 = LINE('',#18544,#18545);
#18544 = CARTESIAN_POINT('',(-8.,-73.,37.6));
#18545 = VECTOR('',#18546,1.);
#18546 = DIRECTION('',(-0.,1.,0.));
#18547 = PCURVE('',#15212,#18548);
#18548 = DEFINITIONAL_REPRESENTATION('',(#18549),#18553);
#18549 = LINE('',#18550,#18551);
#18550 = CARTESIAN_POINT('',(0.,0.));
#18551 = VECTOR('',#18552,1.);
#18552 = DIRECTION('',(0.,-1.));
#18553 = ( GEOMETRIC_REPRESENTATION_CONTEXT(2) 
PARAMETRIC_REPRESENTATION_CONTEXT() REPRESENTATION_CONTEXT('2D SPACE',''
  ) );
#18554 = PCURVE('',#15188,#18555);
#18555 = DEFINITIONAL_REPRESENTATION('',(#18556),#18560);
#18556 = LINE('',#18557,#18558);
#18557 = CARTESIAN_POINT('',(4.,0.));
#18558 = VECTOR('',#18559,1.);
#18559 = DIRECTION('',(0.,1.));
#18560 = ( GEOMETRIC_REPRESENTATION_CONTEXT(2) 
PARAMETRIC_REPRESENTATION_CONTEXT() REPRESENTATION_CONTEXT('2D SPACE',''
  ) );
#18561 = ORIENTED_EDGE('',*,*,#15199,.F.);
#18562 = ADVANCED_FACE('',(#18563),#15188,.T.);
#18563 = FACE_BOUND('',#18564,.T.);
#18564 = EDGE_LOOP('',(#18565,#18586,#18587,#18588));
#18565 = ORIENTED_EDGE('',*,*,#18566,.F.);
#18566 = EDGE_CURVE('',#15298,#15148,#18567,.T.);
#18567 = SURFACE_CURVE('',#18568,(#18572,#18579),.PCURVE_S1.);
#18568 = LINE('',#18569,#18570);
#18569 = CARTESIAN_POINT('',(-12.,-73.,37.6));
#18570 = VECTOR('',#18571,1.);
#18571 = DIRECTION('',(-0.,1.,0.));
#18572 = PCURVE('',#15188,#18573);
#18573 = DEFINITIONAL_REPRESENTATION('',(#18574),#18578);
#18574 = LINE('',#18575,#18576);
#18575 = CARTESIAN_POINT('',(0.,0.));
#18576 = VECTOR('',#18577,1.);
#18577 = DIRECTION('',(0.,1.));
#18578 = ( GEOMETRIC_REPRESENTATION_CONTEXT(2) 
PARAMETRIC_REPRESENTATION_CONTEXT() REPRESENTATION_CONTEXT('2D SPACE',''
  ) );
#18579 = PCURVE('',#15162,#18580);
#18580 = DEFINITIONAL_REPRESENTATION('',(#18581),#18585);
#18581 = LINE('',#18582,#18583);
#18582 = CARTESIAN_POINT('',(0.,0.));
#18583 = VECTOR('',#18584,1.);
#18584 = DIRECTION('',(0.,-1.));
#18585 = ( GEOMETRIC_REPRESENTATION_CONTEXT(2) 
PARAMETRIC_REPRESENTATION_CONTEXT() REPRESENTATION_CONTEXT('2D SPACE',''
  ) );
#18586 = ORIENTED_EDGE('',*,*,#15318,.T.);
#18587 = ORIENTED_EDGE('',*,*,#18541,.T.);
#18588 = ORIENTED_EDGE('',*,*,#15173,.F.);
#18589 = ADVANCED_FACE('',(#18590),#15162,.T.);
#18590 = FACE_BOUND('',#18591,.T.);
#18591 = EDGE_LOOP('',(#18592,#18593,#18594,#18595));
#18592 = ORIENTED_EDGE('',*,*,#18492,.F.);
#18593 = ORIENTED_EDGE('',*,*,#15297,.T.);
#18594 = ORIENTED_EDGE('',*,*,#18566,.T.);
#18595 = ORIENTED_EDGE('',*,*,#15147,.F.);
#18596 = ADVANCED_FACE('',(#18597),#15454,.F.);
#18597 = FACE_BOUND('',#18598,.F.);
#18598 = EDGE_LOOP('',(#18599,#18600,#18601,#18602));
#18599 = ORIENTED_EDGE('',*,*,#15438,.F.);
#18600 = ORIENTED_EDGE('',*,*,#15646,.T.);
#18601 = ORIENTED_EDGE('',*,*,#15782,.T.);
#18602 = ORIENTED_EDGE('',*,*,#15491,.F.);
#18603 = ADVANCED_FACE('',(#18604),#15556,.F.);
#18604 = FACE_BOUND('',#18605,.F.);
#18605 = EDGE_LOOP('',(#18606,#18627,#18628,#18649));
#18606 = ORIENTED_EDGE('',*,*,#18607,.F.);
#18607 = EDGE_CURVE('',#15695,#15540,#18608,.T.);
#18608 = SURFACE_CURVE('',#18609,(#18613,#18620),.PCURVE_S1.);
#18609 = LINE('',#18610,#18611);
#18610 = CARTESIAN_POINT('',(33.,-73.,40.6));
#18611 = VECTOR('',#18612,1.);
#18612 = DIRECTION('',(-0.,1.,0.));
#18613 = PCURVE('',#15556,#18614);
#18614 = DEFINITIONAL_REPRESENTATION('',(#18615),#18619);
#18615 = LINE('',#18616,#18617);
#18616 = CARTESIAN_POINT('',(0.,0.));
#18617 = VECTOR('',#18618,1.);
#18618 = DIRECTION('',(0.,1.));
#18619 = ( GEOMETRIC_REPRESENTATION_CONTEXT(2) 
PARAMETRIC_REPRESENTATION_CONTEXT() REPRESENTATION_CONTEXT('2D SPACE',''
  ) );
#18620 = PCURVE('',#15582,#18621);
#18621 = DEFINITIONAL_REPRESENTATION('',(#18622),#18626);
#18622 = LINE('',#18623,#18624);
#18623 = CARTESIAN_POINT('',(3.,0.));
#18624 = VECTOR('',#18625,1.);
#18625 = DIRECTION('',(0.,-1.));
#18626 = ( GEOMETRIC_REPRESENTATION_CONTEXT(2) 
PARAMETRIC_REPRESENTATION_CONTEXT() REPRESENTATION_CONTEXT('2D SPACE',''
  ) );
#18627 = ORIENTED_EDGE('',*,*,#15694,.T.);
#18628 = ORIENTED_EDGE('',*,*,#18629,.T.);
#18629 = EDGE_CURVE('',#15697,#15542,#18630,.T.);
#18630 = SURFACE_CURVE('',#18631,(#18635,#18642),.PCURVE_S1.);
#18631 = LINE('',#18632,#18633);
#18632 = CARTESIAN_POINT('',(37.,-73.,40.6));
#18633 = VECTOR('',#18634,1.);
#18634 = DIRECTION('',(-0.,1.,0.));
#18635 = PCURVE('',#15556,#18636);
#18636 = DEFINITIONAL_REPRESENTATION('',(#18637),#18641);
#18637 = LINE('',#18638,#18639);
#18638 = CARTESIAN_POINT('',(4.,0.));
#18639 = VECTOR('',#18640,1.);
#18640 = DIRECTION('',(0.,1.));
#18641 = ( GEOMETRIC_REPRESENTATION_CONTEXT(2) 
PARAMETRIC_REPRESENTATION_CONTEXT() REPRESENTATION_CONTEXT('2D SPACE',''
  ) );
#18642 = PCURVE('',#15632,#18643);
#18643 = DEFINITIONAL_REPRESENTATION('',(#18644),#18648);
#18644 = LINE('',#18645,#18646);
#18645 = CARTESIAN_POINT('',(3.,0.));
#18646 = VECTOR('',#18647,1.);
#18647 = DIRECTION('',(0.,-1.));
#18648 = ( GEOMETRIC_REPRESENTATION_CONTEXT(2) 
PARAMETRIC_REPRESENTATION_CONTEXT() REPRESENTATION_CONTEXT('2D SPACE',''
  ) );
#18649 = ORIENTED_EDGE('',*,*,#15539,.F.);
#18650 = ADVANCED_FACE('',(#18651),#15632,.F.);
#18651 = FACE_BOUND('',#18652,.F.);
#18652 = EDGE_LOOP('',(#18653,#18654,#18655,#18676));
#18653 = ORIENTED_EDGE('',*,*,#18629,.F.);
#18654 = ORIENTED_EDGE('',*,*,#15759,.T.);
#18655 = ORIENTED_EDGE('',*,*,#18656,.T.);
#18656 = EDGE_CURVE('',#15739,#15594,#18657,.T.);
#18657 = SURFACE_CURVE('',#18658,(#18662,#18669),.PCURVE_S1.);
#18658 = LINE('',#18659,#18660);
#18659 = CARTESIAN_POINT('',(37.,-73.,37.6));
#18660 = VECTOR('',#18661,1.);
#18661 = DIRECTION('',(-0.,1.,0.));
#18662 = PCURVE('',#15632,#18663);
#18663 = DEFINITIONAL_REPRESENTATION('',(#18664),#18668);
#18664 = LINE('',#18665,#18666);
#18665 = CARTESIAN_POINT('',(0.,0.));
#18666 = VECTOR('',#18667,1.);
#18667 = DIRECTION('',(0.,-1.));
#18668 = ( GEOMETRIC_REPRESENTATION_CONTEXT(2) 
PARAMETRIC_REPRESENTATION_CONTEXT() REPRESENTATION_CONTEXT('2D SPACE',''
  ) );
#18669 = PCURVE('',#15608,#18670);
#18670 = DEFINITIONAL_REPRESENTATION('',(#18671),#18675);
#18671 = LINE('',#18672,#18673);
#18672 = CARTESIAN_POINT('',(4.,0.));
#18673 = VECTOR('',#18674,1.);
#18674 = DIRECTION('',(0.,1.));
#18675 = ( GEOMETRIC_REPRESENTATION_CONTEXT(2) 
PARAMETRIC_REPRESENTATION_CONTEXT() REPRESENTATION_CONTEXT('2D SPACE',''
  ) );
#18676 = ORIENTED_EDGE('',*,*,#15619,.F.);
#18677 = ADVANCED_FACE('',(#18678),#15608,.T.);
#18678 = FACE_BOUND('',#18679,.T.);
#18679 = EDGE_LOOP('',(#18680,#18701,#18702,#18703));
#18680 = ORIENTED_EDGE('',*,*,#18681,.F.);
#18681 = EDGE_CURVE('',#15718,#15568,#18682,.T.);
#18682 = SURFACE_CURVE('',#18683,(#18687,#18694),.PCURVE_S1.);
#18683 = LINE('',#18684,#18685);
#18684 = CARTESIAN_POINT('',(33.,-73.,37.6));
#18685 = VECTOR('',#18686,1.);
#18686 = DIRECTION('',(-0.,1.,0.));
#18687 = PCURVE('',#15608,#18688);
#18688 = DEFINITIONAL_REPRESENTATION('',(#18689),#18693);
#18689 = LINE('',#18690,#18691);
#18690 = CARTESIAN_POINT('',(0.,0.));
#18691 = VECTOR('',#18692,1.);
#18692 = DIRECTION('',(0.,1.));
#18693 = ( GEOMETRIC_REPRESENTATION_CONTEXT(2) 
PARAMETRIC_REPRESENTATION_CONTEXT() REPRESENTATION_CONTEXT('2D SPACE',''
  ) );
#18694 = PCURVE('',#15582,#18695);
#18695 = DEFINITIONAL_REPRESENTATION('',(#18696),#18700);
#18696 = LINE('',#18697,#18698);
#18697 = CARTESIAN_POINT('',(0.,0.));
#18698 = VECTOR('',#18699,1.);
#18699 = DIRECTION('',(0.,-1.));
#18700 = ( GEOMETRIC_REPRESENTATION_CONTEXT(2) 
PARAMETRIC_REPRESENTATION_CONTEXT() REPRESENTATION_CONTEXT('2D SPACE',''
  ) );
#18701 = ORIENTED_EDGE('',*,*,#15738,.T.);
#18702 = ORIENTED_EDGE('',*,*,#18656,.T.);
#18703 = ORIENTED_EDGE('',*,*,#15593,.F.);
#18704 = ADVANCED_FACE('',(#18705),#15582,.T.);
#18705 = FACE_BOUND('',#18706,.T.);
#18706 = EDGE_LOOP('',(#18707,#18708,#18709,#18710));
#18707 = ORIENTED_EDGE('',*,*,#18607,.F.);
#18708 = ORIENTED_EDGE('',*,*,#15717,.T.);
#18709 = ORIENTED_EDGE('',*,*,#18681,.T.);
#18710 = ORIENTED_EDGE('',*,*,#15567,.F.);
#18711 = ADVANCED_FACE('',(#18712),#15874,.F.);
#18712 = FACE_BOUND('',#18713,.T.);
#18713 = EDGE_LOOP('',(#18714));
#18714 = ORIENTED_EDGE('',*,*,#15859,.F.);
#18715 = ADVANCED_FACE('',(#18716),#15929,.F.);
#18716 = FACE_BOUND('',#18717,.F.);
#18717 = EDGE_LOOP('',(#18718,#18719,#18720,#18721));
#18718 = ORIENTED_EDGE('',*,*,#15913,.F.);
#18719 = ORIENTED_EDGE('',*,*,#15966,.T.);
#18720 = ORIENTED_EDGE('',*,*,#16122,.T.);
#18721 = ORIENTED_EDGE('',*,*,#16170,.F.);
#18722 = ADVANCED_FACE('',(#18723),#16031,.F.);
#18723 = FACE_BOUND('',#18724,.F.);
#18724 = EDGE_LOOP('',(#18725,#18746,#18747,#18768));
#18725 = ORIENTED_EDGE('',*,*,#18726,.F.);
#18726 = EDGE_CURVE('',#16015,#16197,#18727,.T.);
#18727 = SURFACE_CURVE('',#18728,(#18732,#18739),.PCURVE_S1.);
#18728 = LINE('',#18729,#18730);
#18729 = CARTESIAN_POINT('',(73.,-23.,40.6));
#18730 = VECTOR('',#18731,1.);
#18731 = DIRECTION('',(-0.,1.,0.));
#18732 = PCURVE('',#16031,#18733);
#18733 = DEFINITIONAL_REPRESENTATION('',(#18734),#18738);
#18734 = LINE('',#18735,#18736);
#18735 = CARTESIAN_POINT('',(0.,0.));
#18736 = VECTOR('',#18737,1.);
#18737 = DIRECTION('',(0.,1.));
#18738 = ( GEOMETRIC_REPRESENTATION_CONTEXT(2) 
PARAMETRIC_REPRESENTATION_CONTEXT() REPRESENTATION_CONTEXT('2D SPACE',''
  ) );
#18739 = PCURVE('',#16057,#18740);
#18740 = DEFINITIONAL_REPRESENTATION('',(#18741),#18745);
#18741 = LINE('',#18742,#18743);
#18742 = CARTESIAN_POINT('',(3.,0.));
#18743 = VECTOR('',#18744,1.);
#18744 = DIRECTION('',(0.,-1.));
#18745 = ( GEOMETRIC_REPRESENTATION_CONTEXT(2) 
PARAMETRIC_REPRESENTATION_CONTEXT() REPRESENTATION_CONTEXT('2D SPACE',''
  ) );
#18746 = ORIENTED_EDGE('',*,*,#16014,.T.);
#18747 = ORIENTED_EDGE('',*,*,#18748,.T.);
#18748 = EDGE_CURVE('',#16017,#16199,#18749,.T.);
#18749 = SURFACE_CURVE('',#18750,(#18754,#18761),.PCURVE_S1.);
#18750 = LINE('',#18751,#18752);
#18751 = CARTESIAN_POINT('',(77.,-23.,40.6));
#18752 = VECTOR('',#18753,1.);
#18753 = DIRECTION('',(-0.,1.,0.));
#18754 = PCURVE('',#16031,#18755);
#18755 = DEFINITIONAL_REPRESENTATION('',(#18756),#18760);
#18756 = LINE('',#18757,#18758);
#18757 = CARTESIAN_POINT('',(4.,0.));
#18758 = VECTOR('',#18759,1.);
#18759 = DIRECTION('',(0.,1.));
#18760 = ( GEOMETRIC_REPRESENTATION_CONTEXT(2) 
PARAMETRIC_REPRESENTATION_CONTEXT() REPRESENTATION_CONTEXT('2D SPACE',''
  ) );
#18761 = PCURVE('',#16107,#18762);
#18762 = DEFINITIONAL_REPRESENTATION('',(#18763),#18767);
#18763 = LINE('',#18764,#18765);
#18764 = CARTESIAN_POINT('',(3.,0.));
#18765 = VECTOR('',#18766,1.);
#18766 = DIRECTION('',(0.,-1.));
#18767 = ( GEOMETRIC_REPRESENTATION_CONTEXT(2) 
PARAMETRIC_REPRESENTATION_CONTEXT() REPRESENTATION_CONTEXT('2D SPACE',''
  ) );
#18768 = ORIENTED_EDGE('',*,*,#16196,.F.);
#18769 = ADVANCED_FACE('',(#18770),#16107,.F.);
#18770 = FACE_BOUND('',#18771,.F.);
#18771 = EDGE_LOOP('',(#18772,#18773,#18774,#18795));
#18772 = ORIENTED_EDGE('',*,*,#18748,.F.);
#18773 = ORIENTED_EDGE('',*,*,#16094,.T.);
#18774 = ORIENTED_EDGE('',*,*,#18775,.T.);
#18775 = EDGE_CURVE('',#16069,#16241,#18776,.T.);
#18776 = SURFACE_CURVE('',#18777,(#18781,#18788),.PCURVE_S1.);
#18777 = LINE('',#18778,#18779);
#18778 = CARTESIAN_POINT('',(77.,-23.,37.6));
#18779 = VECTOR('',#18780,1.);
#18780 = DIRECTION('',(-0.,1.,0.));
#18781 = PCURVE('',#16107,#18782);
#18782 = DEFINITIONAL_REPRESENTATION('',(#18783),#18787);
#18783 = LINE('',#18784,#18785);
#18784 = CARTESIAN_POINT('',(0.,0.));
#18785 = VECTOR('',#18786,1.);
#18786 = DIRECTION('',(0.,-1.));
#18787 = ( GEOMETRIC_REPRESENTATION_CONTEXT(2) 
PARAMETRIC_REPRESENTATION_CONTEXT() REPRESENTATION_CONTEXT('2D SPACE',''
  ) );
#18788 = PCURVE('',#16083,#18789);
#18789 = DEFINITIONAL_REPRESENTATION('',(#18790),#18794);
#18790 = LINE('',#18791,#18792);
#18791 = CARTESIAN_POINT('',(4.,0.));
#18792 = VECTOR('',#18793,1.);
#18793 = DIRECTION('',(0.,1.));
#18794 = ( GEOMETRIC_REPRESENTATION_CONTEXT(2) 
PARAMETRIC_REPRESENTATION_CONTEXT() REPRESENTATION_CONTEXT('2D SPACE',''
  ) );
#18795 = ORIENTED_EDGE('',*,*,#16261,.F.);
#18796 = ADVANCED_FACE('',(#18797),#16083,.T.);
#18797 = FACE_BOUND('',#18798,.T.);
#18798 = EDGE_LOOP('',(#18799,#18820,#18821,#18822));
#18799 = ORIENTED_EDGE('',*,*,#18800,.F.);
#18800 = EDGE_CURVE('',#16043,#16220,#18801,.T.);
#18801 = SURFACE_CURVE('',#18802,(#18806,#18813),.PCURVE_S1.);
#18802 = LINE('',#18803,#18804);
#18803 = CARTESIAN_POINT('',(73.,-23.,37.6));
#18804 = VECTOR('',#18805,1.);
#18805 = DIRECTION('',(-0.,1.,0.));
#18806 = PCURVE('',#16083,#18807);
#18807 = DEFINITIONAL_REPRESENTATION('',(#18808),#18812);
#18808 = LINE('',#18809,#18810);
#18809 = CARTESIAN_POINT('',(0.,0.));
#18810 = VECTOR('',#18811,1.);
#18811 = DIRECTION('',(0.,1.));
#18812 = ( GEOMETRIC_REPRESENTATION_CONTEXT(2) 
PARAMETRIC_REPRESENTATION_CONTEXT() REPRESENTATION_CONTEXT('2D SPACE',''
  ) );
#18813 = PCURVE('',#16057,#18814);
#18814 = DEFINITIONAL_REPRESENTATION('',(#18815),#18819);
#18815 = LINE('',#18816,#18817);
#18816 = CARTESIAN_POINT('',(0.,0.));
#18817 = VECTOR('',#18818,1.);
#18818 = DIRECTION('',(0.,-1.));
#18819 = ( GEOMETRIC_REPRESENTATION_CONTEXT(2) 
PARAMETRIC_REPRESENTATION_CONTEXT() REPRESENTATION_CONTEXT('2D SPACE',''
  ) );
#18820 = ORIENTED_EDGE('',*,*,#16068,.T.);
#18821 = ORIENTED_EDGE('',*,*,#18775,.T.);
#18822 = ORIENTED_EDGE('',*,*,#16240,.F.);
#18823 = ADVANCED_FACE('',(#18824),#16057,.T.);
#18824 = FACE_BOUND('',#18825,.T.);
#18825 = EDGE_LOOP('',(#18826,#18827,#18828,#18829));
#18826 = ORIENTED_EDGE('',*,*,#18726,.F.);
#18827 = ORIENTED_EDGE('',*,*,#16042,.T.);
#18828 = ORIENTED_EDGE('',*,*,#18800,.T.);
#18829 = ORIENTED_EDGE('',*,*,#16219,.F.);
#18830 = ADVANCED_FACE('',(#18831),#16349,.F.);
#18831 = FACE_BOUND('',#18832,.T.);
#18832 = EDGE_LOOP('',(#18833));
#18833 = ORIENTED_EDGE('',*,*,#16334,.F.);
#18834 = ADVANCED_FACE('',(#18835),#16404,.F.);
#18835 = FACE_BOUND('',#18836,.T.);
#18836 = EDGE_LOOP('',(#18837));
#18837 = ORIENTED_EDGE('',*,*,#16389,.F.);
#18838 = ADVANCED_FACE('',(#18839),#16901,.F.);
#18839 = FACE_BOUND('',#18840,.T.);
#18840 = EDGE_LOOP('',(#18841));
#18841 = ORIENTED_EDGE('',*,*,#16886,.F.);
#18842 = ADVANCED_FACE('',(#18843),#17206,.F.);
#18843 = FACE_BOUND('',#18844,.T.);
#18844 = EDGE_LOOP('',(#18845));
#18845 = ORIENTED_EDGE('',*,*,#17191,.F.);
#18846 = ( GEOMETRIC_REPRESENTATION_CONTEXT(3) 
GLOBAL_UNCERTAINTY_ASSIGNED_CONTEXT((#18850)) 
GLOBAL_UNIT_ASSIGNED_CONTEXT((#18847,#18848,#18849)) 
REPRESENTATION_CONTEXT('Context #1',
  '3D Context with UNIT and UNCERTAINTY') );
#18847 = ( LENGTH_UNIT() NAMED_UNIT(*) SI_UNIT(.MILLI.,.METRE.) );
#18848 = ( NAMED_UNIT(*) PLANE_ANGLE_UNIT() SI_UNIT($,.RADIAN.) );
#18849 = ( NAMED_UNIT(*) SI_UNIT($,.STERADIAN.) SOLID_ANGLE_UNIT() );
#18850 = UNCERTAINTY_MEASURE_WITH_UNIT(LENGTH_MEASURE(2.E-07),#18847,
  'distance_accuracy_value','confusion accuracy');
#18851 = CONTEXT_DEPENDENT_SHAPE_REPRESENTATION(#18852,#18854);
#18852 = ( REPRESENTATION_RELATIONSHIP('','',#6778,#6755) 
REPRESENTATION_RELATIONSHIP_WITH_TRANSFORMATION(#18853) 
SHAPE_REPRESENTATION_RELATIONSHIP() );
#18853 = ITEM_DEFINED_TRANSFORMATION('','',#11,#6756);
#18854 = PRODUCT_DEFINITION_SHAPE('Placement','Placement of an item',
  #18855);
#18855 = NEXT_ASSEMBLY_USAGE_OCCURRENCE('3','=>[0:1:1:5]','',#6750,#6773
  ,$);
#18856 = PRODUCT_RELATED_PRODUCT_CATEGORY('part',$,(#6775));
#18857 = SHAPE_DEFINITION_REPRESENTATION(#18858,#18864);
#18858 = PRODUCT_DEFINITION_SHAPE('','',#18859);
#18859 = PRODUCT_DEFINITION('design','',#18860,#18863);
#18860 = PRODUCT_DEFINITION_FORMATION('','',#18861);
#18861 = PRODUCT('inky_panel_mock','inky_panel_mock','',(#18862));
#18862 = PRODUCT_CONTEXT('',#2,'mechanical');
#18863 = PRODUCT_DEFINITION_CONTEXT('part definition',#2,'design');
#18864 = SHAPE_REPRESENTATION('',(#11,#18865),#18869);
#18865 = AXIS2_PLACEMENT_3D('',#18866,#18867,#18868);
#18866 = CARTESIAN_POINT('',(0.,0.,3.2));
#18867 = DIRECTION('',(0.,0.,1.));
#18868 = DIRECTION('',(1.,0.,-0.));
#18869 = ( GEOMETRIC_REPRESENTATION_CONTEXT(3) 
GLOBAL_UNCERTAINTY_ASSIGNED_CONTEXT((#18873)) 
GLOBAL_UNIT_ASSIGNED_CONTEXT((#18870,#18871,#18872)) 
REPRESENTATION_CONTEXT('Context #1',
  '3D Context with UNIT and UNCERTAINTY') );
#18870 = ( LENGTH_UNIT() NAMED_UNIT(*) SI_UNIT(.MILLI.,.METRE.) );
#18871 = ( NAMED_UNIT(*) PLANE_ANGLE_UNIT() SI_UNIT($,.RADIAN.) );
#18872 = ( NAMED_UNIT(*) SI_UNIT($,.STERADIAN.) SOLID_ANGLE_UNIT() );
#18873 = UNCERTAINTY_MEASURE_WITH_UNIT(LENGTH_MEASURE(1.E-07),#18870,
  'distance_accuracy_value','confusion accuracy');
#18874 = CONTEXT_DEPENDENT_SHAPE_REPRESENTATION(#18875,#18877);
#18875 = ( REPRESENTATION_RELATIONSHIP('','',#18864,#10) 
REPRESENTATION_RELATIONSHIP_WITH_TRANSFORMATION(#18876) 
SHAPE_REPRESENTATION_RELATIONSHIP() );
#18876 = ITEM_DEFINED_TRANSFORMATION('','',#11,#23);
#18877 = PRODUCT_DEFINITION_SHAPE('Placement','Placement of an item',
  #18878);
#18878 = NEXT_ASSEMBLY_USAGE_OCCURRENCE('6','inky_panel_mock','',#5,
  #18859,$);
#18879 = PRODUCT_RELATED_PRODUCT_CATEGORY('part',$,(#18861));
#18880 = SHAPE_DEFINITION_REPRESENTATION(#18881,#18887);
#18881 = PRODUCT_DEFINITION_SHAPE('','',#18882);
#18882 = PRODUCT_DEFINITION('design','',#18883,#18886);
#18883 = PRODUCT_DEFINITION_FORMATION('','',#18884);
#18884 = PRODUCT('COMPOUND','COMPOUND','',(#18885));
#18885 = PRODUCT_CONTEXT('',#2,'mechanical');
#18886 = PRODUCT_DEFINITION_CONTEXT('part definition',#2,'design');
#18887 = ADVANCED_BREP_SHAPE_REPRESENTATION('',(#11,#18888),#19218);
#18888 = MANIFOLD_SOLID_BREP('',#18889);
#18889 = CLOSED_SHELL('',(#18890,#19010,#19110,#19157,#19204,#19211));
#18890 = ADVANCED_FACE('',(#18891),#18905,.F.);
#18891 = FACE_BOUND('',#18892,.F.);
#18892 = EDGE_LOOP('',(#18893,#18928,#18956,#18984));
#18893 = ORIENTED_EDGE('',*,*,#18894,.F.);
#18894 = EDGE_CURVE('',#18895,#18897,#18899,.T.);
#18895 = VERTEX_POINT('',#18896);
#18896 = CARTESIAN_POINT('',(-148.35,-105.,0.));
#18897 = VERTEX_POINT('',#18898);
#18898 = CARTESIAN_POINT('',(-148.35,-105.,4.5));
#18899 = SURFACE_CURVE('',#18900,(#18904,#18916),.PCURVE_S1.);
#18900 = LINE('',#18901,#18902);
#18901 = CARTESIAN_POINT('',(-148.35,-105.,0.));
#18902 = VECTOR('',#18903,1.);
#18903 = DIRECTION('',(0.,0.,1.));
#18904 = PCURVE('',#18905,#18910);
#18905 = PLANE('',#18906);
#18906 = AXIS2_PLACEMENT_3D('',#18907,#18908,#18909);
#18907 = CARTESIAN_POINT('',(-148.35,-105.,0.));
#18908 = DIRECTION('',(1.,0.,-0.));
#18909 = DIRECTION('',(0.,0.,1.));
#18910 = DEFINITIONAL_REPRESENTATION('',(#18911),#18915);
#18911 = LINE('',#18912,#18913);
#18912 = CARTESIAN_POINT('',(0.,0.));
#18913 = VECTOR('',#18914,1.);
#18914 = DIRECTION('',(1.,0.));
#18915 = ( GEOMETRIC_REPRESENTATION_CONTEXT(2) 
PARAMETRIC_REPRESENTATION_CONTEXT() REPRESENTATION_CONTEXT('2D SPACE',''
  ) );
#18916 = PCURVE('',#18917,#18922);
#18917 = PLANE('',#18918);
#18918 = AXIS2_PLACEMENT_3D('',#18919,#18920,#18921);
#18919 = CARTESIAN_POINT('',(-148.35,-105.,0.));
#18920 = DIRECTION('',(-0.,1.,0.));
#18921 = DIRECTION('',(0.,0.,1.));
#18922 = DEFINITIONAL_REPRESENTATION('',(#18923),#18927);
#18923 = LINE('',#18924,#18925);
#18924 = CARTESIAN_POINT('',(0.,0.));
#18925 = VECTOR('',#18926,1.);
#18926 = DIRECTION('',(1.,0.));
#18927 = ( GEOMETRIC_REPRESENTATION_CONTEXT(2) 
PARAMETRIC_REPRESENTATION_CONTEXT() REPRESENTATION_CONTEXT('2D SPACE',''
  ) );
#18928 = ORIENTED_EDGE('',*,*,#18929,.T.);
#18929 = EDGE_CURVE('',#18895,#18930,#18932,.T.);
#18930 = VERTEX_POINT('',#18931);
#18931 = CARTESIAN_POINT('',(-148.35,105.,0.));
#18932 = SURFACE_CURVE('',#18933,(#18937,#18944),.PCURVE_S1.);
#18933 = LINE('',#18934,#18935);
#18934 = CARTESIAN_POINT('',(-148.35,-105.,0.));
#18935 = VECTOR('',#18936,1.);
#18936 = DIRECTION('',(-0.,1.,0.));
#18937 = PCURVE('',#18905,#18938);
#18938 = DEFINITIONAL_REPRESENTATION('',(#18939),#18943);
#18939 = LINE('',#18940,#18941);
#18940 = CARTESIAN_POINT('',(0.,0.));
#18941 = VECTOR('',#18942,1.);
#18942 = DIRECTION('',(0.,-1.));
#18943 = ( GEOMETRIC_REPRESENTATION_CONTEXT(2) 
PARAMETRIC_REPRESENTATION_CONTEXT() REPRESENTATION_CONTEXT('2D SPACE',''
  ) );
#18944 = PCURVE('',#18945,#18950);
#18945 = PLANE('',#18946);
#18946 = AXIS2_PLACEMENT_3D('',#18947,#18948,#18949);
#18947 = CARTESIAN_POINT('',(-148.35,-105.,0.));
#18948 = DIRECTION('',(0.,0.,1.));
#18949 = DIRECTION('',(1.,0.,-0.));
#18950 = DEFINITIONAL_REPRESENTATION('',(#18951),#18955);
#18951 = LINE('',#18952,#18953);
#18952 = CARTESIAN_POINT('',(0.,0.));
#18953 = VECTOR('',#18954,1.);
#18954 = DIRECTION('',(0.,1.));
#18955 = ( GEOMETRIC_REPRESENTATION_CONTEXT(2) 
PARAMETRIC_REPRESENTATION_CONTEXT() REPRESENTATION_CONTEXT('2D SPACE',''
  ) );
#18956 = ORIENTED_EDGE('',*,*,#18957,.T.);
#18957 = EDGE_CURVE('',#18930,#18958,#18960,.T.);
#18958 = VERTEX_POINT('',#18959);
#18959 = CARTESIAN_POINT('',(-148.35,105.,4.5));
#18960 = SURFACE_CURVE('',#18961,(#18965,#18972),.PCURVE_S1.);
#18961 = LINE('',#18962,#18963);
#18962 = CARTESIAN_POINT('',(-148.35,105.,0.));
#18963 = VECTOR('',#18964,1.);
#18964 = DIRECTION('',(0.,0.,1.));
#18965 = PCURVE('',#18905,#18966);
#18966 = DEFINITIONAL_REPRESENTATION('',(#18967),#18971);
#18967 = LINE('',#18968,#18969);
#18968 = CARTESIAN_POINT('',(0.,-210.));
#18969 = VECTOR('',#18970,1.);
#18970 = DIRECTION('',(1.,0.));
#18971 = ( GEOMETRIC_REPRESENTATION_CONTEXT(2) 
PARAMETRIC_REPRESENTATION_CONTEXT() REPRESENTATION_CONTEXT('2D SPACE',''
  ) );
#18972 = PCURVE('',#18973,#18978);
#18973 = PLANE('',#18974);
#18974 = AXIS2_PLACEMENT_3D('',#18975,#18976,#18977);
#18975 = CARTESIAN_POINT('',(-148.35,105.,0.));
#18976 = DIRECTION('',(-0.,1.,0.));
#18977 = DIRECTION('',(0.,0.,1.));
#18978 = DEFINITIONAL_REPRESENTATION('',(#18979),#18983);
#18979 = LINE('',#18980,#18981);
#18980 = CARTESIAN_POINT('',(0.,0.));
#18981 = VECTOR('',#18982,1.);
#18982 = DIRECTION('',(1.,0.));
#18983 = ( GEOMETRIC_REPRESENTATION_CONTEXT(2) 
PARAMETRIC_REPRESENTATION_CONTEXT() REPRESENTATION_CONTEXT('2D SPACE',''
  ) );
#18984 = ORIENTED_EDGE('',*,*,#18985,.F.);
#18985 = EDGE_CURVE('',#18897,#18958,#18986,.T.);
#18986 = SURFACE_CURVE('',#18987,(#18991,#18998),.PCURVE_S1.);
#18987 = LINE('',#18988,#18989);
#18988 = CARTESIAN_POINT('',(-148.35,-105.,4.5));
#18989 = VECTOR('',#18990,1.);
#18990 = DIRECTION('',(-0.,1.,0.));
#18991 = PCURVE('',#18905,#18992);
#18992 = DEFINITIONAL_REPRESENTATION('',(#18993),#18997);
#18993 = LINE('',#18994,#18995);
#18994 = CARTESIAN_POINT('',(4.5,0.));
#18995 = VECTOR('',#18996,1.);
#18996 = DIRECTION('',(0.,-1.));
#18997 = ( GEOMETRIC_REPRESENTATION_CONTEXT(2) 
PARAMETRIC_REPRESENTATION_CONTEXT() REPRESENTATION_CONTEXT('2D SPACE',''
  ) );
#18998 = PCURVE('',#18999,#19004);
#18999 = PLANE('',#19000);
#19000 = AXIS2_PLACEMENT_3D('',#19001,#19002,#19003);
#19001 = CARTESIAN_POINT('',(-148.35,-105.,4.5));
#19002 = DIRECTION('',(0.,0.,1.));
#19003 = DIRECTION('',(1.,0.,-0.));
#19004 = DEFINITIONAL_REPRESENTATION('',(#19005),#19009);
#19005 = LINE('',#19006,#19007);
#19006 = CARTESIAN_POINT('',(0.,0.));
#19007 = VECTOR('',#19008,1.);
#19008 = DIRECTION('',(0.,1.));
#19009 = ( GEOMETRIC_REPRESENTATION_CONTEXT(2) 
PARAMETRIC_REPRESENTATION_CONTEXT() REPRESENTATION_CONTEXT('2D SPACE',''
  ) );
#19010 = ADVANCED_FACE('',(#19011),#19025,.T.);
#19011 = FACE_BOUND('',#19012,.T.);
#19012 = EDGE_LOOP('',(#19013,#19043,#19066,#19089));
#19013 = ORIENTED_EDGE('',*,*,#19014,.F.);
#19014 = EDGE_CURVE('',#19015,#19017,#19019,.T.);
#19015 = VERTEX_POINT('',#19016);
#19016 = CARTESIAN_POINT('',(148.35,-105.,0.));
#19017 = VERTEX_POINT('',#19018);
#19018 = CARTESIAN_POINT('',(148.35,-105.,4.5));
#19019 = SURFACE_CURVE('',#19020,(#19024,#19036),.PCURVE_S1.);
#19020 = LINE('',#19021,#19022);
#19021 = CARTESIAN_POINT('',(148.35,-105.,0.));
#19022 = VECTOR('',#19023,1.);
#19023 = DIRECTION('',(0.,0.,1.));
#19024 = PCURVE('',#19025,#19030);
#19025 = PLANE('',#19026);
#19026 = AXIS2_PLACEMENT_3D('',#19027,#19028,#19029);
#19027 = CARTESIAN_POINT('',(148.35,-105.,0.));
#19028 = DIRECTION('',(1.,0.,-0.));
#19029 = DIRECTION('',(0.,0.,1.));
#19030 = DEFINITIONAL_REPRESENTATION('',(#19031),#19035);
#19031 = LINE('',#19032,#19033);
#19032 = CARTESIAN_POINT('',(0.,0.));
#19033 = VECTOR('',#19034,1.);
#19034 = DIRECTION('',(1.,0.));
#19035 = ( GEOMETRIC_REPRESENTATION_CONTEXT(2) 
PARAMETRIC_REPRESENTATION_CONTEXT() REPRESENTATION_CONTEXT('2D SPACE',''
  ) );
#19036 = PCURVE('',#18917,#19037);
#19037 = DEFINITIONAL_REPRESENTATION('',(#19038),#19042);
#19038 = LINE('',#19039,#19040);
#19039 = CARTESIAN_POINT('',(0.,296.7));
#19040 = VECTOR('',#19041,1.);
#19041 = DIRECTION('',(1.,0.));
#19042 = ( GEOMETRIC_REPRESENTATION_CONTEXT(2) 
PARAMETRIC_REPRESENTATION_CONTEXT() REPRESENTATION_CONTEXT('2D SPACE',''
  ) );
#19043 = ORIENTED_EDGE('',*,*,#19044,.T.);
#19044 = EDGE_CURVE('',#19015,#19045,#19047,.T.);
#19045 = VERTEX_POINT('',#19046);
#19046 = CARTESIAN_POINT('',(148.35,105.,0.));
#19047 = SURFACE_CURVE('',#19048,(#19052,#19059),.PCURVE_S1.);
#19048 = LINE('',#19049,#19050);
#19049 = CARTESIAN_POINT('',(148.35,-105.,0.));
#19050 = VECTOR('',#19051,1.);
#19051 = DIRECTION('',(-0.,1.,0.));
#19052 = PCURVE('',#19025,#19053);
#19053 = DEFINITIONAL_REPRESENTATION('',(#19054),#19058);
#19054 = LINE('',#19055,#19056);
#19055 = CARTESIAN_POINT('',(0.,0.));
#19056 = VECTOR('',#19057,1.);
#19057 = DIRECTION('',(0.,-1.));
#19058 = ( GEOMETRIC_REPRESENTATION_CONTEXT(2) 
PARAMETRIC_REPRESENTATION_CONTEXT() REPRESENTATION_CONTEXT('2D SPACE',''
  ) );
#19059 = PCURVE('',#18945,#19060);
#19060 = DEFINITIONAL_REPRESENTATION('',(#19061),#19065);
#19061 = LINE('',#19062,#19063);
#19062 = CARTESIAN_POINT('',(296.7,0.));
#19063 = VECTOR('',#19064,1.);
#19064 = DIRECTION('',(0.,1.));
#19065 = ( GEOMETRIC_REPRESENTATION_CONTEXT(2) 
PARAMETRIC_REPRESENTATION_CONTEXT() REPRESENTATION_CONTEXT('2D SPACE',''
  ) );
#19066 = ORIENTED_EDGE('',*,*,#19067,.T.);
#19067 = EDGE_CURVE('',#19045,#19068,#19070,.T.);
#19068 = VERTEX_POINT('',#19069);
#19069 = CARTESIAN_POINT('',(148.35,105.,4.5));
#19070 = SURFACE_CURVE('',#19071,(#19075,#19082),.PCURVE_S1.);
#19071 = LINE('',#19072,#19073);
#19072 = CARTESIAN_POINT('',(148.35,105.,0.));
#19073 = VECTOR('',#19074,1.);
#19074 = DIRECTION('',(0.,0.,1.));
#19075 = PCURVE('',#19025,#19076);
#19076 = DEFINITIONAL_REPRESENTATION('',(#19077),#19081);
#19077 = LINE('',#19078,#19079);
#19078 = CARTESIAN_POINT('',(0.,-210.));
#19079 = VECTOR('',#19080,1.);
#19080 = DIRECTION('',(1.,0.));
#19081 = ( GEOMETRIC_REPRESENTATION_CONTEXT(2) 
PARAMETRIC_REPRESENTATION_CONTEXT() REPRESENTATION_CONTEXT('2D SPACE',''
  ) );
#19082 = PCURVE('',#18973,#19083);
#19083 = DEFINITIONAL_REPRESENTATION('',(#19084),#19088);
#19084 = LINE('',#19085,#19086);
#19085 = CARTESIAN_POINT('',(0.,296.7));
#19086 = VECTOR('',#19087,1.);
#19087 = DIRECTION('',(1.,0.));
#19088 = ( GEOMETRIC_REPRESENTATION_CONTEXT(2) 
PARAMETRIC_REPRESENTATION_CONTEXT() REPRESENTATION_CONTEXT('2D SPACE',''
  ) );
#19089 = ORIENTED_EDGE('',*,*,#19090,.F.);
#19090 = EDGE_CURVE('',#19017,#19068,#19091,.T.);
#19091 = SURFACE_CURVE('',#19092,(#19096,#19103),.PCURVE_S1.);
#19092 = LINE('',#19093,#19094);
#19093 = CARTESIAN_POINT('',(148.35,-105.,4.5));
#19094 = VECTOR('',#19095,1.);
#19095 = DIRECTION('',(-0.,1.,0.));
#19096 = PCURVE('',#19025,#19097);
#19097 = DEFINITIONAL_REPRESENTATION('',(#19098),#19102);
#19098 = LINE('',#19099,#19100);
#19099 = CARTESIAN_POINT('',(4.5,0.));
#19100 = VECTOR('',#19101,1.);
#19101 = DIRECTION('',(0.,-1.));
#19102 = ( GEOMETRIC_REPRESENTATION_CONTEXT(2) 
PARAMETRIC_REPRESENTATION_CONTEXT() REPRESENTATION_CONTEXT('2D SPACE',''
  ) );
#19103 = PCURVE('',#18999,#19104);
#19104 = DEFINITIONAL_REPRESENTATION('',(#19105),#19109);
#19105 = LINE('',#19106,#19107);
#19106 = CARTESIAN_POINT('',(296.7,0.));
#19107 = VECTOR('',#19108,1.);
#19108 = DIRECTION('',(0.,1.));
#19109 = ( GEOMETRIC_REPRESENTATION_CONTEXT(2) 
PARAMETRIC_REPRESENTATION_CONTEXT() REPRESENTATION_CONTEXT('2D SPACE',''
  ) );
#19110 = ADVANCED_FACE('',(#19111),#18917,.F.);
#19111 = FACE_BOUND('',#19112,.F.);
#19112 = EDGE_LOOP('',(#19113,#19134,#19135,#19156));
#19113 = ORIENTED_EDGE('',*,*,#19114,.F.);
#19114 = EDGE_CURVE('',#18895,#19015,#19115,.T.);
#19115 = SURFACE_CURVE('',#19116,(#19120,#19127),.PCURVE_S1.);
#19116 = LINE('',#19117,#19118);
#19117 = CARTESIAN_POINT('',(-148.35,-105.,0.));
#19118 = VECTOR('',#19119,1.);
#19119 = DIRECTION('',(1.,0.,-0.));
#19120 = PCURVE('',#18917,#19121);
#19121 = DEFINITIONAL_REPRESENTATION('',(#19122),#19126);
#19122 = LINE('',#19123,#19124);
#19123 = CARTESIAN_POINT('',(0.,0.));
#19124 = VECTOR('',#19125,1.);
#19125 = DIRECTION('',(0.,1.));
#19126 = ( GEOMETRIC_REPRESENTATION_CONTEXT(2) 
PARAMETRIC_REPRESENTATION_CONTEXT() REPRESENTATION_CONTEXT('2D SPACE',''
  ) );
#19127 = PCURVE('',#18945,#19128);
#19128 = DEFINITIONAL_REPRESENTATION('',(#19129),#19133);
#19129 = LINE('',#19130,#19131);
#19130 = CARTESIAN_POINT('',(0.,0.));
#19131 = VECTOR('',#19132,1.);
#19132 = DIRECTION('',(1.,0.));
#19133 = ( GEOMETRIC_REPRESENTATION_CONTEXT(2) 
PARAMETRIC_REPRESENTATION_CONTEXT() REPRESENTATION_CONTEXT('2D SPACE',''
  ) );
#19134 = ORIENTED_EDGE('',*,*,#18894,.T.);
#19135 = ORIENTED_EDGE('',*,*,#19136,.T.);
#19136 = EDGE_CURVE('',#18897,#19017,#19137,.T.);
#19137 = SURFACE_CURVE('',#19138,(#19142,#19149),.PCURVE_S1.);
#19138 = LINE('',#19139,#19140);
#19139 = CARTESIAN_POINT('',(-148.35,-105.,4.5));
#19140 = VECTOR('',#19141,1.);
#19141 = DIRECTION('',(1.,0.,-0.));
#19142 = PCURVE('',#18917,#19143);
#19143 = DEFINITIONAL_REPRESENTATION('',(#19144),#19148);
#19144 = LINE('',#19145,#19146);
#19145 = CARTESIAN_POINT('',(4.5,0.));
#19146 = VECTOR('',#19147,1.);
#19147 = DIRECTION('',(0.,1.));
#19148 = ( GEOMETRIC_REPRESENTATION_CONTEXT(2) 
PARAMETRIC_REPRESENTATION_CONTEXT() REPRESENTATION_CONTEXT('2D SPACE',''
  ) );
#19149 = PCURVE('',#18999,#19150);
#19150 = DEFINITIONAL_REPRESENTATION('',(#19151),#19155);
#19151 = LINE('',#19152,#19153);
#19152 = CARTESIAN_POINT('',(0.,0.));
#19153 = VECTOR('',#19154,1.);
#19154 = DIRECTION('',(1.,0.));
#19155 = ( GEOMETRIC_REPRESENTATION_CONTEXT(2) 
PARAMETRIC_REPRESENTATION_CONTEXT() REPRESENTATION_CONTEXT('2D SPACE',''
  ) );
#19156 = ORIENTED_EDGE('',*,*,#19014,.F.);
#19157 = ADVANCED_FACE('',(#19158),#18973,.T.);
#19158 = FACE_BOUND('',#19159,.T.);
#19159 = EDGE_LOOP('',(#19160,#19181,#19182,#19203));
#19160 = ORIENTED_EDGE('',*,*,#19161,.F.);
#19161 = EDGE_CURVE('',#18930,#19045,#19162,.T.);
#19162 = SURFACE_CURVE('',#19163,(#19167,#19174),.PCURVE_S1.);
#19163 = LINE('',#19164,#19165);
#19164 = CARTESIAN_POINT('',(-148.35,105.,0.));
#19165 = VECTOR('',#19166,1.);
#19166 = DIRECTION('',(1.,0.,-0.));
#19167 = PCURVE('',#18973,#19168);
#19168 = DEFINITIONAL_REPRESENTATION('',(#19169),#19173);
#19169 = LINE('',#19170,#19171);
#19170 = CARTESIAN_POINT('',(0.,0.));
#19171 = VECTOR('',#19172,1.);
#19172 = DIRECTION('',(0.,1.));
#19173 = ( GEOMETRIC_REPRESENTATION_CONTEXT(2) 
PARAMETRIC_REPRESENTATION_CONTEXT() REPRESENTATION_CONTEXT('2D SPACE',''
  ) );
#19174 = PCURVE('',#18945,#19175);
#19175 = DEFINITIONAL_REPRESENTATION('',(#19176),#19180);
#19176 = LINE('',#19177,#19178);
#19177 = CARTESIAN_POINT('',(0.,210.));
#19178 = VECTOR('',#19179,1.);
#19179 = DIRECTION('',(1.,0.));
#19180 = ( GEOMETRIC_REPRESENTATION_CONTEXT(2) 
PARAMETRIC_REPRESENTATION_CONTEXT() REPRESENTATION_CONTEXT('2D SPACE',''
  ) );
#19181 = ORIENTED_EDGE('',*,*,#18957,.T.);
#19182 = ORIENTED_EDGE('',*,*,#19183,.T.);
#19183 = EDGE_CURVE('',#18958,#19068,#19184,.T.);
#19184 = SURFACE_CURVE('',#19185,(#19189,#19196),.PCURVE_S1.);
#19185 = LINE('',#19186,#19187);
#19186 = CARTESIAN_POINT('',(-148.35,105.,4.5));
#19187 = VECTOR('',#19188,1.);
#19188 = DIRECTION('',(1.,0.,-0.));
#19189 = PCURVE('',#18973,#19190);
#19190 = DEFINITIONAL_REPRESENTATION('',(#19191),#19195);
#19191 = LINE('',#19192,#19193);
#19192 = CARTESIAN_POINT('',(4.5,0.));
#19193 = VECTOR('',#19194,1.);
#19194 = DIRECTION('',(0.,1.));
#19195 = ( GEOMETRIC_REPRESENTATION_CONTEXT(2) 
PARAMETRIC_REPRESENTATION_CONTEXT() REPRESENTATION_CONTEXT('2D SPACE',''
  ) );
#19196 = PCURVE('',#18999,#19197);
#19197 = DEFINITIONAL_REPRESENTATION('',(#19198),#19202);
#19198 = LINE('',#19199,#19200);
#19199 = CARTESIAN_POINT('',(0.,210.));
#19200 = VECTOR('',#19201,1.);
#19201 = DIRECTION('',(1.,0.));
#19202 = ( GEOMETRIC_REPRESENTATION_CONTEXT(2) 
PARAMETRIC_REPRESENTATION_CONTEXT() REPRESENTATION_CONTEXT('2D SPACE',''
  ) );
#19203 = ORIENTED_EDGE('',*,*,#19067,.F.);
#19204 = ADVANCED_FACE('',(#19205),#18945,.F.);
#19205 = FACE_BOUND('',#19206,.F.);
#19206 = EDGE_LOOP('',(#19207,#19208,#19209,#19210));
#19207 = ORIENTED_EDGE('',*,*,#18929,.F.);
#19208 = ORIENTED_EDGE('',*,*,#19114,.T.);
#19209 = ORIENTED_EDGE('',*,*,#19044,.T.);
#19210 = ORIENTED_EDGE('',*,*,#19161,.F.);
#19211 = ADVANCED_FACE('',(#19212),#18999,.T.);
#19212 = FACE_BOUND('',#19213,.T.);
#19213 = EDGE_LOOP('',(#19214,#19215,#19216,#19217));
#19214 = ORIENTED_EDGE('',*,*,#18985,.F.);
#19215 = ORIENTED_EDGE('',*,*,#19136,.T.);
#19216 = ORIENTED_EDGE('',*,*,#19090,.T.);
#19217 = ORIENTED_EDGE('',*,*,#19183,.F.);
#19218 = ( GEOMETRIC_REPRESENTATION_CONTEXT(3) 
GLOBAL_UNCERTAINTY_ASSIGNED_CONTEXT((#19222)) 
GLOBAL_UNIT_ASSIGNED_CONTEXT((#19219,#19220,#19221)) 
REPRESENTATION_CONTEXT('Context #1',
  '3D Context with UNIT and UNCERTAINTY') );
#19219 = ( LENGTH_UNIT() NAMED_UNIT(*) SI_UNIT(.MILLI.,.METRE.) );
#19220 = ( NAMED_UNIT(*) PLANE_ANGLE_UNIT() SI_UNIT($,.RADIAN.) );
#19221 = ( NAMED_UNIT(*) SI_UNIT($,.STERADIAN.) SOLID_ANGLE_UNIT() );
#19222 = UNCERTAINTY_MEASURE_WITH_UNIT(LENGTH_MEASURE(1.E-07),#19219,
  'distance_accuracy_value','confusion accuracy');
#19223 = CONTEXT_DEPENDENT_SHAPE_REPRESENTATION(#19224,#19226);
#19224 = ( REPRESENTATION_RELATIONSHIP('','',#18887,#18864) 
REPRESENTATION_RELATIONSHIP_WITH_TRANSFORMATION(#19225) 
SHAPE_REPRESENTATION_RELATIONSHIP() );
#19225 = ITEM_DEFINED_TRANSFORMATION('','',#11,#18865);
#19226 = PRODUCT_DEFINITION_SHAPE('Placement','Placement of an item',
  #19227);
#19227 = NEXT_ASSEMBLY_USAGE_OCCURRENCE('5','=>[0:1:1:7]','',#18859,
  #18882,$);
#19228 = PRODUCT_RELATED_PRODUCT_CATEGORY('part',$,(#18884));
#19229 = SHAPE_DEFINITION_REPRESENTATION(#19230,#19236);
#19230 = PRODUCT_DEFINITION_SHAPE('','',#19231);
#19231 = PRODUCT_DEFINITION('design','',#19232,#19235);
#19232 = PRODUCT_DEFINITION_FORMATION('','',#19233);
#19233 = PRODUCT('pi5_mock','pi5_mock','',(#19234));
#19234 = PRODUCT_CONTEXT('',#2,'mechanical');
#19235 = PRODUCT_DEFINITION_CONTEXT('part definition',#2,'design');
#19236 = SHAPE_REPRESENTATION('',(#11,#19237),#19241);
#19237 = AXIS2_PLACEMENT_3D('',#19238,#19239,#19240);
#19238 = CARTESIAN_POINT('',(21.75,19.6,9.7));
#19239 = DIRECTION('',(0.,0.,1.));
#19240 = DIRECTION('',(1.,0.,-0.));
#19241 = ( GEOMETRIC_REPRESENTATION_CONTEXT(3) 
GLOBAL_UNCERTAINTY_ASSIGNED_CONTEXT((#19245)) 
GLOBAL_UNIT_ASSIGNED_CONTEXT((#19242,#19243,#19244)) 
REPRESENTATION_CONTEXT('Context #1',
  '3D Context with UNIT and UNCERTAINTY') );
#19242 = ( LENGTH_UNIT() NAMED_UNIT(*) SI_UNIT(.MILLI.,.METRE.) );
#19243 = ( NAMED_UNIT(*) PLANE_ANGLE_UNIT() SI_UNIT($,.RADIAN.) );
#19244 = ( NAMED_UNIT(*) SI_UNIT($,.STERADIAN.) SOLID_ANGLE_UNIT() );
#19245 = UNCERTAINTY_MEASURE_WITH_UNIT(LENGTH_MEASURE(1.E-07),#19242,
  'distance_accuracy_value','confusion accuracy');
#19246 = CONTEXT_DEPENDENT_SHAPE_REPRESENTATION(#19247,#19249);
#19247 = ( REPRESENTATION_RELATIONSHIP('','',#19236,#10) 
REPRESENTATION_RELATIONSHIP_WITH_TRANSFORMATION(#19248) 
SHAPE_REPRESENTATION_RELATIONSHIP() );
#19248 = ITEM_DEFINED_TRANSFORMATION('','',#11,#27);
#19249 = PRODUCT_DEFINITION_SHAPE('Placement','Placement of an item',
  #19250);
#19250 = NEXT_ASSEMBLY_USAGE_OCCURRENCE('8','pi5_mock','',#5,#19231,$);
#19251 = PRODUCT_RELATED_PRODUCT_CATEGORY('part',$,(#19233));
#19252 = SHAPE_DEFINITION_REPRESENTATION(#19253,#19259);
#19253 = PRODUCT_DEFINITION_SHAPE('','',#19254);
#19254 = PRODUCT_DEFINITION('design','',#19255,#19258);
#19255 = PRODUCT_DEFINITION_FORMATION('','',#19256);
#19256 = PRODUCT('COMPOUND','COMPOUND','',(#19257));
#19257 = PRODUCT_CONTEXT('',#2,'mechanical');
#19258 = PRODUCT_DEFINITION_CONTEXT('part definition',#2,'design');
#19259 = ADVANCED_BREP_SHAPE_REPRESENTATION('',(#11,#19260),#19590);
#19260 = MANIFOLD_SOLID_BREP('',#19261);
#19261 = CLOSED_SHELL('',(#19262,#19382,#19482,#19529,#19576,#19583));
#19262 = ADVANCED_FACE('',(#19263),#19277,.F.);
#19263 = FACE_BOUND('',#19264,.F.);
#19264 = EDGE_LOOP('',(#19265,#19300,#19328,#19356));
#19265 = ORIENTED_EDGE('',*,*,#19266,.F.);
#19266 = EDGE_CURVE('',#19267,#19269,#19271,.T.);
#19267 = VERTEX_POINT('',#19268);
#19268 = CARTESIAN_POINT('',(-42.5,-28.,0.));
#19269 = VERTEX_POINT('',#19270);
#19270 = CARTESIAN_POINT('',(-42.5,-28.,28.));
#19271 = SURFACE_CURVE('',#19272,(#19276,#19288),.PCURVE_S1.);
#19272 = LINE('',#19273,#19274);
#19273 = CARTESIAN_POINT('',(-42.5,-28.,0.));
#19274 = VECTOR('',#19275,1.);
#19275 = DIRECTION('',(0.,0.,1.));
#19276 = PCURVE('',#19277,#19282);
#19277 = PLANE('',#19278);
#19278 = AXIS2_PLACEMENT_3D('',#19279,#19280,#19281);
#19279 = CARTESIAN_POINT('',(-42.5,-28.,0.));
#19280 = DIRECTION('',(1.,0.,-0.));
#19281 = DIRECTION('',(0.,0.,1.));
#19282 = DEFINITIONAL_REPRESENTATION('',(#19283),#19287);
#19283 = LINE('',#19284,#19285);
#19284 = CARTESIAN_POINT('',(0.,0.));
#19285 = VECTOR('',#19286,1.);
#19286 = DIRECTION('',(1.,0.));
#19287 = ( GEOMETRIC_REPRESENTATION_CONTEXT(2) 
PARAMETRIC_REPRESENTATION_CONTEXT() REPRESENTATION_CONTEXT('2D SPACE',''
  ) );
#19288 = PCURVE('',#19289,#19294);
#19289 = PLANE('',#19290);
#19290 = AXIS2_PLACEMENT_3D('',#19291,#19292,#19293);
#19291 = CARTESIAN_POINT('',(-42.5,-28.,0.));
#19292 = DIRECTION('',(-0.,1.,0.));
#19293 = DIRECTION('',(0.,0.,1.));
#19294 = DEFINITIONAL_REPRESENTATION('',(#19295),#19299);
#19295 = LINE('',#19296,#19297);
#19296 = CARTESIAN_POINT('',(0.,0.));
#19297 = VECTOR('',#19298,1.);
#19298 = DIRECTION('',(1.,0.));
#19299 = ( GEOMETRIC_REPRESENTATION_CONTEXT(2) 
PARAMETRIC_REPRESENTATION_CONTEXT() REPRESENTATION_CONTEXT('2D SPACE',''
  ) );
#19300 = ORIENTED_EDGE('',*,*,#19301,.T.);
#19301 = EDGE_CURVE('',#19267,#19302,#19304,.T.);
#19302 = VERTEX_POINT('',#19303);
#19303 = CARTESIAN_POINT('',(-42.5,28.,0.));
#19304 = SURFACE_CURVE('',#19305,(#19309,#19316),.PCURVE_S1.);
#19305 = LINE('',#19306,#19307);
#19306 = CARTESIAN_POINT('',(-42.5,-28.,0.));
#19307 = VECTOR('',#19308,1.);
#19308 = DIRECTION('',(-0.,1.,0.));
#19309 = PCURVE('',#19277,#19310);
#19310 = DEFINITIONAL_REPRESENTATION('',(#19311),#19315);
#19311 = LINE('',#19312,#19313);
#19312 = CARTESIAN_POINT('',(0.,0.));
#19313 = VECTOR('',#19314,1.);
#19314 = DIRECTION('',(0.,-1.));
#19315 = ( GEOMETRIC_REPRESENTATION_CONTEXT(2) 
PARAMETRIC_REPRESENTATION_CONTEXT() REPRESENTATION_CONTEXT('2D SPACE',''
  ) );
#19316 = PCURVE('',#19317,#19322);
#19317 = PLANE('',#19318);
#19318 = AXIS2_PLACEMENT_3D('',#19319,#19320,#19321);
#19319 = CARTESIAN_POINT('',(-42.5,-28.,0.));
#19320 = DIRECTION('',(0.,0.,1.));
#19321 = DIRECTION('',(1.,0.,-0.));
#19322 = DEFINITIONAL_REPRESENTATION('',(#19323),#19327);
#19323 = LINE('',#19324,#19325);
#19324 = CARTESIAN_POINT('',(0.,0.));
#19325 = VECTOR('',#19326,1.);
#19326 = DIRECTION('',(0.,1.));
#19327 = ( GEOMETRIC_REPRESENTATION_CONTEXT(2) 
PARAMETRIC_REPRESENTATION_CONTEXT() REPRESENTATION_CONTEXT('2D SPACE',''
  ) );
#19328 = ORIENTED_EDGE('',*,*,#19329,.T.);
#19329 = EDGE_CURVE('',#19302,#19330,#19332,.T.);
#19330 = VERTEX_POINT('',#19331);
#19331 = CARTESIAN_POINT('',(-42.5,28.,28.));
#19332 = SURFACE_CURVE('',#19333,(#19337,#19344),.PCURVE_S1.);
#19333 = LINE('',#19334,#19335);
#19334 = CARTESIAN_POINT('',(-42.5,28.,0.));
#19335 = VECTOR('',#19336,1.);
#19336 = DIRECTION('',(0.,0.,1.));
#19337 = PCURVE('',#19277,#19338);
#19338 = DEFINITIONAL_REPRESENTATION('',(#19339),#19343);
#19339 = LINE('',#19340,#19341);
#19340 = CARTESIAN_POINT('',(0.,-56.));
#19341 = VECTOR('',#19342,1.);
#19342 = DIRECTION('',(1.,0.));
#19343 = ( GEOMETRIC_REPRESENTATION_CONTEXT(2) 
PARAMETRIC_REPRESENTATION_CONTEXT() REPRESENTATION_CONTEXT('2D SPACE',''
  ) );
#19344 = PCURVE('',#19345,#19350);
#19345 = PLANE('',#19346);
#19346 = AXIS2_PLACEMENT_3D('',#19347,#19348,#19349);
#19347 = CARTESIAN_POINT('',(-42.5,28.,0.));
#19348 = DIRECTION('',(-0.,1.,0.));
#19349 = DIRECTION('',(0.,0.,1.));
#19350 = DEFINITIONAL_REPRESENTATION('',(#19351),#19355);
#19351 = LINE('',#19352,#19353);
#19352 = CARTESIAN_POINT('',(0.,0.));
#19353 = VECTOR('',#19354,1.);
#19354 = DIRECTION('',(1.,0.));
#19355 = ( GEOMETRIC_REPRESENTATION_CONTEXT(2) 
PARAMETRIC_REPRESENTATION_CONTEXT() REPRESENTATION_CONTEXT('2D SPACE',''
  ) );
#19356 = ORIENTED_EDGE('',*,*,#19357,.F.);
#19357 = EDGE_CURVE('',#19269,#19330,#19358,.T.);
#19358 = SURFACE_CURVE('',#19359,(#19363,#19370),.PCURVE_S1.);
#19359 = LINE('',#19360,#19361);
#19360 = CARTESIAN_POINT('',(-42.5,-28.,28.));
#19361 = VECTOR('',#19362,1.);
#19362 = DIRECTION('',(-0.,1.,0.));
#19363 = PCURVE('',#19277,#19364);
#19364 = DEFINITIONAL_REPRESENTATION('',(#19365),#19369);
#19365 = LINE('',#19366,#19367);
#19366 = CARTESIAN_POINT('',(28.,0.));
#19367 = VECTOR('',#19368,1.);
#19368 = DIRECTION('',(0.,-1.));
#19369 = ( GEOMETRIC_REPRESENTATION_CONTEXT(2) 
PARAMETRIC_REPRESENTATION_CONTEXT() REPRESENTATION_CONTEXT('2D SPACE',''
  ) );
#19370 = PCURVE('',#19371,#19376);
#19371 = PLANE('',#19372);
#19372 = AXIS2_PLACEMENT_3D('',#19373,#19374,#19375);
#19373 = CARTESIAN_POINT('',(-42.5,-28.,28.));
#19374 = DIRECTION('',(0.,0.,1.));
#19375 = DIRECTION('',(1.,0.,-0.));
#19376 = DEFINITIONAL_REPRESENTATION('',(#19377),#19381);
#19377 = LINE('',#19378,#19379);
#19378 = CARTESIAN_POINT('',(0.,0.));
#19379 = VECTOR('',#19380,1.);
#19380 = DIRECTION('',(0.,1.));
#19381 = ( GEOMETRIC_REPRESENTATION_CONTEXT(2) 
PARAMETRIC_REPRESENTATION_CONTEXT() REPRESENTATION_CONTEXT('2D SPACE',''
  ) );
#19382 = ADVANCED_FACE('',(#19383),#19397,.T.);
#19383 = FACE_BOUND('',#19384,.T.);
#19384 = EDGE_LOOP('',(#19385,#19415,#19438,#19461));
#19385 = ORIENTED_EDGE('',*,*,#19386,.F.);
#19386 = EDGE_CURVE('',#19387,#19389,#19391,.T.);
#19387 = VERTEX_POINT('',#19388);
#19388 = CARTESIAN_POINT('',(42.5,-28.,0.));
#19389 = VERTEX_POINT('',#19390);
#19390 = CARTESIAN_POINT('',(42.5,-28.,28.));
#19391 = SURFACE_CURVE('',#19392,(#19396,#19408),.PCURVE_S1.);
#19392 = LINE('',#19393,#19394);
#19393 = CARTESIAN_POINT('',(42.5,-28.,0.));
#19394 = VECTOR('',#19395,1.);
#19395 = DIRECTION('',(0.,0.,1.));
#19396 = PCURVE('',#19397,#19402);
#19397 = PLANE('',#19398);
#19398 = AXIS2_PLACEMENT_3D('',#19399,#19400,#19401);
#19399 = CARTESIAN_POINT('',(42.5,-28.,0.));
#19400 = DIRECTION('',(1.,0.,-0.));
#19401 = DIRECTION('',(0.,0.,1.));
#19402 = DEFINITIONAL_REPRESENTATION('',(#19403),#19407);
#19403 = LINE('',#19404,#19405);
#19404 = CARTESIAN_POINT('',(0.,0.));
#19405 = VECTOR('',#19406,1.);
#19406 = DIRECTION('',(1.,0.));
#19407 = ( GEOMETRIC_REPRESENTATION_CONTEXT(2) 
PARAMETRIC_REPRESENTATION_CONTEXT() REPRESENTATION_CONTEXT('2D SPACE',''
  ) );
#19408 = PCURVE('',#19289,#19409);
#19409 = DEFINITIONAL_REPRESENTATION('',(#19410),#19414);
#19410 = LINE('',#19411,#19412);
#19411 = CARTESIAN_POINT('',(0.,85.));
#19412 = VECTOR('',#19413,1.);
#19413 = DIRECTION('',(1.,0.));
#19414 = ( GEOMETRIC_REPRESENTATION_CONTEXT(2) 
PARAMETRIC_REPRESENTATION_CONTEXT() REPRESENTATION_CONTEXT('2D SPACE',''
  ) );
#19415 = ORIENTED_EDGE('',*,*,#19416,.T.);
#19416 = EDGE_CURVE('',#19387,#19417,#19419,.T.);
#19417 = VERTEX_POINT('',#19418);
#19418 = CARTESIAN_POINT('',(42.5,28.,0.));
#19419 = SURFACE_CURVE('',#19420,(#19424,#19431),.PCURVE_S1.);
#19420 = LINE('',#19421,#19422);
#19421 = CARTESIAN_POINT('',(42.5,-28.,0.));
#19422 = VECTOR('',#19423,1.);
#19423 = DIRECTION('',(-0.,1.,0.));
#19424 = PCURVE('',#19397,#19425);
#19425 = DEFINITIONAL_REPRESENTATION('',(#19426),#19430);
#19426 = LINE('',#19427,#19428);
#19427 = CARTESIAN_POINT('',(0.,0.));
#19428 = VECTOR('',#19429,1.);
#19429 = DIRECTION('',(0.,-1.));
#19430 = ( GEOMETRIC_REPRESENTATION_CONTEXT(2) 
PARAMETRIC_REPRESENTATION_CONTEXT() REPRESENTATION_CONTEXT('2D SPACE',''
  ) );
#19431 = PCURVE('',#19317,#19432);
#19432 = DEFINITIONAL_REPRESENTATION('',(#19433),#19437);
#19433 = LINE('',#19434,#19435);
#19434 = CARTESIAN_POINT('',(85.,0.));
#19435 = VECTOR('',#19436,1.);
#19436 = DIRECTION('',(0.,1.));
#19437 = ( GEOMETRIC_REPRESENTATION_CONTEXT(2) 
PARAMETRIC_REPRESENTATION_CONTEXT() REPRESENTATION_CONTEXT('2D SPACE',''
  ) );
#19438 = ORIENTED_EDGE('',*,*,#19439,.T.);
#19439 = EDGE_CURVE('',#19417,#19440,#19442,.T.);
#19440 = VERTEX_POINT('',#19441);
#19441 = CARTESIAN_POINT('',(42.5,28.,28.));
#19442 = SURFACE_CURVE('',#19443,(#19447,#19454),.PCURVE_S1.);
#19443 = LINE('',#19444,#19445);
#19444 = CARTESIAN_POINT('',(42.5,28.,0.));
#19445 = VECTOR('',#19446,1.);
#19446 = DIRECTION('',(0.,0.,1.));
#19447 = PCURVE('',#19397,#19448);
#19448 = DEFINITIONAL_REPRESENTATION('',(#19449),#19453);
#19449 = LINE('',#19450,#19451);
#19450 = CARTESIAN_POINT('',(0.,-56.));
#19451 = VECTOR('',#19452,1.);
#19452 = DIRECTION('',(1.,0.));
#19453 = ( GEOMETRIC_REPRESENTATION_CONTEXT(2) 
PARAMETRIC_REPRESENTATION_CONTEXT() REPRESENTATION_CONTEXT('2D SPACE',''
  ) );
#19454 = PCURVE('',#19345,#19455);
#19455 = DEFINITIONAL_REPRESENTATION('',(#19456),#19460);
#19456 = LINE('',#19457,#19458);
#19457 = CARTESIAN_POINT('',(0.,85.));
#19458 = VECTOR('',#19459,1.);
#19459 = DIRECTION('',(1.,0.));
#19460 = ( GEOMETRIC_REPRESENTATION_CONTEXT(2) 
PARAMETRIC_REPRESENTATION_CONTEXT() REPRESENTATION_CONTEXT('2D SPACE',''
  ) );
#19461 = ORIENTED_EDGE('',*,*,#19462,.F.);
#19462 = EDGE_CURVE('',#19389,#19440,#19463,.T.);
#19463 = SURFACE_CURVE('',#19464,(#19468,#19475),.PCURVE_S1.);
#19464 = LINE('',#19465,#19466);
#19465 = CARTESIAN_POINT('',(42.5,-28.,28.));
#19466 = VECTOR('',#19467,1.);
#19467 = DIRECTION('',(-0.,1.,0.));
#19468 = PCURVE('',#19397,#19469);
#19469 = DEFINITIONAL_REPRESENTATION('',(#19470),#19474);
#19470 = LINE('',#19471,#19472);
#19471 = CARTESIAN_POINT('',(28.,0.));
#19472 = VECTOR('',#19473,1.);
#19473 = DIRECTION('',(0.,-1.));
#19474 = ( GEOMETRIC_REPRESENTATION_CONTEXT(2) 
PARAMETRIC_REPRESENTATION_CONTEXT() REPRESENTATION_CONTEXT('2D SPACE',''
  ) );
#19475 = PCURVE('',#19371,#19476);
#19476 = DEFINITIONAL_REPRESENTATION('',(#19477),#19481);
#19477 = LINE('',#19478,#19479);
#19478 = CARTESIAN_POINT('',(85.,0.));
#19479 = VECTOR('',#19480,1.);
#19480 = DIRECTION('',(0.,1.));
#19481 = ( GEOMETRIC_REPRESENTATION_CONTEXT(2) 
PARAMETRIC_REPRESENTATION_CONTEXT() REPRESENTATION_CONTEXT('2D SPACE',''
  ) );
#19482 = ADVANCED_FACE('',(#19483),#19289,.F.);
#19483 = FACE_BOUND('',#19484,.F.);
#19484 = EDGE_LOOP('',(#19485,#19506,#19507,#19528));
#19485 = ORIENTED_EDGE('',*,*,#19486,.F.);
#19486 = EDGE_CURVE('',#19267,#19387,#19487,.T.);
#19487 = SURFACE_CURVE('',#19488,(#19492,#19499),.PCURVE_S1.);
#19488 = LINE('',#19489,#19490);
#19489 = CARTESIAN_POINT('',(-42.5,-28.,0.));
#19490 = VECTOR('',#19491,1.);
#19491 = DIRECTION('',(1.,0.,-0.));
#19492 = PCURVE('',#19289,#19493);
#19493 = DEFINITIONAL_REPRESENTATION('',(#19494),#19498);
#19494 = LINE('',#19495,#19496);
#19495 = CARTESIAN_POINT('',(0.,0.));
#19496 = VECTOR('',#19497,1.);
#19497 = DIRECTION('',(0.,1.));
#19498 = ( GEOMETRIC_REPRESENTATION_CONTEXT(2) 
PARAMETRIC_REPRESENTATION_CONTEXT() REPRESENTATION_CONTEXT('2D SPACE',''
  ) );
#19499 = PCURVE('',#19317,#19500);
#19500 = DEFINITIONAL_REPRESENTATION('',(#19501),#19505);
#19501 = LINE('',#19502,#19503);
#19502 = CARTESIAN_POINT('',(0.,0.));
#19503 = VECTOR('',#19504,1.);
#19504 = DIRECTION('',(1.,0.));
#19505 = ( GEOMETRIC_REPRESENTATION_CONTEXT(2) 
PARAMETRIC_REPRESENTATION_CONTEXT() REPRESENTATION_CONTEXT('2D SPACE',''
  ) );
#19506 = ORIENTED_EDGE('',*,*,#19266,.T.);
#19507 = ORIENTED_EDGE('',*,*,#19508,.T.);
#19508 = EDGE_CURVE('',#19269,#19389,#19509,.T.);
#19509 = SURFACE_CURVE('',#19510,(#19514,#19521),.PCURVE_S1.);
#19510 = LINE('',#19511,#19512);
#19511 = CARTESIAN_POINT('',(-42.5,-28.,28.));
#19512 = VECTOR('',#19513,1.);
#19513 = DIRECTION('',(1.,0.,-0.));
#19514 = PCURVE('',#19289,#19515);
#19515 = DEFINITIONAL_REPRESENTATION('',(#19516),#19520);
#19516 = LINE('',#19517,#19518);
#19517 = CARTESIAN_POINT('',(28.,0.));
#19518 = VECTOR('',#19519,1.);
#19519 = DIRECTION('',(0.,1.));
#19520 = ( GEOMETRIC_REPRESENTATION_CONTEXT(2) 
PARAMETRIC_REPRESENTATION_CONTEXT() REPRESENTATION_CONTEXT('2D SPACE',''
  ) );
#19521 = PCURVE('',#19371,#19522);
#19522 = DEFINITIONAL_REPRESENTATION('',(#19523),#19527);
#19523 = LINE('',#19524,#19525);
#19524 = CARTESIAN_POINT('',(0.,0.));
#19525 = VECTOR('',#19526,1.);
#19526 = DIRECTION('',(1.,0.));
#19527 = ( GEOMETRIC_REPRESENTATION_CONTEXT(2) 
PARAMETRIC_REPRESENTATION_CONTEXT() REPRESENTATION_CONTEXT('2D SPACE',''
  ) );
#19528 = ORIENTED_EDGE('',*,*,#19386,.F.);
#19529 = ADVANCED_FACE('',(#19530),#19345,.T.);
#19530 = FACE_BOUND('',#19531,.T.);
#19531 = EDGE_LOOP('',(#19532,#19553,#19554,#19575));
#19532 = ORIENTED_EDGE('',*,*,#19533,.F.);
#19533 = EDGE_CURVE('',#19302,#19417,#19534,.T.);
#19534 = SURFACE_CURVE('',#19535,(#19539,#19546),.PCURVE_S1.);
#19535 = LINE('',#19536,#19537);
#19536 = CARTESIAN_POINT('',(-42.5,28.,0.));
#19537 = VECTOR('',#19538,1.);
#19538 = DIRECTION('',(1.,0.,-0.));
#19539 = PCURVE('',#19345,#19540);
#19540 = DEFINITIONAL_REPRESENTATION('',(#19541),#19545);
#19541 = LINE('',#19542,#19543);
#19542 = CARTESIAN_POINT('',(0.,0.));
#19543 = VECTOR('',#19544,1.);
#19544 = DIRECTION('',(0.,1.));
#19545 = ( GEOMETRIC_REPRESENTATION_CONTEXT(2) 
PARAMETRIC_REPRESENTATION_CONTEXT() REPRESENTATION_CONTEXT('2D SPACE',''
  ) );
#19546 = PCURVE('',#19317,#19547);
#19547 = DEFINITIONAL_REPRESENTATION('',(#19548),#19552);
#19548 = LINE('',#19549,#19550);
#19549 = CARTESIAN_POINT('',(0.,56.));
#19550 = VECTOR('',#19551,1.);
#19551 = DIRECTION('',(1.,0.));
#19552 = ( GEOMETRIC_REPRESENTATION_CONTEXT(2) 
PARAMETRIC_REPRESENTATION_CONTEXT() REPRESENTATION_CONTEXT('2D SPACE',''
  ) );
#19553 = ORIENTED_EDGE('',*,*,#19329,.T.);
#19554 = ORIENTED_EDGE('',*,*,#19555,.T.);
#19555 = EDGE_CURVE('',#19330,#19440,#19556,.T.);
#19556 = SURFACE_CURVE('',#19557,(#19561,#19568),.PCURVE_S1.);
#19557 = LINE('',#19558,#19559);
#19558 = CARTESIAN_POINT('',(-42.5,28.,28.));
#19559 = VECTOR('',#19560,1.);
#19560 = DIRECTION('',(1.,0.,-0.));
#19561 = PCURVE('',#19345,#19562);
#19562 = DEFINITIONAL_REPRESENTATION('',(#19563),#19567);
#19563 = LINE('',#19564,#19565);
#19564 = CARTESIAN_POINT('',(28.,0.));
#19565 = VECTOR('',#19566,1.);
#19566 = DIRECTION('',(0.,1.));
#19567 = ( GEOMETRIC_REPRESENTATION_CONTEXT(2) 
PARAMETRIC_REPRESENTATION_CONTEXT() REPRESENTATION_CONTEXT('2D SPACE',''
  ) );
#19568 = PCURVE('',#19371,#19569);
#19569 = DEFINITIONAL_REPRESENTATION('',(#19570),#19574);
#19570 = LINE('',#19571,#19572);
#19571 = CARTESIAN_POINT('',(0.,56.));
#19572 = VECTOR('',#19573,1.);
#19573 = DIRECTION('',(1.,0.));
#19574 = ( GEOMETRIC_REPRESENTATION_CONTEXT(2) 
PARAMETRIC_REPRESENTATION_CONTEXT() REPRESENTATION_CONTEXT('2D SPACE',''
  ) );
#19575 = ORIENTED_EDGE('',*,*,#19439,.F.);
#19576 = ADVANCED_FACE('',(#19577),#19317,.F.);
#19577 = FACE_BOUND('',#19578,.F.);
#19578 = EDGE_LOOP('',(#19579,#19580,#19581,#19582));
#19579 = ORIENTED_EDGE('',*,*,#19301,.F.);
#19580 = ORIENTED_EDGE('',*,*,#19486,.T.);
#19581 = ORIENTED_EDGE('',*,*,#19416,.T.);
#19582 = ORIENTED_EDGE('',*,*,#19533,.F.);
#19583 = ADVANCED_FACE('',(#19584),#19371,.T.);
#19584 = FACE_BOUND('',#19585,.T.);
#19585 = EDGE_LOOP('',(#19586,#19587,#19588,#19589));
#19586 = ORIENTED_EDGE('',*,*,#19357,.F.);
#19587 = ORIENTED_EDGE('',*,*,#19508,.T.);
#19588 = ORIENTED_EDGE('',*,*,#19462,.T.);
#19589 = ORIENTED_EDGE('',*,*,#19555,.F.);
#19590 = ( GEOMETRIC_REPRESENTATION_CONTEXT(3) 
GLOBAL_UNCERTAINTY_ASSIGNED_CONTEXT((#19594)) 
GLOBAL_UNIT_ASSIGNED_CONTEXT((#19591,#19592,#19593)) 
REPRESENTATION_CONTEXT('Context #1',
  '3D Context with UNIT and UNCERTAINTY') );
#19591 = ( LENGTH_UNIT() NAMED_UNIT(*) SI_UNIT(.MILLI.,.METRE.) );
#19592 = ( NAMED_UNIT(*) PLANE_ANGLE_UNIT() SI_UNIT($,.RADIAN.) );
#19593 = ( NAMED_UNIT(*) SI_UNIT($,.STERADIAN.) SOLID_ANGLE_UNIT() );
#19594 = UNCERTAINTY_MEASURE_WITH_UNIT(LENGTH_MEASURE(1.E-07),#19591,
  'distance_accuracy_value','confusion accuracy');
#19595 = CONTEXT_DEPENDENT_SHAPE_REPRESENTATION(#19596,#19598);
#19596 = ( REPRESENTATION_RELATIONSHIP('','',#19259,#19236) 
REPRESENTATION_RELATIONSHIP_WITH_TRANSFORMATION(#19597) 
SHAPE_REPRESENTATION_RELATIONSHIP() );
#19597 = ITEM_DEFINED_TRANSFORMATION('','',#11,#19237);
#19598 = PRODUCT_DEFINITION_SHAPE('Placement','Placement of an item',
  #19599);
#19599 = NEXT_ASSEMBLY_USAGE_OCCURRENCE('7','=>[0:1:1:9]','',#19231,
  #19254,$);
#19600 = PRODUCT_RELATED_PRODUCT_CATEGORY('part',$,(#19256));
ENDSEC;
END-ISO-10303-21;
