ISO-10303-21;
HEADER;
FILE_DESCRIPTION(('Open CASCADE Model'),'2;1');
FILE_NAME('Open CASCADE Shape Model','2026-08-03T12:48:47',('Author'),(
    'Open CASCADE'),'Open CASCADE STEP processor 7.9','build123d',
  'Unknown');
FILE_SCHEMA(('AUTOMOTIVE_DESIGN { 1 0 10303 214 1 1 1 1 }'));
ENDSEC;
DATA;
#1 = APPLICATION_PROTOCOL_DEFINITION('international standard',
  'automotive_design',2000,#2);
#2 = APPLICATION_CONTEXT(
  'core data for automotive mechanical design processes');
#3 = SHAPE_DEFINITION_REPRESENTATION(#4,#10);
#4 = PRODUCT_DEFINITION_SHAPE('','',#5);
#5 = PRODUCT_DEFINITION('design','',#6,#9);
#6 = PRODUCT_DEFINITION_FORMATION('','',#7);
#7 = PRODUCT('COMPOUND','COMPOUND','',(#8));
#8 = PRODUCT_CONTEXT('',#2,'mechanical');
#9 = PRODUCT_DEFINITION_CONTEXT('part definition',#2,'design');
#10 = ADVANCED_BREP_SHAPE_REPRESENTATION('',(#11,#15),#2866);
#11 = AXIS2_PLACEMENT_3D('',#12,#13,#14);
#12 = CARTESIAN_POINT('',(0.,0.,0.));
#13 = DIRECTION('',(0.,0.,1.));
#14 = DIRECTION('',(1.,0.,-0.));
#15 = MANIFOLD_SOLID_BREP('',#16);
#16 = CLOSED_SHELL('',(#17,#187,#405,#537,#592,#664,#815,#864,#890,#918,
    #1198,#1225,#1250,#1577,#1712,#1719,#1771,#1871,#1920,#1973,#2112,
    #2141,#2169,#2418,#2443,#2450,#2505,#2532,#2600,#2607,#2654,#2681,
    #2708,#2715,#2762,#2789,#2816,#2823,#2828,#2855,#2862));
#17 = ADVANCED_FACE('',(#18),#32,.F.);
#18 = FACE_BOUND('',#19,.F.);
#19 = EDGE_LOOP('',(#20,#53,#79,#105,#133,#161));
#20 = ORIENTED_EDGE('',*,*,#21,.F.);
#21 = EDGE_CURVE('',#22,#24,#26,.T.);
#22 = VERTEX_POINT('',#23);
#23 = CARTESIAN_POINT('',(-156.,0.,22.15));
#24 = VERTEX_POINT('',#25);
#25 = CARTESIAN_POINT('',(-156.,0.,44.6));
#26 = SURFACE_CURVE('',#27,(#31,#42),.PCURVE_S1.);
#27 = LINE('',#28,#29);
#28 = CARTESIAN_POINT('',(-156.,0.,-50.));
#29 = VECTOR('',#30,1.);
#30 = DIRECTION('',(0.,0.,1.));
#31 = PCURVE('',#32,#37);
#32 = PLANE('',#33);
#33 = AXIS2_PLACEMENT_3D('',#34,#35,#36);
#34 = CARTESIAN_POINT('',(-156.,-121.2,0.));
#35 = DIRECTION('',(1.,0.,-0.));
#36 = DIRECTION('',(0.,0.,1.));
#37 = DEFINITIONAL_REPRESENTATION('',(#38),#41);
#38 = B_SPLINE_CURVE_WITH_KNOTS('',1,(#39,#40),.UNSPECIFIED.,.F.,.F.,(2,
    2),(51.,94.6),.PIECEWISE_BEZIER_KNOTS.);
#39 = CARTESIAN_POINT('',(1.,-121.2));
#40 = CARTESIAN_POINT('',(44.6,-121.2));
#41 = ( GEOMETRIC_REPRESENTATION_CONTEXT(2) 
PARAMETRIC_REPRESENTATION_CONTEXT() REPRESENTATION_CONTEXT('2D SPACE',''
  ) );
#42 = PCURVE('',#43,#48);
#43 = PLANE('',#44);
#44 = AXIS2_PLACEMENT_3D('',#45,#46,#47);
#45 = CARTESIAN_POINT('',(-400.,0.,-100.));
#46 = DIRECTION('',(-0.,1.,0.));
#47 = DIRECTION('',(0.,0.,1.));
#48 = DEFINITIONAL_REPRESENTATION('',(#49),#52);
#49 = B_SPLINE_CURVE_WITH_KNOTS('',1,(#50,#51),.UNSPECIFIED.,.F.,.F.,(2,
    2),(51.,94.6),.PIECEWISE_BEZIER_KNOTS.);
#50 = CARTESIAN_POINT('',(101.,244.));
#51 = CARTESIAN_POINT('',(144.6,244.));
#52 = ( GEOMETRIC_REPRESENTATION_CONTEXT(2) 
PARAMETRIC_REPRESENTATION_CONTEXT() REPRESENTATION_CONTEXT('2D SPACE',''
  ) );
#53 = ORIENTED_EDGE('',*,*,#54,.F.);
#54 = EDGE_CURVE('',#55,#22,#57,.T.);
#55 = VERTEX_POINT('',#56);
#56 = CARTESIAN_POINT('',(-156.,16.15,22.15));
#57 = SURFACE_CURVE('',#58,(#62,#68),.PCURVE_S1.);
#58 = LINE('',#59,#60);
#59 = CARTESIAN_POINT('',(-156.,-60.675,22.15));
#60 = VECTOR('',#61,1.);
#61 = DIRECTION('',(0.,-1.,0.));
#62 = PCURVE('',#32,#63);
#63 = DEFINITIONAL_REPRESENTATION('',(#64),#67);
#64 = B_SPLINE_CURVE_WITH_KNOTS('',1,(#65,#66),.UNSPECIFIED.,.F.,.F.,(2,
    2),(-76.825,-60.675),.PIECEWISE_BEZIER_KNOTS.);
#65 = CARTESIAN_POINT('',(22.15,-137.35));
#66 = CARTESIAN_POINT('',(22.15,-121.2));
#67 = ( GEOMETRIC_REPRESENTATION_CONTEXT(2) 
PARAMETRIC_REPRESENTATION_CONTEXT() REPRESENTATION_CONTEXT('2D SPACE',''
  ) );
#68 = PCURVE('',#69,#74);
#69 = PLANE('',#70);
#70 = AXIS2_PLACEMENT_3D('',#71,#72,#73);
#71 = CARTESIAN_POINT('',(-292.15,-0.15,22.15));
#72 = DIRECTION('',(0.,0.,1.));
#73 = DIRECTION('',(1.,0.,-0.));
#74 = DEFINITIONAL_REPRESENTATION('',(#75),#78);
#75 = B_SPLINE_CURVE_WITH_KNOTS('',1,(#76,#77),.UNSPECIFIED.,.F.,.F.,(2,
    2),(-76.825,-60.675),.PIECEWISE_BEZIER_KNOTS.);
#76 = CARTESIAN_POINT('',(136.15,16.3));
#77 = CARTESIAN_POINT('',(136.15,0.15));
#78 = ( GEOMETRIC_REPRESENTATION_CONTEXT(2) 
PARAMETRIC_REPRESENTATION_CONTEXT() REPRESENTATION_CONTEXT('2D SPACE',''
  ) );
#79 = ORIENTED_EDGE('',*,*,#80,.F.);
#80 = EDGE_CURVE('',#81,#55,#83,.T.);
#81 = VERTEX_POINT('',#82);
#82 = CARTESIAN_POINT('',(-156.,16.15,1.));
#83 = SURFACE_CURVE('',#84,(#88,#94),.PCURVE_S1.);
#84 = LINE('',#85,#86);
#85 = CARTESIAN_POINT('',(-156.,16.15,-0.575));
#86 = VECTOR('',#87,1.);
#87 = DIRECTION('',(0.,0.,1.));
#88 = PCURVE('',#32,#89);
#89 = DEFINITIONAL_REPRESENTATION('',(#90),#93);
#90 = B_SPLINE_CURVE_WITH_KNOTS('',1,(#91,#92),.UNSPECIFIED.,.F.,.F.,(2,
    2),(1.575,22.725),.PIECEWISE_BEZIER_KNOTS.);
#91 = CARTESIAN_POINT('',(1.,-137.35));
#92 = CARTESIAN_POINT('',(22.15,-137.35));
#93 = ( GEOMETRIC_REPRESENTATION_CONTEXT(2) 
PARAMETRIC_REPRESENTATION_CONTEXT() REPRESENTATION_CONTEXT('2D SPACE',''
  ) );
#94 = PCURVE('',#95,#100);
#95 = PLANE('',#96);
#96 = AXIS2_PLACEMENT_3D('',#97,#98,#99);
#97 = CARTESIAN_POINT('',(-292.15,16.15,-1.15));
#98 = DIRECTION('',(-0.,1.,0.));
#99 = DIRECTION('',(0.,0.,1.));
#100 = DEFINITIONAL_REPRESENTATION('',(#101),#104);
#101 = B_SPLINE_CURVE_WITH_KNOTS('',1,(#102,#103),.UNSPECIFIED.,.F.,.F.,
  (2,2),(1.575,22.725),.PIECEWISE_BEZIER_KNOTS.);
#102 = CARTESIAN_POINT('',(2.15,136.15));
#103 = CARTESIAN_POINT('',(23.3,136.15));
#104 = ( GEOMETRIC_REPRESENTATION_CONTEXT(2) 
PARAMETRIC_REPRESENTATION_CONTEXT() REPRESENTATION_CONTEXT('2D SPACE',''
  ) );
#105 = ORIENTED_EDGE('',*,*,#106,.T.);
#106 = EDGE_CURVE('',#81,#107,#109,.T.);
#107 = VERTEX_POINT('',#108);
#108 = CARTESIAN_POINT('',(-156.,118.2,1.));
#109 = SURFACE_CURVE('',#110,(#114,#121),.PCURVE_S1.);
#110 = LINE('',#111,#112);
#111 = CARTESIAN_POINT('',(-156.,-118.2,1.));
#112 = VECTOR('',#113,1.);
#113 = DIRECTION('',(-0.,1.,0.));
#114 = PCURVE('',#32,#115);
#115 = DEFINITIONAL_REPRESENTATION('',(#116),#120);
#116 = LINE('',#117,#118);
#117 = CARTESIAN_POINT('',(1.,-3.));
#118 = VECTOR('',#119,1.);
#119 = DIRECTION('',(0.,-1.));
#120 = ( GEOMETRIC_REPRESENTATION_CONTEXT(2) 
PARAMETRIC_REPRESENTATION_CONTEXT() REPRESENTATION_CONTEXT('2D SPACE',''
  ) );
#121 = PCURVE('',#122,#127);
#122 = PLANE('',#123);
#123 = AXIS2_PLACEMENT_3D('',#124,#125,#126);
#124 = CARTESIAN_POINT('',(-155.5,-118.2,0.5));
#125 = DIRECTION('',(-0.707106781187,4.915631806973E-18,-0.707106781187)
  );
#126 = DIRECTION('',(3.475876584527E-18,1.,3.475876584527E-18));
#127 = DEFINITIONAL_REPRESENTATION('',(#128),#132);
#128 = LINE('',#129,#130);
#129 = CARTESIAN_POINT('',(0.,-0.707106781187));
#130 = VECTOR('',#131,1.);
#131 = DIRECTION('',(1.,0.));
#132 = ( GEOMETRIC_REPRESENTATION_CONTEXT(2) 
PARAMETRIC_REPRESENTATION_CONTEXT() REPRESENTATION_CONTEXT('2D SPACE',''
  ) );
#133 = ORIENTED_EDGE('',*,*,#134,.T.);
#134 = EDGE_CURVE('',#107,#135,#137,.T.);
#135 = VERTEX_POINT('',#136);
#136 = CARTESIAN_POINT('',(-156.,118.2,44.6));
#137 = SURFACE_CURVE('',#138,(#142,#149),.PCURVE_S1.);
#138 = LINE('',#139,#140);
#139 = CARTESIAN_POINT('',(-156.,118.2,0.));
#140 = VECTOR('',#141,1.);
#141 = DIRECTION('',(0.,0.,1.));
#142 = PCURVE('',#32,#143);
#143 = DEFINITIONAL_REPRESENTATION('',(#144),#148);
#144 = LINE('',#145,#146);
#145 = CARTESIAN_POINT('',(0.,-239.4));
#146 = VECTOR('',#147,1.);
#147 = DIRECTION('',(1.,0.));
#148 = ( GEOMETRIC_REPRESENTATION_CONTEXT(2) 
PARAMETRIC_REPRESENTATION_CONTEXT() REPRESENTATION_CONTEXT('2D SPACE',''
  ) );
#149 = PCURVE('',#150,#155);
#150 = CYLINDRICAL_SURFACE('',#151,3.);
#151 = AXIS2_PLACEMENT_3D('',#152,#153,#154);
#152 = CARTESIAN_POINT('',(-153.,118.2,0.));
#153 = DIRECTION('',(0.,0.,1.));
#154 = DIRECTION('',(-1.,-0.,0.));
#155 = DEFINITIONAL_REPRESENTATION('',(#156),#160);
#156 = LINE('',#157,#158);
#157 = CARTESIAN_POINT('',(-0.,0.));
#158 = VECTOR('',#159,1.);
#159 = DIRECTION('',(-0.,1.));
#160 = ( GEOMETRIC_REPRESENTATION_CONTEXT(2) 
PARAMETRIC_REPRESENTATION_CONTEXT() REPRESENTATION_CONTEXT('2D SPACE',''
  ) );
#161 = ORIENTED_EDGE('',*,*,#162,.F.);
#162 = EDGE_CURVE('',#24,#135,#163,.T.);
#163 = SURFACE_CURVE('',#164,(#168,#175),.PCURVE_S1.);
#164 = LINE('',#165,#166);
#165 = CARTESIAN_POINT('',(-156.,-121.2,44.6));
#166 = VECTOR('',#167,1.);
#167 = DIRECTION('',(-0.,1.,0.));
#168 = PCURVE('',#32,#169);
#169 = DEFINITIONAL_REPRESENTATION('',(#170),#174);
#170 = LINE('',#171,#172);
#171 = CARTESIAN_POINT('',(44.6,0.));
#172 = VECTOR('',#173,1.);
#173 = DIRECTION('',(0.,-1.));
#174 = ( GEOMETRIC_REPRESENTATION_CONTEXT(2) 
PARAMETRIC_REPRESENTATION_CONTEXT() REPRESENTATION_CONTEXT('2D SPACE',''
  ) );
#175 = PCURVE('',#176,#181);
#176 = PLANE('',#177);
#177 = AXIS2_PLACEMENT_3D('',#178,#179,#180);
#178 = CARTESIAN_POINT('',(-156.,-121.2,44.6));
#179 = DIRECTION('',(0.,0.,1.));
#180 = DIRECTION('',(1.,0.,-0.));
#181 = DEFINITIONAL_REPRESENTATION('',(#182),#186);
#182 = LINE('',#183,#184);
#183 = CARTESIAN_POINT('',(0.,0.));
#184 = VECTOR('',#185,1.);
#185 = DIRECTION('',(0.,1.));
#186 = ( GEOMETRIC_REPRESENTATION_CONTEXT(2) 
PARAMETRIC_REPRESENTATION_CONTEXT() REPRESENTATION_CONTEXT('2D SPACE',''
  ) );
#187 = ADVANCED_FACE('',(#188),#43,.F.);
#188 = FACE_BOUND('',#189,.F.);
#189 = EDGE_LOOP('',(#190,#218,#246,#272,#298,#317,#318,#339,#365,#386)
  );
#190 = ORIENTED_EDGE('',*,*,#191,.F.);
#191 = EDGE_CURVE('',#192,#194,#196,.T.);
#192 = VERTEX_POINT('',#193);
#193 = CARTESIAN_POINT('',(-148.,-3.429011037613E-16,30.));
#194 = VERTEX_POINT('',#195);
#195 = CARTESIAN_POINT('',(-150.8,1.714505518806E-16,30.));
#196 = SURFACE_CURVE('',#197,(#201,#207),.PCURVE_S1.);
#197 = LINE('',#198,#199);
#198 = CARTESIAN_POINT('',(-274.7,0.,30.));
#199 = VECTOR('',#200,1.);
#200 = DIRECTION('',(-1.,-0.,0.));
#201 = PCURVE('',#43,#202);
#202 = DEFINITIONAL_REPRESENTATION('',(#203),#206);
#203 = B_SPLINE_CURVE_WITH_KNOTS('',1,(#204,#205),.UNSPECIFIED.,.F.,.F.,
  (2,2),(-126.7,-123.9),.PIECEWISE_BEZIER_KNOTS.);
#204 = CARTESIAN_POINT('',(130.,252.));
#205 = CARTESIAN_POINT('',(130.,249.2));
#206 = ( GEOMETRIC_REPRESENTATION_CONTEXT(2) 
PARAMETRIC_REPRESENTATION_CONTEXT() REPRESENTATION_CONTEXT('2D SPACE',''
  ) );
#207 = PCURVE('',#208,#213);
#208 = PLANE('',#209);
#209 = AXIS2_PLACEMENT_3D('',#210,#211,#212);
#210 = CARTESIAN_POINT('',(-149.4,0.,30.));
#211 = DIRECTION('',(0.,0.,1.));
#212 = DIRECTION('',(1.,0.,-0.));
#213 = DEFINITIONAL_REPRESENTATION('',(#214),#217);
#214 = B_SPLINE_CURVE_WITH_KNOTS('',1,(#215,#216),.UNSPECIFIED.,.F.,.F.,
  (2,2),(-126.7,-123.9),.PIECEWISE_BEZIER_KNOTS.);
#215 = CARTESIAN_POINT('',(1.4,0.));
#216 = CARTESIAN_POINT('',(-1.4,0.));
#217 = ( GEOMETRIC_REPRESENTATION_CONTEXT(2) 
PARAMETRIC_REPRESENTATION_CONTEXT() REPRESENTATION_CONTEXT('2D SPACE',''
  ) );
#218 = ORIENTED_EDGE('',*,*,#219,.T.);
#219 = EDGE_CURVE('',#192,#220,#222,.T.);
#220 = VERTEX_POINT('',#221);
#221 = CARTESIAN_POINT('',(-148.,-3.429011037613E-16,42.));
#222 = SURFACE_CURVE('',#223,(#227,#234),.PCURVE_S1.);
#223 = LINE('',#224,#225);
#224 = CARTESIAN_POINT('',(-148.,-3.429011037613E-16,30.));
#225 = VECTOR('',#226,1.);
#226 = DIRECTION('',(0.,0.,1.));
#227 = PCURVE('',#43,#228);
#228 = DEFINITIONAL_REPRESENTATION('',(#229),#233);
#229 = LINE('',#230,#231);
#230 = CARTESIAN_POINT('',(130.,252.));
#231 = VECTOR('',#232,1.);
#232 = DIRECTION('',(1.,0.));
#233 = ( GEOMETRIC_REPRESENTATION_CONTEXT(2) 
PARAMETRIC_REPRESENTATION_CONTEXT() REPRESENTATION_CONTEXT('2D SPACE',''
  ) );
#234 = PCURVE('',#235,#240);
#235 = CYLINDRICAL_SURFACE('',#236,1.4);
#236 = AXIS2_PLACEMENT_3D('',#237,#238,#239);
#237 = CARTESIAN_POINT('',(-149.4,0.,30.));
#238 = DIRECTION('',(0.,0.,1.));
#239 = DIRECTION('',(1.,0.,-0.));
#240 = DEFINITIONAL_REPRESENTATION('',(#241),#245);
#241 = LINE('',#242,#243);
#242 = CARTESIAN_POINT('',(0.,-0.));
#243 = VECTOR('',#244,1.);
#244 = DIRECTION('',(0.,1.));
#245 = ( GEOMETRIC_REPRESENTATION_CONTEXT(2) 
PARAMETRIC_REPRESENTATION_CONTEXT() REPRESENTATION_CONTEXT('2D SPACE',''
  ) );
#246 = ORIENTED_EDGE('',*,*,#247,.F.);
#247 = EDGE_CURVE('',#248,#220,#250,.T.);
#248 = VERTEX_POINT('',#249);
#249 = CARTESIAN_POINT('',(-145.4,-8.691482459462E-16,42.));
#250 = SURFACE_CURVE('',#251,(#255,#261),.PCURVE_S1.);
#251 = LINE('',#252,#253);
#252 = CARTESIAN_POINT('',(-276.75,0.,42.));
#253 = VECTOR('',#254,1.);
#254 = DIRECTION('',(-1.,-0.,0.));
#255 = PCURVE('',#43,#256);
#256 = DEFINITIONAL_REPRESENTATION('',(#257),#260);
#257 = B_SPLINE_CURVE_WITH_KNOTS('',1,(#258,#259),.UNSPECIFIED.,.F.,.F.,
  (2,2),(-276.75,-123.25),.PIECEWISE_BEZIER_KNOTS.);
#258 = CARTESIAN_POINT('',(142.,400.));
#259 = CARTESIAN_POINT('',(142.,246.5));
#260 = ( GEOMETRIC_REPRESENTATION_CONTEXT(2) 
PARAMETRIC_REPRESENTATION_CONTEXT() REPRESENTATION_CONTEXT('2D SPACE',''
  ) );
#261 = PCURVE('',#262,#267);
#262 = PLANE('',#263);
#263 = AXIS2_PLACEMENT_3D('',#264,#265,#266);
#264 = CARTESIAN_POINT('',(-153.5,-118.7,42.));
#265 = DIRECTION('',(0.,0.,1.));
#266 = DIRECTION('',(1.,0.,-0.));
#267 = DEFINITIONAL_REPRESENTATION('',(#268),#271);
#268 = B_SPLINE_CURVE_WITH_KNOTS('',1,(#269,#270),.UNSPECIFIED.,.F.,.F.,
  (2,2),(-276.75,-123.25),.PIECEWISE_BEZIER_KNOTS.);
#269 = CARTESIAN_POINT('',(153.5,118.7));
#270 = CARTESIAN_POINT('',(0.,118.7));
#271 = ( GEOMETRIC_REPRESENTATION_CONTEXT(2) 
PARAMETRIC_REPRESENTATION_CONTEXT() REPRESENTATION_CONTEXT('2D SPACE',''
  ) );
#272 = ORIENTED_EDGE('',*,*,#273,.F.);
#273 = EDGE_CURVE('',#274,#248,#276,.T.);
#274 = VERTEX_POINT('',#275);
#275 = CARTESIAN_POINT('',(-145.4,0.,22.15));
#276 = SURFACE_CURVE('',#277,(#281,#287),.PCURVE_S1.);
#277 = LINE('',#278,#279);
#278 = CARTESIAN_POINT('',(-145.4,0.,12.));
#279 = VECTOR('',#280,1.);
#280 = DIRECTION('',(0.,0.,1.));
#281 = PCURVE('',#43,#282);
#282 = DEFINITIONAL_REPRESENTATION('',(#283),#286);
#283 = B_SPLINE_CURVE_WITH_KNOTS('',1,(#284,#285),.UNSPECIFIED.,.F.,.F.,
  (2,2),(-5.999999999062E-07,30.0000006),.PIECEWISE_BEZIER_KNOTS.);
#284 = CARTESIAN_POINT('',(111.9999994,254.6));
#285 = CARTESIAN_POINT('',(142.0000006,254.6));
#286 = ( GEOMETRIC_REPRESENTATION_CONTEXT(2) 
PARAMETRIC_REPRESENTATION_CONTEXT() REPRESENTATION_CONTEXT('2D SPACE',''
  ) );
#287 = PCURVE('',#288,#293);
#288 = CYLINDRICAL_SURFACE('',#289,4.);
#289 = AXIS2_PLACEMENT_3D('',#290,#291,#292);
#290 = CARTESIAN_POINT('',(-149.4,0.,12.));
#291 = DIRECTION('',(0.,0.,1.));
#292 = DIRECTION('',(1.,0.,-0.));
#293 = DEFINITIONAL_REPRESENTATION('',(#294),#297);
#294 = B_SPLINE_CURVE_WITH_KNOTS('',1,(#295,#296),.UNSPECIFIED.,.F.,.F.,
  (2,2),(-5.999999999062E-07,30.0000006),.PIECEWISE_BEZIER_KNOTS.);
#295 = CARTESIAN_POINT('',(6.28318530718,-5.999999999062E-07));
#296 = CARTESIAN_POINT('',(6.28318530718,30.0000006));
#297 = ( GEOMETRIC_REPRESENTATION_CONTEXT(2) 
PARAMETRIC_REPRESENTATION_CONTEXT() REPRESENTATION_CONTEXT('2D SPACE',''
  ) );
#298 = ORIENTED_EDGE('',*,*,#299,.F.);
#299 = EDGE_CURVE('',#22,#274,#300,.T.);
#300 = SURFACE_CURVE('',#301,(#305,#311),.PCURVE_S1.);
#301 = LINE('',#302,#303);
#302 = CARTESIAN_POINT('',(-346.075,0.,22.15));
#303 = VECTOR('',#304,1.);
#304 = DIRECTION('',(1.,0.,-0.));
#305 = PCURVE('',#43,#306);
#306 = DEFINITIONAL_REPRESENTATION('',(#307),#310);
#307 = B_SPLINE_CURVE_WITH_KNOTS('',1,(#308,#309),.UNSPECIFIED.,.F.,.F.,
  (2,2),(190.075,210.075),.PIECEWISE_BEZIER_KNOTS.);
#308 = CARTESIAN_POINT('',(122.15,244.));
#309 = CARTESIAN_POINT('',(122.15,264.));
#310 = ( GEOMETRIC_REPRESENTATION_CONTEXT(2) 
PARAMETRIC_REPRESENTATION_CONTEXT() REPRESENTATION_CONTEXT('2D SPACE',''
  ) );
#311 = PCURVE('',#69,#312);
#312 = DEFINITIONAL_REPRESENTATION('',(#313),#316);
#313 = B_SPLINE_CURVE_WITH_KNOTS('',1,(#314,#315),.UNSPECIFIED.,.F.,.F.,
  (2,2),(190.075,210.075),.PIECEWISE_BEZIER_KNOTS.);
#314 = CARTESIAN_POINT('',(136.15,0.15));
#315 = CARTESIAN_POINT('',(156.15,0.15));
#316 = ( GEOMETRIC_REPRESENTATION_CONTEXT(2) 
PARAMETRIC_REPRESENTATION_CONTEXT() REPRESENTATION_CONTEXT('2D SPACE',''
  ) );
#317 = ORIENTED_EDGE('',*,*,#21,.T.);
#318 = ORIENTED_EDGE('',*,*,#319,.F.);
#319 = EDGE_CURVE('',#320,#24,#322,.T.);
#320 = VERTEX_POINT('',#321);
#321 = CARTESIAN_POINT('',(-153.5,0.,44.6));
#322 = SURFACE_CURVE('',#323,(#327,#333),.PCURVE_S1.);
#323 = LINE('',#324,#325);
#324 = CARTESIAN_POINT('',(-278.,0.,44.6));
#325 = VECTOR('',#326,1.);
#326 = DIRECTION('',(-1.,-0.,0.));
#327 = PCURVE('',#43,#328);
#328 = DEFINITIONAL_REPRESENTATION('',(#329),#332);
#329 = B_SPLINE_CURVE_WITH_KNOTS('',1,(#330,#331),.UNSPECIFIED.,.F.,.F.,
  (2,2),(-278.,-122.),.PIECEWISE_BEZIER_KNOTS.);
#330 = CARTESIAN_POINT('',(144.6,400.));
#331 = CARTESIAN_POINT('',(144.6,244.));
#332 = ( GEOMETRIC_REPRESENTATION_CONTEXT(2) 
PARAMETRIC_REPRESENTATION_CONTEXT() REPRESENTATION_CONTEXT('2D SPACE',''
  ) );
#333 = PCURVE('',#176,#334);
#334 = DEFINITIONAL_REPRESENTATION('',(#335),#338);
#335 = B_SPLINE_CURVE_WITH_KNOTS('',1,(#336,#337),.UNSPECIFIED.,.F.,.F.,
  (2,2),(-278.,-122.),.PIECEWISE_BEZIER_KNOTS.);
#336 = CARTESIAN_POINT('',(156.,121.2));
#337 = CARTESIAN_POINT('',(0.,121.2));
#338 = ( GEOMETRIC_REPRESENTATION_CONTEXT(2) 
PARAMETRIC_REPRESENTATION_CONTEXT() REPRESENTATION_CONTEXT('2D SPACE',''
  ) );
#339 = ORIENTED_EDGE('',*,*,#340,.F.);
#340 = EDGE_CURVE('',#341,#320,#343,.T.);
#341 = VERTEX_POINT('',#342);
#342 = CARTESIAN_POINT('',(-153.5,0.,42.));
#343 = SURFACE_CURVE('',#344,(#348,#354),.PCURVE_S1.);
#344 = LINE('',#345,#346);
#345 = CARTESIAN_POINT('',(-153.5,0.,-29.));
#346 = VECTOR('',#347,1.);
#347 = DIRECTION('',(0.,0.,1.));
#348 = PCURVE('',#43,#349);
#349 = DEFINITIONAL_REPRESENTATION('',(#350),#353);
#350 = B_SPLINE_CURVE_WITH_KNOTS('',1,(#351,#352),.UNSPECIFIED.,.F.,.F.,
  (2,2),(71.,73.6),.PIECEWISE_BEZIER_KNOTS.);
#351 = CARTESIAN_POINT('',(142.,246.5));
#352 = CARTESIAN_POINT('',(144.6,246.5));
#353 = ( GEOMETRIC_REPRESENTATION_CONTEXT(2) 
PARAMETRIC_REPRESENTATION_CONTEXT() REPRESENTATION_CONTEXT('2D SPACE',''
  ) );
#354 = PCURVE('',#355,#360);
#355 = PLANE('',#356);
#356 = AXIS2_PLACEMENT_3D('',#357,#358,#359);
#357 = CARTESIAN_POINT('',(-153.5,-118.7,42.));
#358 = DIRECTION('',(1.,0.,-0.));
#359 = DIRECTION('',(0.,0.,1.));
#360 = DEFINITIONAL_REPRESENTATION('',(#361),#364);
#361 = B_SPLINE_CURVE_WITH_KNOTS('',1,(#362,#363),.UNSPECIFIED.,.F.,.F.,
  (2,2),(71.,73.6),.PIECEWISE_BEZIER_KNOTS.);
#362 = CARTESIAN_POINT('',(0.,-118.7));
#363 = CARTESIAN_POINT('',(2.6,-118.7));
#364 = ( GEOMETRIC_REPRESENTATION_CONTEXT(2) 
PARAMETRIC_REPRESENTATION_CONTEXT() REPRESENTATION_CONTEXT('2D SPACE',''
  ) );
#365 = ORIENTED_EDGE('',*,*,#366,.F.);
#366 = EDGE_CURVE('',#367,#341,#369,.T.);
#367 = VERTEX_POINT('',#368);
#368 = CARTESIAN_POINT('',(-150.8,1.714505518806E-16,42.));
#369 = SURFACE_CURVE('',#370,(#374,#380),.PCURVE_S1.);
#370 = LINE('',#371,#372);
#371 = CARTESIAN_POINT('',(-276.75,0.,42.));
#372 = VECTOR('',#373,1.);
#373 = DIRECTION('',(-1.,-0.,0.));
#374 = PCURVE('',#43,#375);
#375 = DEFINITIONAL_REPRESENTATION('',(#376),#379);
#376 = B_SPLINE_CURVE_WITH_KNOTS('',1,(#377,#378),.UNSPECIFIED.,.F.,.F.,
  (2,2),(-276.75,-123.25),.PIECEWISE_BEZIER_KNOTS.);
#377 = CARTESIAN_POINT('',(142.,400.));
#378 = CARTESIAN_POINT('',(142.,246.5));
#379 = ( GEOMETRIC_REPRESENTATION_CONTEXT(2) 
PARAMETRIC_REPRESENTATION_CONTEXT() REPRESENTATION_CONTEXT('2D SPACE',''
  ) );
#380 = PCURVE('',#262,#381);
#381 = DEFINITIONAL_REPRESENTATION('',(#382),#385);
#382 = B_SPLINE_CURVE_WITH_KNOTS('',1,(#383,#384),.UNSPECIFIED.,.F.,.F.,
  (2,2),(-276.75,-123.25),.PIECEWISE_BEZIER_KNOTS.);
#383 = CARTESIAN_POINT('',(153.5,118.7));
#384 = CARTESIAN_POINT('',(0.,118.7));
#385 = ( GEOMETRIC_REPRESENTATION_CONTEXT(2) 
PARAMETRIC_REPRESENTATION_CONTEXT() REPRESENTATION_CONTEXT('2D SPACE',''
  ) );
#386 = ORIENTED_EDGE('',*,*,#387,.F.);
#387 = EDGE_CURVE('',#194,#367,#388,.T.);
#388 = SURFACE_CURVE('',#389,(#393,#399),.PCURVE_S1.);
#389 = LINE('',#390,#391);
#390 = CARTESIAN_POINT('',(-150.8,0.,30.));
#391 = VECTOR('',#392,1.);
#392 = DIRECTION('',(0.,0.,1.));
#393 = PCURVE('',#43,#394);
#394 = DEFINITIONAL_REPRESENTATION('',(#395),#398);
#395 = B_SPLINE_CURVE_WITH_KNOTS('',1,(#396,#397),.UNSPECIFIED.,.F.,.F.,
  (2,2),(-5.999999999062E-07,12.0000006),.PIECEWISE_BEZIER_KNOTS.);
#396 = CARTESIAN_POINT('',(129.9999994,249.2));
#397 = CARTESIAN_POINT('',(142.0000006,249.2));
#398 = ( GEOMETRIC_REPRESENTATION_CONTEXT(2) 
PARAMETRIC_REPRESENTATION_CONTEXT() REPRESENTATION_CONTEXT('2D SPACE',''
  ) );
#399 = PCURVE('',#235,#400);
#400 = DEFINITIONAL_REPRESENTATION('',(#401),#404);
#401 = B_SPLINE_CURVE_WITH_KNOTS('',1,(#402,#403),.UNSPECIFIED.,.F.,.F.,
  (2,2),(-5.999999999062E-07,12.0000006),.PIECEWISE_BEZIER_KNOTS.);
#402 = CARTESIAN_POINT('',(3.14159265359,-5.999999999062E-07));
#403 = CARTESIAN_POINT('',(3.14159265359,12.0000006));
#404 = ( GEOMETRIC_REPRESENTATION_CONTEXT(2) 
PARAMETRIC_REPRESENTATION_CONTEXT() REPRESENTATION_CONTEXT('2D SPACE',''
  ) );
#405 = ADVANCED_FACE('',(#406),#176,.T.);
#406 = FACE_BOUND('',#407,.T.);
#407 = EDGE_LOOP('',(#408,#409,#410,#431,#457,#483,#511));
#408 = ORIENTED_EDGE('',*,*,#162,.F.);
#409 = ORIENTED_EDGE('',*,*,#319,.F.);
#410 = ORIENTED_EDGE('',*,*,#411,.T.);
#411 = EDGE_CURVE('',#320,#412,#414,.T.);
#412 = VERTEX_POINT('',#413);
#413 = CARTESIAN_POINT('',(-153.5,118.7,44.6));
#414 = SURFACE_CURVE('',#415,(#419,#425),.PCURVE_S1.);
#415 = LINE('',#416,#417);
#416 = CARTESIAN_POINT('',(-153.5,-119.95,44.6));
#417 = VECTOR('',#418,1.);
#418 = DIRECTION('',(-0.,1.,0.));
#419 = PCURVE('',#176,#420);
#420 = DEFINITIONAL_REPRESENTATION('',(#421),#424);
#421 = B_SPLINE_CURVE_WITH_KNOTS('',1,(#422,#423),.UNSPECIFIED.,.F.,.F.,
  (2,2),(1.25,238.65),.PIECEWISE_BEZIER_KNOTS.);
#422 = CARTESIAN_POINT('',(2.5,2.5));
#423 = CARTESIAN_POINT('',(2.5,239.9));
#424 = ( GEOMETRIC_REPRESENTATION_CONTEXT(2) 
PARAMETRIC_REPRESENTATION_CONTEXT() REPRESENTATION_CONTEXT('2D SPACE',''
  ) );
#425 = PCURVE('',#355,#426);
#426 = DEFINITIONAL_REPRESENTATION('',(#427),#430);
#427 = B_SPLINE_CURVE_WITH_KNOTS('',1,(#428,#429),.UNSPECIFIED.,.F.,.F.,
  (2,2),(1.25,238.65),.PIECEWISE_BEZIER_KNOTS.);
#428 = CARTESIAN_POINT('',(2.6,0.));
#429 = CARTESIAN_POINT('',(2.6,-237.4));
#430 = ( GEOMETRIC_REPRESENTATION_CONTEXT(2) 
PARAMETRIC_REPRESENTATION_CONTEXT() REPRESENTATION_CONTEXT('2D SPACE',''
  ) );
#431 = ORIENTED_EDGE('',*,*,#432,.F.);
#432 = EDGE_CURVE('',#433,#412,#435,.T.);
#433 = VERTEX_POINT('',#434);
#434 = CARTESIAN_POINT('',(0.,118.7,44.6));
#435 = SURFACE_CURVE('',#436,(#440,#446),.PCURVE_S1.);
#436 = LINE('',#437,#438);
#437 = CARTESIAN_POINT('',(-154.75,118.7,44.6));
#438 = VECTOR('',#439,1.);
#439 = DIRECTION('',(-1.,-0.,0.));
#440 = PCURVE('',#176,#441);
#441 = DEFINITIONAL_REPRESENTATION('',(#442),#445);
#442 = B_SPLINE_CURVE_WITH_KNOTS('',1,(#443,#444),.UNSPECIFIED.,.F.,.F.,
  (2,2),(-308.25,-1.25),.PIECEWISE_BEZIER_KNOTS.);
#443 = CARTESIAN_POINT('',(309.5,239.9));
#444 = CARTESIAN_POINT('',(2.5,239.9));
#445 = ( GEOMETRIC_REPRESENTATION_CONTEXT(2) 
PARAMETRIC_REPRESENTATION_CONTEXT() REPRESENTATION_CONTEXT('2D SPACE',''
  ) );
#446 = PCURVE('',#447,#452);
#447 = PLANE('',#448);
#448 = AXIS2_PLACEMENT_3D('',#449,#450,#451);
#449 = CARTESIAN_POINT('',(-153.5,118.7,42.));
#450 = DIRECTION('',(-0.,1.,0.));
#451 = DIRECTION('',(0.,0.,1.));
#452 = DEFINITIONAL_REPRESENTATION('',(#453),#456);
#453 = B_SPLINE_CURVE_WITH_KNOTS('',1,(#454,#455),.UNSPECIFIED.,.F.,.F.,
  (2,2),(-308.25,-1.25),.PIECEWISE_BEZIER_KNOTS.);
#454 = CARTESIAN_POINT('',(2.6,307.));
#455 = CARTESIAN_POINT('',(2.6,0.));
#456 = ( GEOMETRIC_REPRESENTATION_CONTEXT(2) 
PARAMETRIC_REPRESENTATION_CONTEXT() REPRESENTATION_CONTEXT('2D SPACE',''
  ) );
#457 = ORIENTED_EDGE('',*,*,#458,.T.);
#458 = EDGE_CURVE('',#433,#459,#461,.T.);
#459 = VERTEX_POINT('',#460);
#460 = CARTESIAN_POINT('',(0.,121.2,44.6));
#461 = SURFACE_CURVE('',#462,(#466,#472),.PCURVE_S1.);
#462 = LINE('',#463,#464);
#463 = CARTESIAN_POINT('',(0.,-60.6,44.6));
#464 = VECTOR('',#465,1.);
#465 = DIRECTION('',(-0.,1.,0.));
#466 = PCURVE('',#176,#467);
#467 = DEFINITIONAL_REPRESENTATION('',(#468),#471);
#468 = B_SPLINE_CURVE_WITH_KNOTS('',1,(#469,#470),.UNSPECIFIED.,.F.,.F.,
  (2,2),(60.6,181.8),.PIECEWISE_BEZIER_KNOTS.);
#469 = CARTESIAN_POINT('',(156.,121.2));
#470 = CARTESIAN_POINT('',(156.,242.4));
#471 = ( GEOMETRIC_REPRESENTATION_CONTEXT(2) 
PARAMETRIC_REPRESENTATION_CONTEXT() REPRESENTATION_CONTEXT('2D SPACE',''
  ) );
#472 = PCURVE('',#473,#478);
#473 = PLANE('',#474);
#474 = AXIS2_PLACEMENT_3D('',#475,#476,#477);
#475 = CARTESIAN_POINT('',(0.,0.,-100.));
#476 = DIRECTION('',(1.,0.,-0.));
#477 = DIRECTION('',(0.,0.,1.));
#478 = DEFINITIONAL_REPRESENTATION('',(#479),#482);
#479 = B_SPLINE_CURVE_WITH_KNOTS('',1,(#480,#481),.UNSPECIFIED.,.F.,.F.,
  (2,2),(60.6,181.8),.PIECEWISE_BEZIER_KNOTS.);
#480 = CARTESIAN_POINT('',(144.6,0.));
#481 = CARTESIAN_POINT('',(144.6,-121.2));
#482 = ( GEOMETRIC_REPRESENTATION_CONTEXT(2) 
PARAMETRIC_REPRESENTATION_CONTEXT() REPRESENTATION_CONTEXT('2D SPACE',''
  ) );
#483 = ORIENTED_EDGE('',*,*,#484,.F.);
#484 = EDGE_CURVE('',#485,#459,#487,.T.);
#485 = VERTEX_POINT('',#486);
#486 = CARTESIAN_POINT('',(-153.,121.2,44.6));
#487 = SURFACE_CURVE('',#488,(#492,#499),.PCURVE_S1.);
#488 = LINE('',#489,#490);
#489 = CARTESIAN_POINT('',(-156.,121.2,44.6));
#490 = VECTOR('',#491,1.);
#491 = DIRECTION('',(1.,0.,-0.));
#492 = PCURVE('',#176,#493);
#493 = DEFINITIONAL_REPRESENTATION('',(#494),#498);
#494 = LINE('',#495,#496);
#495 = CARTESIAN_POINT('',(0.,242.4));
#496 = VECTOR('',#497,1.);
#497 = DIRECTION('',(1.,0.));
#498 = ( GEOMETRIC_REPRESENTATION_CONTEXT(2) 
PARAMETRIC_REPRESENTATION_CONTEXT() REPRESENTATION_CONTEXT('2D SPACE',''
  ) );
#499 = PCURVE('',#500,#505);
#500 = PLANE('',#501);
#501 = AXIS2_PLACEMENT_3D('',#502,#503,#504);
#502 = CARTESIAN_POINT('',(-156.,121.2,0.));
#503 = DIRECTION('',(-0.,1.,0.));
#504 = DIRECTION('',(0.,0.,1.));
#505 = DEFINITIONAL_REPRESENTATION('',(#506),#510);
#506 = LINE('',#507,#508);
#507 = CARTESIAN_POINT('',(44.6,0.));
#508 = VECTOR('',#509,1.);
#509 = DIRECTION('',(0.,1.));
#510 = ( GEOMETRIC_REPRESENTATION_CONTEXT(2) 
PARAMETRIC_REPRESENTATION_CONTEXT() REPRESENTATION_CONTEXT('2D SPACE',''
  ) );
#511 = ORIENTED_EDGE('',*,*,#512,.F.);
#512 = EDGE_CURVE('',#135,#485,#513,.T.);
#513 = SURFACE_CURVE('',#514,(#519,#530),.PCURVE_S1.);
#514 = CIRCLE('',#515,3.);
#515 = AXIS2_PLACEMENT_3D('',#516,#517,#518);
#516 = CARTESIAN_POINT('',(-153.,118.2,44.6));
#517 = DIRECTION('',(-0.,-0.,-1.));
#518 = DIRECTION('',(0.,-1.,0.));
#519 = PCURVE('',#176,#520);
#520 = DEFINITIONAL_REPRESENTATION('',(#521),#529);
#521 = ( BOUNDED_CURVE() B_SPLINE_CURVE(2,(#522,#523,#524,#525,#526,#527
,#528),.UNSPECIFIED.,.T.,.F.) B_SPLINE_CURVE_WITH_KNOTS((1,2,2,2,2,1),(
    -2.094395102393,0.,2.094395102393,4.188790204786,6.28318530718,
8.377580409573),.UNSPECIFIED.) CURVE() GEOMETRIC_REPRESENTATION_ITEM() 
RATIONAL_B_SPLINE_CURVE((1.,0.5,1.,0.5,1.,0.5,1.)) REPRESENTATION_ITEM(
  '') );
#522 = CARTESIAN_POINT('',(3.,236.4));
#523 = CARTESIAN_POINT('',(-2.196152422707,236.4));
#524 = CARTESIAN_POINT('',(0.401923788647,240.9));
#525 = CARTESIAN_POINT('',(3.,245.4));
#526 = CARTESIAN_POINT('',(5.598076211353,240.9));
#527 = CARTESIAN_POINT('',(8.196152422707,236.4));
#528 = CARTESIAN_POINT('',(3.,236.4));
#529 = ( GEOMETRIC_REPRESENTATION_CONTEXT(2) 
PARAMETRIC_REPRESENTATION_CONTEXT() REPRESENTATION_CONTEXT('2D SPACE',''
  ) );
#530 = PCURVE('',#150,#531);
#531 = DEFINITIONAL_REPRESENTATION('',(#532),#536);
#532 = LINE('',#533,#534);
#533 = CARTESIAN_POINT('',(1.570796326795,44.6));
#534 = VECTOR('',#535,1.);
#535 = DIRECTION('',(-1.,0.));
#536 = ( GEOMETRIC_REPRESENTATION_CONTEXT(2) 
PARAMETRIC_REPRESENTATION_CONTEXT() REPRESENTATION_CONTEXT('2D SPACE',''
  ) );
#537 = ADVANCED_FACE('',(#538),#150,.T.);
#538 = FACE_BOUND('',#539,.F.);
#539 = EDGE_LOOP('',(#540,#541,#570,#591));
#540 = ORIENTED_EDGE('',*,*,#134,.F.);
#541 = ORIENTED_EDGE('',*,*,#542,.T.);
#542 = EDGE_CURVE('',#107,#543,#545,.T.);
#543 = VERTEX_POINT('',#544);
#544 = CARTESIAN_POINT('',(-153.,121.2,1.));
#545 = SURFACE_CURVE('',#546,(#551,#558),.PCURVE_S1.);
#546 = CIRCLE('',#547,3.);
#547 = AXIS2_PLACEMENT_3D('',#548,#549,#550);
#548 = CARTESIAN_POINT('',(-153.,118.2,1.));
#549 = DIRECTION('',(-0.,0.,-1.));
#550 = DIRECTION('',(-1.,0.,0.));
#551 = PCURVE('',#150,#552);
#552 = DEFINITIONAL_REPRESENTATION('',(#553),#557);
#553 = LINE('',#554,#555);
#554 = CARTESIAN_POINT('',(-0.,1.));
#555 = VECTOR('',#556,1.);
#556 = DIRECTION('',(-1.,0.));
#557 = ( GEOMETRIC_REPRESENTATION_CONTEXT(2) 
PARAMETRIC_REPRESENTATION_CONTEXT() REPRESENTATION_CONTEXT('2D SPACE',''
  ) );
#558 = PCURVE('',#559,#564);
#559 = CONICAL_SURFACE('',#560,3.,0.785398163397);
#560 = AXIS2_PLACEMENT_3D('',#561,#562,#563);
#561 = CARTESIAN_POINT('',(-153.,118.2,1.));
#562 = DIRECTION('',(0.,0.,1.));
#563 = DIRECTION('',(-1.,0.,0.));
#564 = DEFINITIONAL_REPRESENTATION('',(#565),#569);
#565 = LINE('',#566,#567);
#566 = CARTESIAN_POINT('',(-0.,-0.));
#567 = VECTOR('',#568,1.);
#568 = DIRECTION('',(-1.,-0.));
#569 = ( GEOMETRIC_REPRESENTATION_CONTEXT(2) 
PARAMETRIC_REPRESENTATION_CONTEXT() REPRESENTATION_CONTEXT('2D SPACE',''
  ) );
#570 = ORIENTED_EDGE('',*,*,#571,.T.);
#571 = EDGE_CURVE('',#543,#485,#572,.T.);
#572 = SURFACE_CURVE('',#573,(#577,#584),.PCURVE_S1.);
#573 = LINE('',#574,#575);
#574 = CARTESIAN_POINT('',(-153.,121.2,0.));
#575 = VECTOR('',#576,1.);
#576 = DIRECTION('',(0.,0.,1.));
#577 = PCURVE('',#150,#578);
#578 = DEFINITIONAL_REPRESENTATION('',(#579),#583);
#579 = LINE('',#580,#581);
#580 = CARTESIAN_POINT('',(-1.570796326795,0.));
#581 = VECTOR('',#582,1.);
#582 = DIRECTION('',(-0.,1.));
#583 = ( GEOMETRIC_REPRESENTATION_CONTEXT(2) 
PARAMETRIC_REPRESENTATION_CONTEXT() REPRESENTATION_CONTEXT('2D SPACE',''
  ) );
#584 = PCURVE('',#500,#585);
#585 = DEFINITIONAL_REPRESENTATION('',(#586),#590);
#586 = LINE('',#587,#588);
#587 = CARTESIAN_POINT('',(0.,3.));
#588 = VECTOR('',#589,1.);
#589 = DIRECTION('',(1.,0.));
#590 = ( GEOMETRIC_REPRESENTATION_CONTEXT(2) 
PARAMETRIC_REPRESENTATION_CONTEXT() REPRESENTATION_CONTEXT('2D SPACE',''
  ) );
#591 = ORIENTED_EDGE('',*,*,#512,.F.);
#592 = ADVANCED_FACE('',(#593),#122,.T.);
#593 = FACE_BOUND('',#594,.T.);
#594 = EDGE_LOOP('',(#595,#616,#617,#638));
#595 = ORIENTED_EDGE('',*,*,#596,.F.);
#596 = EDGE_CURVE('',#81,#597,#599,.T.);
#597 = VERTEX_POINT('',#598);
#598 = CARTESIAN_POINT('',(-155.,16.15,0.));
#599 = SURFACE_CURVE('',#600,(#604,#610),.PCURVE_S1.);
#600 = LINE('',#601,#602);
#601 = CARTESIAN_POINT('',(-189.25,16.15,34.25));
#602 = VECTOR('',#603,1.);
#603 = DIRECTION('',(0.707106781187,0.,-0.707106781187));
#604 = PCURVE('',#122,#605);
#605 = DEFINITIONAL_REPRESENTATION('',(#606),#609);
#606 = B_SPLINE_CURVE_WITH_KNOTS('',1,(#607,#608),.UNSPECIFIED.,.F.,.F.,
  (2,2),(47.022600948905,48.436814511279),.PIECEWISE_BEZIER_KNOTS.);
#607 = CARTESIAN_POINT('',(134.35,-0.707106781187));
#608 = CARTESIAN_POINT('',(134.35,0.707106781187));
#609 = ( GEOMETRIC_REPRESENTATION_CONTEXT(2) 
PARAMETRIC_REPRESENTATION_CONTEXT() REPRESENTATION_CONTEXT('2D SPACE',''
  ) );
#610 = PCURVE('',#95,#611);
#611 = DEFINITIONAL_REPRESENTATION('',(#612),#615);
#612 = B_SPLINE_CURVE_WITH_KNOTS('',1,(#613,#614),.UNSPECIFIED.,.F.,.F.,
  (2,2),(47.022600948905,48.436814511279),.PIECEWISE_BEZIER_KNOTS.);
#613 = CARTESIAN_POINT('',(2.15,136.15));
#614 = CARTESIAN_POINT('',(1.15,137.15));
#615 = ( GEOMETRIC_REPRESENTATION_CONTEXT(2) 
PARAMETRIC_REPRESENTATION_CONTEXT() REPRESENTATION_CONTEXT('2D SPACE',''
  ) );
#616 = ORIENTED_EDGE('',*,*,#106,.T.);
#617 = ORIENTED_EDGE('',*,*,#618,.T.);
#618 = EDGE_CURVE('',#107,#619,#621,.T.);
#619 = VERTEX_POINT('',#620);
#620 = CARTESIAN_POINT('',(-155.,118.2,-3.330669073875E-15));
#621 = SURFACE_CURVE('',#622,(#626,#632),.PCURVE_S1.);
#622 = LINE('',#623,#624);
#623 = CARTESIAN_POINT('',(-155.5,118.2,0.5));
#624 = VECTOR('',#625,1.);
#625 = DIRECTION('',(0.707106781187,2.633238874993E-35,-0.707106781187)
  );
#626 = PCURVE('',#122,#627);
#627 = DEFINITIONAL_REPRESENTATION('',(#628),#631);
#628 = B_SPLINE_CURVE_WITH_KNOTS('',1,(#629,#630),.UNSPECIFIED.,.F.,.F.,
  (2,2),(-0.707106781187,0.707106781187),.PIECEWISE_BEZIER_KNOTS.);
#629 = CARTESIAN_POINT('',(236.4,-0.707106781187));
#630 = CARTESIAN_POINT('',(236.4,0.707106781187));
#631 = ( GEOMETRIC_REPRESENTATION_CONTEXT(2) 
PARAMETRIC_REPRESENTATION_CONTEXT() REPRESENTATION_CONTEXT('2D SPACE',''
  ) );
#632 = PCURVE('',#559,#633);
#633 = DEFINITIONAL_REPRESENTATION('',(#634),#637);
#634 = B_SPLINE_CURVE_WITH_KNOTS('',1,(#635,#636),.UNSPECIFIED.,.F.,.F.,
  (2,2),(-0.707106781187,0.707106781187),.PIECEWISE_BEZIER_KNOTS.);
#635 = CARTESIAN_POINT('',(0.,0.));
#636 = CARTESIAN_POINT('',(0.,-1.));
#637 = ( GEOMETRIC_REPRESENTATION_CONTEXT(2) 
PARAMETRIC_REPRESENTATION_CONTEXT() REPRESENTATION_CONTEXT('2D SPACE',''
  ) );
#638 = ORIENTED_EDGE('',*,*,#639,.F.);
#639 = EDGE_CURVE('',#597,#619,#640,.T.);
#640 = SURFACE_CURVE('',#641,(#645,#652),.PCURVE_S1.);
#641 = LINE('',#642,#643);
#642 = CARTESIAN_POINT('',(-155.,-118.2,0.));
#643 = VECTOR('',#644,1.);
#644 = DIRECTION('',(-0.,1.,0.));
#645 = PCURVE('',#122,#646);
#646 = DEFINITIONAL_REPRESENTATION('',(#647),#651);
#647 = LINE('',#648,#649);
#648 = CARTESIAN_POINT('',(0.,0.707106781187));
#649 = VECTOR('',#650,1.);
#650 = DIRECTION('',(1.,0.));
#651 = ( GEOMETRIC_REPRESENTATION_CONTEXT(2) 
PARAMETRIC_REPRESENTATION_CONTEXT() REPRESENTATION_CONTEXT('2D SPACE',''
  ) );
#652 = PCURVE('',#653,#658);
#653 = PLANE('',#654);
#654 = AXIS2_PLACEMENT_3D('',#655,#656,#657);
#655 = CARTESIAN_POINT('',(-156.,-121.2,0.));
#656 = DIRECTION('',(0.,0.,1.));
#657 = DIRECTION('',(1.,0.,-0.));
#658 = DEFINITIONAL_REPRESENTATION('',(#659),#663);
#659 = LINE('',#660,#661);
#660 = CARTESIAN_POINT('',(1.,3.));
#661 = VECTOR('',#662,1.);
#662 = DIRECTION('',(0.,1.));
#663 = ( GEOMETRIC_REPRESENTATION_CONTEXT(2) 
PARAMETRIC_REPRESENTATION_CONTEXT() REPRESENTATION_CONTEXT('2D SPACE',''
  ) );
#664 = ADVANCED_FACE('',(#665),#95,.F.);
#665 = FACE_BOUND('',#666,.F.);
#666 = EDGE_LOOP('',(#667,#690,#716,#742,#768,#794,#813,#814));
#667 = ORIENTED_EDGE('',*,*,#668,.T.);
#668 = EDGE_CURVE('',#55,#669,#671,.T.);
#669 = VERTEX_POINT('',#670);
#670 = CARTESIAN_POINT('',(-153.2,16.15,22.15));
#671 = SURFACE_CURVE('',#672,(#676,#683),.PCURVE_S1.);
#672 = LINE('',#673,#674);
#673 = CARTESIAN_POINT('',(-292.15,16.15,22.15));
#674 = VECTOR('',#675,1.);
#675 = DIRECTION('',(1.,0.,-0.));
#676 = PCURVE('',#95,#677);
#677 = DEFINITIONAL_REPRESENTATION('',(#678),#682);
#678 = LINE('',#679,#680);
#679 = CARTESIAN_POINT('',(23.3,0.));
#680 = VECTOR('',#681,1.);
#681 = DIRECTION('',(0.,1.));
#682 = ( GEOMETRIC_REPRESENTATION_CONTEXT(2) 
PARAMETRIC_REPRESENTATION_CONTEXT() REPRESENTATION_CONTEXT('2D SPACE',''
  ) );
#683 = PCURVE('',#69,#684);
#684 = DEFINITIONAL_REPRESENTATION('',(#685),#689);
#685 = LINE('',#686,#687);
#686 = CARTESIAN_POINT('',(0.,16.3));
#687 = VECTOR('',#688,1.);
#688 = DIRECTION('',(1.,0.));
#689 = ( GEOMETRIC_REPRESENTATION_CONTEXT(2) 
PARAMETRIC_REPRESENTATION_CONTEXT() REPRESENTATION_CONTEXT('2D SPACE',''
  ) );
#690 = ORIENTED_EDGE('',*,*,#691,.F.);
#691 = EDGE_CURVE('',#692,#669,#694,.T.);
#692 = VERTEX_POINT('',#693);
#693 = CARTESIAN_POINT('',(-153.2,16.15,3.2));
#694 = SURFACE_CURVE('',#695,(#699,#705),.PCURVE_S1.);
#695 = LINE('',#696,#697);
#696 = CARTESIAN_POINT('',(-153.2,16.15,1.025));
#697 = VECTOR('',#698,1.);
#698 = DIRECTION('',(0.,0.,1.));
#699 = PCURVE('',#95,#700);
#700 = DEFINITIONAL_REPRESENTATION('',(#701),#704);
#701 = B_SPLINE_CURVE_WITH_KNOTS('',1,(#702,#703),.UNSPECIFIED.,.F.,.F.,
  (2,2),(2.175,21.125),.PIECEWISE_BEZIER_KNOTS.);
#702 = CARTESIAN_POINT('',(4.35,138.95));
#703 = CARTESIAN_POINT('',(23.3,138.95));
#704 = ( GEOMETRIC_REPRESENTATION_CONTEXT(2) 
PARAMETRIC_REPRESENTATION_CONTEXT() REPRESENTATION_CONTEXT('2D SPACE',''
  ) );
#705 = PCURVE('',#706,#711);
#706 = PLANE('',#707);
#707 = AXIS2_PLACEMENT_3D('',#708,#709,#710);
#708 = CARTESIAN_POINT('',(-153.2,-84.,3.2));
#709 = DIRECTION('',(1.,0.,-0.));
#710 = DIRECTION('',(0.,0.,1.));
#711 = DEFINITIONAL_REPRESENTATION('',(#712),#715);
#712 = B_SPLINE_CURVE_WITH_KNOTS('',1,(#713,#714),.UNSPECIFIED.,.F.,.F.,
  (2,2),(2.175,21.125),.PIECEWISE_BEZIER_KNOTS.);
#713 = CARTESIAN_POINT('',(0.,-100.15));
#714 = CARTESIAN_POINT('',(18.95,-100.15));
#715 = ( GEOMETRIC_REPRESENTATION_CONTEXT(2) 
PARAMETRIC_REPRESENTATION_CONTEXT() REPRESENTATION_CONTEXT('2D SPACE',''
  ) );
#716 = ORIENTED_EDGE('',*,*,#717,.F.);
#717 = EDGE_CURVE('',#718,#692,#720,.T.);
#718 = VERTEX_POINT('',#719);
#719 = CARTESIAN_POINT('',(-136.,16.15,3.2));
#720 = SURFACE_CURVE('',#721,(#725,#731),.PCURVE_S1.);
#721 = LINE('',#722,#723);
#722 = CARTESIAN_POINT('',(-220.425,16.15,3.2));
#723 = VECTOR('',#724,1.);
#724 = DIRECTION('',(-1.,-0.,0.));
#725 = PCURVE('',#95,#726);
#726 = DEFINITIONAL_REPRESENTATION('',(#727),#730);
#727 = B_SPLINE_CURVE_WITH_KNOTS('',1,(#728,#729),.UNSPECIFIED.,.F.,.F.,
  (2,2),(-236.425,-67.225),.PIECEWISE_BEZIER_KNOTS.);
#728 = CARTESIAN_POINT('',(4.35,308.15));
#729 = CARTESIAN_POINT('',(4.35,138.95));
#730 = ( GEOMETRIC_REPRESENTATION_CONTEXT(2) 
PARAMETRIC_REPRESENTATION_CONTEXT() REPRESENTATION_CONTEXT('2D SPACE',''
  ) );
#731 = PCURVE('',#732,#737);
#732 = PLANE('',#733);
#733 = AXIS2_PLACEMENT_3D('',#734,#735,#736);
#734 = CARTESIAN_POINT('',(-148.7,-105.35,3.2));
#735 = DIRECTION('',(0.,0.,1.));
#736 = DIRECTION('',(1.,0.,-0.));
#737 = DEFINITIONAL_REPRESENTATION('',(#738),#741);
#738 = B_SPLINE_CURVE_WITH_KNOTS('',1,(#739,#740),.UNSPECIFIED.,.F.,.F.,
  (2,2),(-236.425,-67.225),.PIECEWISE_BEZIER_KNOTS.);
#739 = CARTESIAN_POINT('',(164.7,121.5));
#740 = CARTESIAN_POINT('',(-4.5,121.5));
#741 = ( GEOMETRIC_REPRESENTATION_CONTEXT(2) 
PARAMETRIC_REPRESENTATION_CONTEXT() REPRESENTATION_CONTEXT('2D SPACE',''
  ) );
#742 = ORIENTED_EDGE('',*,*,#743,.F.);
#743 = EDGE_CURVE('',#744,#718,#746,.T.);
#744 = VERTEX_POINT('',#745);
#745 = CARTESIAN_POINT('',(-136.,16.15,1.));
#746 = SURFACE_CURVE('',#747,(#751,#757),.PCURVE_S1.);
#747 = LINE('',#748,#749);
#748 = CARTESIAN_POINT('',(-136.,16.15,-1.075));
#749 = VECTOR('',#750,1.);
#750 = DIRECTION('',(0.,0.,1.));
#751 = PCURVE('',#95,#752);
#752 = DEFINITIONAL_REPRESENTATION('',(#753),#756);
#753 = B_SPLINE_CURVE_WITH_KNOTS('',1,(#754,#755),.UNSPECIFIED.,.F.,.F.,
  (2,2),(2.075,4.275),.PIECEWISE_BEZIER_KNOTS.);
#754 = CARTESIAN_POINT('',(2.15,156.15));
#755 = CARTESIAN_POINT('',(4.35,156.15));
#756 = ( GEOMETRIC_REPRESENTATION_CONTEXT(2) 
PARAMETRIC_REPRESENTATION_CONTEXT() REPRESENTATION_CONTEXT('2D SPACE',''
  ) );
#757 = PCURVE('',#758,#763);
#758 = PLANE('',#759);
#759 = AXIS2_PLACEMENT_3D('',#760,#761,#762);
#760 = CARTESIAN_POINT('',(-136.,-102.2,-1.));
#761 = DIRECTION('',(1.,0.,-0.));
#762 = DIRECTION('',(0.,0.,1.));
#763 = DEFINITIONAL_REPRESENTATION('',(#764),#767);
#764 = B_SPLINE_CURVE_WITH_KNOTS('',1,(#765,#766),.UNSPECIFIED.,.F.,.F.,
  (2,2),(2.075,4.275),.PIECEWISE_BEZIER_KNOTS.);
#765 = CARTESIAN_POINT('',(2.,-118.35));
#766 = CARTESIAN_POINT('',(4.2,-118.35));
#767 = ( GEOMETRIC_REPRESENTATION_CONTEXT(2) 
PARAMETRIC_REPRESENTATION_CONTEXT() REPRESENTATION_CONTEXT('2D SPACE',''
  ) );
#768 = ORIENTED_EDGE('',*,*,#769,.F.);
#769 = EDGE_CURVE('',#770,#744,#772,.T.);
#770 = VERTEX_POINT('',#771);
#771 = CARTESIAN_POINT('',(-137.,16.15,0.));
#772 = SURFACE_CURVE('',#773,(#777,#783),.PCURVE_S1.);
#773 = LINE('',#774,#775);
#774 = CARTESIAN_POINT('',(-175.825,16.15,-38.825));
#775 = VECTOR('',#776,1.);
#776 = DIRECTION('',(0.707106781187,0.,0.707106781187));
#777 = PCURVE('',#95,#778);
#778 = DEFINITIONAL_REPRESENTATION('',(#779),#782);
#779 = B_SPLINE_CURVE_WITH_KNOTS('',1,(#780,#781),.UNSPECIFIED.,.F.,.F.,
  (2,2),(54.906841559135,56.321055121509),.PIECEWISE_BEZIER_KNOTS.);
#780 = CARTESIAN_POINT('',(1.15,155.15));
#781 = CARTESIAN_POINT('',(2.15,156.15));
#782 = ( GEOMETRIC_REPRESENTATION_CONTEXT(2) 
PARAMETRIC_REPRESENTATION_CONTEXT() REPRESENTATION_CONTEXT('2D SPACE',''
  ) );
#783 = PCURVE('',#784,#789);
#784 = PLANE('',#785);
#785 = AXIS2_PLACEMENT_3D('',#786,#787,#788);
#786 = CARTESIAN_POINT('',(-136.5,-102.2,0.5));
#787 = DIRECTION('',(-0.707106781187,-5.911709633991E-18,0.707106781187)
  );
#788 = DIRECTION('',(4.180209970601E-18,-1.,-4.180209970601E-18));
#789 = DEFINITIONAL_REPRESENTATION('',(#790),#793);
#790 = B_SPLINE_CURVE_WITH_KNOTS('',1,(#791,#792),.UNSPECIFIED.,.F.,.F.,
  (2,2),(54.906841559135,56.321055121509),.PIECEWISE_BEZIER_KNOTS.);
#791 = CARTESIAN_POINT('',(-118.35,-0.707106781187));
#792 = CARTESIAN_POINT('',(-118.35,0.707106781187));
#793 = ( GEOMETRIC_REPRESENTATION_CONTEXT(2) 
PARAMETRIC_REPRESENTATION_CONTEXT() REPRESENTATION_CONTEXT('2D SPACE',''
  ) );
#794 = ORIENTED_EDGE('',*,*,#795,.T.);
#795 = EDGE_CURVE('',#770,#597,#796,.T.);
#796 = SURFACE_CURVE('',#797,(#801,#807),.PCURVE_S1.);
#797 = LINE('',#798,#799);
#798 = CARTESIAN_POINT('',(-224.075,16.15,0.));
#799 = VECTOR('',#800,1.);
#800 = DIRECTION('',(-1.,-0.,0.));
#801 = PCURVE('',#95,#802);
#802 = DEFINITIONAL_REPRESENTATION('',(#803),#806);
#803 = B_SPLINE_CURVE_WITH_KNOTS('',1,(#804,#805),.UNSPECIFIED.,.F.,.F.,
  (2,2),(-240.075,-69.075),.PIECEWISE_BEZIER_KNOTS.);
#804 = CARTESIAN_POINT('',(1.15,308.15));
#805 = CARTESIAN_POINT('',(1.15,137.15));
#806 = ( GEOMETRIC_REPRESENTATION_CONTEXT(2) 
PARAMETRIC_REPRESENTATION_CONTEXT() REPRESENTATION_CONTEXT('2D SPACE',''
  ) );
#807 = PCURVE('',#653,#808);
#808 = DEFINITIONAL_REPRESENTATION('',(#809),#812);
#809 = B_SPLINE_CURVE_WITH_KNOTS('',1,(#810,#811),.UNSPECIFIED.,.F.,.F.,
  (2,2),(-240.075,-69.075),.PIECEWISE_BEZIER_KNOTS.);
#810 = CARTESIAN_POINT('',(172.,137.35));
#811 = CARTESIAN_POINT('',(1.,137.35));
#812 = ( GEOMETRIC_REPRESENTATION_CONTEXT(2) 
PARAMETRIC_REPRESENTATION_CONTEXT() REPRESENTATION_CONTEXT('2D SPACE',''
  ) );
#813 = ORIENTED_EDGE('',*,*,#596,.F.);
#814 = ORIENTED_EDGE('',*,*,#80,.T.);
#815 = ADVANCED_FACE('',(#816),#69,.F.);
#816 = FACE_BOUND('',#817,.F.);
#817 = EDGE_LOOP('',(#818,#819,#820,#821,#845));
#818 = ORIENTED_EDGE('',*,*,#668,.F.);
#819 = ORIENTED_EDGE('',*,*,#54,.T.);
#820 = ORIENTED_EDGE('',*,*,#299,.T.);
#821 = ORIENTED_EDGE('',*,*,#822,.T.);
#822 = EDGE_CURVE('',#274,#823,#825,.T.);
#823 = VERTEX_POINT('',#824);
#824 = CARTESIAN_POINT('',(-153.2,1.24899959968,22.15));
#825 = SURFACE_CURVE('',#826,(#831,#838),.PCURVE_S1.);
#826 = CIRCLE('',#827,4.);
#827 = AXIS2_PLACEMENT_3D('',#828,#829,#830);
#828 = CARTESIAN_POINT('',(-149.4,0.,22.15));
#829 = DIRECTION('',(0.,0.,1.));
#830 = DIRECTION('',(1.,0.,-0.));
#831 = PCURVE('',#69,#832);
#832 = DEFINITIONAL_REPRESENTATION('',(#833),#837);
#833 = CIRCLE('',#834,4.);
#834 = AXIS2_PLACEMENT_2D('',#835,#836);
#835 = CARTESIAN_POINT('',(142.75,0.15));
#836 = DIRECTION('',(1.,0.));
#837 = ( GEOMETRIC_REPRESENTATION_CONTEXT(2) 
PARAMETRIC_REPRESENTATION_CONTEXT() REPRESENTATION_CONTEXT('2D SPACE',''
  ) );
#838 = PCURVE('',#288,#839);
#839 = DEFINITIONAL_REPRESENTATION('',(#840),#844);
#840 = LINE('',#841,#842);
#841 = CARTESIAN_POINT('',(6.28318530718,10.15));
#842 = VECTOR('',#843,1.);
#843 = DIRECTION('',(1.,0.));
#844 = ( GEOMETRIC_REPRESENTATION_CONTEXT(2) 
PARAMETRIC_REPRESENTATION_CONTEXT() REPRESENTATION_CONTEXT('2D SPACE',''
  ) );
#845 = ORIENTED_EDGE('',*,*,#846,.F.);
#846 = EDGE_CURVE('',#669,#823,#847,.T.);
#847 = SURFACE_CURVE('',#848,(#852,#858),.PCURVE_S1.);
#848 = LINE('',#849,#850);
#849 = CARTESIAN_POINT('',(-153.2,-42.075,22.15));
#850 = VECTOR('',#851,1.);
#851 = DIRECTION('',(0.,-1.,0.));
#852 = PCURVE('',#69,#853);
#853 = DEFINITIONAL_REPRESENTATION('',(#854),#857);
#854 = B_SPLINE_CURVE_WITH_KNOTS('',1,(#855,#856),.UNSPECIFIED.,.F.,.F.,
  (2,2),(-58.225,-42.075),.PIECEWISE_BEZIER_KNOTS.);
#855 = CARTESIAN_POINT('',(138.95,16.3));
#856 = CARTESIAN_POINT('',(138.95,0.15));
#857 = ( GEOMETRIC_REPRESENTATION_CONTEXT(2) 
PARAMETRIC_REPRESENTATION_CONTEXT() REPRESENTATION_CONTEXT('2D SPACE',''
  ) );
#858 = PCURVE('',#706,#859);
#859 = DEFINITIONAL_REPRESENTATION('',(#860),#863);
#860 = B_SPLINE_CURVE_WITH_KNOTS('',1,(#861,#862),.UNSPECIFIED.,.F.,.F.,
  (2,2),(-58.225,-42.075),.PIECEWISE_BEZIER_KNOTS.);
#861 = CARTESIAN_POINT('',(18.95,-100.15));
#862 = CARTESIAN_POINT('',(18.95,-84.));
#863 = ( GEOMETRIC_REPRESENTATION_CONTEXT(2) 
PARAMETRIC_REPRESENTATION_CONTEXT() REPRESENTATION_CONTEXT('2D SPACE',''
  ) );
#864 = ADVANCED_FACE('',(#865),#208,.T.);
#865 = FACE_BOUND('',#866,.T.);
#866 = EDGE_LOOP('',(#867,#868));
#867 = ORIENTED_EDGE('',*,*,#191,.F.);
#868 = ORIENTED_EDGE('',*,*,#869,.T.);
#869 = EDGE_CURVE('',#192,#194,#870,.T.);
#870 = SURFACE_CURVE('',#871,(#876,#883),.PCURVE_S1.);
#871 = CIRCLE('',#872,1.4);
#872 = AXIS2_PLACEMENT_3D('',#873,#874,#875);
#873 = CARTESIAN_POINT('',(-149.4,0.,30.));
#874 = DIRECTION('',(0.,0.,1.));
#875 = DIRECTION('',(1.,0.,-0.));
#876 = PCURVE('',#208,#877);
#877 = DEFINITIONAL_REPRESENTATION('',(#878),#882);
#878 = CIRCLE('',#879,1.4);
#879 = AXIS2_PLACEMENT_2D('',#880,#881);
#880 = CARTESIAN_POINT('',(0.,0.));
#881 = DIRECTION('',(1.,0.));
#882 = ( GEOMETRIC_REPRESENTATION_CONTEXT(2) 
PARAMETRIC_REPRESENTATION_CONTEXT() REPRESENTATION_CONTEXT('2D SPACE',''
  ) );
#883 = PCURVE('',#235,#884);
#884 = DEFINITIONAL_REPRESENTATION('',(#885),#889);
#885 = LINE('',#886,#887);
#886 = CARTESIAN_POINT('',(0.,0.));
#887 = VECTOR('',#888,1.);
#888 = DIRECTION('',(1.,0.));
#889 = ( GEOMETRIC_REPRESENTATION_CONTEXT(2) 
PARAMETRIC_REPRESENTATION_CONTEXT() REPRESENTATION_CONTEXT('2D SPACE',''
  ) );
#890 = ADVANCED_FACE('',(#891),#235,.F.);
#891 = FACE_BOUND('',#892,.F.);
#892 = EDGE_LOOP('',(#893,#915,#916,#917));
#893 = ORIENTED_EDGE('',*,*,#894,.F.);
#894 = EDGE_CURVE('',#220,#367,#895,.T.);
#895 = SURFACE_CURVE('',#896,(#901,#908),.PCURVE_S1.);
#896 = CIRCLE('',#897,1.4);
#897 = AXIS2_PLACEMENT_3D('',#898,#899,#900);
#898 = CARTESIAN_POINT('',(-149.4,0.,42.));
#899 = DIRECTION('',(0.,0.,1.));
#900 = DIRECTION('',(1.,0.,-0.));
#901 = PCURVE('',#235,#902);
#902 = DEFINITIONAL_REPRESENTATION('',(#903),#907);
#903 = LINE('',#904,#905);
#904 = CARTESIAN_POINT('',(0.,12.));
#905 = VECTOR('',#906,1.);
#906 = DIRECTION('',(1.,0.));
#907 = ( GEOMETRIC_REPRESENTATION_CONTEXT(2) 
PARAMETRIC_REPRESENTATION_CONTEXT() REPRESENTATION_CONTEXT('2D SPACE',''
  ) );
#908 = PCURVE('',#262,#909);
#909 = DEFINITIONAL_REPRESENTATION('',(#910),#914);
#910 = CIRCLE('',#911,1.4);
#911 = AXIS2_PLACEMENT_2D('',#912,#913);
#912 = CARTESIAN_POINT('',(4.1,118.7));
#913 = DIRECTION('',(1.,0.));
#914 = ( GEOMETRIC_REPRESENTATION_CONTEXT(2) 
PARAMETRIC_REPRESENTATION_CONTEXT() REPRESENTATION_CONTEXT('2D SPACE',''
  ) );
#915 = ORIENTED_EDGE('',*,*,#219,.F.);
#916 = ORIENTED_EDGE('',*,*,#869,.T.);
#917 = ORIENTED_EDGE('',*,*,#387,.T.);
#918 = ADVANCED_FACE('',(#919,#1167),#262,.T.);
#919 = FACE_BOUND('',#920,.T.);
#920 = EDGE_LOOP('',(#921,#944,#967,#988,#989,#990,#991,#1015,#1037,
    #1064,#1091,#1119,#1140));
#921 = ORIENTED_EDGE('',*,*,#922,.T.);
#922 = EDGE_CURVE('',#923,#925,#927,.T.);
#923 = VERTEX_POINT('',#924);
#924 = CARTESIAN_POINT('',(8.572527594031E-17,112.9,42.));
#925 = VERTEX_POINT('',#926);
#926 = CARTESIAN_POINT('',(0.,118.7,42.));
#927 = SURFACE_CURVE('',#928,(#932,#938),.PCURVE_S1.);
#928 = LINE('',#929,#930);
#929 = CARTESIAN_POINT('',(0.,-59.35,42.));
#930 = VECTOR('',#931,1.);
#931 = DIRECTION('',(-0.,1.,0.));
#932 = PCURVE('',#262,#933);
#933 = DEFINITIONAL_REPRESENTATION('',(#934),#937);
#934 = B_SPLINE_CURVE_WITH_KNOTS('',1,(#935,#936),.UNSPECIFIED.,.F.,.F.,
  (2,2),(59.35,178.05),.PIECEWISE_BEZIER_KNOTS.);
#935 = CARTESIAN_POINT('',(153.5,118.7));
#936 = CARTESIAN_POINT('',(153.5,237.4));
#937 = ( GEOMETRIC_REPRESENTATION_CONTEXT(2) 
PARAMETRIC_REPRESENTATION_CONTEXT() REPRESENTATION_CONTEXT('2D SPACE',''
  ) );
#938 = PCURVE('',#473,#939);
#939 = DEFINITIONAL_REPRESENTATION('',(#940),#943);
#940 = B_SPLINE_CURVE_WITH_KNOTS('',1,(#941,#942),.UNSPECIFIED.,.F.,.F.,
  (2,2),(59.35,178.05),.PIECEWISE_BEZIER_KNOTS.);
#941 = CARTESIAN_POINT('',(142.,0.));
#942 = CARTESIAN_POINT('',(142.,-118.7));
#943 = ( GEOMETRIC_REPRESENTATION_CONTEXT(2) 
PARAMETRIC_REPRESENTATION_CONTEXT() REPRESENTATION_CONTEXT('2D SPACE',''
  ) );
#944 = ORIENTED_EDGE('',*,*,#945,.F.);
#945 = EDGE_CURVE('',#946,#925,#948,.T.);
#946 = VERTEX_POINT('',#947);
#947 = CARTESIAN_POINT('',(-153.5,118.7,42.));
#948 = SURFACE_CURVE('',#949,(#953,#960),.PCURVE_S1.);
#949 = LINE('',#950,#951);
#950 = CARTESIAN_POINT('',(-153.5,118.7,42.));
#951 = VECTOR('',#952,1.);
#952 = DIRECTION('',(1.,0.,-0.));
#953 = PCURVE('',#262,#954);
#954 = DEFINITIONAL_REPRESENTATION('',(#955),#959);
#955 = LINE('',#956,#957);
#956 = CARTESIAN_POINT('',(0.,237.4));
#957 = VECTOR('',#958,1.);
#958 = DIRECTION('',(1.,0.));
#959 = ( GEOMETRIC_REPRESENTATION_CONTEXT(2) 
PARAMETRIC_REPRESENTATION_CONTEXT() REPRESENTATION_CONTEXT('2D SPACE',''
  ) );
#960 = PCURVE('',#447,#961);
#961 = DEFINITIONAL_REPRESENTATION('',(#962),#966);
#962 = LINE('',#963,#964);
#963 = CARTESIAN_POINT('',(0.,0.));
#964 = VECTOR('',#965,1.);
#965 = DIRECTION('',(0.,1.));
#966 = ( GEOMETRIC_REPRESENTATION_CONTEXT(2) 
PARAMETRIC_REPRESENTATION_CONTEXT() REPRESENTATION_CONTEXT('2D SPACE',''
  ) );
#967 = ORIENTED_EDGE('',*,*,#968,.F.);
#968 = EDGE_CURVE('',#341,#946,#969,.T.);
#969 = SURFACE_CURVE('',#970,(#974,#981),.PCURVE_S1.);
#970 = LINE('',#971,#972);
#971 = CARTESIAN_POINT('',(-153.5,-118.7,42.));
#972 = VECTOR('',#973,1.);
#973 = DIRECTION('',(-0.,1.,0.));
#974 = PCURVE('',#262,#975);
#975 = DEFINITIONAL_REPRESENTATION('',(#976),#980);
#976 = LINE('',#977,#978);
#977 = CARTESIAN_POINT('',(0.,0.));
#978 = VECTOR('',#979,1.);
#979 = DIRECTION('',(0.,1.));
#980 = ( GEOMETRIC_REPRESENTATION_CONTEXT(2) 
PARAMETRIC_REPRESENTATION_CONTEXT() REPRESENTATION_CONTEXT('2D SPACE',''
  ) );
#981 = PCURVE('',#355,#982);
#982 = DEFINITIONAL_REPRESENTATION('',(#983),#987);
#983 = LINE('',#984,#985);
#984 = CARTESIAN_POINT('',(0.,0.));
#985 = VECTOR('',#986,1.);
#986 = DIRECTION('',(0.,-1.));
#987 = ( GEOMETRIC_REPRESENTATION_CONTEXT(2) 
PARAMETRIC_REPRESENTATION_CONTEXT() REPRESENTATION_CONTEXT('2D SPACE',''
  ) );
#988 = ORIENTED_EDGE('',*,*,#366,.F.);
#989 = ORIENTED_EDGE('',*,*,#894,.F.);
#990 = ORIENTED_EDGE('',*,*,#247,.F.);
#991 = ORIENTED_EDGE('',*,*,#992,.T.);
#992 = EDGE_CURVE('',#248,#993,#995,.T.);
#993 = VERTEX_POINT('',#994);
#994 = CARTESIAN_POINT('',(-153.2,1.24899959968,42.));
#995 = SURFACE_CURVE('',#996,(#1001,#1008),.PCURVE_S1.);
#996 = CIRCLE('',#997,4.);
#997 = AXIS2_PLACEMENT_3D('',#998,#999,#1000);
#998 = CARTESIAN_POINT('',(-149.4,0.,42.));
#999 = DIRECTION('',(0.,0.,1.));
#1000 = DIRECTION('',(-0.95,-0.31224989992,0.));
#1001 = PCURVE('',#262,#1002);
#1002 = DEFINITIONAL_REPRESENTATION('',(#1003),#1007);
#1003 = CIRCLE('',#1004,4.);
#1004 = AXIS2_PLACEMENT_2D('',#1005,#1006);
#1005 = CARTESIAN_POINT('',(4.1,118.7));
#1006 = DIRECTION('',(-0.95,-0.31224989992));
#1007 = ( GEOMETRIC_REPRESENTATION_CONTEXT(2) 
PARAMETRIC_REPRESENTATION_CONTEXT() REPRESENTATION_CONTEXT('2D SPACE',''
  ) );
#1008 = PCURVE('',#288,#1009);
#1009 = DEFINITIONAL_REPRESENTATION('',(#1010),#1014);
#1010 = LINE('',#1011,#1012);
#1011 = CARTESIAN_POINT('',(3.459153082881,30.));
#1012 = VECTOR('',#1013,1.);
#1013 = DIRECTION('',(1.,0.));
#1014 = ( GEOMETRIC_REPRESENTATION_CONTEXT(2) 
PARAMETRIC_REPRESENTATION_CONTEXT() REPRESENTATION_CONTEXT('2D SPACE',''
  ) );
#1015 = ORIENTED_EDGE('',*,*,#1016,.T.);
#1016 = EDGE_CURVE('',#993,#1017,#1019,.T.);
#1017 = VERTEX_POINT('',#1018);
#1018 = CARTESIAN_POINT('',(-153.2,84.,42.));
#1019 = SURFACE_CURVE('',#1020,(#1024,#1031),.PCURVE_S1.);
#1020 = LINE('',#1021,#1022);
#1021 = CARTESIAN_POINT('',(-153.2,-101.35,42.));
#1022 = VECTOR('',#1023,1.);
#1023 = DIRECTION('',(-0.,1.,0.));
#1024 = PCURVE('',#262,#1025);
#1025 = DEFINITIONAL_REPRESENTATION('',(#1026),#1030);
#1026 = LINE('',#1027,#1028);
#1027 = CARTESIAN_POINT('',(0.3,17.35));
#1028 = VECTOR('',#1029,1.);
#1029 = DIRECTION('',(0.,1.));
#1030 = ( GEOMETRIC_REPRESENTATION_CONTEXT(2) 
PARAMETRIC_REPRESENTATION_CONTEXT() REPRESENTATION_CONTEXT('2D SPACE',''
  ) );
#1031 = PCURVE('',#706,#1032);
#1032 = DEFINITIONAL_REPRESENTATION('',(#1033),#1036);
#1033 = B_SPLINE_CURVE_WITH_KNOTS('',1,(#1034,#1035),.UNSPECIFIED.,.F.,
  .F.,(2,2),(17.35,185.35),.PIECEWISE_BEZIER_KNOTS.);
#1034 = CARTESIAN_POINT('',(38.8,0.));
#1035 = CARTESIAN_POINT('',(38.8,-168.));
#1036 = ( GEOMETRIC_REPRESENTATION_CONTEXT(2) 
PARAMETRIC_REPRESENTATION_CONTEXT() REPRESENTATION_CONTEXT('2D SPACE',''
  ) );
#1037 = ORIENTED_EDGE('',*,*,#1038,.F.);
#1038 = EDGE_CURVE('',#1039,#1017,#1041,.T.);
#1039 = VERTEX_POINT('',#1040);
#1040 = CARTESIAN_POINT('',(-148.7,84.,42.));
#1041 = SURFACE_CURVE('',#1042,(#1046,#1053),.PCURVE_S1.);
#1042 = LINE('',#1043,#1044);
#1043 = CARTESIAN_POINT('',(-153.35,84.,42.));
#1044 = VECTOR('',#1045,1.);
#1045 = DIRECTION('',(-1.,-0.,0.));
#1046 = PCURVE('',#262,#1047);
#1047 = DEFINITIONAL_REPRESENTATION('',(#1048),#1052);
#1048 = LINE('',#1049,#1050);
#1049 = CARTESIAN_POINT('',(0.15,202.7));
#1050 = VECTOR('',#1051,1.);
#1051 = DIRECTION('',(-1.,0.));
#1052 = ( GEOMETRIC_REPRESENTATION_CONTEXT(2) 
PARAMETRIC_REPRESENTATION_CONTEXT() REPRESENTATION_CONTEXT('2D SPACE',''
  ) );
#1053 = PCURVE('',#1054,#1059);
#1054 = PLANE('',#1055);
#1055 = AXIS2_PLACEMENT_3D('',#1056,#1057,#1058);
#1056 = CARTESIAN_POINT('',(-153.2,84.,3.2));
#1057 = DIRECTION('',(-0.,1.,0.));
#1058 = DIRECTION('',(0.,0.,1.));
#1059 = DEFINITIONAL_REPRESENTATION('',(#1060),#1063);
#1060 = B_SPLINE_CURVE_WITH_KNOTS('',1,(#1061,#1062),.UNSPECIFIED.,.F.,
  .F.,(2,2),(-5.15,-0.15),.PIECEWISE_BEZIER_KNOTS.);
#1061 = CARTESIAN_POINT('',(38.8,5.));
#1062 = CARTESIAN_POINT('',(38.8,0.));
#1063 = ( GEOMETRIC_REPRESENTATION_CONTEXT(2) 
PARAMETRIC_REPRESENTATION_CONTEXT() REPRESENTATION_CONTEXT('2D SPACE',''
  ) );
#1064 = ORIENTED_EDGE('',*,*,#1065,.F.);
#1065 = EDGE_CURVE('',#1066,#1039,#1068,.T.);
#1066 = VERTEX_POINT('',#1067);
#1067 = CARTESIAN_POINT('',(-148.7,105.35,42.));
#1068 = SURFACE_CURVE('',#1069,(#1073,#1080),.PCURVE_S1.);
#1069 = LINE('',#1070,#1071);
#1070 = CARTESIAN_POINT('',(-148.7,-112.025,42.));
#1071 = VECTOR('',#1072,1.);
#1072 = DIRECTION('',(0.,-1.,0.));
#1073 = PCURVE('',#262,#1074);
#1074 = DEFINITIONAL_REPRESENTATION('',(#1075),#1079);
#1075 = LINE('',#1076,#1077);
#1076 = CARTESIAN_POINT('',(4.8,6.675));
#1077 = VECTOR('',#1078,1.);
#1078 = DIRECTION('',(0.,-1.));
#1079 = ( GEOMETRIC_REPRESENTATION_CONTEXT(2) 
PARAMETRIC_REPRESENTATION_CONTEXT() REPRESENTATION_CONTEXT('2D SPACE',''
  ) );
#1080 = PCURVE('',#1081,#1086);
#1081 = PLANE('',#1082);
#1082 = AXIS2_PLACEMENT_3D('',#1083,#1084,#1085);
#1083 = CARTESIAN_POINT('',(-148.7,-105.35,3.2));
#1084 = DIRECTION('',(1.,0.,-0.));
#1085 = DIRECTION('',(0.,0.,1.));
#1086 = DEFINITIONAL_REPRESENTATION('',(#1087),#1090);
#1087 = B_SPLINE_CURVE_WITH_KNOTS('',1,(#1088,#1089),.UNSPECIFIED.,.F.,
  .F.,(2,2),(-217.375,-6.675),.PIECEWISE_BEZIER_KNOTS.);
#1088 = CARTESIAN_POINT('',(38.8,-210.7));
#1089 = CARTESIAN_POINT('',(38.8,0.));
#1090 = ( GEOMETRIC_REPRESENTATION_CONTEXT(2) 
PARAMETRIC_REPRESENTATION_CONTEXT() REPRESENTATION_CONTEXT('2D SPACE',''
  ) );
#1091 = ORIENTED_EDGE('',*,*,#1092,.T.);
#1092 = EDGE_CURVE('',#1066,#1093,#1095,.T.);
#1093 = VERTEX_POINT('',#1094);
#1094 = CARTESIAN_POINT('',(0.,105.35,42.));
#1095 = SURFACE_CURVE('',#1096,(#1100,#1107),.PCURVE_S1.);
#1096 = LINE('',#1097,#1098);
#1097 = CARTESIAN_POINT('',(-151.1,105.35,42.));
#1098 = VECTOR('',#1099,1.);
#1099 = DIRECTION('',(1.,0.,-0.));
#1100 = PCURVE('',#262,#1101);
#1101 = DEFINITIONAL_REPRESENTATION('',(#1102),#1106);
#1102 = LINE('',#1103,#1104);
#1103 = CARTESIAN_POINT('',(2.4,224.05));
#1104 = VECTOR('',#1105,1.);
#1105 = DIRECTION('',(1.,0.));
#1106 = ( GEOMETRIC_REPRESENTATION_CONTEXT(2) 
PARAMETRIC_REPRESENTATION_CONTEXT() REPRESENTATION_CONTEXT('2D SPACE',''
  ) );
#1107 = PCURVE('',#1108,#1113);
#1108 = PLANE('',#1109);
#1109 = AXIS2_PLACEMENT_3D('',#1110,#1111,#1112);
#1110 = CARTESIAN_POINT('',(-148.7,105.35,3.2));
#1111 = DIRECTION('',(-0.,1.,0.));
#1112 = DIRECTION('',(0.,0.,1.));
#1113 = DEFINITIONAL_REPRESENTATION('',(#1114),#1118);
#1114 = LINE('',#1115,#1116);
#1115 = CARTESIAN_POINT('',(38.8,-2.4));
#1116 = VECTOR('',#1117,1.);
#1117 = DIRECTION('',(0.,1.));
#1118 = ( GEOMETRIC_REPRESENTATION_CONTEXT(2) 
PARAMETRIC_REPRESENTATION_CONTEXT() REPRESENTATION_CONTEXT('2D SPACE',''
  ) );
#1119 = ORIENTED_EDGE('',*,*,#1120,.T.);
#1120 = EDGE_CURVE('',#1093,#1121,#1123,.T.);
#1121 = VERTEX_POINT('',#1122);
#1122 = CARTESIAN_POINT('',(-2.571758278209E-16,110.1,42.));
#1123 = SURFACE_CURVE('',#1124,(#1128,#1134),.PCURVE_S1.);
#1124 = LINE('',#1125,#1126);
#1125 = CARTESIAN_POINT('',(0.,-59.35,42.));
#1126 = VECTOR('',#1127,1.);
#1127 = DIRECTION('',(-0.,1.,0.));
#1128 = PCURVE('',#262,#1129);
#1129 = DEFINITIONAL_REPRESENTATION('',(#1130),#1133);
#1130 = B_SPLINE_CURVE_WITH_KNOTS('',1,(#1131,#1132),.UNSPECIFIED.,.F.,
  .F.,(2,2),(59.35,178.05),.PIECEWISE_BEZIER_KNOTS.);
#1131 = CARTESIAN_POINT('',(153.5,118.7));
#1132 = CARTESIAN_POINT('',(153.5,237.4));
#1133 = ( GEOMETRIC_REPRESENTATION_CONTEXT(2) 
PARAMETRIC_REPRESENTATION_CONTEXT() REPRESENTATION_CONTEXT('2D SPACE',''
  ) );
#1134 = PCURVE('',#473,#1135);
#1135 = DEFINITIONAL_REPRESENTATION('',(#1136),#1139);
#1136 = B_SPLINE_CURVE_WITH_KNOTS('',1,(#1137,#1138),.UNSPECIFIED.,.F.,
  .F.,(2,2),(59.35,178.05),.PIECEWISE_BEZIER_KNOTS.);
#1137 = CARTESIAN_POINT('',(142.,0.));
#1138 = CARTESIAN_POINT('',(142.,-118.7));
#1139 = ( GEOMETRIC_REPRESENTATION_CONTEXT(2) 
PARAMETRIC_REPRESENTATION_CONTEXT() REPRESENTATION_CONTEXT('2D SPACE',''
  ) );
#1140 = ORIENTED_EDGE('',*,*,#1141,.F.);
#1141 = EDGE_CURVE('',#923,#1121,#1142,.T.);
#1142 = SURFACE_CURVE('',#1143,(#1148,#1155),.PCURVE_S1.);
#1143 = CIRCLE('',#1144,1.4);
#1144 = AXIS2_PLACEMENT_3D('',#1145,#1146,#1147);
#1145 = CARTESIAN_POINT('',(0.,111.5,42.));
#1146 = DIRECTION('',(0.,0.,1.));
#1147 = DIRECTION('',(1.,0.,-0.));
#1148 = PCURVE('',#262,#1149);
#1149 = DEFINITIONAL_REPRESENTATION('',(#1150),#1154);
#1150 = CIRCLE('',#1151,1.4);
#1151 = AXIS2_PLACEMENT_2D('',#1152,#1153);
#1152 = CARTESIAN_POINT('',(153.5,230.2));
#1153 = DIRECTION('',(1.,0.));
#1154 = ( GEOMETRIC_REPRESENTATION_CONTEXT(2) 
PARAMETRIC_REPRESENTATION_CONTEXT() REPRESENTATION_CONTEXT('2D SPACE',''
  ) );
#1155 = PCURVE('',#1156,#1161);
#1156 = CYLINDRICAL_SURFACE('',#1157,1.4);
#1157 = AXIS2_PLACEMENT_3D('',#1158,#1159,#1160);
#1158 = CARTESIAN_POINT('',(0.,111.5,30.));
#1159 = DIRECTION('',(0.,0.,1.));
#1160 = DIRECTION('',(1.,0.,-0.));
#1161 = DEFINITIONAL_REPRESENTATION('',(#1162),#1166);
#1162 = LINE('',#1163,#1164);
#1163 = CARTESIAN_POINT('',(0.,12.));
#1164 = VECTOR('',#1165,1.);
#1165 = DIRECTION('',(1.,0.));
#1166 = ( GEOMETRIC_REPRESENTATION_CONTEXT(2) 
PARAMETRIC_REPRESENTATION_CONTEXT() REPRESENTATION_CONTEXT('2D SPACE',''
  ) );
#1167 = FACE_BOUND('',#1168,.T.);
#1168 = EDGE_LOOP('',(#1169));
#1169 = ORIENTED_EDGE('',*,*,#1170,.F.);
#1170 = EDGE_CURVE('',#1171,#1171,#1173,.T.);
#1171 = VERTEX_POINT('',#1172);
#1172 = CARTESIAN_POINT('',(-83.6,111.5,42.));
#1173 = SURFACE_CURVE('',#1174,(#1179,#1186),.PCURVE_S1.);
#1174 = CIRCLE('',#1175,1.4);
#1175 = AXIS2_PLACEMENT_3D('',#1176,#1177,#1178);
#1176 = CARTESIAN_POINT('',(-85.,111.5,42.));
#1177 = DIRECTION('',(0.,0.,1.));
#1178 = DIRECTION('',(1.,0.,-0.));
#1179 = PCURVE('',#262,#1180);
#1180 = DEFINITIONAL_REPRESENTATION('',(#1181),#1185);
#1181 = CIRCLE('',#1182,1.4);
#1182 = AXIS2_PLACEMENT_2D('',#1183,#1184);
#1183 = CARTESIAN_POINT('',(68.5,230.2));
#1184 = DIRECTION('',(1.,0.));
#1185 = ( GEOMETRIC_REPRESENTATION_CONTEXT(2) 
PARAMETRIC_REPRESENTATION_CONTEXT() REPRESENTATION_CONTEXT('2D SPACE',''
  ) );
#1186 = PCURVE('',#1187,#1192);
#1187 = CYLINDRICAL_SURFACE('',#1188,1.4);
#1188 = AXIS2_PLACEMENT_3D('',#1189,#1190,#1191);
#1189 = CARTESIAN_POINT('',(-85.,111.5,30.));
#1190 = DIRECTION('',(0.,0.,1.));
#1191 = DIRECTION('',(1.,0.,-0.));
#1192 = DEFINITIONAL_REPRESENTATION('',(#1193),#1197);
#1193 = LINE('',#1194,#1195);
#1194 = CARTESIAN_POINT('',(0.,12.));
#1195 = VECTOR('',#1196,1.);
#1196 = DIRECTION('',(1.,0.));
#1197 = ( GEOMETRIC_REPRESENTATION_CONTEXT(2) 
PARAMETRIC_REPRESENTATION_CONTEXT() REPRESENTATION_CONTEXT('2D SPACE',''
  ) );
#1198 = ADVANCED_FACE('',(#1199),#355,.T.);
#1199 = FACE_BOUND('',#1200,.T.);
#1200 = EDGE_LOOP('',(#1201,#1202,#1203,#1224));
#1201 = ORIENTED_EDGE('',*,*,#340,.F.);
#1202 = ORIENTED_EDGE('',*,*,#968,.T.);
#1203 = ORIENTED_EDGE('',*,*,#1204,.T.);
#1204 = EDGE_CURVE('',#946,#412,#1205,.T.);
#1205 = SURFACE_CURVE('',#1206,(#1210,#1217),.PCURVE_S1.);
#1206 = LINE('',#1207,#1208);
#1207 = CARTESIAN_POINT('',(-153.5,118.7,42.));
#1208 = VECTOR('',#1209,1.);
#1209 = DIRECTION('',(0.,0.,1.));
#1210 = PCURVE('',#355,#1211);
#1211 = DEFINITIONAL_REPRESENTATION('',(#1212),#1216);
#1212 = LINE('',#1213,#1214);
#1213 = CARTESIAN_POINT('',(0.,-237.4));
#1214 = VECTOR('',#1215,1.);
#1215 = DIRECTION('',(1.,0.));
#1216 = ( GEOMETRIC_REPRESENTATION_CONTEXT(2) 
PARAMETRIC_REPRESENTATION_CONTEXT() REPRESENTATION_CONTEXT('2D SPACE',''
  ) );
#1217 = PCURVE('',#447,#1218);
#1218 = DEFINITIONAL_REPRESENTATION('',(#1219),#1223);
#1219 = LINE('',#1220,#1221);
#1220 = CARTESIAN_POINT('',(0.,0.));
#1221 = VECTOR('',#1222,1.);
#1222 = DIRECTION('',(1.,0.));
#1223 = ( GEOMETRIC_REPRESENTATION_CONTEXT(2) 
PARAMETRIC_REPRESENTATION_CONTEXT() REPRESENTATION_CONTEXT('2D SPACE',''
  ) );
#1224 = ORIENTED_EDGE('',*,*,#411,.F.);
#1225 = ADVANCED_FACE('',(#1226),#288,.T.);
#1226 = FACE_BOUND('',#1227,.T.);
#1227 = EDGE_LOOP('',(#1228,#1229,#1230,#1249));
#1228 = ORIENTED_EDGE('',*,*,#273,.F.);
#1229 = ORIENTED_EDGE('',*,*,#822,.T.);
#1230 = ORIENTED_EDGE('',*,*,#1231,.T.);
#1231 = EDGE_CURVE('',#823,#993,#1232,.T.);
#1232 = SURFACE_CURVE('',#1233,(#1237,#1243),.PCURVE_S1.);
#1233 = LINE('',#1234,#1235);
#1234 = CARTESIAN_POINT('',(-153.2,1.24899959968,12.));
#1235 = VECTOR('',#1236,1.);
#1236 = DIRECTION('',(0.,0.,1.));
#1237 = PCURVE('',#288,#1238);
#1238 = DEFINITIONAL_REPRESENTATION('',(#1239),#1242);
#1239 = B_SPLINE_CURVE_WITH_KNOTS('',1,(#1240,#1241),.UNSPECIFIED.,.F.,
  .F.,(2,2),(0.,30.),.PIECEWISE_BEZIER_KNOTS.);
#1240 = CARTESIAN_POINT('',(9.107217531478,0.));
#1241 = CARTESIAN_POINT('',(9.107217531478,30.));
#1242 = ( GEOMETRIC_REPRESENTATION_CONTEXT(2) 
PARAMETRIC_REPRESENTATION_CONTEXT() REPRESENTATION_CONTEXT('2D SPACE',''
  ) );
#1243 = PCURVE('',#706,#1244);
#1244 = DEFINITIONAL_REPRESENTATION('',(#1245),#1248);
#1245 = B_SPLINE_CURVE_WITH_KNOTS('',1,(#1246,#1247),.UNSPECIFIED.,.F.,
  .F.,(2,2),(-2.399999999625E-06,30.0000024),.PIECEWISE_BEZIER_KNOTS.);
#1246 = CARTESIAN_POINT('',(8.7999976,-85.24899959968));
#1247 = CARTESIAN_POINT('',(38.8000024,-85.24899959968));
#1248 = ( GEOMETRIC_REPRESENTATION_CONTEXT(2) 
PARAMETRIC_REPRESENTATION_CONTEXT() REPRESENTATION_CONTEXT('2D SPACE',''
  ) );
#1249 = ORIENTED_EDGE('',*,*,#992,.F.);
#1250 = ADVANCED_FACE('',(#1251,#1357,#1467),#500,.T.);
#1251 = FACE_BOUND('',#1252,.T.);
#1252 = EDGE_LOOP('',(#1253,#1254,#1255,#1277,#1304,#1331));
#1253 = ORIENTED_EDGE('',*,*,#571,.T.);
#1254 = ORIENTED_EDGE('',*,*,#484,.T.);
#1255 = ORIENTED_EDGE('',*,*,#1256,.T.);
#1256 = EDGE_CURVE('',#459,#1257,#1259,.T.);
#1257 = VERTEX_POINT('',#1258);
#1258 = CARTESIAN_POINT('',(0.,121.2,22.));
#1259 = SURFACE_CURVE('',#1260,(#1264,#1271),.PCURVE_S1.);
#1260 = LINE('',#1261,#1262);
#1261 = CARTESIAN_POINT('',(0.,121.2,-50.));
#1262 = VECTOR('',#1263,1.);
#1263 = DIRECTION('',(-0.,0.,-1.));
#1264 = PCURVE('',#500,#1265);
#1265 = DEFINITIONAL_REPRESENTATION('',(#1266),#1270);
#1266 = LINE('',#1267,#1268);
#1267 = CARTESIAN_POINT('',(-50.,156.));
#1268 = VECTOR('',#1269,1.);
#1269 = DIRECTION('',(-1.,0.));
#1270 = ( GEOMETRIC_REPRESENTATION_CONTEXT(2) 
PARAMETRIC_REPRESENTATION_CONTEXT() REPRESENTATION_CONTEXT('2D SPACE',''
  ) );
#1271 = PCURVE('',#473,#1272);
#1272 = DEFINITIONAL_REPRESENTATION('',(#1273),#1276);
#1273 = B_SPLINE_CURVE_WITH_KNOTS('',1,(#1274,#1275),.UNSPECIFIED.,.F.,
  .F.,(2,2),(-94.6,-51.),.PIECEWISE_BEZIER_KNOTS.);
#1274 = CARTESIAN_POINT('',(144.6,-121.2));
#1275 = CARTESIAN_POINT('',(101.,-121.2));
#1276 = ( GEOMETRIC_REPRESENTATION_CONTEXT(2) 
PARAMETRIC_REPRESENTATION_CONTEXT() REPRESENTATION_CONTEXT('2D SPACE',''
  ) );
#1277 = ORIENTED_EDGE('',*,*,#1278,.T.);
#1278 = EDGE_CURVE('',#1257,#1279,#1281,.T.);
#1279 = VERTEX_POINT('',#1280);
#1280 = CARTESIAN_POINT('',(16.,121.2,22.));
#1281 = SURFACE_CURVE('',#1282,(#1286,#1293),.PCURVE_S1.);
#1282 = LINE('',#1283,#1284);
#1283 = CARTESIAN_POINT('',(-78.,121.2,22.));
#1284 = VECTOR('',#1285,1.);
#1285 = DIRECTION('',(1.,0.,-0.));
#1286 = PCURVE('',#500,#1287);
#1287 = DEFINITIONAL_REPRESENTATION('',(#1288),#1292);
#1288 = LINE('',#1289,#1290);
#1289 = CARTESIAN_POINT('',(22.,78.));
#1290 = VECTOR('',#1291,1.);
#1291 = DIRECTION('',(0.,1.));
#1292 = ( GEOMETRIC_REPRESENTATION_CONTEXT(2) 
PARAMETRIC_REPRESENTATION_CONTEXT() REPRESENTATION_CONTEXT('2D SPACE',''
  ) );
#1293 = PCURVE('',#1294,#1299);
#1294 = PLANE('',#1295);
#1295 = AXIS2_PLACEMENT_3D('',#1296,#1297,#1298);
#1296 = CARTESIAN_POINT('',(0.,-20.,22.));
#1297 = DIRECTION('',(0.,0.,1.));
#1298 = DIRECTION('',(1.,0.,-0.));
#1299 = DEFINITIONAL_REPRESENTATION('',(#1300),#1303);
#1300 = B_SPLINE_CURVE_WITH_KNOTS('',1,(#1301,#1302),.UNSPECIFIED.,.F.,
  .F.,(2,2),(78.,94.),.PIECEWISE_BEZIER_KNOTS.);
#1301 = CARTESIAN_POINT('',(0.,141.2));
#1302 = CARTESIAN_POINT('',(16.,141.2));
#1303 = ( GEOMETRIC_REPRESENTATION_CONTEXT(2) 
PARAMETRIC_REPRESENTATION_CONTEXT() REPRESENTATION_CONTEXT('2D SPACE',''
  ) );
#1304 = ORIENTED_EDGE('',*,*,#1305,.T.);
#1305 = EDGE_CURVE('',#1279,#1306,#1308,.T.);
#1306 = VERTEX_POINT('',#1307);
#1307 = CARTESIAN_POINT('',(16.,121.2,1.));
#1308 = SURFACE_CURVE('',#1309,(#1313,#1320),.PCURVE_S1.);
#1309 = LINE('',#1310,#1311);
#1310 = CARTESIAN_POINT('',(16.,121.2,-0.5));
#1311 = VECTOR('',#1312,1.);
#1312 = DIRECTION('',(-0.,0.,-1.));
#1313 = PCURVE('',#500,#1314);
#1314 = DEFINITIONAL_REPRESENTATION('',(#1315),#1319);
#1315 = LINE('',#1316,#1317);
#1316 = CARTESIAN_POINT('',(-0.5,172.));
#1317 = VECTOR('',#1318,1.);
#1318 = DIRECTION('',(-1.,0.));
#1319 = ( GEOMETRIC_REPRESENTATION_CONTEXT(2) 
PARAMETRIC_REPRESENTATION_CONTEXT() REPRESENTATION_CONTEXT('2D SPACE',''
  ) );
#1320 = PCURVE('',#1321,#1326);
#1321 = PLANE('',#1322);
#1322 = AXIS2_PLACEMENT_3D('',#1323,#1324,#1325);
#1323 = CARTESIAN_POINT('',(16.,-20.,-1.));
#1324 = DIRECTION('',(1.,0.,-0.));
#1325 = DIRECTION('',(0.,0.,1.));
#1326 = DEFINITIONAL_REPRESENTATION('',(#1327),#1330);
#1327 = B_SPLINE_CURVE_WITH_KNOTS('',1,(#1328,#1329),.UNSPECIFIED.,.F.,
  .F.,(2,2),(-22.5,-1.5),.PIECEWISE_BEZIER_KNOTS.);
#1328 = CARTESIAN_POINT('',(23.,-141.2));
#1329 = CARTESIAN_POINT('',(2.,-141.2));
#1330 = ( GEOMETRIC_REPRESENTATION_CONTEXT(2) 
PARAMETRIC_REPRESENTATION_CONTEXT() REPRESENTATION_CONTEXT('2D SPACE',''
  ) );
#1331 = ORIENTED_EDGE('',*,*,#1332,.T.);
#1332 = EDGE_CURVE('',#1306,#543,#1333,.T.);
#1333 = SURFACE_CURVE('',#1334,(#1338,#1345),.PCURVE_S1.);
#1334 = LINE('',#1335,#1336);
#1335 = CARTESIAN_POINT('',(16.,121.2,1.));
#1336 = VECTOR('',#1337,1.);
#1337 = DIRECTION('',(-1.,0.,0.));
#1338 = PCURVE('',#500,#1339);
#1339 = DEFINITIONAL_REPRESENTATION('',(#1340),#1344);
#1340 = LINE('',#1341,#1342);
#1341 = CARTESIAN_POINT('',(1.,172.));
#1342 = VECTOR('',#1343,1.);
#1343 = DIRECTION('',(0.,-1.));
#1344 = ( GEOMETRIC_REPRESENTATION_CONTEXT(2) 
PARAMETRIC_REPRESENTATION_CONTEXT() REPRESENTATION_CONTEXT('2D SPACE',''
  ) );
#1345 = PCURVE('',#1346,#1351);
#1346 = PLANE('',#1347);
#1347 = AXIS2_PLACEMENT_3D('',#1348,#1349,#1350);
#1348 = CARTESIAN_POINT('',(-153.,120.7,0.5));
#1349 = DIRECTION('',(-5.911709633991E-18,-0.707106781187,0.707106781187
    ));
#1350 = DIRECTION('',(-1.,4.180209970601E-18,-4.180209970601E-18));
#1351 = DEFINITIONAL_REPRESENTATION('',(#1352),#1356);
#1352 = LINE('',#1353,#1354);
#1353 = CARTESIAN_POINT('',(-169.,-0.707106781187));
#1354 = VECTOR('',#1355,1.);
#1355 = DIRECTION('',(1.,-1.211845495834E-34));
#1356 = ( GEOMETRIC_REPRESENTATION_CONTEXT(2) 
PARAMETRIC_REPRESENTATION_CONTEXT() REPRESENTATION_CONTEXT('2D SPACE',''
  ) );
#1357 = FACE_BOUND('',#1358,.T.);
#1358 = EDGE_LOOP('',(#1359,#1388,#1415,#1442));
#1359 = ORIENTED_EDGE('',*,*,#1360,.F.);
#1360 = EDGE_CURVE('',#1361,#1363,#1365,.T.);
#1361 = VERTEX_POINT('',#1362);
#1362 = CARTESIAN_POINT('',(-65.,121.2,39.6));
#1363 = VERTEX_POINT('',#1364);
#1364 = CARTESIAN_POINT('',(-45.,121.2,39.6));
#1365 = SURFACE_CURVE('',#1366,(#1370,#1377),.PCURVE_S1.);
#1366 = LINE('',#1367,#1368);
#1367 = CARTESIAN_POINT('',(-110.5,121.2,39.6));
#1368 = VECTOR('',#1369,1.);
#1369 = DIRECTION('',(1.,0.,-0.));
#1370 = PCURVE('',#500,#1371);
#1371 = DEFINITIONAL_REPRESENTATION('',(#1372),#1376);
#1372 = LINE('',#1373,#1374);
#1373 = CARTESIAN_POINT('',(39.6,45.5));
#1374 = VECTOR('',#1375,1.);
#1375 = DIRECTION('',(0.,1.));
#1376 = ( GEOMETRIC_REPRESENTATION_CONTEXT(2) 
PARAMETRIC_REPRESENTATION_CONTEXT() REPRESENTATION_CONTEXT('2D SPACE',''
  ) );
#1377 = PCURVE('',#1378,#1383);
#1378 = PLANE('',#1379);
#1379 = AXIS2_PLACEMENT_3D('',#1380,#1381,#1382);
#1380 = CARTESIAN_POINT('',(-65.,98.2,39.6));
#1381 = DIRECTION('',(0.,0.,1.));
#1382 = DIRECTION('',(1.,0.,-0.));
#1383 = DEFINITIONAL_REPRESENTATION('',(#1384),#1387);
#1384 = B_SPLINE_CURVE_WITH_KNOTS('',1,(#1385,#1386),.UNSPECIFIED.,.F.,
  .F.,(2,2),(45.5,65.5),.PIECEWISE_BEZIER_KNOTS.);
#1385 = CARTESIAN_POINT('',(0.,23.));
#1386 = CARTESIAN_POINT('',(20.,23.));
#1387 = ( GEOMETRIC_REPRESENTATION_CONTEXT(2) 
PARAMETRIC_REPRESENTATION_CONTEXT() REPRESENTATION_CONTEXT('2D SPACE',''
  ) );
#1388 = ORIENTED_EDGE('',*,*,#1389,.T.);
#1389 = EDGE_CURVE('',#1361,#1390,#1392,.T.);
#1390 = VERTEX_POINT('',#1391);
#1391 = CARTESIAN_POINT('',(-65.,121.2,34.6));
#1392 = SURFACE_CURVE('',#1393,(#1397,#1404),.PCURVE_S1.);
#1393 = LINE('',#1394,#1395);
#1394 = CARTESIAN_POINT('',(-65.,121.2,17.3));
#1395 = VECTOR('',#1396,1.);
#1396 = DIRECTION('',(-0.,0.,-1.));
#1397 = PCURVE('',#500,#1398);
#1398 = DEFINITIONAL_REPRESENTATION('',(#1399),#1403);
#1399 = LINE('',#1400,#1401);
#1400 = CARTESIAN_POINT('',(17.3,91.));
#1401 = VECTOR('',#1402,1.);
#1402 = DIRECTION('',(-1.,0.));
#1403 = ( GEOMETRIC_REPRESENTATION_CONTEXT(2) 
PARAMETRIC_REPRESENTATION_CONTEXT() REPRESENTATION_CONTEXT('2D SPACE',''
  ) );
#1404 = PCURVE('',#1405,#1410);
#1405 = PLANE('',#1406);
#1406 = AXIS2_PLACEMENT_3D('',#1407,#1408,#1409);
#1407 = CARTESIAN_POINT('',(-65.,98.2,34.6));
#1408 = DIRECTION('',(1.,0.,-0.));
#1409 = DIRECTION('',(0.,0.,1.));
#1410 = DEFINITIONAL_REPRESENTATION('',(#1411),#1414);
#1411 = B_SPLINE_CURVE_WITH_KNOTS('',1,(#1412,#1413),.UNSPECIFIED.,.F.,
  .F.,(2,2),(-22.3,-17.3),.PIECEWISE_BEZIER_KNOTS.);
#1412 = CARTESIAN_POINT('',(5.,-23.));
#1413 = CARTESIAN_POINT('',(0.,-23.));
#1414 = ( GEOMETRIC_REPRESENTATION_CONTEXT(2) 
PARAMETRIC_REPRESENTATION_CONTEXT() REPRESENTATION_CONTEXT('2D SPACE',''
  ) );
#1415 = ORIENTED_EDGE('',*,*,#1416,.T.);
#1416 = EDGE_CURVE('',#1390,#1417,#1419,.T.);
#1417 = VERTEX_POINT('',#1418);
#1418 = CARTESIAN_POINT('',(-45.,121.2,34.6));
#1419 = SURFACE_CURVE('',#1420,(#1424,#1431),.PCURVE_S1.);
#1420 = LINE('',#1421,#1422);
#1421 = CARTESIAN_POINT('',(-110.5,121.2,34.6));
#1422 = VECTOR('',#1423,1.);
#1423 = DIRECTION('',(1.,0.,-0.));
#1424 = PCURVE('',#500,#1425);
#1425 = DEFINITIONAL_REPRESENTATION('',(#1426),#1430);
#1426 = LINE('',#1427,#1428);
#1427 = CARTESIAN_POINT('',(34.6,45.5));
#1428 = VECTOR('',#1429,1.);
#1429 = DIRECTION('',(0.,1.));
#1430 = ( GEOMETRIC_REPRESENTATION_CONTEXT(2) 
PARAMETRIC_REPRESENTATION_CONTEXT() REPRESENTATION_CONTEXT('2D SPACE',''
  ) );
#1431 = PCURVE('',#1432,#1437);
#1432 = PLANE('',#1433);
#1433 = AXIS2_PLACEMENT_3D('',#1434,#1435,#1436);
#1434 = CARTESIAN_POINT('',(-65.,98.2,34.6));
#1435 = DIRECTION('',(0.,0.,1.));
#1436 = DIRECTION('',(1.,0.,-0.));
#1437 = DEFINITIONAL_REPRESENTATION('',(#1438),#1441);
#1438 = B_SPLINE_CURVE_WITH_KNOTS('',1,(#1439,#1440),.UNSPECIFIED.,.F.,
  .F.,(2,2),(45.5,65.5),.PIECEWISE_BEZIER_KNOTS.);
#1439 = CARTESIAN_POINT('',(0.,23.));
#1440 = CARTESIAN_POINT('',(20.,23.));
#1441 = ( GEOMETRIC_REPRESENTATION_CONTEXT(2) 
PARAMETRIC_REPRESENTATION_CONTEXT() REPRESENTATION_CONTEXT('2D SPACE',''
  ) );
#1442 = ORIENTED_EDGE('',*,*,#1443,.F.);
#1443 = EDGE_CURVE('',#1363,#1417,#1444,.T.);
#1444 = SURFACE_CURVE('',#1445,(#1449,#1456),.PCURVE_S1.);
#1445 = LINE('',#1446,#1447);
#1446 = CARTESIAN_POINT('',(-45.,121.2,17.3));
#1447 = VECTOR('',#1448,1.);
#1448 = DIRECTION('',(-0.,0.,-1.));
#1449 = PCURVE('',#500,#1450);
#1450 = DEFINITIONAL_REPRESENTATION('',(#1451),#1455);
#1451 = LINE('',#1452,#1453);
#1452 = CARTESIAN_POINT('',(17.3,111.));
#1453 = VECTOR('',#1454,1.);
#1454 = DIRECTION('',(-1.,0.));
#1455 = ( GEOMETRIC_REPRESENTATION_CONTEXT(2) 
PARAMETRIC_REPRESENTATION_CONTEXT() REPRESENTATION_CONTEXT('2D SPACE',''
  ) );
#1456 = PCURVE('',#1457,#1462);
#1457 = PLANE('',#1458);
#1458 = AXIS2_PLACEMENT_3D('',#1459,#1460,#1461);
#1459 = CARTESIAN_POINT('',(-45.,98.2,34.6));
#1460 = DIRECTION('',(1.,0.,-0.));
#1461 = DIRECTION('',(0.,0.,1.));
#1462 = DEFINITIONAL_REPRESENTATION('',(#1463),#1466);
#1463 = B_SPLINE_CURVE_WITH_KNOTS('',1,(#1464,#1465),.UNSPECIFIED.,.F.,
  .F.,(2,2),(-22.3,-17.3),.PIECEWISE_BEZIER_KNOTS.);
#1464 = CARTESIAN_POINT('',(5.,-23.));
#1465 = CARTESIAN_POINT('',(0.,-23.));
#1466 = ( GEOMETRIC_REPRESENTATION_CONTEXT(2) 
PARAMETRIC_REPRESENTATION_CONTEXT() REPRESENTATION_CONTEXT('2D SPACE',''
  ) );
#1467 = FACE_BOUND('',#1468,.T.);
#1468 = EDGE_LOOP('',(#1469,#1498,#1525,#1552));
#1469 = ORIENTED_EDGE('',*,*,#1470,.F.);
#1470 = EDGE_CURVE('',#1471,#1473,#1475,.T.);
#1471 = VERTEX_POINT('',#1472);
#1472 = CARTESIAN_POINT('',(-35.,121.2,39.6));
#1473 = VERTEX_POINT('',#1474);
#1474 = CARTESIAN_POINT('',(-15.,121.2,39.6));
#1475 = SURFACE_CURVE('',#1476,(#1480,#1487),.PCURVE_S1.);
#1476 = LINE('',#1477,#1478);
#1477 = CARTESIAN_POINT('',(-95.5,121.2,39.6));
#1478 = VECTOR('',#1479,1.);
#1479 = DIRECTION('',(1.,0.,-0.));
#1480 = PCURVE('',#500,#1481);
#1481 = DEFINITIONAL_REPRESENTATION('',(#1482),#1486);
#1482 = LINE('',#1483,#1484);
#1483 = CARTESIAN_POINT('',(39.6,60.5));
#1484 = VECTOR('',#1485,1.);
#1485 = DIRECTION('',(0.,1.));
#1486 = ( GEOMETRIC_REPRESENTATION_CONTEXT(2) 
PARAMETRIC_REPRESENTATION_CONTEXT() REPRESENTATION_CONTEXT('2D SPACE',''
  ) );
#1487 = PCURVE('',#1488,#1493);
#1488 = PLANE('',#1489);
#1489 = AXIS2_PLACEMENT_3D('',#1490,#1491,#1492);
#1490 = CARTESIAN_POINT('',(-35.,98.2,39.6));
#1491 = DIRECTION('',(0.,0.,1.));
#1492 = DIRECTION('',(1.,0.,-0.));
#1493 = DEFINITIONAL_REPRESENTATION('',(#1494),#1497);
#1494 = B_SPLINE_CURVE_WITH_KNOTS('',1,(#1495,#1496),.UNSPECIFIED.,.F.,
  .F.,(2,2),(60.5,80.5),.PIECEWISE_BEZIER_KNOTS.);
#1495 = CARTESIAN_POINT('',(0.,23.));
#1496 = CARTESIAN_POINT('',(20.,23.));
#1497 = ( GEOMETRIC_REPRESENTATION_CONTEXT(2) 
PARAMETRIC_REPRESENTATION_CONTEXT() REPRESENTATION_CONTEXT('2D SPACE',''
  ) );
#1498 = ORIENTED_EDGE('',*,*,#1499,.T.);
#1499 = EDGE_CURVE('',#1471,#1500,#1502,.T.);
#1500 = VERTEX_POINT('',#1501);
#1501 = CARTESIAN_POINT('',(-35.,121.2,34.6));
#1502 = SURFACE_CURVE('',#1503,(#1507,#1514),.PCURVE_S1.);
#1503 = LINE('',#1504,#1505);
#1504 = CARTESIAN_POINT('',(-35.,121.2,17.3));
#1505 = VECTOR('',#1506,1.);
#1506 = DIRECTION('',(-0.,0.,-1.));
#1507 = PCURVE('',#500,#1508);
#1508 = DEFINITIONAL_REPRESENTATION('',(#1509),#1513);
#1509 = LINE('',#1510,#1511);
#1510 = CARTESIAN_POINT('',(17.3,121.));
#1511 = VECTOR('',#1512,1.);
#1512 = DIRECTION('',(-1.,0.));
#1513 = ( GEOMETRIC_REPRESENTATION_CONTEXT(2) 
PARAMETRIC_REPRESENTATION_CONTEXT() REPRESENTATION_CONTEXT('2D SPACE',''
  ) );
#1514 = PCURVE('',#1515,#1520);
#1515 = PLANE('',#1516);
#1516 = AXIS2_PLACEMENT_3D('',#1517,#1518,#1519);
#1517 = CARTESIAN_POINT('',(-35.,98.2,34.6));
#1518 = DIRECTION('',(1.,0.,-0.));
#1519 = DIRECTION('',(0.,0.,1.));
#1520 = DEFINITIONAL_REPRESENTATION('',(#1521),#1524);
#1521 = B_SPLINE_CURVE_WITH_KNOTS('',1,(#1522,#1523),.UNSPECIFIED.,.F.,
  .F.,(2,2),(-22.3,-17.3),.PIECEWISE_BEZIER_KNOTS.);
#1522 = CARTESIAN_POINT('',(5.,-23.));
#1523 = CARTESIAN_POINT('',(0.,-23.));
#1524 = ( GEOMETRIC_REPRESENTATION_CONTEXT(2) 
PARAMETRIC_REPRESENTATION_CONTEXT() REPRESENTATION_CONTEXT('2D SPACE',''
  ) );
#1525 = ORIENTED_EDGE('',*,*,#1526,.T.);
#1526 = EDGE_CURVE('',#1500,#1527,#1529,.T.);
#1527 = VERTEX_POINT('',#1528);
#1528 = CARTESIAN_POINT('',(-15.,121.2,34.6));
#1529 = SURFACE_CURVE('',#1530,(#1534,#1541),.PCURVE_S1.);
#1530 = LINE('',#1531,#1532);
#1531 = CARTESIAN_POINT('',(-95.5,121.2,34.6));
#1532 = VECTOR('',#1533,1.);
#1533 = DIRECTION('',(1.,0.,-0.));
#1534 = PCURVE('',#500,#1535);
#1535 = DEFINITIONAL_REPRESENTATION('',(#1536),#1540);
#1536 = LINE('',#1537,#1538);
#1537 = CARTESIAN_POINT('',(34.6,60.5));
#1538 = VECTOR('',#1539,1.);
#1539 = DIRECTION('',(0.,1.));
#1540 = ( GEOMETRIC_REPRESENTATION_CONTEXT(2) 
PARAMETRIC_REPRESENTATION_CONTEXT() REPRESENTATION_CONTEXT('2D SPACE',''
  ) );
#1541 = PCURVE('',#1542,#1547);
#1542 = PLANE('',#1543);
#1543 = AXIS2_PLACEMENT_3D('',#1544,#1545,#1546);
#1544 = CARTESIAN_POINT('',(-35.,98.2,34.6));
#1545 = DIRECTION('',(0.,0.,1.));
#1546 = DIRECTION('',(1.,0.,-0.));
#1547 = DEFINITIONAL_REPRESENTATION('',(#1548),#1551);
#1548 = B_SPLINE_CURVE_WITH_KNOTS('',1,(#1549,#1550),.UNSPECIFIED.,.F.,
  .F.,(2,2),(60.5,80.5),.PIECEWISE_BEZIER_KNOTS.);
#1549 = CARTESIAN_POINT('',(0.,23.));
#1550 = CARTESIAN_POINT('',(20.,23.));
#1551 = ( GEOMETRIC_REPRESENTATION_CONTEXT(2) 
PARAMETRIC_REPRESENTATION_CONTEXT() REPRESENTATION_CONTEXT('2D SPACE',''
  ) );
#1552 = ORIENTED_EDGE('',*,*,#1553,.F.);
#1553 = EDGE_CURVE('',#1473,#1527,#1554,.T.);
#1554 = SURFACE_CURVE('',#1555,(#1559,#1566),.PCURVE_S1.);
#1555 = LINE('',#1556,#1557);
#1556 = CARTESIAN_POINT('',(-15.,121.2,17.3));
#1557 = VECTOR('',#1558,1.);
#1558 = DIRECTION('',(-0.,0.,-1.));
#1559 = PCURVE('',#500,#1560);
#1560 = DEFINITIONAL_REPRESENTATION('',(#1561),#1565);
#1561 = LINE('',#1562,#1563);
#1562 = CARTESIAN_POINT('',(17.3,141.));
#1563 = VECTOR('',#1564,1.);
#1564 = DIRECTION('',(-1.,0.));
#1565 = ( GEOMETRIC_REPRESENTATION_CONTEXT(2) 
PARAMETRIC_REPRESENTATION_CONTEXT() REPRESENTATION_CONTEXT('2D SPACE',''
  ) );
#1566 = PCURVE('',#1567,#1572);
#1567 = PLANE('',#1568);
#1568 = AXIS2_PLACEMENT_3D('',#1569,#1570,#1571);
#1569 = CARTESIAN_POINT('',(-15.,98.2,34.6));
#1570 = DIRECTION('',(1.,0.,-0.));
#1571 = DIRECTION('',(0.,0.,1.));
#1572 = DEFINITIONAL_REPRESENTATION('',(#1573),#1576);
#1573 = B_SPLINE_CURVE_WITH_KNOTS('',1,(#1574,#1575),.UNSPECIFIED.,.F.,
  .F.,(2,2),(-22.3,-17.3),.PIECEWISE_BEZIER_KNOTS.);
#1574 = CARTESIAN_POINT('',(5.,-23.));
#1575 = CARTESIAN_POINT('',(0.,-23.));
#1576 = ( GEOMETRIC_REPRESENTATION_CONTEXT(2) 
PARAMETRIC_REPRESENTATION_CONTEXT() REPRESENTATION_CONTEXT('2D SPACE',''
  ) );
#1577 = ADVANCED_FACE('',(#1578),#473,.T.);
#1578 = FACE_BOUND('',#1579,.T.);
#1579 = EDGE_LOOP('',(#1580,#1581,#1600,#1601,#1622,#1648,#1667,#1668,
    #1690,#1711));
#1580 = ORIENTED_EDGE('',*,*,#458,.F.);
#1581 = ORIENTED_EDGE('',*,*,#1582,.T.);
#1582 = EDGE_CURVE('',#433,#925,#1583,.T.);
#1583 = SURFACE_CURVE('',#1584,(#1588,#1594),.PCURVE_S1.);
#1584 = LINE('',#1585,#1586);
#1585 = CARTESIAN_POINT('',(0.,118.7,-29.));
#1586 = VECTOR('',#1587,1.);
#1587 = DIRECTION('',(-0.,0.,-1.));
#1588 = PCURVE('',#473,#1589);
#1589 = DEFINITIONAL_REPRESENTATION('',(#1590),#1593);
#1590 = B_SPLINE_CURVE_WITH_KNOTS('',1,(#1591,#1592),.UNSPECIFIED.,.F.,
  .F.,(2,2),(-73.6,-71.),.PIECEWISE_BEZIER_KNOTS.);
#1591 = CARTESIAN_POINT('',(144.6,-118.7));
#1592 = CARTESIAN_POINT('',(142.,-118.7));
#1593 = ( GEOMETRIC_REPRESENTATION_CONTEXT(2) 
PARAMETRIC_REPRESENTATION_CONTEXT() REPRESENTATION_CONTEXT('2D SPACE',''
  ) );
#1594 = PCURVE('',#447,#1595);
#1595 = DEFINITIONAL_REPRESENTATION('',(#1596),#1599);
#1596 = B_SPLINE_CURVE_WITH_KNOTS('',1,(#1597,#1598),.UNSPECIFIED.,.F.,
  .F.,(2,2),(-73.6,-71.),.PIECEWISE_BEZIER_KNOTS.);
#1597 = CARTESIAN_POINT('',(2.6,153.5));
#1598 = CARTESIAN_POINT('',(0.,153.5));
#1599 = ( GEOMETRIC_REPRESENTATION_CONTEXT(2) 
PARAMETRIC_REPRESENTATION_CONTEXT() REPRESENTATION_CONTEXT('2D SPACE',''
  ) );
#1600 = ORIENTED_EDGE('',*,*,#922,.F.);
#1601 = ORIENTED_EDGE('',*,*,#1602,.F.);
#1602 = EDGE_CURVE('',#1603,#923,#1605,.T.);
#1603 = VERTEX_POINT('',#1604);
#1604 = CARTESIAN_POINT('',(8.572527594031E-17,112.9,30.));
#1605 = SURFACE_CURVE('',#1606,(#1610,#1616),.PCURVE_S1.);
#1606 = LINE('',#1607,#1608);
#1607 = CARTESIAN_POINT('',(0.,112.9,30.));
#1608 = VECTOR('',#1609,1.);
#1609 = DIRECTION('',(0.,0.,1.));
#1610 = PCURVE('',#473,#1611);
#1611 = DEFINITIONAL_REPRESENTATION('',(#1612),#1615);
#1612 = B_SPLINE_CURVE_WITH_KNOTS('',1,(#1613,#1614),.UNSPECIFIED.,.F.,
  .F.,(2,2),(-5.999999999062E-07,12.0000006),.PIECEWISE_BEZIER_KNOTS.);
#1613 = CARTESIAN_POINT('',(129.9999994,-112.9));
#1614 = CARTESIAN_POINT('',(142.0000006,-112.9));
#1615 = ( GEOMETRIC_REPRESENTATION_CONTEXT(2) 
PARAMETRIC_REPRESENTATION_CONTEXT() REPRESENTATION_CONTEXT('2D SPACE',''
  ) );
#1616 = PCURVE('',#1156,#1617);
#1617 = DEFINITIONAL_REPRESENTATION('',(#1618),#1621);
#1618 = B_SPLINE_CURVE_WITH_KNOTS('',1,(#1619,#1620),.UNSPECIFIED.,.F.,
  .F.,(2,2),(-5.999999999062E-07,12.0000006),.PIECEWISE_BEZIER_KNOTS.);
#1619 = CARTESIAN_POINT('',(1.570796326795,-5.999999999062E-07));
#1620 = CARTESIAN_POINT('',(1.570796326795,12.0000006));
#1621 = ( GEOMETRIC_REPRESENTATION_CONTEXT(2) 
PARAMETRIC_REPRESENTATION_CONTEXT() REPRESENTATION_CONTEXT('2D SPACE',''
  ) );
#1622 = ORIENTED_EDGE('',*,*,#1623,.F.);
#1623 = EDGE_CURVE('',#1624,#1603,#1626,.T.);
#1624 = VERTEX_POINT('',#1625);
#1625 = CARTESIAN_POINT('',(-2.571758278209E-16,110.1,30.));
#1626 = SURFACE_CURVE('',#1627,(#1631,#1637),.PCURVE_S1.);
#1627 = LINE('',#1628,#1629);
#1628 = CARTESIAN_POINT('',(0.,55.75,30.));
#1629 = VECTOR('',#1630,1.);
#1630 = DIRECTION('',(-0.,1.,0.));
#1631 = PCURVE('',#473,#1632);
#1632 = DEFINITIONAL_REPRESENTATION('',(#1633),#1636);
#1633 = B_SPLINE_CURVE_WITH_KNOTS('',1,(#1634,#1635),.UNSPECIFIED.,.F.,
  .F.,(2,2),(54.35,57.15),.PIECEWISE_BEZIER_KNOTS.);
#1634 = CARTESIAN_POINT('',(130.,-110.1));
#1635 = CARTESIAN_POINT('',(130.,-112.9));
#1636 = ( GEOMETRIC_REPRESENTATION_CONTEXT(2) 
PARAMETRIC_REPRESENTATION_CONTEXT() REPRESENTATION_CONTEXT('2D SPACE',''
  ) );
#1637 = PCURVE('',#1638,#1643);
#1638 = PLANE('',#1639);
#1639 = AXIS2_PLACEMENT_3D('',#1640,#1641,#1642);
#1640 = CARTESIAN_POINT('',(0.,111.5,30.));
#1641 = DIRECTION('',(0.,0.,1.));
#1642 = DIRECTION('',(1.,0.,-0.));
#1643 = DEFINITIONAL_REPRESENTATION('',(#1644),#1647);
#1644 = B_SPLINE_CURVE_WITH_KNOTS('',1,(#1645,#1646),.UNSPECIFIED.,.F.,
  .F.,(2,2),(54.35,57.15),.PIECEWISE_BEZIER_KNOTS.);
#1645 = CARTESIAN_POINT('',(0.,-1.4));
#1646 = CARTESIAN_POINT('',(0.,1.4));
#1647 = ( GEOMETRIC_REPRESENTATION_CONTEXT(2) 
PARAMETRIC_REPRESENTATION_CONTEXT() REPRESENTATION_CONTEXT('2D SPACE',''
  ) );
#1648 = ORIENTED_EDGE('',*,*,#1649,.T.);
#1649 = EDGE_CURVE('',#1624,#1121,#1650,.T.);
#1650 = SURFACE_CURVE('',#1651,(#1655,#1661),.PCURVE_S1.);
#1651 = LINE('',#1652,#1653);
#1652 = CARTESIAN_POINT('',(0.,110.1,30.));
#1653 = VECTOR('',#1654,1.);
#1654 = DIRECTION('',(0.,0.,1.));
#1655 = PCURVE('',#473,#1656);
#1656 = DEFINITIONAL_REPRESENTATION('',(#1657),#1660);
#1657 = B_SPLINE_CURVE_WITH_KNOTS('',1,(#1658,#1659),.UNSPECIFIED.,.F.,
  .F.,(2,2),(-5.999999999062E-07,12.0000006),.PIECEWISE_BEZIER_KNOTS.);
#1658 = CARTESIAN_POINT('',(129.9999994,-110.1));
#1659 = CARTESIAN_POINT('',(142.0000006,-110.1));
#1660 = ( GEOMETRIC_REPRESENTATION_CONTEXT(2) 
PARAMETRIC_REPRESENTATION_CONTEXT() REPRESENTATION_CONTEXT('2D SPACE',''
  ) );
#1661 = PCURVE('',#1156,#1662);
#1662 = DEFINITIONAL_REPRESENTATION('',(#1663),#1666);
#1663 = B_SPLINE_CURVE_WITH_KNOTS('',1,(#1664,#1665),.UNSPECIFIED.,.F.,
  .F.,(2,2),(-5.999999999062E-07,12.0000006),.PIECEWISE_BEZIER_KNOTS.);
#1664 = CARTESIAN_POINT('',(4.712388980385,-5.999999999062E-07));
#1665 = CARTESIAN_POINT('',(4.712388980385,12.0000006));
#1666 = ( GEOMETRIC_REPRESENTATION_CONTEXT(2) 
PARAMETRIC_REPRESENTATION_CONTEXT() REPRESENTATION_CONTEXT('2D SPACE',''
  ) );
#1667 = ORIENTED_EDGE('',*,*,#1120,.F.);
#1668 = ORIENTED_EDGE('',*,*,#1669,.T.);
#1669 = EDGE_CURVE('',#1093,#1670,#1672,.T.);
#1670 = VERTEX_POINT('',#1671);
#1671 = CARTESIAN_POINT('',(0.,105.35,22.));
#1672 = SURFACE_CURVE('',#1673,(#1677,#1683),.PCURVE_S1.);
#1673 = LINE('',#1674,#1675);
#1674 = CARTESIAN_POINT('',(0.,105.35,-48.4));
#1675 = VECTOR('',#1676,1.);
#1676 = DIRECTION('',(-0.,0.,-1.));
#1677 = PCURVE('',#473,#1678);
#1678 = DEFINITIONAL_REPRESENTATION('',(#1679),#1682);
#1679 = B_SPLINE_CURVE_WITH_KNOTS('',1,(#1680,#1681),.UNSPECIFIED.,.F.,
  .F.,(2,2),(-90.4,-51.6),.PIECEWISE_BEZIER_KNOTS.);
#1680 = CARTESIAN_POINT('',(142.,-105.35));
#1681 = CARTESIAN_POINT('',(103.2,-105.35));
#1682 = ( GEOMETRIC_REPRESENTATION_CONTEXT(2) 
PARAMETRIC_REPRESENTATION_CONTEXT() REPRESENTATION_CONTEXT('2D SPACE',''
  ) );
#1683 = PCURVE('',#1108,#1684);
#1684 = DEFINITIONAL_REPRESENTATION('',(#1685),#1689);
#1685 = LINE('',#1686,#1687);
#1686 = CARTESIAN_POINT('',(-51.6,148.7));
#1687 = VECTOR('',#1688,1.);
#1688 = DIRECTION('',(-1.,0.));
#1689 = ( GEOMETRIC_REPRESENTATION_CONTEXT(2) 
PARAMETRIC_REPRESENTATION_CONTEXT() REPRESENTATION_CONTEXT('2D SPACE',''
  ) );
#1690 = ORIENTED_EDGE('',*,*,#1691,.T.);
#1691 = EDGE_CURVE('',#1670,#1257,#1692,.T.);
#1692 = SURFACE_CURVE('',#1693,(#1697,#1704),.PCURVE_S1.);
#1693 = LINE('',#1694,#1695);
#1694 = CARTESIAN_POINT('',(0.,-20.,22.));
#1695 = VECTOR('',#1696,1.);
#1696 = DIRECTION('',(-0.,1.,0.));
#1697 = PCURVE('',#473,#1698);
#1698 = DEFINITIONAL_REPRESENTATION('',(#1699),#1703);
#1699 = LINE('',#1700,#1701);
#1700 = CARTESIAN_POINT('',(122.,20.));
#1701 = VECTOR('',#1702,1.);
#1702 = DIRECTION('',(0.,-1.));
#1703 = ( GEOMETRIC_REPRESENTATION_CONTEXT(2) 
PARAMETRIC_REPRESENTATION_CONTEXT() REPRESENTATION_CONTEXT('2D SPACE',''
  ) );
#1704 = PCURVE('',#1294,#1705);
#1705 = DEFINITIONAL_REPRESENTATION('',(#1706),#1710);
#1706 = LINE('',#1707,#1708);
#1707 = CARTESIAN_POINT('',(0.,0.));
#1708 = VECTOR('',#1709,1.);
#1709 = DIRECTION('',(0.,1.));
#1710 = ( GEOMETRIC_REPRESENTATION_CONTEXT(2) 
PARAMETRIC_REPRESENTATION_CONTEXT() REPRESENTATION_CONTEXT('2D SPACE',''
  ) );
#1711 = ORIENTED_EDGE('',*,*,#1256,.F.);
#1712 = ADVANCED_FACE('',(#1713),#447,.F.);
#1713 = FACE_BOUND('',#1714,.F.);
#1714 = EDGE_LOOP('',(#1715,#1716,#1717,#1718));
#1715 = ORIENTED_EDGE('',*,*,#1582,.T.);
#1716 = ORIENTED_EDGE('',*,*,#945,.F.);
#1717 = ORIENTED_EDGE('',*,*,#1204,.T.);
#1718 = ORIENTED_EDGE('',*,*,#432,.F.);
#1719 = ADVANCED_FACE('',(#1720),#559,.T.);
#1720 = FACE_BOUND('',#1721,.T.);
#1721 = EDGE_LOOP('',(#1722,#1723,#1724,#1745));
#1722 = ORIENTED_EDGE('',*,*,#618,.F.);
#1723 = ORIENTED_EDGE('',*,*,#542,.T.);
#1724 = ORIENTED_EDGE('',*,*,#1725,.T.);
#1725 = EDGE_CURVE('',#543,#1726,#1728,.T.);
#1726 = VERTEX_POINT('',#1727);
#1727 = CARTESIAN_POINT('',(-153.,120.2,0.));
#1728 = SURFACE_CURVE('',#1729,(#1733,#1739),.PCURVE_S1.);
#1729 = LINE('',#1730,#1731);
#1730 = CARTESIAN_POINT('',(-153.,121.2,1.));
#1731 = VECTOR('',#1732,1.);
#1732 = DIRECTION('',(4.329780281177E-17,-0.707106781187,-0.707106781187
    ));
#1733 = PCURVE('',#559,#1734);
#1734 = DEFINITIONAL_REPRESENTATION('',(#1735),#1738);
#1735 = B_SPLINE_CURVE_WITH_KNOTS('',1,(#1736,#1737),.UNSPECIFIED.,.F.,
  .F.,(2,2),(0.,1.414213562373),.PIECEWISE_BEZIER_KNOTS.);
#1736 = CARTESIAN_POINT('',(-1.570796326795,0.));
#1737 = CARTESIAN_POINT('',(-1.570796326795,-1.));
#1738 = ( GEOMETRIC_REPRESENTATION_CONTEXT(2) 
PARAMETRIC_REPRESENTATION_CONTEXT() REPRESENTATION_CONTEXT('2D SPACE',''
  ) );
#1739 = PCURVE('',#1346,#1740);
#1740 = DEFINITIONAL_REPRESENTATION('',(#1741),#1744);
#1741 = B_SPLINE_CURVE_WITH_KNOTS('',1,(#1742,#1743),.UNSPECIFIED.,.F.,
  .F.,(2,2),(0.,1.414213562373),.PIECEWISE_BEZIER_KNOTS.);
#1742 = CARTESIAN_POINT('',(0.,-0.707106781187));
#1743 = CARTESIAN_POINT('',(0.,0.707106781187));
#1744 = ( GEOMETRIC_REPRESENTATION_CONTEXT(2) 
PARAMETRIC_REPRESENTATION_CONTEXT() REPRESENTATION_CONTEXT('2D SPACE',''
  ) );
#1745 = ORIENTED_EDGE('',*,*,#1746,.F.);
#1746 = EDGE_CURVE('',#619,#1726,#1747,.T.);
#1747 = SURFACE_CURVE('',#1748,(#1753,#1760),.PCURVE_S1.);
#1748 = CIRCLE('',#1749,2.);
#1749 = AXIS2_PLACEMENT_3D('',#1750,#1751,#1752);
#1750 = CARTESIAN_POINT('',(-153.,118.2,0.));
#1751 = DIRECTION('',(-0.,0.,-1.));
#1752 = DIRECTION('',(-1.,0.,0.));
#1753 = PCURVE('',#559,#1754);
#1754 = DEFINITIONAL_REPRESENTATION('',(#1755),#1759);
#1755 = LINE('',#1756,#1757);
#1756 = CARTESIAN_POINT('',(-0.,-1.));
#1757 = VECTOR('',#1758,1.);
#1758 = DIRECTION('',(-1.,-0.));
#1759 = ( GEOMETRIC_REPRESENTATION_CONTEXT(2) 
PARAMETRIC_REPRESENTATION_CONTEXT() REPRESENTATION_CONTEXT('2D SPACE',''
  ) );
#1760 = PCURVE('',#653,#1761);
#1761 = DEFINITIONAL_REPRESENTATION('',(#1762),#1770);
#1762 = ( BOUNDED_CURVE() B_SPLINE_CURVE(2,(#1763,#1764,#1765,#1766,
#1767,#1768,#1769),.UNSPECIFIED.,.T.,.F.) B_SPLINE_CURVE_WITH_KNOTS((1,2
    ,2,2,2,1),(-2.094395102393,0.,2.094395102393,4.188790204786,
6.28318530718,8.377580409573),.UNSPECIFIED.) CURVE() 
GEOMETRIC_REPRESENTATION_ITEM() RATIONAL_B_SPLINE_CURVE((1.,0.5,1.,0.5,
1.,0.5,1.)) REPRESENTATION_ITEM('') );
#1763 = CARTESIAN_POINT('',(1.,239.4));
#1764 = CARTESIAN_POINT('',(1.,242.86410161513));
#1765 = CARTESIAN_POINT('',(4.,241.13205080756));
#1766 = CARTESIAN_POINT('',(7.,239.4));
#1767 = CARTESIAN_POINT('',(4.,237.66794919243));
#1768 = CARTESIAN_POINT('',(1.,235.93589838486));
#1769 = CARTESIAN_POINT('',(1.,239.4));
#1770 = ( GEOMETRIC_REPRESENTATION_CONTEXT(2) 
PARAMETRIC_REPRESENTATION_CONTEXT() REPRESENTATION_CONTEXT('2D SPACE',''
  ) );
#1771 = ADVANCED_FACE('',(#1772),#653,.F.);
#1772 = FACE_BOUND('',#1773,.F.);
#1773 = EDGE_LOOP('',(#1774,#1775,#1776,#1799,#1827,#1849,#1870));
#1774 = ORIENTED_EDGE('',*,*,#639,.F.);
#1775 = ORIENTED_EDGE('',*,*,#795,.F.);
#1776 = ORIENTED_EDGE('',*,*,#1777,.T.);
#1777 = EDGE_CURVE('',#770,#1778,#1780,.T.);
#1778 = VERTEX_POINT('',#1779);
#1779 = CARTESIAN_POINT('',(-137.,103.2,-5.218048215738E-15));
#1780 = SURFACE_CURVE('',#1781,(#1785,#1792),.PCURVE_S1.);
#1781 = LINE('',#1782,#1783);
#1782 = CARTESIAN_POINT('',(-137.,-102.2,0.));
#1783 = VECTOR('',#1784,1.);
#1784 = DIRECTION('',(-0.,1.,0.));
#1785 = PCURVE('',#653,#1786);
#1786 = DEFINITIONAL_REPRESENTATION('',(#1787),#1791);
#1787 = LINE('',#1788,#1789);
#1788 = CARTESIAN_POINT('',(19.,19.));
#1789 = VECTOR('',#1790,1.);
#1790 = DIRECTION('',(0.,1.));
#1791 = ( GEOMETRIC_REPRESENTATION_CONTEXT(2) 
PARAMETRIC_REPRESENTATION_CONTEXT() REPRESENTATION_CONTEXT('2D SPACE',''
  ) );
#1792 = PCURVE('',#784,#1793);
#1793 = DEFINITIONAL_REPRESENTATION('',(#1794),#1798);
#1794 = LINE('',#1795,#1796);
#1795 = CARTESIAN_POINT('',(-0.,-0.707106781187));
#1796 = VECTOR('',#1797,1.);
#1797 = DIRECTION('',(-1.,0.));
#1798 = ( GEOMETRIC_REPRESENTATION_CONTEXT(2) 
PARAMETRIC_REPRESENTATION_CONTEXT() REPRESENTATION_CONTEXT('2D SPACE',''
  ) );
#1799 = ORIENTED_EDGE('',*,*,#1800,.F.);
#1800 = EDGE_CURVE('',#1801,#1778,#1803,.T.);
#1801 = VERTEX_POINT('',#1802);
#1802 = CARTESIAN_POINT('',(16.,103.2,0.));
#1803 = SURFACE_CURVE('',#1804,(#1808,#1815),.PCURVE_S1.);
#1804 = LINE('',#1805,#1806);
#1805 = CARTESIAN_POINT('',(16.,103.2,0.));
#1806 = VECTOR('',#1807,1.);
#1807 = DIRECTION('',(-1.,0.,-3.410489029894E-17));
#1808 = PCURVE('',#653,#1809);
#1809 = DEFINITIONAL_REPRESENTATION('',(#1810),#1814);
#1810 = LINE('',#1811,#1812);
#1811 = CARTESIAN_POINT('',(172.,224.4));
#1812 = VECTOR('',#1813,1.);
#1813 = DIRECTION('',(-1.,0.));
#1814 = ( GEOMETRIC_REPRESENTATION_CONTEXT(2) 
PARAMETRIC_REPRESENTATION_CONTEXT() REPRESENTATION_CONTEXT('2D SPACE',''
  ) );
#1815 = PCURVE('',#1816,#1821);
#1816 = PLANE('',#1817);
#1817 = AXIS2_PLACEMENT_3D('',#1818,#1819,#1820);
#1818 = CARTESIAN_POINT('',(136.,102.7,0.5));
#1819 = DIRECTION('',(5.911709633991E-18,-0.707106781187,-0.707106781187
    ));
#1820 = DIRECTION('',(1.,4.180209970601E-18,4.180209970601E-18));
#1821 = DEFINITIONAL_REPRESENTATION('',(#1822),#1826);
#1822 = LINE('',#1823,#1824);
#1823 = CARTESIAN_POINT('',(-120.,-0.707106781187));
#1824 = VECTOR('',#1825,1.);
#1825 = DIRECTION('',(-1.,-2.411579920201E-17));
#1826 = ( GEOMETRIC_REPRESENTATION_CONTEXT(2) 
PARAMETRIC_REPRESENTATION_CONTEXT() REPRESENTATION_CONTEXT('2D SPACE',''
  ) );
#1827 = ORIENTED_EDGE('',*,*,#1828,.T.);
#1828 = EDGE_CURVE('',#1801,#1829,#1831,.T.);
#1829 = VERTEX_POINT('',#1830);
#1830 = CARTESIAN_POINT('',(16.,120.2,0.));
#1831 = SURFACE_CURVE('',#1832,(#1836,#1843),.PCURVE_S1.);
#1832 = LINE('',#1833,#1834);
#1833 = CARTESIAN_POINT('',(16.,-70.6,0.));
#1834 = VECTOR('',#1835,1.);
#1835 = DIRECTION('',(-0.,1.,0.));
#1836 = PCURVE('',#653,#1837);
#1837 = DEFINITIONAL_REPRESENTATION('',(#1838),#1842);
#1838 = LINE('',#1839,#1840);
#1839 = CARTESIAN_POINT('',(172.,50.6));
#1840 = VECTOR('',#1841,1.);
#1841 = DIRECTION('',(0.,1.));
#1842 = ( GEOMETRIC_REPRESENTATION_CONTEXT(2) 
PARAMETRIC_REPRESENTATION_CONTEXT() REPRESENTATION_CONTEXT('2D SPACE',''
  ) );
#1843 = PCURVE('',#1321,#1844);
#1844 = DEFINITIONAL_REPRESENTATION('',(#1845),#1848);
#1845 = B_SPLINE_CURVE_WITH_KNOTS('',1,(#1846,#1847),.UNSPECIFIED.,.F.,
  .F.,(2,2),(50.6,190.8),.PIECEWISE_BEZIER_KNOTS.);
#1846 = CARTESIAN_POINT('',(1.,0.));
#1847 = CARTESIAN_POINT('',(1.,-140.2));
#1848 = ( GEOMETRIC_REPRESENTATION_CONTEXT(2) 
PARAMETRIC_REPRESENTATION_CONTEXT() REPRESENTATION_CONTEXT('2D SPACE',''
  ) );
#1849 = ORIENTED_EDGE('',*,*,#1850,.F.);
#1850 = EDGE_CURVE('',#1726,#1829,#1851,.T.);
#1851 = SURFACE_CURVE('',#1852,(#1856,#1863),.PCURVE_S1.);
#1852 = LINE('',#1853,#1854);
#1853 = CARTESIAN_POINT('',(-153.,120.2,0.));
#1854 = VECTOR('',#1855,1.);
#1855 = DIRECTION('',(1.,0.,0.));
#1856 = PCURVE('',#653,#1857);
#1857 = DEFINITIONAL_REPRESENTATION('',(#1858),#1862);
#1858 = LINE('',#1859,#1860);
#1859 = CARTESIAN_POINT('',(3.,241.4));
#1860 = VECTOR('',#1861,1.);
#1861 = DIRECTION('',(1.,0.));
#1862 = ( GEOMETRIC_REPRESENTATION_CONTEXT(2) 
PARAMETRIC_REPRESENTATION_CONTEXT() REPRESENTATION_CONTEXT('2D SPACE',''
  ) );
#1863 = PCURVE('',#1346,#1864);
#1864 = DEFINITIONAL_REPRESENTATION('',(#1865),#1869);
#1865 = LINE('',#1866,#1867);
#1866 = CARTESIAN_POINT('',(-0.,0.707106781187));
#1867 = VECTOR('',#1868,1.);
#1868 = DIRECTION('',(-1.,1.211845495834E-34));
#1869 = ( GEOMETRIC_REPRESENTATION_CONTEXT(2) 
PARAMETRIC_REPRESENTATION_CONTEXT() REPRESENTATION_CONTEXT('2D SPACE',''
  ) );
#1870 = ORIENTED_EDGE('',*,*,#1746,.F.);
#1871 = ADVANCED_FACE('',(#1872),#784,.F.);
#1872 = FACE_BOUND('',#1873,.T.);
#1873 = EDGE_LOOP('',(#1874,#1875,#1876,#1899));
#1874 = ORIENTED_EDGE('',*,*,#769,.F.);
#1875 = ORIENTED_EDGE('',*,*,#1777,.T.);
#1876 = ORIENTED_EDGE('',*,*,#1877,.T.);
#1877 = EDGE_CURVE('',#1778,#1878,#1880,.T.);
#1878 = VERTEX_POINT('',#1879);
#1879 = CARTESIAN_POINT('',(-136.,102.2,1.));
#1880 = SURFACE_CURVE('',#1881,(#1885,#1892),.PCURVE_S1.);
#1881 = LINE('',#1882,#1883);
#1882 = CARTESIAN_POINT('',(-56.93333333333,23.133333333333,
    80.066666666667));
#1883 = VECTOR('',#1884,1.);
#1884 = DIRECTION('',(0.57735026919,-0.57735026919,0.57735026919));
#1885 = PCURVE('',#784,#1886);
#1886 = DEFINITIONAL_REPRESENTATION('',(#1887),#1891);
#1887 = LINE('',#1888,#1889);
#1888 = CARTESIAN_POINT('',(-125.3333333333,112.52425911281));
#1889 = VECTOR('',#1890,1.);
#1890 = DIRECTION('',(0.57735026919,0.816496580928));
#1891 = ( GEOMETRIC_REPRESENTATION_CONTEXT(2) 
PARAMETRIC_REPRESENTATION_CONTEXT() REPRESENTATION_CONTEXT('2D SPACE',''
  ) );
#1892 = PCURVE('',#1816,#1893);
#1893 = DEFINITIONAL_REPRESENTATION('',(#1894),#1898);
#1894 = LINE('',#1895,#1896);
#1895 = CARTESIAN_POINT('',(-192.9333333333,112.52425911281));
#1896 = VECTOR('',#1897,1.);
#1897 = DIRECTION('',(0.57735026919,0.816496580928));
#1898 = ( GEOMETRIC_REPRESENTATION_CONTEXT(2) 
PARAMETRIC_REPRESENTATION_CONTEXT() REPRESENTATION_CONTEXT('2D SPACE',''
  ) );
#1899 = ORIENTED_EDGE('',*,*,#1900,.F.);
#1900 = EDGE_CURVE('',#744,#1878,#1901,.T.);
#1901 = SURFACE_CURVE('',#1902,(#1906,#1913),.PCURVE_S1.);
#1902 = LINE('',#1903,#1904);
#1903 = CARTESIAN_POINT('',(-136.,-102.2,1.));
#1904 = VECTOR('',#1905,1.);
#1905 = DIRECTION('',(-0.,1.,0.));
#1906 = PCURVE('',#784,#1907);
#1907 = DEFINITIONAL_REPRESENTATION('',(#1908),#1912);
#1908 = LINE('',#1909,#1910);
#1909 = CARTESIAN_POINT('',(-0.,0.707106781187));
#1910 = VECTOR('',#1911,1.);
#1911 = DIRECTION('',(-1.,0.));
#1912 = ( GEOMETRIC_REPRESENTATION_CONTEXT(2) 
PARAMETRIC_REPRESENTATION_CONTEXT() REPRESENTATION_CONTEXT('2D SPACE',''
  ) );
#1913 = PCURVE('',#758,#1914);
#1914 = DEFINITIONAL_REPRESENTATION('',(#1915),#1919);
#1915 = LINE('',#1916,#1917);
#1916 = CARTESIAN_POINT('',(2.,0.));
#1917 = VECTOR('',#1918,1.);
#1918 = DIRECTION('',(0.,-1.));
#1919 = ( GEOMETRIC_REPRESENTATION_CONTEXT(2) 
PARAMETRIC_REPRESENTATION_CONTEXT() REPRESENTATION_CONTEXT('2D SPACE',''
  ) );
#1920 = ADVANCED_FACE('',(#1921),#758,.T.);
#1921 = FACE_BOUND('',#1922,.T.);
#1922 = EDGE_LOOP('',(#1923,#1924,#1925,#1953));
#1923 = ORIENTED_EDGE('',*,*,#743,.F.);
#1924 = ORIENTED_EDGE('',*,*,#1900,.T.);
#1925 = ORIENTED_EDGE('',*,*,#1926,.T.);
#1926 = EDGE_CURVE('',#1878,#1927,#1929,.T.);
#1927 = VERTEX_POINT('',#1928);
#1928 = CARTESIAN_POINT('',(-136.,102.2,3.2));
#1929 = SURFACE_CURVE('',#1930,(#1934,#1941),.PCURVE_S1.);
#1930 = LINE('',#1931,#1932);
#1931 = CARTESIAN_POINT('',(-136.,102.2,-1.));
#1932 = VECTOR('',#1933,1.);
#1933 = DIRECTION('',(0.,0.,1.));
#1934 = PCURVE('',#758,#1935);
#1935 = DEFINITIONAL_REPRESENTATION('',(#1936),#1940);
#1936 = LINE('',#1937,#1938);
#1937 = CARTESIAN_POINT('',(0.,-204.4));
#1938 = VECTOR('',#1939,1.);
#1939 = DIRECTION('',(1.,0.));
#1940 = ( GEOMETRIC_REPRESENTATION_CONTEXT(2) 
PARAMETRIC_REPRESENTATION_CONTEXT() REPRESENTATION_CONTEXT('2D SPACE',''
  ) );
#1941 = PCURVE('',#1942,#1947);
#1942 = PLANE('',#1943);
#1943 = AXIS2_PLACEMENT_3D('',#1944,#1945,#1946);
#1944 = CARTESIAN_POINT('',(-136.,102.2,-1.));
#1945 = DIRECTION('',(-0.,1.,0.));
#1946 = DIRECTION('',(0.,0.,1.));
#1947 = DEFINITIONAL_REPRESENTATION('',(#1948),#1952);
#1948 = LINE('',#1949,#1950);
#1949 = CARTESIAN_POINT('',(0.,0.));
#1950 = VECTOR('',#1951,1.);
#1951 = DIRECTION('',(1.,0.));
#1952 = ( GEOMETRIC_REPRESENTATION_CONTEXT(2) 
PARAMETRIC_REPRESENTATION_CONTEXT() REPRESENTATION_CONTEXT('2D SPACE',''
  ) );
#1953 = ORIENTED_EDGE('',*,*,#1954,.T.);
#1954 = EDGE_CURVE('',#1927,#718,#1955,.T.);
#1955 = SURFACE_CURVE('',#1956,(#1960,#1966),.PCURVE_S1.);
#1956 = LINE('',#1957,#1958);
#1957 = CARTESIAN_POINT('',(-136.,-103.775,3.2));
#1958 = VECTOR('',#1959,1.);
#1959 = DIRECTION('',(0.,-1.,0.));
#1960 = PCURVE('',#758,#1961);
#1961 = DEFINITIONAL_REPRESENTATION('',(#1962),#1965);
#1962 = B_SPLINE_CURVE_WITH_KNOTS('',1,(#1963,#1964),.UNSPECIFIED.,.F.,
  .F.,(2,2),(-205.975,-1.575),.PIECEWISE_BEZIER_KNOTS.);
#1963 = CARTESIAN_POINT('',(4.2,-204.4));
#1964 = CARTESIAN_POINT('',(4.2,0.));
#1965 = ( GEOMETRIC_REPRESENTATION_CONTEXT(2) 
PARAMETRIC_REPRESENTATION_CONTEXT() REPRESENTATION_CONTEXT('2D SPACE',''
  ) );
#1966 = PCURVE('',#732,#1967);
#1967 = DEFINITIONAL_REPRESENTATION('',(#1968),#1972);
#1968 = LINE('',#1969,#1970);
#1969 = CARTESIAN_POINT('',(12.7,1.575));
#1970 = VECTOR('',#1971,1.);
#1971 = DIRECTION('',(0.,-1.));
#1972 = ( GEOMETRIC_REPRESENTATION_CONTEXT(2) 
PARAMETRIC_REPRESENTATION_CONTEXT() REPRESENTATION_CONTEXT('2D SPACE',''
  ) );
#1973 = ADVANCED_FACE('',(#1974),#732,.T.);
#1974 = FACE_BOUND('',#1975,.T.);
#1975 = EDGE_LOOP('',(#1976,#1999,#2000,#2001,#2024,#2045,#2068,#2091));
#1976 = ORIENTED_EDGE('',*,*,#1977,.F.);
#1977 = EDGE_CURVE('',#692,#1978,#1980,.T.);
#1978 = VERTEX_POINT('',#1979);
#1979 = CARTESIAN_POINT('',(-153.2,84.,3.2));
#1980 = SURFACE_CURVE('',#1981,(#1985,#1992),.PCURVE_S1.);
#1981 = LINE('',#1982,#1983);
#1982 = CARTESIAN_POINT('',(-153.2,-84.,3.2));
#1983 = VECTOR('',#1984,1.);
#1984 = DIRECTION('',(-0.,1.,0.));
#1985 = PCURVE('',#732,#1986);
#1986 = DEFINITIONAL_REPRESENTATION('',(#1987),#1991);
#1987 = LINE('',#1988,#1989);
#1988 = CARTESIAN_POINT('',(-4.5,21.35));
#1989 = VECTOR('',#1990,1.);
#1990 = DIRECTION('',(0.,1.));
#1991 = ( GEOMETRIC_REPRESENTATION_CONTEXT(2) 
PARAMETRIC_REPRESENTATION_CONTEXT() REPRESENTATION_CONTEXT('2D SPACE',''
  ) );
#1992 = PCURVE('',#706,#1993);
#1993 = DEFINITIONAL_REPRESENTATION('',(#1994),#1998);
#1994 = LINE('',#1995,#1996);
#1995 = CARTESIAN_POINT('',(0.,0.));
#1996 = VECTOR('',#1997,1.);
#1997 = DIRECTION('',(0.,-1.));
#1998 = ( GEOMETRIC_REPRESENTATION_CONTEXT(2) 
PARAMETRIC_REPRESENTATION_CONTEXT() REPRESENTATION_CONTEXT('2D SPACE',''
  ) );
#1999 = ORIENTED_EDGE('',*,*,#717,.F.);
#2000 = ORIENTED_EDGE('',*,*,#1954,.F.);
#2001 = ORIENTED_EDGE('',*,*,#2002,.T.);
#2002 = EDGE_CURVE('',#1927,#2003,#2005,.T.);
#2003 = VERTEX_POINT('',#2004);
#2004 = CARTESIAN_POINT('',(16.,102.2,3.2));
#2005 = SURFACE_CURVE('',#2006,(#2010,#2017),.PCURVE_S1.);
#2006 = LINE('',#2007,#2008);
#2007 = CARTESIAN_POINT('',(-136.,102.2,3.2));
#2008 = VECTOR('',#2009,1.);
#2009 = DIRECTION('',(1.,9.349246523159E-17,0.));
#2010 = PCURVE('',#732,#2011);
#2011 = DEFINITIONAL_REPRESENTATION('',(#2012),#2016);
#2012 = LINE('',#2013,#2014);
#2013 = CARTESIAN_POINT('',(12.7,207.55));
#2014 = VECTOR('',#2015,1.);
#2015 = DIRECTION('',(1.,9.349246523159E-17));
#2016 = ( GEOMETRIC_REPRESENTATION_CONTEXT(2) 
PARAMETRIC_REPRESENTATION_CONTEXT() REPRESENTATION_CONTEXT('2D SPACE',''
  ) );
#2017 = PCURVE('',#1942,#2018);
#2018 = DEFINITIONAL_REPRESENTATION('',(#2019),#2023);
#2019 = LINE('',#2020,#2021);
#2020 = CARTESIAN_POINT('',(4.2,0.));
#2021 = VECTOR('',#2022,1.);
#2022 = DIRECTION('',(0.,1.));
#2023 = ( GEOMETRIC_REPRESENTATION_CONTEXT(2) 
PARAMETRIC_REPRESENTATION_CONTEXT() REPRESENTATION_CONTEXT('2D SPACE',''
  ) );
#2024 = ORIENTED_EDGE('',*,*,#2025,.T.);
#2025 = EDGE_CURVE('',#2003,#2026,#2028,.T.);
#2026 = VERTEX_POINT('',#2027);
#2027 = CARTESIAN_POINT('',(16.,105.35,3.2));
#2028 = SURFACE_CURVE('',#2029,(#2033,#2039),.PCURVE_S1.);
#2029 = LINE('',#2030,#2031);
#2030 = CARTESIAN_POINT('',(16.,-62.675,3.2));
#2031 = VECTOR('',#2032,1.);
#2032 = DIRECTION('',(-0.,1.,0.));
#2033 = PCURVE('',#732,#2034);
#2034 = DEFINITIONAL_REPRESENTATION('',(#2035),#2038);
#2035 = B_SPLINE_CURVE_WITH_KNOTS('',1,(#2036,#2037),.UNSPECIFIED.,.F.,
  .F.,(2,2),(42.675,168.025),.PIECEWISE_BEZIER_KNOTS.);
#2036 = CARTESIAN_POINT('',(164.7,85.35));
#2037 = CARTESIAN_POINT('',(164.7,210.7));
#2038 = ( GEOMETRIC_REPRESENTATION_CONTEXT(2) 
PARAMETRIC_REPRESENTATION_CONTEXT() REPRESENTATION_CONTEXT('2D SPACE',''
  ) );
#2039 = PCURVE('',#1321,#2040);
#2040 = DEFINITIONAL_REPRESENTATION('',(#2041),#2044);
#2041 = B_SPLINE_CURVE_WITH_KNOTS('',1,(#2042,#2043),.UNSPECIFIED.,.F.,
  .F.,(2,2),(42.675,168.025),.PIECEWISE_BEZIER_KNOTS.);
#2042 = CARTESIAN_POINT('',(4.2,0.));
#2043 = CARTESIAN_POINT('',(4.2,-125.35));
#2044 = ( GEOMETRIC_REPRESENTATION_CONTEXT(2) 
PARAMETRIC_REPRESENTATION_CONTEXT() REPRESENTATION_CONTEXT('2D SPACE',''
  ) );
#2045 = ORIENTED_EDGE('',*,*,#2046,.T.);
#2046 = EDGE_CURVE('',#2026,#2047,#2049,.T.);
#2047 = VERTEX_POINT('',#2048);
#2048 = CARTESIAN_POINT('',(-148.7,105.35,3.2));
#2049 = SURFACE_CURVE('',#2050,(#2054,#2061),.PCURVE_S1.);
#2050 = LINE('',#2051,#2052);
#2051 = CARTESIAN_POINT('',(16.,105.35,3.2));
#2052 = VECTOR('',#2053,1.);
#2053 = DIRECTION('',(-1.,0.,0.));
#2054 = PCURVE('',#732,#2055);
#2055 = DEFINITIONAL_REPRESENTATION('',(#2056),#2060);
#2056 = LINE('',#2057,#2058);
#2057 = CARTESIAN_POINT('',(164.7,210.7));
#2058 = VECTOR('',#2059,1.);
#2059 = DIRECTION('',(-1.,0.));
#2060 = ( GEOMETRIC_REPRESENTATION_CONTEXT(2) 
PARAMETRIC_REPRESENTATION_CONTEXT() REPRESENTATION_CONTEXT('2D SPACE',''
  ) );
#2061 = PCURVE('',#1108,#2062);
#2062 = DEFINITIONAL_REPRESENTATION('',(#2063),#2067);
#2063 = LINE('',#2064,#2065);
#2064 = CARTESIAN_POINT('',(0.,164.7));
#2065 = VECTOR('',#2066,1.);
#2066 = DIRECTION('',(0.,-1.));
#2067 = ( GEOMETRIC_REPRESENTATION_CONTEXT(2) 
PARAMETRIC_REPRESENTATION_CONTEXT() REPRESENTATION_CONTEXT('2D SPACE',''
  ) );
#2068 = ORIENTED_EDGE('',*,*,#2069,.F.);
#2069 = EDGE_CURVE('',#2070,#2047,#2072,.T.);
#2070 = VERTEX_POINT('',#2071);
#2071 = CARTESIAN_POINT('',(-148.7,84.,3.2));
#2072 = SURFACE_CURVE('',#2073,(#2077,#2084),.PCURVE_S1.);
#2073 = LINE('',#2074,#2075);
#2074 = CARTESIAN_POINT('',(-148.7,-105.35,3.2));
#2075 = VECTOR('',#2076,1.);
#2076 = DIRECTION('',(-0.,1.,0.));
#2077 = PCURVE('',#732,#2078);
#2078 = DEFINITIONAL_REPRESENTATION('',(#2079),#2083);
#2079 = LINE('',#2080,#2081);
#2080 = CARTESIAN_POINT('',(0.,0.));
#2081 = VECTOR('',#2082,1.);
#2082 = DIRECTION('',(0.,1.));
#2083 = ( GEOMETRIC_REPRESENTATION_CONTEXT(2) 
PARAMETRIC_REPRESENTATION_CONTEXT() REPRESENTATION_CONTEXT('2D SPACE',''
  ) );
#2084 = PCURVE('',#1081,#2085);
#2085 = DEFINITIONAL_REPRESENTATION('',(#2086),#2090);
#2086 = LINE('',#2087,#2088);
#2087 = CARTESIAN_POINT('',(0.,0.));
#2088 = VECTOR('',#2089,1.);
#2089 = DIRECTION('',(0.,-1.));
#2090 = ( GEOMETRIC_REPRESENTATION_CONTEXT(2) 
PARAMETRIC_REPRESENTATION_CONTEXT() REPRESENTATION_CONTEXT('2D SPACE',''
  ) );
#2091 = ORIENTED_EDGE('',*,*,#2092,.F.);
#2092 = EDGE_CURVE('',#1978,#2070,#2093,.T.);
#2093 = SURFACE_CURVE('',#2094,(#2098,#2105),.PCURVE_S1.);
#2094 = LINE('',#2095,#2096);
#2095 = CARTESIAN_POINT('',(-153.2,84.,3.2));
#2096 = VECTOR('',#2097,1.);
#2097 = DIRECTION('',(1.,0.,-0.));
#2098 = PCURVE('',#732,#2099);
#2099 = DEFINITIONAL_REPRESENTATION('',(#2100),#2104);
#2100 = LINE('',#2101,#2102);
#2101 = CARTESIAN_POINT('',(-4.5,189.35));
#2102 = VECTOR('',#2103,1.);
#2103 = DIRECTION('',(1.,0.));
#2104 = ( GEOMETRIC_REPRESENTATION_CONTEXT(2) 
PARAMETRIC_REPRESENTATION_CONTEXT() REPRESENTATION_CONTEXT('2D SPACE',''
  ) );
#2105 = PCURVE('',#1054,#2106);
#2106 = DEFINITIONAL_REPRESENTATION('',(#2107),#2111);
#2107 = LINE('',#2108,#2109);
#2108 = CARTESIAN_POINT('',(0.,0.));
#2109 = VECTOR('',#2110,1.);
#2110 = DIRECTION('',(0.,1.));
#2111 = ( GEOMETRIC_REPRESENTATION_CONTEXT(2) 
PARAMETRIC_REPRESENTATION_CONTEXT() REPRESENTATION_CONTEXT('2D SPACE',''
  ) );
#2112 = ADVANCED_FACE('',(#2113),#706,.T.);
#2113 = FACE_BOUND('',#2114,.T.);
#2114 = EDGE_LOOP('',(#2115,#2116,#2117,#2138,#2139,#2140));
#2115 = ORIENTED_EDGE('',*,*,#691,.F.);
#2116 = ORIENTED_EDGE('',*,*,#1977,.T.);
#2117 = ORIENTED_EDGE('',*,*,#2118,.T.);
#2118 = EDGE_CURVE('',#1978,#1017,#2119,.T.);
#2119 = SURFACE_CURVE('',#2120,(#2124,#2131),.PCURVE_S1.);
#2120 = LINE('',#2121,#2122);
#2121 = CARTESIAN_POINT('',(-153.2,84.,3.2));
#2122 = VECTOR('',#2123,1.);
#2123 = DIRECTION('',(0.,0.,1.));
#2124 = PCURVE('',#706,#2125);
#2125 = DEFINITIONAL_REPRESENTATION('',(#2126),#2130);
#2126 = LINE('',#2127,#2128);
#2127 = CARTESIAN_POINT('',(0.,-168.));
#2128 = VECTOR('',#2129,1.);
#2129 = DIRECTION('',(1.,0.));
#2130 = ( GEOMETRIC_REPRESENTATION_CONTEXT(2) 
PARAMETRIC_REPRESENTATION_CONTEXT() REPRESENTATION_CONTEXT('2D SPACE',''
  ) );
#2131 = PCURVE('',#1054,#2132);
#2132 = DEFINITIONAL_REPRESENTATION('',(#2133),#2137);
#2133 = LINE('',#2134,#2135);
#2134 = CARTESIAN_POINT('',(0.,0.));
#2135 = VECTOR('',#2136,1.);
#2136 = DIRECTION('',(1.,0.));
#2137 = ( GEOMETRIC_REPRESENTATION_CONTEXT(2) 
PARAMETRIC_REPRESENTATION_CONTEXT() REPRESENTATION_CONTEXT('2D SPACE',''
  ) );
#2138 = ORIENTED_EDGE('',*,*,#1016,.F.);
#2139 = ORIENTED_EDGE('',*,*,#1231,.F.);
#2140 = ORIENTED_EDGE('',*,*,#846,.F.);
#2141 = ADVANCED_FACE('',(#2142),#1156,.F.);
#2142 = FACE_BOUND('',#2143,.F.);
#2143 = EDGE_LOOP('',(#2144,#2145,#2146,#2168));
#2144 = ORIENTED_EDGE('',*,*,#1141,.F.);
#2145 = ORIENTED_EDGE('',*,*,#1602,.F.);
#2146 = ORIENTED_EDGE('',*,*,#2147,.T.);
#2147 = EDGE_CURVE('',#1603,#1624,#2148,.T.);
#2148 = SURFACE_CURVE('',#2149,(#2154,#2161),.PCURVE_S1.);
#2149 = CIRCLE('',#2150,1.4);
#2150 = AXIS2_PLACEMENT_3D('',#2151,#2152,#2153);
#2151 = CARTESIAN_POINT('',(0.,111.5,30.));
#2152 = DIRECTION('',(0.,0.,1.));
#2153 = DIRECTION('',(1.,0.,-0.));
#2154 = PCURVE('',#1156,#2155);
#2155 = DEFINITIONAL_REPRESENTATION('',(#2156),#2160);
#2156 = LINE('',#2157,#2158);
#2157 = CARTESIAN_POINT('',(0.,0.));
#2158 = VECTOR('',#2159,1.);
#2159 = DIRECTION('',(1.,0.));
#2160 = ( GEOMETRIC_REPRESENTATION_CONTEXT(2) 
PARAMETRIC_REPRESENTATION_CONTEXT() REPRESENTATION_CONTEXT('2D SPACE',''
  ) );
#2161 = PCURVE('',#1638,#2162);
#2162 = DEFINITIONAL_REPRESENTATION('',(#2163),#2167);
#2163 = CIRCLE('',#2164,1.4);
#2164 = AXIS2_PLACEMENT_2D('',#2165,#2166);
#2165 = CARTESIAN_POINT('',(0.,0.));
#2166 = DIRECTION('',(1.,0.));
#2167 = ( GEOMETRIC_REPRESENTATION_CONTEXT(2) 
PARAMETRIC_REPRESENTATION_CONTEXT() REPRESENTATION_CONTEXT('2D SPACE',''
  ) );
#2168 = ORIENTED_EDGE('',*,*,#1649,.T.);
#2169 = ADVANCED_FACE('',(#2170,#2238,#2328),#1108,.F.);
#2170 = FACE_BOUND('',#2171,.F.);
#2171 = EDGE_LOOP('',(#2172,#2173,#2195,#2215,#2216,#2237));
#2172 = ORIENTED_EDGE('',*,*,#1669,.T.);
#2173 = ORIENTED_EDGE('',*,*,#2174,.T.);
#2174 = EDGE_CURVE('',#1670,#2175,#2177,.T.);
#2175 = VERTEX_POINT('',#2176);
#2176 = CARTESIAN_POINT('',(16.,105.35,22.));
#2177 = SURFACE_CURVE('',#2178,(#2182,#2189),.PCURVE_S1.);
#2178 = LINE('',#2179,#2180);
#2179 = CARTESIAN_POINT('',(-74.35,105.35,22.));
#2180 = VECTOR('',#2181,1.);
#2181 = DIRECTION('',(1.,0.,-0.));
#2182 = PCURVE('',#1108,#2183);
#2183 = DEFINITIONAL_REPRESENTATION('',(#2184),#2188);
#2184 = LINE('',#2185,#2186);
#2185 = CARTESIAN_POINT('',(18.8,74.35));
#2186 = VECTOR('',#2187,1.);
#2187 = DIRECTION('',(0.,1.));
#2188 = ( GEOMETRIC_REPRESENTATION_CONTEXT(2) 
PARAMETRIC_REPRESENTATION_CONTEXT() REPRESENTATION_CONTEXT('2D SPACE',''
  ) );
#2189 = PCURVE('',#1294,#2190);
#2190 = DEFINITIONAL_REPRESENTATION('',(#2191),#2194);
#2191 = B_SPLINE_CURVE_WITH_KNOTS('',1,(#2192,#2193),.UNSPECIFIED.,.F.,
  .F.,(2,2),(74.35,90.35),.PIECEWISE_BEZIER_KNOTS.);
#2192 = CARTESIAN_POINT('',(0.,125.35));
#2193 = CARTESIAN_POINT('',(16.,125.35));
#2194 = ( GEOMETRIC_REPRESENTATION_CONTEXT(2) 
PARAMETRIC_REPRESENTATION_CONTEXT() REPRESENTATION_CONTEXT('2D SPACE',''
  ) );
#2195 = ORIENTED_EDGE('',*,*,#2196,.T.);
#2196 = EDGE_CURVE('',#2175,#2026,#2197,.T.);
#2197 = SURFACE_CURVE('',#2198,(#2202,#2209),.PCURVE_S1.);
#2198 = LINE('',#2199,#2200);
#2199 = CARTESIAN_POINT('',(16.,105.35,1.1));
#2200 = VECTOR('',#2201,1.);
#2201 = DIRECTION('',(-0.,0.,-1.));
#2202 = PCURVE('',#1108,#2203);
#2203 = DEFINITIONAL_REPRESENTATION('',(#2204),#2208);
#2204 = LINE('',#2205,#2206);
#2205 = CARTESIAN_POINT('',(-2.1,164.7));
#2206 = VECTOR('',#2207,1.);
#2207 = DIRECTION('',(-1.,0.));
#2208 = ( GEOMETRIC_REPRESENTATION_CONTEXT(2) 
PARAMETRIC_REPRESENTATION_CONTEXT() REPRESENTATION_CONTEXT('2D SPACE',''
  ) );
#2209 = PCURVE('',#1321,#2210);
#2210 = DEFINITIONAL_REPRESENTATION('',(#2211),#2214);
#2211 = B_SPLINE_CURVE_WITH_KNOTS('',1,(#2212,#2213),.UNSPECIFIED.,.F.,
  .F.,(2,2),(-20.9,-2.1),.PIECEWISE_BEZIER_KNOTS.);
#2212 = CARTESIAN_POINT('',(23.,-125.35));
#2213 = CARTESIAN_POINT('',(4.2,-125.35));
#2214 = ( GEOMETRIC_REPRESENTATION_CONTEXT(2) 
PARAMETRIC_REPRESENTATION_CONTEXT() REPRESENTATION_CONTEXT('2D SPACE',''
  ) );
#2215 = ORIENTED_EDGE('',*,*,#2046,.T.);
#2216 = ORIENTED_EDGE('',*,*,#2217,.T.);
#2217 = EDGE_CURVE('',#2047,#1066,#2218,.T.);
#2218 = SURFACE_CURVE('',#2219,(#2223,#2230),.PCURVE_S1.);
#2219 = LINE('',#2220,#2221);
#2220 = CARTESIAN_POINT('',(-148.7,105.35,3.2));
#2221 = VECTOR('',#2222,1.);
#2222 = DIRECTION('',(0.,0.,1.));
#2223 = PCURVE('',#1108,#2224);
#2224 = DEFINITIONAL_REPRESENTATION('',(#2225),#2229);
#2225 = LINE('',#2226,#2227);
#2226 = CARTESIAN_POINT('',(0.,0.));
#2227 = VECTOR('',#2228,1.);
#2228 = DIRECTION('',(1.,0.));
#2229 = ( GEOMETRIC_REPRESENTATION_CONTEXT(2) 
PARAMETRIC_REPRESENTATION_CONTEXT() REPRESENTATION_CONTEXT('2D SPACE',''
  ) );
#2230 = PCURVE('',#1081,#2231);
#2231 = DEFINITIONAL_REPRESENTATION('',(#2232),#2236);
#2232 = LINE('',#2233,#2234);
#2233 = CARTESIAN_POINT('',(0.,-210.7));
#2234 = VECTOR('',#2235,1.);
#2235 = DIRECTION('',(1.,0.));
#2236 = ( GEOMETRIC_REPRESENTATION_CONTEXT(2) 
PARAMETRIC_REPRESENTATION_CONTEXT() REPRESENTATION_CONTEXT('2D SPACE',''
  ) );
#2237 = ORIENTED_EDGE('',*,*,#1092,.T.);
#2238 = FACE_BOUND('',#2239,.F.);
#2239 = EDGE_LOOP('',(#2240,#2264,#2286,#2308));
#2240 = ORIENTED_EDGE('',*,*,#2241,.F.);
#2241 = EDGE_CURVE('',#2242,#2244,#2246,.T.);
#2242 = VERTEX_POINT('',#2243);
#2243 = CARTESIAN_POINT('',(-65.,105.35,39.6));
#2244 = VERTEX_POINT('',#2245);
#2245 = CARTESIAN_POINT('',(-45.,105.35,39.6));
#2246 = SURFACE_CURVE('',#2247,(#2251,#2258),.PCURVE_S1.);
#2247 = LINE('',#2248,#2249);
#2248 = CARTESIAN_POINT('',(-106.85,105.35,39.6));
#2249 = VECTOR('',#2250,1.);
#2250 = DIRECTION('',(1.,0.,-0.));
#2251 = PCURVE('',#1108,#2252);
#2252 = DEFINITIONAL_REPRESENTATION('',(#2253),#2257);
#2253 = LINE('',#2254,#2255);
#2254 = CARTESIAN_POINT('',(36.4,41.85));
#2255 = VECTOR('',#2256,1.);
#2256 = DIRECTION('',(0.,1.));
#2257 = ( GEOMETRIC_REPRESENTATION_CONTEXT(2) 
PARAMETRIC_REPRESENTATION_CONTEXT() REPRESENTATION_CONTEXT('2D SPACE',''
  ) );
#2258 = PCURVE('',#1378,#2259);
#2259 = DEFINITIONAL_REPRESENTATION('',(#2260),#2263);
#2260 = B_SPLINE_CURVE_WITH_KNOTS('',1,(#2261,#2262),.UNSPECIFIED.,.F.,
  .F.,(2,2),(41.85,61.85),.PIECEWISE_BEZIER_KNOTS.);
#2261 = CARTESIAN_POINT('',(0.,7.15));
#2262 = CARTESIAN_POINT('',(20.,7.15));
#2263 = ( GEOMETRIC_REPRESENTATION_CONTEXT(2) 
PARAMETRIC_REPRESENTATION_CONTEXT() REPRESENTATION_CONTEXT('2D SPACE',''
  ) );
#2264 = ORIENTED_EDGE('',*,*,#2265,.T.);
#2265 = EDGE_CURVE('',#2242,#2266,#2268,.T.);
#2266 = VERTEX_POINT('',#2267);
#2267 = CARTESIAN_POINT('',(-65.,105.35,34.6));
#2268 = SURFACE_CURVE('',#2269,(#2273,#2280),.PCURVE_S1.);
#2269 = LINE('',#2270,#2271);
#2270 = CARTESIAN_POINT('',(-65.,105.35,18.9));
#2271 = VECTOR('',#2272,1.);
#2272 = DIRECTION('',(-0.,0.,-1.));
#2273 = PCURVE('',#1108,#2274);
#2274 = DEFINITIONAL_REPRESENTATION('',(#2275),#2279);
#2275 = LINE('',#2276,#2277);
#2276 = CARTESIAN_POINT('',(15.7,83.7));
#2277 = VECTOR('',#2278,1.);
#2278 = DIRECTION('',(-1.,0.));
#2279 = ( GEOMETRIC_REPRESENTATION_CONTEXT(2) 
PARAMETRIC_REPRESENTATION_CONTEXT() REPRESENTATION_CONTEXT('2D SPACE',''
  ) );
#2280 = PCURVE('',#1405,#2281);
#2281 = DEFINITIONAL_REPRESENTATION('',(#2282),#2285);
#2282 = B_SPLINE_CURVE_WITH_KNOTS('',1,(#2283,#2284),.UNSPECIFIED.,.F.,
  .F.,(2,2),(-20.7,-15.7),.PIECEWISE_BEZIER_KNOTS.);
#2283 = CARTESIAN_POINT('',(5.,-7.15));
#2284 = CARTESIAN_POINT('',(0.,-7.15));
#2285 = ( GEOMETRIC_REPRESENTATION_CONTEXT(2) 
PARAMETRIC_REPRESENTATION_CONTEXT() REPRESENTATION_CONTEXT('2D SPACE',''
  ) );
#2286 = ORIENTED_EDGE('',*,*,#2287,.T.);
#2287 = EDGE_CURVE('',#2266,#2288,#2290,.T.);
#2288 = VERTEX_POINT('',#2289);
#2289 = CARTESIAN_POINT('',(-45.,105.35,34.6));
#2290 = SURFACE_CURVE('',#2291,(#2295,#2302),.PCURVE_S1.);
#2291 = LINE('',#2292,#2293);
#2292 = CARTESIAN_POINT('',(-106.85,105.35,34.6));
#2293 = VECTOR('',#2294,1.);
#2294 = DIRECTION('',(1.,0.,-0.));
#2295 = PCURVE('',#1108,#2296);
#2296 = DEFINITIONAL_REPRESENTATION('',(#2297),#2301);
#2297 = LINE('',#2298,#2299);
#2298 = CARTESIAN_POINT('',(31.4,41.85));
#2299 = VECTOR('',#2300,1.);
#2300 = DIRECTION('',(0.,1.));
#2301 = ( GEOMETRIC_REPRESENTATION_CONTEXT(2) 
PARAMETRIC_REPRESENTATION_CONTEXT() REPRESENTATION_CONTEXT('2D SPACE',''
  ) );
#2302 = PCURVE('',#1432,#2303);
#2303 = DEFINITIONAL_REPRESENTATION('',(#2304),#2307);
#2304 = B_SPLINE_CURVE_WITH_KNOTS('',1,(#2305,#2306),.UNSPECIFIED.,.F.,
  .F.,(2,2),(41.85,61.85),.PIECEWISE_BEZIER_KNOTS.);
#2305 = CARTESIAN_POINT('',(0.,7.15));
#2306 = CARTESIAN_POINT('',(20.,7.15));
#2307 = ( GEOMETRIC_REPRESENTATION_CONTEXT(2) 
PARAMETRIC_REPRESENTATION_CONTEXT() REPRESENTATION_CONTEXT('2D SPACE',''
  ) );
#2308 = ORIENTED_EDGE('',*,*,#2309,.F.);
#2309 = EDGE_CURVE('',#2244,#2288,#2310,.T.);
#2310 = SURFACE_CURVE('',#2311,(#2315,#2322),.PCURVE_S1.);
#2311 = LINE('',#2312,#2313);
#2312 = CARTESIAN_POINT('',(-45.,105.35,18.9));
#2313 = VECTOR('',#2314,1.);
#2314 = DIRECTION('',(-0.,0.,-1.));
#2315 = PCURVE('',#1108,#2316);
#2316 = DEFINITIONAL_REPRESENTATION('',(#2317),#2321);
#2317 = LINE('',#2318,#2319);
#2318 = CARTESIAN_POINT('',(15.7,103.7));
#2319 = VECTOR('',#2320,1.);
#2320 = DIRECTION('',(-1.,0.));
#2321 = ( GEOMETRIC_REPRESENTATION_CONTEXT(2) 
PARAMETRIC_REPRESENTATION_CONTEXT() REPRESENTATION_CONTEXT('2D SPACE',''
  ) );
#2322 = PCURVE('',#1457,#2323);
#2323 = DEFINITIONAL_REPRESENTATION('',(#2324),#2327);
#2324 = B_SPLINE_CURVE_WITH_KNOTS('',1,(#2325,#2326),.UNSPECIFIED.,.F.,
  .F.,(2,2),(-20.7,-15.7),.PIECEWISE_BEZIER_KNOTS.);
#2325 = CARTESIAN_POINT('',(5.,-7.15));
#2326 = CARTESIAN_POINT('',(0.,-7.15));
#2327 = ( GEOMETRIC_REPRESENTATION_CONTEXT(2) 
PARAMETRIC_REPRESENTATION_CONTEXT() REPRESENTATION_CONTEXT('2D SPACE',''
  ) );
#2328 = FACE_BOUND('',#2329,.F.);
#2329 = EDGE_LOOP('',(#2330,#2354,#2376,#2398));
#2330 = ORIENTED_EDGE('',*,*,#2331,.F.);
#2331 = EDGE_CURVE('',#2332,#2334,#2336,.T.);
#2332 = VERTEX_POINT('',#2333);
#2333 = CARTESIAN_POINT('',(-35.,105.35,39.6));
#2334 = VERTEX_POINT('',#2335);
#2335 = CARTESIAN_POINT('',(-15.,105.35,39.6));
#2336 = SURFACE_CURVE('',#2337,(#2341,#2348),.PCURVE_S1.);
#2337 = LINE('',#2338,#2339);
#2338 = CARTESIAN_POINT('',(-91.85,105.35,39.6));
#2339 = VECTOR('',#2340,1.);
#2340 = DIRECTION('',(1.,0.,-0.));
#2341 = PCURVE('',#1108,#2342);
#2342 = DEFINITIONAL_REPRESENTATION('',(#2343),#2347);
#2343 = LINE('',#2344,#2345);
#2344 = CARTESIAN_POINT('',(36.4,56.85));
#2345 = VECTOR('',#2346,1.);
#2346 = DIRECTION('',(0.,1.));
#2347 = ( GEOMETRIC_REPRESENTATION_CONTEXT(2) 
PARAMETRIC_REPRESENTATION_CONTEXT() REPRESENTATION_CONTEXT('2D SPACE',''
  ) );
#2348 = PCURVE('',#1488,#2349);
#2349 = DEFINITIONAL_REPRESENTATION('',(#2350),#2353);
#2350 = B_SPLINE_CURVE_WITH_KNOTS('',1,(#2351,#2352),.UNSPECIFIED.,.F.,
  .F.,(2,2),(56.85,76.85),.PIECEWISE_BEZIER_KNOTS.);
#2351 = CARTESIAN_POINT('',(0.,7.15));
#2352 = CARTESIAN_POINT('',(20.,7.15));
#2353 = ( GEOMETRIC_REPRESENTATION_CONTEXT(2) 
PARAMETRIC_REPRESENTATION_CONTEXT() REPRESENTATION_CONTEXT('2D SPACE',''
  ) );
#2354 = ORIENTED_EDGE('',*,*,#2355,.T.);
#2355 = EDGE_CURVE('',#2332,#2356,#2358,.T.);
#2356 = VERTEX_POINT('',#2357);
#2357 = CARTESIAN_POINT('',(-35.,105.35,34.6));
#2358 = SURFACE_CURVE('',#2359,(#2363,#2370),.PCURVE_S1.);
#2359 = LINE('',#2360,#2361);
#2360 = CARTESIAN_POINT('',(-35.,105.35,18.9));
#2361 = VECTOR('',#2362,1.);
#2362 = DIRECTION('',(-0.,0.,-1.));
#2363 = PCURVE('',#1108,#2364);
#2364 = DEFINITIONAL_REPRESENTATION('',(#2365),#2369);
#2365 = LINE('',#2366,#2367);
#2366 = CARTESIAN_POINT('',(15.7,113.7));
#2367 = VECTOR('',#2368,1.);
#2368 = DIRECTION('',(-1.,0.));
#2369 = ( GEOMETRIC_REPRESENTATION_CONTEXT(2) 
PARAMETRIC_REPRESENTATION_CONTEXT() REPRESENTATION_CONTEXT('2D SPACE',''
  ) );
#2370 = PCURVE('',#1515,#2371);
#2371 = DEFINITIONAL_REPRESENTATION('',(#2372),#2375);
#2372 = B_SPLINE_CURVE_WITH_KNOTS('',1,(#2373,#2374),.UNSPECIFIED.,.F.,
  .F.,(2,2),(-20.7,-15.7),.PIECEWISE_BEZIER_KNOTS.);
#2373 = CARTESIAN_POINT('',(5.,-7.15));
#2374 = CARTESIAN_POINT('',(0.,-7.15));
#2375 = ( GEOMETRIC_REPRESENTATION_CONTEXT(2) 
PARAMETRIC_REPRESENTATION_CONTEXT() REPRESENTATION_CONTEXT('2D SPACE',''
  ) );
#2376 = ORIENTED_EDGE('',*,*,#2377,.T.);
#2377 = EDGE_CURVE('',#2356,#2378,#2380,.T.);
#2378 = VERTEX_POINT('',#2379);
#2379 = CARTESIAN_POINT('',(-15.,105.35,34.6));
#2380 = SURFACE_CURVE('',#2381,(#2385,#2392),.PCURVE_S1.);
#2381 = LINE('',#2382,#2383);
#2382 = CARTESIAN_POINT('',(-91.85,105.35,34.6));
#2383 = VECTOR('',#2384,1.);
#2384 = DIRECTION('',(1.,0.,-0.));
#2385 = PCURVE('',#1108,#2386);
#2386 = DEFINITIONAL_REPRESENTATION('',(#2387),#2391);
#2387 = LINE('',#2388,#2389);
#2388 = CARTESIAN_POINT('',(31.4,56.85));
#2389 = VECTOR('',#2390,1.);
#2390 = DIRECTION('',(0.,1.));
#2391 = ( GEOMETRIC_REPRESENTATION_CONTEXT(2) 
PARAMETRIC_REPRESENTATION_CONTEXT() REPRESENTATION_CONTEXT('2D SPACE',''
  ) );
#2392 = PCURVE('',#1542,#2393);
#2393 = DEFINITIONAL_REPRESENTATION('',(#2394),#2397);
#2394 = B_SPLINE_CURVE_WITH_KNOTS('',1,(#2395,#2396),.UNSPECIFIED.,.F.,
  .F.,(2,2),(56.85,76.85),.PIECEWISE_BEZIER_KNOTS.);
#2395 = CARTESIAN_POINT('',(0.,7.15));
#2396 = CARTESIAN_POINT('',(20.,7.15));
#2397 = ( GEOMETRIC_REPRESENTATION_CONTEXT(2) 
PARAMETRIC_REPRESENTATION_CONTEXT() REPRESENTATION_CONTEXT('2D SPACE',''
  ) );
#2398 = ORIENTED_EDGE('',*,*,#2399,.F.);
#2399 = EDGE_CURVE('',#2334,#2378,#2400,.T.);
#2400 = SURFACE_CURVE('',#2401,(#2405,#2412),.PCURVE_S1.);
#2401 = LINE('',#2402,#2403);
#2402 = CARTESIAN_POINT('',(-15.,105.35,18.9));
#2403 = VECTOR('',#2404,1.);
#2404 = DIRECTION('',(-0.,0.,-1.));
#2405 = PCURVE('',#1108,#2406);
#2406 = DEFINITIONAL_REPRESENTATION('',(#2407),#2411);
#2407 = LINE('',#2408,#2409);
#2408 = CARTESIAN_POINT('',(15.7,133.7));
#2409 = VECTOR('',#2410,1.);
#2410 = DIRECTION('',(-1.,0.));
#2411 = ( GEOMETRIC_REPRESENTATION_CONTEXT(2) 
PARAMETRIC_REPRESENTATION_CONTEXT() REPRESENTATION_CONTEXT('2D SPACE',''
  ) );
#2412 = PCURVE('',#1567,#2413);
#2413 = DEFINITIONAL_REPRESENTATION('',(#2414),#2417);
#2414 = B_SPLINE_CURVE_WITH_KNOTS('',1,(#2415,#2416),.UNSPECIFIED.,.F.,
  .F.,(2,2),(-20.7,-15.7),.PIECEWISE_BEZIER_KNOTS.);
#2415 = CARTESIAN_POINT('',(5.,-7.15));
#2416 = CARTESIAN_POINT('',(0.,-7.15));
#2417 = ( GEOMETRIC_REPRESENTATION_CONTEXT(2) 
PARAMETRIC_REPRESENTATION_CONTEXT() REPRESENTATION_CONTEXT('2D SPACE',''
  ) );
#2418 = ADVANCED_FACE('',(#2419),#1081,.T.);
#2419 = FACE_BOUND('',#2420,.T.);
#2420 = EDGE_LOOP('',(#2421,#2440,#2441,#2442));
#2421 = ORIENTED_EDGE('',*,*,#2422,.F.);
#2422 = EDGE_CURVE('',#2070,#1039,#2423,.T.);
#2423 = SURFACE_CURVE('',#2424,(#2428,#2434),.PCURVE_S1.);
#2424 = LINE('',#2425,#2426);
#2425 = CARTESIAN_POINT('',(-148.7,84.,3.2));
#2426 = VECTOR('',#2427,1.);
#2427 = DIRECTION('',(0.,0.,1.));
#2428 = PCURVE('',#1081,#2429);
#2429 = DEFINITIONAL_REPRESENTATION('',(#2430),#2433);
#2430 = B_SPLINE_CURVE_WITH_KNOTS('',1,(#2431,#2432),.UNSPECIFIED.,.F.,
  .F.,(2,2),(0.,38.8),.PIECEWISE_BEZIER_KNOTS.);
#2431 = CARTESIAN_POINT('',(0.,-189.35));
#2432 = CARTESIAN_POINT('',(38.8,-189.35));
#2433 = ( GEOMETRIC_REPRESENTATION_CONTEXT(2) 
PARAMETRIC_REPRESENTATION_CONTEXT() REPRESENTATION_CONTEXT('2D SPACE',''
  ) );
#2434 = PCURVE('',#1054,#2435);
#2435 = DEFINITIONAL_REPRESENTATION('',(#2436),#2439);
#2436 = B_SPLINE_CURVE_WITH_KNOTS('',1,(#2437,#2438),.UNSPECIFIED.,.F.,
  .F.,(2,2),(0.,38.8),.PIECEWISE_BEZIER_KNOTS.);
#2437 = CARTESIAN_POINT('',(0.,4.5));
#2438 = CARTESIAN_POINT('',(38.8,4.5));
#2439 = ( GEOMETRIC_REPRESENTATION_CONTEXT(2) 
PARAMETRIC_REPRESENTATION_CONTEXT() REPRESENTATION_CONTEXT('2D SPACE',''
  ) );
#2440 = ORIENTED_EDGE('',*,*,#2069,.T.);
#2441 = ORIENTED_EDGE('',*,*,#2217,.T.);
#2442 = ORIENTED_EDGE('',*,*,#1065,.T.);
#2443 = ADVANCED_FACE('',(#2444),#1054,.F.);
#2444 = FACE_BOUND('',#2445,.F.);
#2445 = EDGE_LOOP('',(#2446,#2447,#2448,#2449));
#2446 = ORIENTED_EDGE('',*,*,#2092,.F.);
#2447 = ORIENTED_EDGE('',*,*,#2118,.T.);
#2448 = ORIENTED_EDGE('',*,*,#1038,.F.);
#2449 = ORIENTED_EDGE('',*,*,#2422,.F.);
#2450 = ADVANCED_FACE('',(#2451),#1187,.F.);
#2451 = FACE_BOUND('',#2452,.F.);
#2452 = EDGE_LOOP('',(#2453,#2454,#2477,#2504));
#2453 = ORIENTED_EDGE('',*,*,#1170,.F.);
#2454 = ORIENTED_EDGE('',*,*,#2455,.F.);
#2455 = EDGE_CURVE('',#2456,#1171,#2458,.T.);
#2456 = VERTEX_POINT('',#2457);
#2457 = CARTESIAN_POINT('',(-83.6,111.5,30.));
#2458 = SEAM_CURVE('',#2459,(#2463,#2470),.PCURVE_S1.);
#2459 = LINE('',#2460,#2461);
#2460 = CARTESIAN_POINT('',(-83.6,111.5,30.));
#2461 = VECTOR('',#2462,1.);
#2462 = DIRECTION('',(0.,0.,1.));
#2463 = PCURVE('',#1187,#2464);
#2464 = DEFINITIONAL_REPRESENTATION('',(#2465),#2469);
#2465 = LINE('',#2466,#2467);
#2466 = CARTESIAN_POINT('',(6.28318530718,-0.));
#2467 = VECTOR('',#2468,1.);
#2468 = DIRECTION('',(0.,1.));
#2469 = ( GEOMETRIC_REPRESENTATION_CONTEXT(2) 
PARAMETRIC_REPRESENTATION_CONTEXT() REPRESENTATION_CONTEXT('2D SPACE',''
  ) );
#2470 = PCURVE('',#1187,#2471);
#2471 = DEFINITIONAL_REPRESENTATION('',(#2472),#2476);
#2472 = LINE('',#2473,#2474);
#2473 = CARTESIAN_POINT('',(0.,-0.));
#2474 = VECTOR('',#2475,1.);
#2475 = DIRECTION('',(0.,1.));
#2476 = ( GEOMETRIC_REPRESENTATION_CONTEXT(2) 
PARAMETRIC_REPRESENTATION_CONTEXT() REPRESENTATION_CONTEXT('2D SPACE',''
  ) );
#2477 = ORIENTED_EDGE('',*,*,#2478,.T.);
#2478 = EDGE_CURVE('',#2456,#2456,#2479,.T.);
#2479 = SURFACE_CURVE('',#2480,(#2485,#2492),.PCURVE_S1.);
#2480 = CIRCLE('',#2481,1.4);
#2481 = AXIS2_PLACEMENT_3D('',#2482,#2483,#2484);
#2482 = CARTESIAN_POINT('',(-85.,111.5,30.));
#2483 = DIRECTION('',(0.,0.,1.));
#2484 = DIRECTION('',(1.,0.,-0.));
#2485 = PCURVE('',#1187,#2486);
#2486 = DEFINITIONAL_REPRESENTATION('',(#2487),#2491);
#2487 = LINE('',#2488,#2489);
#2488 = CARTESIAN_POINT('',(0.,0.));
#2489 = VECTOR('',#2490,1.);
#2490 = DIRECTION('',(1.,0.));
#2491 = ( GEOMETRIC_REPRESENTATION_CONTEXT(2) 
PARAMETRIC_REPRESENTATION_CONTEXT() REPRESENTATION_CONTEXT('2D SPACE',''
  ) );
#2492 = PCURVE('',#2493,#2498);
#2493 = PLANE('',#2494);
#2494 = AXIS2_PLACEMENT_3D('',#2495,#2496,#2497);
#2495 = CARTESIAN_POINT('',(-85.,111.5,30.));
#2496 = DIRECTION('',(0.,0.,1.));
#2497 = DIRECTION('',(1.,0.,-0.));
#2498 = DEFINITIONAL_REPRESENTATION('',(#2499),#2503);
#2499 = CIRCLE('',#2500,1.4);
#2500 = AXIS2_PLACEMENT_2D('',#2501,#2502);
#2501 = CARTESIAN_POINT('',(0.,0.));
#2502 = DIRECTION('',(1.,0.));
#2503 = ( GEOMETRIC_REPRESENTATION_CONTEXT(2) 
PARAMETRIC_REPRESENTATION_CONTEXT() REPRESENTATION_CONTEXT('2D SPACE',''
  ) );
#2504 = ORIENTED_EDGE('',*,*,#2455,.T.);
#2505 = ADVANCED_FACE('',(#2506),#1294,.T.);
#2506 = FACE_BOUND('',#2507,.T.);
#2507 = EDGE_LOOP('',(#2508,#2509,#2510,#2531));
#2508 = ORIENTED_EDGE('',*,*,#1691,.F.);
#2509 = ORIENTED_EDGE('',*,*,#2174,.T.);
#2510 = ORIENTED_EDGE('',*,*,#2511,.T.);
#2511 = EDGE_CURVE('',#2175,#1279,#2512,.T.);
#2512 = SURFACE_CURVE('',#2513,(#2517,#2524),.PCURVE_S1.);
#2513 = LINE('',#2514,#2515);
#2514 = CARTESIAN_POINT('',(16.,-20.,22.));
#2515 = VECTOR('',#2516,1.);
#2516 = DIRECTION('',(-0.,1.,0.));
#2517 = PCURVE('',#1294,#2518);
#2518 = DEFINITIONAL_REPRESENTATION('',(#2519),#2523);
#2519 = LINE('',#2520,#2521);
#2520 = CARTESIAN_POINT('',(16.,0.));
#2521 = VECTOR('',#2522,1.);
#2522 = DIRECTION('',(0.,1.));
#2523 = ( GEOMETRIC_REPRESENTATION_CONTEXT(2) 
PARAMETRIC_REPRESENTATION_CONTEXT() REPRESENTATION_CONTEXT('2D SPACE',''
  ) );
#2524 = PCURVE('',#1321,#2525);
#2525 = DEFINITIONAL_REPRESENTATION('',(#2526),#2530);
#2526 = LINE('',#2527,#2528);
#2527 = CARTESIAN_POINT('',(23.,0.));
#2528 = VECTOR('',#2529,1.);
#2529 = DIRECTION('',(0.,-1.));
#2530 = ( GEOMETRIC_REPRESENTATION_CONTEXT(2) 
PARAMETRIC_REPRESENTATION_CONTEXT() REPRESENTATION_CONTEXT('2D SPACE',''
  ) );
#2531 = ORIENTED_EDGE('',*,*,#1278,.F.);
#2532 = ADVANCED_FACE('',(#2533),#1321,.T.);
#2533 = FACE_BOUND('',#2534,.T.);
#2534 = EDGE_LOOP('',(#2535,#2536,#2537,#2538,#2560,#2579,#2580,#2599));
#2535 = ORIENTED_EDGE('',*,*,#2511,.F.);
#2536 = ORIENTED_EDGE('',*,*,#2196,.T.);
#2537 = ORIENTED_EDGE('',*,*,#2025,.F.);
#2538 = ORIENTED_EDGE('',*,*,#2539,.T.);
#2539 = EDGE_CURVE('',#2003,#2540,#2542,.T.);
#2540 = VERTEX_POINT('',#2541);
#2541 = CARTESIAN_POINT('',(16.,102.2,1.));
#2542 = SURFACE_CURVE('',#2543,(#2547,#2553),.PCURVE_S1.);
#2543 = LINE('',#2544,#2545);
#2544 = CARTESIAN_POINT('',(16.,102.2,-1.));
#2545 = VECTOR('',#2546,1.);
#2546 = DIRECTION('',(-0.,0.,-1.));
#2547 = PCURVE('',#1321,#2548);
#2548 = DEFINITIONAL_REPRESENTATION('',(#2549),#2552);
#2549 = B_SPLINE_CURVE_WITH_KNOTS('',1,(#2550,#2551),.UNSPECIFIED.,.F.,
  .F.,(2,2),(-4.2,-2.),.PIECEWISE_BEZIER_KNOTS.);
#2550 = CARTESIAN_POINT('',(4.2,-122.2));
#2551 = CARTESIAN_POINT('',(2.,-122.2));
#2552 = ( GEOMETRIC_REPRESENTATION_CONTEXT(2) 
PARAMETRIC_REPRESENTATION_CONTEXT() REPRESENTATION_CONTEXT('2D SPACE',''
  ) );
#2553 = PCURVE('',#1942,#2554);
#2554 = DEFINITIONAL_REPRESENTATION('',(#2555),#2559);
#2555 = LINE('',#2556,#2557);
#2556 = CARTESIAN_POINT('',(0.,152.));
#2557 = VECTOR('',#2558,1.);
#2558 = DIRECTION('',(-1.,0.));
#2559 = ( GEOMETRIC_REPRESENTATION_CONTEXT(2) 
PARAMETRIC_REPRESENTATION_CONTEXT() REPRESENTATION_CONTEXT('2D SPACE',''
  ) );
#2560 = ORIENTED_EDGE('',*,*,#2561,.T.);
#2561 = EDGE_CURVE('',#2540,#1801,#2562,.T.);
#2562 = SURFACE_CURVE('',#2563,(#2567,#2573),.PCURVE_S1.);
#2563 = LINE('',#2564,#2565);
#2564 = CARTESIAN_POINT('',(16.,72.4,30.8));
#2565 = VECTOR('',#2566,1.);
#2566 = DIRECTION('',(-0.,0.707106781187,-0.707106781187));
#2567 = PCURVE('',#1321,#2568);
#2568 = DEFINITIONAL_REPRESENTATION('',(#2569),#2572);
#2569 = B_SPLINE_CURVE_WITH_KNOTS('',1,(#2570,#2571),.UNSPECIFIED.,.F.,
  .F.,(2,2),(42.143564158718,43.557777721091),.PIECEWISE_BEZIER_KNOTS.);
#2570 = CARTESIAN_POINT('',(2.,-122.2));
#2571 = CARTESIAN_POINT('',(1.,-123.2));
#2572 = ( GEOMETRIC_REPRESENTATION_CONTEXT(2) 
PARAMETRIC_REPRESENTATION_CONTEXT() REPRESENTATION_CONTEXT('2D SPACE',''
  ) );
#2573 = PCURVE('',#1816,#2574);
#2574 = DEFINITIONAL_REPRESENTATION('',(#2575),#2578);
#2575 = B_SPLINE_CURVE_WITH_KNOTS('',1,(#2576,#2577),.UNSPECIFIED.,.F.,
  .F.,(2,2),(42.143564158718,43.557777721091),.PIECEWISE_BEZIER_KNOTS.);
#2576 = CARTESIAN_POINT('',(-120.,0.707106781187));
#2577 = CARTESIAN_POINT('',(-120.,-0.707106781187));
#2578 = ( GEOMETRIC_REPRESENTATION_CONTEXT(2) 
PARAMETRIC_REPRESENTATION_CONTEXT() REPRESENTATION_CONTEXT('2D SPACE',''
  ) );
#2579 = ORIENTED_EDGE('',*,*,#1828,.T.);
#2580 = ORIENTED_EDGE('',*,*,#2581,.F.);
#2581 = EDGE_CURVE('',#1306,#1829,#2582,.T.);
#2582 = SURFACE_CURVE('',#2583,(#2587,#2593),.PCURVE_S1.);
#2583 = LINE('',#2584,#2585);
#2584 = CARTESIAN_POINT('',(16.,85.15,-35.05));
#2585 = VECTOR('',#2586,1.);
#2586 = DIRECTION('',(0.,-0.707106781187,-0.707106781187));
#2587 = PCURVE('',#1321,#2588);
#2588 = DEFINITIONAL_REPRESENTATION('',(#2589),#2592);
#2589 = B_SPLINE_CURVE_WITH_KNOTS('',1,(#2590,#2591),.UNSPECIFIED.,.F.,
  .F.,(2,2),(-50.98239892355,-49.56818536117),.PIECEWISE_BEZIER_KNOTS.);
#2590 = CARTESIAN_POINT('',(2.,-141.2));
#2591 = CARTESIAN_POINT('',(1.,-140.2));
#2592 = ( GEOMETRIC_REPRESENTATION_CONTEXT(2) 
PARAMETRIC_REPRESENTATION_CONTEXT() REPRESENTATION_CONTEXT('2D SPACE',''
  ) );
#2593 = PCURVE('',#1346,#2594);
#2594 = DEFINITIONAL_REPRESENTATION('',(#2595),#2598);
#2595 = B_SPLINE_CURVE_WITH_KNOTS('',1,(#2596,#2597),.UNSPECIFIED.,.F.,
  .F.,(2,2),(-50.98239892355,-49.56818536117),.PIECEWISE_BEZIER_KNOTS.);
#2596 = CARTESIAN_POINT('',(-169.,-0.707106781187));
#2597 = CARTESIAN_POINT('',(-169.,0.707106781187));
#2598 = ( GEOMETRIC_REPRESENTATION_CONTEXT(2) 
PARAMETRIC_REPRESENTATION_CONTEXT() REPRESENTATION_CONTEXT('2D SPACE',''
  ) );
#2599 = ORIENTED_EDGE('',*,*,#1305,.F.);
#2600 = ADVANCED_FACE('',(#2601),#1346,.F.);
#2601 = FACE_BOUND('',#2602,.T.);
#2602 = EDGE_LOOP('',(#2603,#2604,#2605,#2606));
#2603 = ORIENTED_EDGE('',*,*,#1725,.F.);
#2604 = ORIENTED_EDGE('',*,*,#1332,.F.);
#2605 = ORIENTED_EDGE('',*,*,#2581,.T.);
#2606 = ORIENTED_EDGE('',*,*,#1850,.F.);
#2607 = ADVANCED_FACE('',(#2608),#1378,.F.);
#2608 = FACE_BOUND('',#2609,.F.);
#2609 = EDGE_LOOP('',(#2610,#2631,#2632,#2653));
#2610 = ORIENTED_EDGE('',*,*,#2611,.F.);
#2611 = EDGE_CURVE('',#2242,#1361,#2612,.T.);
#2612 = SURFACE_CURVE('',#2613,(#2617,#2624),.PCURVE_S1.);
#2613 = LINE('',#2614,#2615);
#2614 = CARTESIAN_POINT('',(-65.,98.2,39.6));
#2615 = VECTOR('',#2616,1.);
#2616 = DIRECTION('',(-0.,1.,0.));
#2617 = PCURVE('',#1378,#2618);
#2618 = DEFINITIONAL_REPRESENTATION('',(#2619),#2623);
#2619 = LINE('',#2620,#2621);
#2620 = CARTESIAN_POINT('',(0.,0.));
#2621 = VECTOR('',#2622,1.);
#2622 = DIRECTION('',(0.,1.));
#2623 = ( GEOMETRIC_REPRESENTATION_CONTEXT(2) 
PARAMETRIC_REPRESENTATION_CONTEXT() REPRESENTATION_CONTEXT('2D SPACE',''
  ) );
#2624 = PCURVE('',#1405,#2625);
#2625 = DEFINITIONAL_REPRESENTATION('',(#2626),#2630);
#2626 = LINE('',#2627,#2628);
#2627 = CARTESIAN_POINT('',(5.,0.));
#2628 = VECTOR('',#2629,1.);
#2629 = DIRECTION('',(0.,-1.));
#2630 = ( GEOMETRIC_REPRESENTATION_CONTEXT(2) 
PARAMETRIC_REPRESENTATION_CONTEXT() REPRESENTATION_CONTEXT('2D SPACE',''
  ) );
#2631 = ORIENTED_EDGE('',*,*,#2241,.T.);
#2632 = ORIENTED_EDGE('',*,*,#2633,.T.);
#2633 = EDGE_CURVE('',#2244,#1363,#2634,.T.);
#2634 = SURFACE_CURVE('',#2635,(#2639,#2646),.PCURVE_S1.);
#2635 = LINE('',#2636,#2637);
#2636 = CARTESIAN_POINT('',(-45.,98.2,39.6));
#2637 = VECTOR('',#2638,1.);
#2638 = DIRECTION('',(-0.,1.,0.));
#2639 = PCURVE('',#1378,#2640);
#2640 = DEFINITIONAL_REPRESENTATION('',(#2641),#2645);
#2641 = LINE('',#2642,#2643);
#2642 = CARTESIAN_POINT('',(20.,0.));
#2643 = VECTOR('',#2644,1.);
#2644 = DIRECTION('',(0.,1.));
#2645 = ( GEOMETRIC_REPRESENTATION_CONTEXT(2) 
PARAMETRIC_REPRESENTATION_CONTEXT() REPRESENTATION_CONTEXT('2D SPACE',''
  ) );
#2646 = PCURVE('',#1457,#2647);
#2647 = DEFINITIONAL_REPRESENTATION('',(#2648),#2652);
#2648 = LINE('',#2649,#2650);
#2649 = CARTESIAN_POINT('',(5.,0.));
#2650 = VECTOR('',#2651,1.);
#2651 = DIRECTION('',(0.,-1.));
#2652 = ( GEOMETRIC_REPRESENTATION_CONTEXT(2) 
PARAMETRIC_REPRESENTATION_CONTEXT() REPRESENTATION_CONTEXT('2D SPACE',''
  ) );
#2653 = ORIENTED_EDGE('',*,*,#1360,.F.);
#2654 = ADVANCED_FACE('',(#2655),#1405,.T.);
#2655 = FACE_BOUND('',#2656,.T.);
#2656 = EDGE_LOOP('',(#2657,#2658,#2659,#2680));
#2657 = ORIENTED_EDGE('',*,*,#2611,.F.);
#2658 = ORIENTED_EDGE('',*,*,#2265,.T.);
#2659 = ORIENTED_EDGE('',*,*,#2660,.T.);
#2660 = EDGE_CURVE('',#2266,#1390,#2661,.T.);
#2661 = SURFACE_CURVE('',#2662,(#2666,#2673),.PCURVE_S1.);
#2662 = LINE('',#2663,#2664);
#2663 = CARTESIAN_POINT('',(-65.,98.2,34.6));
#2664 = VECTOR('',#2665,1.);
#2665 = DIRECTION('',(-0.,1.,0.));
#2666 = PCURVE('',#1405,#2667);
#2667 = DEFINITIONAL_REPRESENTATION('',(#2668),#2672);
#2668 = LINE('',#2669,#2670);
#2669 = CARTESIAN_POINT('',(0.,0.));
#2670 = VECTOR('',#2671,1.);
#2671 = DIRECTION('',(0.,-1.));
#2672 = ( GEOMETRIC_REPRESENTATION_CONTEXT(2) 
PARAMETRIC_REPRESENTATION_CONTEXT() REPRESENTATION_CONTEXT('2D SPACE',''
  ) );
#2673 = PCURVE('',#1432,#2674);
#2674 = DEFINITIONAL_REPRESENTATION('',(#2675),#2679);
#2675 = LINE('',#2676,#2677);
#2676 = CARTESIAN_POINT('',(0.,0.));
#2677 = VECTOR('',#2678,1.);
#2678 = DIRECTION('',(0.,1.));
#2679 = ( GEOMETRIC_REPRESENTATION_CONTEXT(2) 
PARAMETRIC_REPRESENTATION_CONTEXT() REPRESENTATION_CONTEXT('2D SPACE',''
  ) );
#2680 = ORIENTED_EDGE('',*,*,#1389,.F.);
#2681 = ADVANCED_FACE('',(#2682),#1432,.T.);
#2682 = FACE_BOUND('',#2683,.T.);
#2683 = EDGE_LOOP('',(#2684,#2685,#2686,#2707));
#2684 = ORIENTED_EDGE('',*,*,#2660,.F.);
#2685 = ORIENTED_EDGE('',*,*,#2287,.T.);
#2686 = ORIENTED_EDGE('',*,*,#2687,.T.);
#2687 = EDGE_CURVE('',#2288,#1417,#2688,.T.);
#2688 = SURFACE_CURVE('',#2689,(#2693,#2700),.PCURVE_S1.);
#2689 = LINE('',#2690,#2691);
#2690 = CARTESIAN_POINT('',(-45.,98.2,34.6));
#2691 = VECTOR('',#2692,1.);
#2692 = DIRECTION('',(-0.,1.,0.));
#2693 = PCURVE('',#1432,#2694);
#2694 = DEFINITIONAL_REPRESENTATION('',(#2695),#2699);
#2695 = LINE('',#2696,#2697);
#2696 = CARTESIAN_POINT('',(20.,0.));
#2697 = VECTOR('',#2698,1.);
#2698 = DIRECTION('',(0.,1.));
#2699 = ( GEOMETRIC_REPRESENTATION_CONTEXT(2) 
PARAMETRIC_REPRESENTATION_CONTEXT() REPRESENTATION_CONTEXT('2D SPACE',''
  ) );
#2700 = PCURVE('',#1457,#2701);
#2701 = DEFINITIONAL_REPRESENTATION('',(#2702),#2706);
#2702 = LINE('',#2703,#2704);
#2703 = CARTESIAN_POINT('',(0.,0.));
#2704 = VECTOR('',#2705,1.);
#2705 = DIRECTION('',(0.,-1.));
#2706 = ( GEOMETRIC_REPRESENTATION_CONTEXT(2) 
PARAMETRIC_REPRESENTATION_CONTEXT() REPRESENTATION_CONTEXT('2D SPACE',''
  ) );
#2707 = ORIENTED_EDGE('',*,*,#1416,.F.);
#2708 = ADVANCED_FACE('',(#2709),#1457,.F.);
#2709 = FACE_BOUND('',#2710,.F.);
#2710 = EDGE_LOOP('',(#2711,#2712,#2713,#2714));
#2711 = ORIENTED_EDGE('',*,*,#2633,.F.);
#2712 = ORIENTED_EDGE('',*,*,#2309,.T.);
#2713 = ORIENTED_EDGE('',*,*,#2687,.T.);
#2714 = ORIENTED_EDGE('',*,*,#1443,.F.);
#2715 = ADVANCED_FACE('',(#2716),#1488,.F.);
#2716 = FACE_BOUND('',#2717,.F.);
#2717 = EDGE_LOOP('',(#2718,#2739,#2740,#2761));
#2718 = ORIENTED_EDGE('',*,*,#2719,.F.);
#2719 = EDGE_CURVE('',#2332,#1471,#2720,.T.);
#2720 = SURFACE_CURVE('',#2721,(#2725,#2732),.PCURVE_S1.);
#2721 = LINE('',#2722,#2723);
#2722 = CARTESIAN_POINT('',(-35.,98.2,39.6));
#2723 = VECTOR('',#2724,1.);
#2724 = DIRECTION('',(-0.,1.,0.));
#2725 = PCURVE('',#1488,#2726);
#2726 = DEFINITIONAL_REPRESENTATION('',(#2727),#2731);
#2727 = LINE('',#2728,#2729);
#2728 = CARTESIAN_POINT('',(0.,0.));
#2729 = VECTOR('',#2730,1.);
#2730 = DIRECTION('',(0.,1.));
#2731 = ( GEOMETRIC_REPRESENTATION_CONTEXT(2) 
PARAMETRIC_REPRESENTATION_CONTEXT() REPRESENTATION_CONTEXT('2D SPACE',''
  ) );
#2732 = PCURVE('',#1515,#2733);
#2733 = DEFINITIONAL_REPRESENTATION('',(#2734),#2738);
#2734 = LINE('',#2735,#2736);
#2735 = CARTESIAN_POINT('',(5.,0.));
#2736 = VECTOR('',#2737,1.);
#2737 = DIRECTION('',(0.,-1.));
#2738 = ( GEOMETRIC_REPRESENTATION_CONTEXT(2) 
PARAMETRIC_REPRESENTATION_CONTEXT() REPRESENTATION_CONTEXT('2D SPACE',''
  ) );
#2739 = ORIENTED_EDGE('',*,*,#2331,.T.);
#2740 = ORIENTED_EDGE('',*,*,#2741,.T.);
#2741 = EDGE_CURVE('',#2334,#1473,#2742,.T.);
#2742 = SURFACE_CURVE('',#2743,(#2747,#2754),.PCURVE_S1.);
#2743 = LINE('',#2744,#2745);
#2744 = CARTESIAN_POINT('',(-15.,98.2,39.6));
#2745 = VECTOR('',#2746,1.);
#2746 = DIRECTION('',(-0.,1.,0.));
#2747 = PCURVE('',#1488,#2748);
#2748 = DEFINITIONAL_REPRESENTATION('',(#2749),#2753);
#2749 = LINE('',#2750,#2751);
#2750 = CARTESIAN_POINT('',(20.,0.));
#2751 = VECTOR('',#2752,1.);
#2752 = DIRECTION('',(0.,1.));
#2753 = ( GEOMETRIC_REPRESENTATION_CONTEXT(2) 
PARAMETRIC_REPRESENTATION_CONTEXT() REPRESENTATION_CONTEXT('2D SPACE',''
  ) );
#2754 = PCURVE('',#1567,#2755);
#2755 = DEFINITIONAL_REPRESENTATION('',(#2756),#2760);
#2756 = LINE('',#2757,#2758);
#2757 = CARTESIAN_POINT('',(5.,0.));
#2758 = VECTOR('',#2759,1.);
#2759 = DIRECTION('',(0.,-1.));
#2760 = ( GEOMETRIC_REPRESENTATION_CONTEXT(2) 
PARAMETRIC_REPRESENTATION_CONTEXT() REPRESENTATION_CONTEXT('2D SPACE',''
  ) );
#2761 = ORIENTED_EDGE('',*,*,#1470,.F.);
#2762 = ADVANCED_FACE('',(#2763),#1515,.T.);
#2763 = FACE_BOUND('',#2764,.T.);
#2764 = EDGE_LOOP('',(#2765,#2766,#2767,#2788));
#2765 = ORIENTED_EDGE('',*,*,#2719,.F.);
#2766 = ORIENTED_EDGE('',*,*,#2355,.T.);
#2767 = ORIENTED_EDGE('',*,*,#2768,.T.);
#2768 = EDGE_CURVE('',#2356,#1500,#2769,.T.);
#2769 = SURFACE_CURVE('',#2770,(#2774,#2781),.PCURVE_S1.);
#2770 = LINE('',#2771,#2772);
#2771 = CARTESIAN_POINT('',(-35.,98.2,34.6));
#2772 = VECTOR('',#2773,1.);
#2773 = DIRECTION('',(-0.,1.,0.));
#2774 = PCURVE('',#1515,#2775);
#2775 = DEFINITIONAL_REPRESENTATION('',(#2776),#2780);
#2776 = LINE('',#2777,#2778);
#2777 = CARTESIAN_POINT('',(0.,0.));
#2778 = VECTOR('',#2779,1.);
#2779 = DIRECTION('',(0.,-1.));
#2780 = ( GEOMETRIC_REPRESENTATION_CONTEXT(2) 
PARAMETRIC_REPRESENTATION_CONTEXT() REPRESENTATION_CONTEXT('2D SPACE',''
  ) );
#2781 = PCURVE('',#1542,#2782);
#2782 = DEFINITIONAL_REPRESENTATION('',(#2783),#2787);
#2783 = LINE('',#2784,#2785);
#2784 = CARTESIAN_POINT('',(0.,0.));
#2785 = VECTOR('',#2786,1.);
#2786 = DIRECTION('',(0.,1.));
#2787 = ( GEOMETRIC_REPRESENTATION_CONTEXT(2) 
PARAMETRIC_REPRESENTATION_CONTEXT() REPRESENTATION_CONTEXT('2D SPACE',''
  ) );
#2788 = ORIENTED_EDGE('',*,*,#1499,.F.);
#2789 = ADVANCED_FACE('',(#2790),#1542,.T.);
#2790 = FACE_BOUND('',#2791,.T.);
#2791 = EDGE_LOOP('',(#2792,#2793,#2794,#2815));
#2792 = ORIENTED_EDGE('',*,*,#2768,.F.);
#2793 = ORIENTED_EDGE('',*,*,#2377,.T.);
#2794 = ORIENTED_EDGE('',*,*,#2795,.T.);
#2795 = EDGE_CURVE('',#2378,#1527,#2796,.T.);
#2796 = SURFACE_CURVE('',#2797,(#2801,#2808),.PCURVE_S1.);
#2797 = LINE('',#2798,#2799);
#2798 = CARTESIAN_POINT('',(-15.,98.2,34.6));
#2799 = VECTOR('',#2800,1.);
#2800 = DIRECTION('',(-0.,1.,0.));
#2801 = PCURVE('',#1542,#2802);
#2802 = DEFINITIONAL_REPRESENTATION('',(#2803),#2807);
#2803 = LINE('',#2804,#2805);
#2804 = CARTESIAN_POINT('',(20.,0.));
#2805 = VECTOR('',#2806,1.);
#2806 = DIRECTION('',(0.,1.));
#2807 = ( GEOMETRIC_REPRESENTATION_CONTEXT(2) 
PARAMETRIC_REPRESENTATION_CONTEXT() REPRESENTATION_CONTEXT('2D SPACE',''
  ) );
#2808 = PCURVE('',#1567,#2809);
#2809 = DEFINITIONAL_REPRESENTATION('',(#2810),#2814);
#2810 = LINE('',#2811,#2812);
#2811 = CARTESIAN_POINT('',(0.,0.));
#2812 = VECTOR('',#2813,1.);
#2813 = DIRECTION('',(0.,-1.));
#2814 = ( GEOMETRIC_REPRESENTATION_CONTEXT(2) 
PARAMETRIC_REPRESENTATION_CONTEXT() REPRESENTATION_CONTEXT('2D SPACE',''
  ) );
#2815 = ORIENTED_EDGE('',*,*,#1526,.F.);
#2816 = ADVANCED_FACE('',(#2817),#1567,.F.);
#2817 = FACE_BOUND('',#2818,.F.);
#2818 = EDGE_LOOP('',(#2819,#2820,#2821,#2822));
#2819 = ORIENTED_EDGE('',*,*,#2741,.F.);
#2820 = ORIENTED_EDGE('',*,*,#2399,.T.);
#2821 = ORIENTED_EDGE('',*,*,#2795,.T.);
#2822 = ORIENTED_EDGE('',*,*,#1553,.F.);
#2823 = ADVANCED_FACE('',(#2824),#1638,.T.);
#2824 = FACE_BOUND('',#2825,.T.);
#2825 = EDGE_LOOP('',(#2826,#2827));
#2826 = ORIENTED_EDGE('',*,*,#1623,.T.);
#2827 = ORIENTED_EDGE('',*,*,#2147,.T.);
#2828 = ADVANCED_FACE('',(#2829),#1816,.T.);
#2829 = FACE_BOUND('',#2830,.F.);
#2830 = EDGE_LOOP('',(#2831,#2852,#2853,#2854));
#2831 = ORIENTED_EDGE('',*,*,#2832,.F.);
#2832 = EDGE_CURVE('',#2540,#1878,#2833,.T.);
#2833 = SURFACE_CURVE('',#2834,(#2838,#2845),.PCURVE_S1.);
#2834 = LINE('',#2835,#2836);
#2835 = CARTESIAN_POINT('',(16.,102.2,1.));
#2836 = VECTOR('',#2837,1.);
#2837 = DIRECTION('',(-1.,0.,2.045147676941E-17));
#2838 = PCURVE('',#1816,#2839);
#2839 = DEFINITIONAL_REPRESENTATION('',(#2840),#2844);
#2840 = LINE('',#2841,#2842);
#2841 = CARTESIAN_POINT('',(-120.,0.707106781187));
#2842 = VECTOR('',#2843,1.);
#2843 = DIRECTION('',(-1.,1.446137790893E-17));
#2844 = ( GEOMETRIC_REPRESENTATION_CONTEXT(2) 
PARAMETRIC_REPRESENTATION_CONTEXT() REPRESENTATION_CONTEXT('2D SPACE',''
  ) );
#2845 = PCURVE('',#1942,#2846);
#2846 = DEFINITIONAL_REPRESENTATION('',(#2847),#2851);
#2847 = LINE('',#2848,#2849);
#2848 = CARTESIAN_POINT('',(2.,152.));
#2849 = VECTOR('',#2850,1.);
#2850 = DIRECTION('',(2.045147676941E-17,-1.));
#2851 = ( GEOMETRIC_REPRESENTATION_CONTEXT(2) 
PARAMETRIC_REPRESENTATION_CONTEXT() REPRESENTATION_CONTEXT('2D SPACE',''
  ) );
#2852 = ORIENTED_EDGE('',*,*,#2561,.T.);
#2853 = ORIENTED_EDGE('',*,*,#1800,.T.);
#2854 = ORIENTED_EDGE('',*,*,#1877,.T.);
#2855 = ADVANCED_FACE('',(#2856),#1942,.F.);
#2856 = FACE_BOUND('',#2857,.F.);
#2857 = EDGE_LOOP('',(#2858,#2859,#2860,#2861));
#2858 = ORIENTED_EDGE('',*,*,#2002,.T.);
#2859 = ORIENTED_EDGE('',*,*,#2539,.T.);
#2860 = ORIENTED_EDGE('',*,*,#2832,.T.);
#2861 = ORIENTED_EDGE('',*,*,#1926,.T.);
#2862 = ADVANCED_FACE('',(#2863),#2493,.T.);
#2863 = FACE_BOUND('',#2864,.F.);
#2864 = EDGE_LOOP('',(#2865));
#2865 = ORIENTED_EDGE('',*,*,#2478,.F.);
#2866 = ( GEOMETRIC_REPRESENTATION_CONTEXT(3) 
GLOBAL_UNCERTAINTY_ASSIGNED_CONTEXT((#2870)) 
GLOBAL_UNIT_ASSIGNED_CONTEXT((#2867,#2868,#2869)) REPRESENTATION_CONTEXT
('Context #1','3D Context with UNIT and UNCERTAINTY') );
#2867 = ( LENGTH_UNIT() NAMED_UNIT(*) SI_UNIT(.MILLI.,.METRE.) );
#2868 = ( NAMED_UNIT(*) PLANE_ANGLE_UNIT() SI_UNIT($,.RADIAN.) );
#2869 = ( NAMED_UNIT(*) SI_UNIT($,.STERADIAN.) SOLID_ANGLE_UNIT() );
#2870 = UNCERTAINTY_MEASURE_WITH_UNIT(LENGTH_MEASURE(2.E-06),#2867,
  'distance_accuracy_value','confusion accuracy');
#2871 = PRODUCT_RELATED_PRODUCT_CATEGORY('part',$,(#7));
ENDSEC;
END-ISO-10303-21;
